{"machinery_brand_name":"Ag-Chem","parts":[{"catalog_number":"VA208608","name":"PIPE"},{"catalog_number":"VA208595","name":"COVER"},{"catalog_number":"VA208594","name":"REGULATOR"},{"catalog_number":"VA208593","name":"DISTRIBUTOR"},{"catalog_number":"VA208592","name":"DISTRIBUTOR"},{"catalog_number":"VA208569","name":"FAN"},{"catalog_number":"VA208568","name":"SEAT"},{"catalog_number":"VA208566","name":"PIPE"},{"catalog_number":"VA208565","name":"PIPE"},{"catalog_number":"VA208564","name":"HOSE"},{"catalog_number":"VA208563","name":"HOSE"},{"catalog_number":"VA208562","name":"BRACKET"},{"catalog_number":"VA208512","name":"PROTECTION"},{"catalog_number":"VA208511","name":"IGNITION KEY"},{"catalog_number":"VA208508","name":"SUPPORT"},{"catalog_number":"VA208505","name":"LEFT HAND DECAL"},{"catalog_number":"VA208504","name":"RIGHT HAND DECAL"},{"catalog_number":"VA208503","name":"GASKET"},{"catalog_number":"VA208493","name":"BRACKET"},{"catalog_number":"VA208485","name":"AIR CONDITIONER"},{"catalog_number":"VA208483","name":"PLATE"},{"catalog_number":"VA208480","name":"BANJO BOLT"},{"catalog_number":"VA208467","name":"EXTENSION"},{"catalog_number":"VA208466","name":"EXTENSION"},{"catalog_number":"VA208465","name":"WHEEL RIM"},{"catalog_number":"VA208464","name":"WHEEL RIM"},{"catalog_number":"VA208463","name":"WHEEL RIM"},{"catalog_number":"VA208459","name":"SPACER"},{"catalog_number":"VA208438","name":"SUPPORT"},{"catalog_number":"VA208437","name":"GRILLE"},{"catalog_number":"VA208436","name":"LEFT HAND GRILLE"},{"catalog_number":"VA208432","name":"MIRROR"},{"catalog_number":"VA208425","name":"HOUSING"},{"catalog_number":"VA208424","name":"CLUTCH DISC"},{"catalog_number":"VA208423","name":"HOUSING"},{"catalog_number":"VA208422","name":"CLUTCH DISC"},{"catalog_number":"VA208421","name":"PLATE"},{"catalog_number":"VA208417","name":"CAP"},{"catalog_number":"VA208416","name":"CAP"},{"catalog_number":"VA208415","name":"INSULATOR"},{"catalog_number":"VA208414","name":"INSULATOR"},{"catalog_number":"VA208402","name":"WATER HOSE"},{"catalog_number":"VA208297","name":"KNOB"},{"catalog_number":"VA208296","name":"STOP"},{"catalog_number":"VA208291","name":"PLATE"},{"catalog_number":"VA208288","name":"HARNESS"},{"catalog_number":"VA208285","name":"BATTERY CABLE"},{"catalog_number":"VA208284","name":"BATTERY CABLE"},{"catalog_number":"VA208283","name":"SUPPORT, RH"},{"catalog_number":"VA208282","name":"SUPPORT, LH"},{"catalog_number":"VA208281","name":"BRACKET"},{"catalog_number":"VA208280","name":"BRACKET"},{"catalog_number":"VA208278","name":"LEFT HAND GASKET"},{"catalog_number":"VA208277","name":"GASKET"},{"catalog_number":"VA208271","name":"LEFT HAND COWL"},{"catalog_number":"VA208270","name":"RIGHT HAND COWL"},{"catalog_number":"VA208269","name":"PANEL"},{"catalog_number":"VA208250","name":"INSTRUCTION BOOK"},{"catalog_number":"VA208248","name":"INSTRUCTION BOOK"},{"catalog_number":"VA208246","name":"INSTRUCTION BOOK"},{"catalog_number":"VA208244","name":"INSTRUCTION BOOK"},{"catalog_number":"VA208242","name":"INSTRUCTION BOOK"},{"catalog_number":"VA208240","name":"INSTRUCTION BOOK"},{"catalog_number":"VA208238","name":"INSTRUCTION BOOK"},{"catalog_number":"VA208236","name":"INSTRUCTION BOOK"},{"catalog_number":"VA208234","name":"INSTRUCTION BOOK"},{"catalog_number":"VA208232","name":"BRACKET"},{"catalog_number":"VA208226","name":"SOLENOID"},{"catalog_number":"VA208225","name":"HARNESS"},{"catalog_number":"VA208223","name":"GASKET"},{"catalog_number":"VA208203","name":"RUBBER SEAL"},{"catalog_number":"VA208200","name":"GASKET"},{"catalog_number":"VA208196","name":"HITCH"},{"catalog_number":"VA208190","name":"U BOLT"},{"catalog_number":"VA208189","name":"BRACKET"},{"catalog_number":"VA208188","name":"HITCH"},{"catalog_number":"VA208185","name":"WHEEL RIM"},{"catalog_number":"VA208181","name":"HOSE CLIP"},{"catalog_number":"VA208180","name":"HOSE CLIP"},{"catalog_number":"VA208179","name":"GUARD"},{"catalog_number":"VA208178","name":"GUARD"},{"catalog_number":"VA208177","name":"GUARD"},{"catalog_number":"VA208176","name":"WORKLIGHT"},{"catalog_number":"VA208175","name":"UNION"},{"catalog_number":"VA208174","name":"OIL PIPE"},{"catalog_number":"VA208167","name":"ELBOW UNION"},{"catalog_number":"VA208160","name":"ROOF"},{"catalog_number":"VA208141","name":"BRACKET"},{"catalog_number":"VA208124","name":"BOWDEN CABLE"},{"catalog_number":"VA208048","name":"SUPPORT, RH"},{"catalog_number":"VA208047","name":"SUPPORT, LH"},{"catalog_number":"VA208046","name":"BRACKET"},{"catalog_number":"VA208045","name":"BRACKET"},{"catalog_number":"VA208044","name":"PROTECTION"},{"catalog_number":"VA208042","name":"CLAMP"},{"catalog_number":"VA208039","name":"HITCH"},{"catalog_number":"VA208036","name":"SUPPORT"},{"catalog_number":"VA208035","name":"SUPPORT"},{"catalog_number":"VA208034","name":"SUPPORT"},{"catalog_number":"VA208033","name":"WEIGHT FRAME"},{"catalog_number":"VA208010","name":"MAT"},{"catalog_number":"VA208005","name":"BLINKER"},{"catalog_number":"VA207995","name":"PANEL"},{"catalog_number":"VA207953","name":"DECAL"},{"catalog_number":"VA207952","name":"KIT, DECAL"},{"catalog_number":"VA207951","name":"DECAL"},{"catalog_number":"VA207950","name":"DECAL"},{"catalog_number":"VA207949","name":"DECAL"},{"catalog_number":"VA207948","name":"DECAL"},{"catalog_number":"VA207945","name":"HITCH"},{"catalog_number":"VA207939","name":"WORKLIGHT"},{"catalog_number":"VA207938","name":"WORKLIGHT"},{"catalog_number":"VA207929","name":"SUPPORT"},{"catalog_number":"VA207906","name":"WHEEL RIM"},{"catalog_number":"VA207900","name":"GASKET"},{"catalog_number":"VA207898","name":"WHEEL RIM"},{"catalog_number":"VA207897","name":"WHEEL RIM"},{"catalog_number":"VA207895","name":"KIT, THROTTLE"},{"catalog_number":"VA207894","name":"BRACKET"},{"catalog_number":"VA207893","name":"BRACKET"},{"catalog_number":"VA207891","name":"LOWER LINK,RH"},{"catalog_number":"VA207890","name":"LOWER LINK, LH"},{"catalog_number":"VA207888","name":"PIPE"},{"catalog_number":"VA207887","name":"UNION"},{"catalog_number":"VA207884","name":"WHEEL RIM"},{"catalog_number":"VA207859","name":"PROTECTION"},{"catalog_number":"VA207853","name":"ROOF LIGHT"},{"catalog_number":"VA207852","name":"WORKLIGHT"},{"catalog_number":"VA207832","name":"BLOCK"},{"catalog_number":"VA207831","name":"BRAKE PIPE"},{"catalog_number":"VA207830","name":"BRAKE PIPE"},{"catalog_number":"VA207827","name":"PIN"},{"catalog_number":"VA207826","name":"PROTECTION"},{"catalog_number":"VA207825","name":"SPACER"},{"catalog_number":"VA207823","name":"BRACKET"},{"catalog_number":"VA207819","name":"DECAL"},{"catalog_number":"VA207818","name":"DECAL"},{"catalog_number":"VA207817","name":"DECAL"},{"catalog_number":"VA207816","name":"DECAL"},{"catalog_number":"VA207812","name":"QUICK COUPLER"},{"catalog_number":"VA207810","name":"HARNESS"},{"catalog_number":"VA207809","name":"SUPPORT"},{"catalog_number":"VA207802","name":"DISTRIBUTOR"},{"catalog_number":"VA207801","name":"DISTRIBUTOR"},{"catalog_number":"VA207785","name":"VACUUM SENSOR"},{"catalog_number":"VA207784","name":"WIRE"},{"catalog_number":"VA207782","name":"BRACKET"},{"catalog_number":"VA207781","name":"T-PIECE"},{"catalog_number":"VA207769","name":"BRACKET"},{"catalog_number":"VA207768","name":"SWITCH"},{"catalog_number":"VA207767","name":"SWITCH"},{"catalog_number":"VA207760","name":"BRAKE PIPE"},{"catalog_number":"VA207759","name":"BRAKE PIPE"},{"catalog_number":"VA207757","name":"BRAKE PIPE"},{"catalog_number":"VA207756","name":"BRAKE PIPE"},{"catalog_number":"VA207755","name":"BRAKE PIPE"},{"catalog_number":"VA207754","name":"BRAKE PIPE"},{"catalog_number":"VA207753","name":"LIGHT"},{"catalog_number":"VA207751","name":"OIL PIPE"},{"catalog_number":"VA207750","name":"OIL PIPE"},{"catalog_number":"VA207749","name":"OIL PIPE"},{"catalog_number":"VA207748","name":"OIL PIPE"},{"catalog_number":"VA207747","name":"OIL PIPE"},{"catalog_number":"VA207745","name":"OIL PIPE"},{"catalog_number":"VA207743","name":"UNION"},{"catalog_number":"VA207742","name":"BRACKET"},{"catalog_number":"VA207741","name":"SUPPORT"},{"catalog_number":"VA207740","name":"OIL PIPE"},{"catalog_number":"VA207739","name":"BANJO BOLT"},{"catalog_number":"VA207738","name":"HYDRAULIC HOSE"},{"catalog_number":"VA207737","name":"HYDRAULIC HOSE"},{"catalog_number":"VA207736","name":"HYDRAULIC HOSE"},{"catalog_number":"VA207735","name":"SWITCH"},{"catalog_number":"VA207734","name":"SWITCH"},{"catalog_number":"VA207733","name":"SWITCH"},{"catalog_number":"VA207729","name":"HYDRAULIC HOSE"},{"catalog_number":"VA207728","name":"BRACKET"},{"catalog_number":"VA207721","name":"KNOB"},{"catalog_number":"VA207707","name":"BATTERY HOLDER"},{"catalog_number":"VA207696","name":"COVER"},{"catalog_number":"VA207695","name":"BRACKET"},{"catalog_number":"VA207669","name":"SEAT"},{"catalog_number":"VA207668","name":"SEAT"},{"catalog_number":"VA207665","name":"LEFT HAND COVER"},{"catalog_number":"VA207641","name":"PIN"},{"catalog_number":"VA207640","name":"WASHER"},{"catalog_number":"VA207629","name":"SUPPORT"},{"catalog_number":"VA207626","name":"RIGHT HAND COVER"},{"catalog_number":"VA207623","name":"RIGHT HAND COVER"},{"catalog_number":"VA207582","name":"BRACKET"},{"catalog_number":"VA207579","name":"LEFT HAND FENDER"},{"catalog_number":"VA207578","name":"FENDER"},{"catalog_number":"VA207576","name":"SHAFT"},{"catalog_number":"VA207573","name":"BRACKET"},{"catalog_number":"VA207572","name":"BRACKET"},{"catalog_number":"VA207567","name":"PLATE"},{"catalog_number":"VA207566","name":"FUSE BOX"},{"catalog_number":"VA207565","name":"GASKET"},{"catalog_number":"VA207564","name":"PROTECTION"},{"catalog_number":"VA207563","name":"COVER"},{"catalog_number":"VA207557","name":"SUPPORT"},{"catalog_number":"VA207547","name":"FAN"},{"catalog_number":"VA207534","name":"LEVER"},{"catalog_number":"VA207527","name":"KNOB"},{"catalog_number":"VA207525","name":"LOWER LINK, LH"},{"catalog_number":"VA207524","name":"LOWER LINK,RH"},{"catalog_number":"VA207523","name":"FRONT SUPPORT"},{"catalog_number":"VA207515","name":"LEFT HAND COVER"},{"catalog_number":"VA207514","name":"RIGHT HAND COVER"},{"catalog_number":"VA207506","name":"NUT"},{"catalog_number":"VA207501","name":"PLATE"},{"catalog_number":"VA207499","name":"CLAMP"},{"catalog_number":"VA207498","name":"CLAMP"},{"catalog_number":"VA207497","name":"GASKET"},{"catalog_number":"VA207496","name":"GASKET"},{"catalog_number":"VA207488","name":"SUPPORT"},{"catalog_number":"VA207480","name":"VIBRATION MOUNT"},{"catalog_number":"VA207441","name":"OIL PIPE"},{"catalog_number":"VA207438","name":"SILENCER"},{"catalog_number":"VA207436","name":"JOINT"},{"catalog_number":"VA207435","name":"UNION"},{"catalog_number":"VA207433","name":"T-PIECE"},{"catalog_number":"VA207431","name":"BANJO BOLT"},{"catalog_number":"VA207430","name":"HYDRAULIC HOSE"},{"catalog_number":"VA207429","name":"HYDRAULIC HOSE"},{"catalog_number":"VA207424","name":"BRACKET"},{"catalog_number":"VA207423","name":"OIL PIPE"},{"catalog_number":"VA207419","name":"SUPPORT"},{"catalog_number":"VA207416","name":"SUPPORT"},{"catalog_number":"VA207406","name":"SUPPORT"},{"catalog_number":"VA207404","name":"PEDAL"},{"catalog_number":"VA207403","name":"SUPPORT"},{"catalog_number":"VA207402","name":"BRACKET"},{"catalog_number":"VA207396","name":"HYDRAULIC HOSE"},{"catalog_number":"VA207395","name":"HYDRAULIC HOSE"},{"catalog_number":"VA207394","name":"HYDRAULIC HOSE"},{"catalog_number":"VA207383","name":"RIGHT HAND COVER"},{"catalog_number":"VA207380","name":"BADGE"},{"catalog_number":"VA207378","name":"BADGE"},{"catalog_number":"VA207371","name":"BRACKET"},{"catalog_number":"VA207370","name":"HARNESS"},{"catalog_number":"VA207368","name":"OIL PIPE"},{"catalog_number":"VA207367","name":"OIL PIPE"},{"catalog_number":"VA207366","name":"OIL PIPE"},{"catalog_number":"VA207365","name":"OIL PIPE"},{"catalog_number":"VA207364","name":"OIL PIPE"},{"catalog_number":"VA207351","name":"HARNESS"},{"catalog_number":"VA207348","name":"COVER"},{"catalog_number":"VA207347","name":"PLUG"},{"catalog_number":"VA207342","name":"SIDE LIGHT"},{"catalog_number":"VA207341","name":"SIDE LIGHT"},{"catalog_number":"VA207340","name":"SIDE LIGHT"},{"catalog_number":"VA207339","name":"SIDE LIGHT"},{"catalog_number":"VA207334","name":"GROMMET"},{"catalog_number":"VA207325","name":"PIN"},{"catalog_number":"VA207318","name":"PLATFORM"},{"catalog_number":"VA207317","name":"SUPPORT"},{"catalog_number":"VA207307","name":"OIL PIPE"},{"catalog_number":"VA207306","name":"HYDRAULIC HOSE"},{"catalog_number":"VA207305","name":"HYDRAULIC HOSE"},{"catalog_number":"VA207303","name":"HYDRAULIC HOSE"},{"catalog_number":"VA207287","name":"PLATE"},{"catalog_number":"VA207277","name":"BALL JOINT"},{"catalog_number":"VA207276","name":"STUD BOLT"},{"catalog_number":"VA207268","name":"LEVER"},{"catalog_number":"VA207265","name":"SUPPORT"},{"catalog_number":"VA207261","name":"SUPPORT"},{"catalog_number":"VA207258","name":"COMPRESSOR"},{"catalog_number":"VA207236","name":"BOOT"},{"catalog_number":"VA207235","name":"LEFT HAND COVER"},{"catalog_number":"VA207234","name":"BRACKET"},{"catalog_number":"VA207233","name":"SENSOR"},{"catalog_number":"VA207221","name":"BUSH"},{"catalog_number":"VA207201","name":"BRACKET"},{"catalog_number":"VA207197","name":"GASKET"},{"catalog_number":"VA207191","name":"UNION"},{"catalog_number":"VA207189","name":"KIT, ARMREST"},{"catalog_number":"VA207185","name":"SEAT"},{"catalog_number":"VA207184","name":"SEAT"},{"catalog_number":"VA207170","name":"WASHER"},{"catalog_number":"VA207158","name":"CAP"},{"catalog_number":"VA207156","name":"CAP"},{"catalog_number":"VA207154","name":"LOCK"},{"catalog_number":"VA207152","name":"HYDRAULIC HOSE"},{"catalog_number":"VA207148","name":"PLATE"},{"catalog_number":"VA207133","name":"HANDLE"},{"catalog_number":"VA207126","name":"GASKET"},{"catalog_number":"VA207120","name":"BAND"},{"catalog_number":"VA207119","name":"BAND"},{"catalog_number":"VA207118","name":"ROD"},{"catalog_number":"VA207116","name":"FUEL GAUGE"},{"catalog_number":"VA207115","name":"SUPPORT"},{"catalog_number":"VA207113","name":"VIBRATION MOUNT"},{"catalog_number":"VA207109","name":"SUPPORT"},{"catalog_number":"VA207108","name":"SUPPORT"},{"catalog_number":"VA207106","name":"SUPPORT"},{"catalog_number":"VA207027","name":"HARNESS"},{"catalog_number":"VA207026","name":"HARNESS"},{"catalog_number":"VA207024","name":"SUPPORT, RH"},{"catalog_number":"VA207021","name":"BRACKET"},{"catalog_number":"VA207020","name":"SUPPORT, LH"},{"catalog_number":"VA207011","name":"SUPPORT"},{"catalog_number":"VA207010","name":"SUPPORT"},{"catalog_number":"VA207009","name":"SUPPORT"},{"catalog_number":"VA207008","name":"BRACKET"},{"catalog_number":"VA207007","name":"OIL PIPE"},{"catalog_number":"VA207006","name":"OIL PIPE"},{"catalog_number":"VA207005","name":"OIL PIPE"},{"catalog_number":"VA207000","name":"BRACKET"},{"catalog_number":"VA206999","name":"SUPPORT, RH"},{"catalog_number":"VA206993","name":"OIL PIPE"},{"catalog_number":"VA206992","name":"OIL PIPE"},{"catalog_number":"VA206990","name":"OIL PIPE"},{"catalog_number":"VA206989","name":"OIL PIPE"},{"catalog_number":"VA206988","name":"LEFT HAND COVER"},{"catalog_number":"VA206987","name":"RIGHT HAND COVER"},{"catalog_number":"VA206981","name":"OIL PIPE"},{"catalog_number":"VA206980","name":"OIL PIPE"},{"catalog_number":"VA206979","name":"OIL PIPE"},{"catalog_number":"VA206971","name":"SUPPORT"},{"catalog_number":"VA206970","name":"CONTROL CABLE"},{"catalog_number":"VA206951","name":"RIGHT HAND COWL"},{"catalog_number":"VA206950","name":"LEFT HAND COWL"},{"catalog_number":"VA206949","name":"PANEL"},{"catalog_number":"VA206932","name":"DEFLECTOR"},{"catalog_number":"VA206928","name":"LINING"},{"catalog_number":"VA206927","name":"LEFT HAND LINING"},{"catalog_number":"VA206926","name":"LINING"},{"catalog_number":"VA206910","name":"BRACKET"},{"catalog_number":"VA206909","name":"SPACER"},{"catalog_number":"VA206907","name":"BRACKET"},{"catalog_number":"VA206906","name":"SUPPORT"},{"catalog_number":"VA206901","name":"PROTECTION"},{"catalog_number":"VA206899","name":"WIPER MOTOR"},{"catalog_number":"VA206889","name":"SPRING"},{"catalog_number":"VA206883","name":"WHEEL RIM"},{"catalog_number":"VA206869","name":"SHIELD"},{"catalog_number":"VA206866","name":"HYDRAULIC HOSE"},{"catalog_number":"VA206859","name":"FRONT LIGHT"},{"catalog_number":"VA206825","name":"COVER"},{"catalog_number":"VA206782","name":"LEFT HAND DECAL"},{"catalog_number":"VA206781","name":"RIGHT HAND DECAL"},{"catalog_number":"VA206768","name":"FLAT WASHER"},{"catalog_number":"VA206765","name":"HANDLE"},{"catalog_number":"VA206764","name":"LEFT HAND HANDLE"},{"catalog_number":"VA206763","name":"LEFT HAND GASKET"},{"catalog_number":"VA206757","name":"RIGHT HAND HINGE"},{"catalog_number":"VA206756","name":"HINGE"},{"catalog_number":"VA206755","name":"WASHER"},{"catalog_number":"VA206742","name":"HANDLE"},{"catalog_number":"VA206728","name":"PLATE"},{"catalog_number":"VA206715","name":"RING"},{"catalog_number":"VA206710","name":"PLATE"},{"catalog_number":"VA206709","name":"PIN"},{"catalog_number":"VA206673","name":"FUSE 150A"},{"catalog_number":"VA206656","name":"CONTROL VALVE"},{"catalog_number":"VA206646","name":"ELECTRIC SOCKET"},{"catalog_number":"VA206643","name":"HARNESS"},{"catalog_number":"VA206642","name":"FORK"},{"catalog_number":"VA206625","name":"SUPPORT"},{"catalog_number":"VA206617","name":"COVER"},{"catalog_number":"VA206613","name":"DECAL"},{"catalog_number":"VA206535","name":"OIL PIPE"},{"catalog_number":"VA206487","name":"BLINKER"},{"catalog_number":"VA206417","name":"SOCKET 7 PIN SUP"},{"catalog_number":"VA206416","name":"BRACKET"},{"catalog_number":"VA206415","name":"LOWER LINK"},{"catalog_number":"VA206399","name":"DOWEL"},{"catalog_number":"VA206358","name":"NUT"},{"catalog_number":"VA206353","name":"HAND BRAKE"},{"catalog_number":"VA206312","name":"MANIFOLD"},{"catalog_number":"VA206307","name":"COVER"},{"catalog_number":"VA206306","name":"COVER"},{"catalog_number":"VA206295","name":"BOOT"},{"catalog_number":"VA206290","name":"PLATE"},{"catalog_number":"VA206289","name":"PLATE"},{"catalog_number":"VA206288","name":"PLATE"},{"catalog_number":"VA206287","name":"SUPPORT"},{"catalog_number":"VA206286","name":"SUPPORT, LH"},{"catalog_number":"VA206284","name":"PLATE"},{"catalog_number":"VA206277","name":"LEFT HAND COVER"},{"catalog_number":"VA206276","name":"RIGHT HAND COVER"},{"catalog_number":"VA206275","name":"GASKET"},{"catalog_number":"VA206274","name":"GASKET"},{"catalog_number":"VA206272","name":"GASKET"},{"catalog_number":"VA206269","name":"GASKET"},{"catalog_number":"VA206267","name":"WINDSCREEN"},{"catalog_number":"VA206266","name":"GLASS"},{"catalog_number":"VA206264","name":"RIGHT HAND GLASS"},{"catalog_number":"VA206263","name":"LEFT HAND GLASS"},{"catalog_number":"VA206262","name":"RIGHT HAND GLASS"},{"catalog_number":"VA206261","name":"GLASS"},{"catalog_number":"VA206260","name":"GLASS"},{"catalog_number":"VA206238","name":"SUPPORT, LH"},{"catalog_number":"VA206237","name":"SUPPORT, RH"},{"catalog_number":"VA206236","name":"SUPPORT"},{"catalog_number":"VA206234","name":"KNOB"},{"catalog_number":"VA206226","name":"STEERING WHEEL"},{"catalog_number":"VA206200","name":"CABLE"},{"catalog_number":"VA206190","name":"OIL PIPE"},{"catalog_number":"VA206189","name":"OIL PIPE"},{"catalog_number":"VA206187","name":"OIL PIPE"},{"catalog_number":"VA206185","name":"OIL PIPE"},{"catalog_number":"VA206184","name":"OIL PIPE"},{"catalog_number":"VA206183","name":"OIL PIPE"},{"catalog_number":"VA206182","name":"OIL PIPE"},{"catalog_number":"VA206181","name":"OIL PIPE"},{"catalog_number":"VA206180","name":"OIL PIPE"},{"catalog_number":"VA206179","name":"OIL PIPE"},{"catalog_number":"VA206147","name":"SUPPORT, LH"},{"catalog_number":"VA206146","name":"SUPPORT, RH"},{"catalog_number":"VA206143","name":"HARNESS"},{"catalog_number":"VA206141","name":"HEADLAMP"},{"catalog_number":"VA206137","name":"SWITCH"},{"catalog_number":"VA206135","name":"SWITCH"},{"catalog_number":"VA206134","name":"HEATER SWITCH"},{"catalog_number":"VA206132","name":"RUBBER"},{"catalog_number":"VA206131","name":"DAMPER"},{"catalog_number":"VA206128","name":"BRACKET"},{"catalog_number":"VA206126","name":"GASKET"},{"catalog_number":"VA206121","name":"ROOF LINING"},{"catalog_number":"VA206114","name":"WASHER"},{"catalog_number":"VA206107","name":"KNOB"},{"catalog_number":"VA206102","name":"FUEL HOSE"},{"catalog_number":"VA206101","name":"ROD"},{"catalog_number":"VA206099","name":"BRACKET"},{"catalog_number":"VA206098","name":"SUPPORT"},{"catalog_number":"VA206097","name":"FUEL TANK"},{"catalog_number":"VA206078","name":"KNOB"},{"catalog_number":"VA206076","name":"SEAL"},{"catalog_number":"VA206074","name":"GASKET"},{"catalog_number":"VA206072","name":"BOOT"},{"catalog_number":"VA206070","name":"GRILLE"},{"catalog_number":"VA206068","name":"ENGINE BONNET"},{"catalog_number":"VA206067","name":"LEFT HAND PANEL"},{"catalog_number":"VA206066","name":"RIGHT HAND PANEL"},{"catalog_number":"VA206065","name":"ENGINE BONNET"},{"catalog_number":"VA206041","name":"BUSH"},{"catalog_number":"VA206040","name":"PEDAL"},{"catalog_number":"VA206011","name":"FRAME"},{"catalog_number":"VA205997","name":"PIN"},{"catalog_number":"VA205972","name":"SUPPORT"},{"catalog_number":"VA205969","name":"THROTTLE CABLE"},{"catalog_number":"VA205968","name":"CONTROL CABLE"},{"catalog_number":"VA205960","name":"CONTROL CABLE"},{"catalog_number":"VA205958","name":"CONTROL CABLE"},{"catalog_number":"VA205956","name":"CONTROL CABLE"},{"catalog_number":"VA205945","name":"OIL PIPE"},{"catalog_number":"VA205943","name":"SUPPORT"},{"catalog_number":"VA205940","name":"ROD"},{"catalog_number":"VA205931","name":"WATER HOSE"},{"catalog_number":"VA205928","name":"BRACKET"},{"catalog_number":"VA205927","name":"BRACKET"},{"catalog_number":"VA205925","name":"SPACER"},{"catalog_number":"VA205924","name":"SPACER"},{"catalog_number":"VA205902","name":"PLATE"},{"catalog_number":"VA205896","name":"RELAY"},{"catalog_number":"VA205895","name":"RELAY"},{"catalog_number":"VA205894","name":"SUPPORT"},{"catalog_number":"VA205888","name":"SUPPORT"},{"catalog_number":"VA205885","name":"BRACKET"},{"catalog_number":"VA205869","name":"STUD BOLT"},{"catalog_number":"VA205868","name":"STUD BOLT"},{"catalog_number":"VA205867","name":"STUD BOLT"},{"catalog_number":"VA205859","name":"SPACER"},{"catalog_number":"VA205852","name":"SUPPORT"},{"catalog_number":"VA205849","name":"LEVER"},{"catalog_number":"VA205848","name":"LEVER"},{"catalog_number":"VA205826","name":"SUPPORT"},{"catalog_number":"VA205825","name":"PROTECTION"},{"catalog_number":"VA205824","name":"LEVER"},{"catalog_number":"VA205823","name":"BRACKET"},{"catalog_number":"VA205822","name":"SUPPORT"},{"catalog_number":"VA205813","name":"RIGHT HAND LEVER"},{"catalog_number":"VA205812","name":"LEVER"},{"catalog_number":"VA205811","name":"LEFT HAND LEVER"},{"catalog_number":"VA205806","name":"STARTERMOTOR"},{"catalog_number":"VA205805","name":"SPEED SENSOR"},{"catalog_number":"VA205800","name":"SUPPORT"},{"catalog_number":"VA205799","name":"GLASS"},{"catalog_number":"VA205796","name":"HARNESS"},{"catalog_number":"VA205795","name":"HARNESS"},{"catalog_number":"VA205794","name":"WIRING HARNESS"},{"catalog_number":"VA205776","name":"HEADLAMP"},{"catalog_number":"VA205775","name":"HEADLAMP"},{"catalog_number":"VA205747","name":"LEVER"},{"catalog_number":"VA205746","name":"SUPPORT"},{"catalog_number":"VA205742","name":"LEVER"},{"catalog_number":"VA205741","name":"LEVER"},{"catalog_number":"VA205740","name":"LEVER"},{"catalog_number":"VA205701","name":"BRACKET"},{"catalog_number":"VA205700","name":"SUPPORT"},{"catalog_number":"VA205680","name":"WEIGHT FRAME"},{"catalog_number":"VA205679","name":"SUPPORT"},{"catalog_number":"VA205658","name":"SUPPORT"},{"catalog_number":"VA205657","name":"SUPPORT"},{"catalog_number":"VA205649","name":"BOLT"},{"catalog_number":"VA205648","name":"STUD BOLT"},{"catalog_number":"VA205647","name":"STUD BOLT"},{"catalog_number":"VA205586","name":"AIR FILTER HOSE"},{"catalog_number":"VA205585","name":"AIR FILTER HOSE"},{"catalog_number":"VA205571","name":"WATER HOSE"},{"catalog_number":"VA205570","name":"RUBBER SLEEVE"},{"catalog_number":"VA205569","name":"WATER HOSE"},{"catalog_number":"VA205567","name":"SLEEVE"},{"catalog_number":"VA205566","name":"WATER HOSE"},{"catalog_number":"VA205565","name":"WATER HOSE"},{"catalog_number":"VA205558","name":"FORK"},{"catalog_number":"VA205556","name":"PIN"},{"catalog_number":"VA205553","name":"RADIATOR CAP"},{"catalog_number":"VA205547","name":"OIL COOLER"},{"catalog_number":"VA205546","name":"RADIATOR"},{"catalog_number":"VA205511","name":"CLUTCH"},{"catalog_number":"VA205510","name":"CLUTCH"},{"catalog_number":"VA205495","name":"BRACKET"},{"catalog_number":"VA205463","name":"LEVER"},{"catalog_number":"VA205462","name":"LEVER"},{"catalog_number":"VA205461","name":"LEVER"},{"catalog_number":"VA205460","name":"BRACKET"},{"catalog_number":"VA205459","name":"BRACKET"},{"catalog_number":"VA205453","name":"BRACKET"},{"catalog_number":"VA205446","name":"LEVER"},{"catalog_number":"VA205445","name":"PEDAL"},{"catalog_number":"VA205441","name":"KIT, THROTTLE"},{"catalog_number":"VA205438","name":"LEVER"},{"catalog_number":"VA205437","name":"SUPPORT"},{"catalog_number":"VA205432","name":"RIGHT HAND STEP"},{"catalog_number":"VA205431","name":"LEFT HAND STEP"},{"catalog_number":"VA205430","name":"RIGHT HAND STEP"},{"catalog_number":"VA205427","name":"PANEL"},{"catalog_number":"VA205426","name":"RIGHT HAND COWL"},{"catalog_number":"VA205425","name":"LEFT HAND COWL"},{"catalog_number":"VA205424","name":"PANEL"},{"catalog_number":"VA205404","name":"LEFT HAND PEDAL"},{"catalog_number":"VA205403","name":"RIGHT HAND PEDAL"},{"catalog_number":"VA205391","name":"CLUTCH PEDAL"},{"catalog_number":"VA205356","name":"PUMP"},{"catalog_number":"VA205355","name":"PUMP"},{"catalog_number":"VA205354","name":"FRONT SUPPORT"},{"catalog_number":"VA205268","name":"FRAME"},{"catalog_number":"VA205267","name":"SUPPORT, LH"},{"catalog_number":"VA205266","name":"SUPPORT, RH"},{"catalog_number":"VA205241","name":"SUPPORT"},{"catalog_number":"VA205129","name":"PLUG"},{"catalog_number":"VA205117","name":"LIFT CYLINDER"},{"catalog_number":"VA205071","name":"SENSOR"},{"catalog_number":"VA204862","name":"BUSH"},{"catalog_number":"VA204861","name":"CLAMP"},{"catalog_number":"VA204849","name":"CYLINDER"},{"catalog_number":"VA204789","name":"TOOL BOX"},{"catalog_number":"VA204694","name":"STUD BOLT"},{"catalog_number":"VA204691","name":"LEVER"},{"catalog_number":"VA204681","name":"STUD BOLT"},{"catalog_number":"VA204630","name":"PIN"},{"catalog_number":"VA204484","name":"UNION"},{"catalog_number":"VA204477","name":"HYDRAULIC HOSE"},{"catalog_number":"VA204466","name":"UNION"},{"catalog_number":"VA204461","name":"SUPPORT"},{"catalog_number":"VA204460","name":"LEVER"},{"catalog_number":"VA204457","name":"ROD"},{"catalog_number":"VA204456","name":"BUSH"},{"catalog_number":"VA204455","name":"BUSH"},{"catalog_number":"VA204453","name":"WASHER"},{"catalog_number":"VA204430","name":"PLATE"},{"catalog_number":"VA204429","name":"BUSH"},{"catalog_number":"VA204409","name":"SUPPORT"},{"catalog_number":"VA204402","name":"POTENTIOMETER"},{"catalog_number":"VA204388","name":"UNION"},{"catalog_number":"VA204385","name":"UNION"},{"catalog_number":"VA204384","name":"UNION"},{"catalog_number":"VA204291","name":"SPRING"},{"catalog_number":"VA204284","name":"BUSH"},{"catalog_number":"VA204277","name":"PIN"},{"catalog_number":"VA204272","name":"BRACKET"},{"catalog_number":"VA204126","name":"SWITCH"},{"catalog_number":"VA204009","name":"COUPLING"},{"catalog_number":"VA203933","name":"SPRING"},{"catalog_number":"VA203680","name":"STABILISER"},{"catalog_number":"VA203658","name":"SPRING"},{"catalog_number":"VA203614","name":"NUT"},{"catalog_number":"VA203613","name":"ACCUMULATOR"},{"catalog_number":"VA203510","name":"TEMPERAT SENSOR"},{"catalog_number":"VA203446","name":"PRESSURE SENSOR"},{"catalog_number":"VA203266","name":"PLUG"},{"catalog_number":"VA203101","name":"BOOT"},{"catalog_number":"VA202850","name":"BRAKE PIPE"},{"catalog_number":"VA202660","name":"STEER. ORBITROL"},{"catalog_number":"VA202449","name":"CONTROL VALVE"},{"catalog_number":"VA202050","name":"DECAL"},{"catalog_number":"VA202049","name":"DECAL"},{"catalog_number":"VA201897","name":"HITCH"},{"catalog_number":"VA201896","name":"HITCH"},{"catalog_number":"VA201894","name":"HITCH"},{"catalog_number":"VA201892","name":"HITCH"},{"catalog_number":"VA201890","name":"HITCH"},{"catalog_number":"VA201863","name":"FUEL HOSE"},{"catalog_number":"VA201829","name":"HYDRAULIC HOSE"},{"catalog_number":"VA201797","name":"BUSH"},{"catalog_number":"VA201769","name":"OIL FILTER"},{"catalog_number":"VA201685","name":"OIL PRESS.SENSOR"}]}