{"machinery_brand_name":"Ag-Chem","parts":[{"catalog_number":"3014940X1","name":"O RING"},{"catalog_number":"3014891X1","name":"OIL SEAL"},{"catalog_number":"3014884X1","name":"O RING"},{"catalog_number":"3014877X1","name":"RADIAL SEAL RING"},{"catalog_number":"3014874X1","name":"RETAINER BUSHING"},{"catalog_number":"3014868X91","name":"ELBOW UNION"},{"catalog_number":"3014867X91","name":"ELBOW UNION"},{"catalog_number":"3014866X1","name":"RETAINING RING"},{"catalog_number":"3014853X1","name":"SETSCREW"},{"catalog_number":"3014843X1","name":"PAN HEAD SCREW"},{"catalog_number":"3014839X91","name":"UNION"},{"catalog_number":"3014838X1","name":"HEX. FLANGE BOLT"},{"catalog_number":"3014820X1","name":"HEX HEAD BOLT"},{"catalog_number":"3014809X91","name":"PLUG"},{"catalog_number":"3014783X91","name":"UNION"},{"catalog_number":"3014781X1","name":"RETAINING RING"},{"catalog_number":"3014731X1","name":"SEALING RING"},{"catalog_number":"3014728X91","name":"UNION"},{"catalog_number":"3014725X1","name":"PAN HEAD SCREW"},{"catalog_number":"3014724X91","name":"ELBOW UNION"},{"catalog_number":"3014722X1","name":"PAN HEAD SCREW"},{"catalog_number":"3014718X1","name":"LINCH PIN"},{"catalog_number":"3014717X1","name":"SCREW 12 POINTS"},{"catalog_number":"3014710X1","name":"SPIROL PIN"},{"catalog_number":"3014700X1","name":"CAPSCREW"},{"catalog_number":"3014697X1","name":"CAPSCREW"},{"catalog_number":"3014693X91","name":"STRAIGHT FITTING"},{"catalog_number":"3014692X1","name":"HEX HEAD BOLT"},{"catalog_number":"3014691X1","name":"HEX HEAD BOLT"},{"catalog_number":"3014690X1","name":"HEX HEAD BOLT"},{"catalog_number":"3014689X1","name":"SCREW 12 POINTS"},{"catalog_number":"3014678X91","name":"ELBOW UNION"},{"catalog_number":"3014674X91","name":"ELBOW UNION"},{"catalog_number":"3014673X91","name":"ELBOW UNION"},{"catalog_number":"3014672X91","name":"ELBOW UNION"},{"catalog_number":"3014671X91","name":"UNION"},{"catalog_number":"3014661X1","name":"SCREW 12 POINTS"},{"catalog_number":"3014657X1","name":"PLUG"},{"catalog_number":"3014650X1","name":"MACHINE SCREW"},{"catalog_number":"3014648X1","name":"SPACER"},{"catalog_number":"3014641X1","name":"CAPSCREW"},{"catalog_number":"3014636X91","name":"UNION"},{"catalog_number":"3014635X1","name":"SPRING NUT"},{"catalog_number":"3014634X1","name":"HEX HEAD BOLT"},{"catalog_number":"3014632X1","name":"HEX. FLANGE BOLT"},{"catalog_number":"3014631X91","name":"ELBOW UNION"},{"catalog_number":"3014628X1","name":"HEX HEAD BOLT"},{"catalog_number":"3014621X91","name":"ELBOW UNION"},{"catalog_number":"3014619X91","name":"STRAIGHT FITTING"},{"catalog_number":"3014613X1","name":"FLAT WASHER"},{"catalog_number":"3014593X91","name":"ELBOW UNION"},{"catalog_number":"3014589X1","name":"HEX SOCKET SCREW"},{"catalog_number":"3014587X1","name":"HEX SOC HD BOLT"},{"catalog_number":"3014568X91","name":"TAPER BEARING"},{"catalog_number":"3014562X1","name":"BEAR. 6204"},{"catalog_number":"3014560X1","name":"PLUG"},{"catalog_number":"3014559X1","name":"WING SCREW"},{"catalog_number":"3014548X1","name":"STUD BOLT"},{"catalog_number":"3014547X1","name":"SCREWED PLUG"},{"catalog_number":"3014546X91","name":"UNION"},{"catalog_number":"3014542X91","name":"TEE FITTING"},{"catalog_number":"3014538X1","name":"O RING"},{"catalog_number":"3014537X1","name":"O RING"},{"catalog_number":"3014511X91","name":"UNION"},{"catalog_number":"3014510X1","name":"CAPSCREW"},{"catalog_number":"3014509X1","name":"CAPSCREW"},{"catalog_number":"3014507X1","name":"NUT METRIC"},{"catalog_number":"3014505X1","name":"BALL BEARING"},{"catalog_number":"3014500X1","name":"NUT METRIC"},{"catalog_number":"3014499X1","name":"HEX HEAD BOLT"},{"catalog_number":"3014496X1","name":"SAFETY WASHER"},{"catalog_number":"3014494X1","name":"SAFETY WASHER"},{"catalog_number":"3014493X1","name":"SAFETY WASHER"},{"catalog_number":"3014492X1","name":"SAFETY WASHER"},{"catalog_number":"3014491X1","name":"SAFETY WASHER"},{"catalog_number":"3014481X1","name":"HEX HEAD BOLT"},{"catalog_number":"3014456X91","name":"PLUG"},{"catalog_number":"3014454X91","name":"PLUG"},{"catalog_number":"3014452X1","name":"FLAT WASHER"},{"catalog_number":"3014440X1","name":"SPACER"},{"catalog_number":"3014439X1","name":"UNION"},{"catalog_number":"3014438X1","name":"STUD BOLT"},{"catalog_number":"3014436X1","name":"SETSCREW"},{"catalog_number":"3014423X1","name":"STUD BOLT"},{"catalog_number":"3014421X91","name":"TEE FITTING"},{"catalog_number":"3014420X1","name":"SCREW 12 POINTS"},{"catalog_number":"3014395X91","name":"NUT"},{"catalog_number":"3014385X91","name":"NUT"},{"catalog_number":"3014375X1","name":"HEX NUT"},{"catalog_number":"3014366X1","name":"HEX HEAD BOLT"},{"catalog_number":"3014363X1","name":"BEARING NEEDLE"},{"catalog_number":"3014348X91","name":"UNION"},{"catalog_number":"3014347X91","name":"UNION"},{"catalog_number":"3014342X1","name":"HEX HEAD BOLT"},{"catalog_number":"3014340X1","name":"SCREW 12 POINTS"},{"catalog_number":"3014339X1","name":"STUD BOLT"},{"catalog_number":"3014337X1","name":"CAPSCREW"},{"catalog_number":"3014336X1","name":"PLUG"},{"catalog_number":"3014335X1","name":"PLUG"},{"catalog_number":"3014334X1","name":"PLUG"},{"catalog_number":"3014333X1","name":"PLUG"},{"catalog_number":"3014329X1","name":"SCREW 12 POINTS"},{"catalog_number":"3014324X1","name":"HEX NUT"},{"catalog_number":"3014320X1","name":"WING SCREW"},{"catalog_number":"3014319X1","name":"HEX HEAD BOLT"},{"catalog_number":"3014318X1","name":"STUD BOLT"},{"catalog_number":"3014316X1","name":"WING SCREW"},{"catalog_number":"3014311X91","name":"UNION"},{"catalog_number":"3014287X91","name":"ELBOW UNION"},{"catalog_number":"3014283X1","name":"HEX HEAD BOLT"},{"catalog_number":"3014282X1","name":"HEX HEAD BOLT"},{"catalog_number":"3014268X91","name":"ELBOW UNION"},{"catalog_number":"3014259X91","name":"ELBOW UNION"},{"catalog_number":"3014256X1","name":"SCREW 12 POINTS"},{"catalog_number":"3014255X1","name":"SCREW 12 POINTS"},{"catalog_number":"3014220X1","name":"CLIP"},{"catalog_number":"3014219X1","name":"COUNTERSUNK"},{"catalog_number":"3014218X1","name":"HEX HEAD BOLT"},{"catalog_number":"3014214X91","name":"STRAIGHT FITTING"},{"catalog_number":"3014210X1","name":"RADIAL SEAL RING"},{"catalog_number":"3014207X1","name":"HEX FLANGE NUT"},{"catalog_number":"3014205X1","name":"SCREW 12 POINTS"},{"catalog_number":"3014204X1","name":"SCREW 12 POINTS"},{"catalog_number":"3014203X1","name":"STUD BOLT"},{"catalog_number":"3014202X1","name":"HEX HEAD BOLT"},{"catalog_number":"3014201X1","name":"SCREW 12 POINTS"},{"catalog_number":"3014200X1","name":"SCREW 12 POINTS"},{"catalog_number":"3014199X1","name":"SCREW 12 POINTS"},{"catalog_number":"3014197X1","name":"SCREW 12 POINTS"},{"catalog_number":"3014196X1","name":"SCREW 12 POINTS"},{"catalog_number":"3014195X1","name":"SCREW 12 POINTS"},{"catalog_number":"3014189X91","name":"TEE FITTING"},{"catalog_number":"3014183X91","name":"DRAIN PLUG"},{"catalog_number":"3014182X1","name":"SETSCREW"},{"catalog_number":"3014181X1","name":"PLASTIC CAP"},{"catalog_number":"3014180X1","name":"HEX HEAD BOLT"},{"catalog_number":"3014178X1","name":"STUD BOLT"},{"catalog_number":"3014177X1","name":"HEX HEAD BOLT"},{"catalog_number":"3014176X1","name":"SCREW 12 POINTS"},{"catalog_number":"3014174X1","name":"STUD BOLT"},{"catalog_number":"3014173X1","name":"SPACER"},{"catalog_number":"3014172X1","name":"SPACER"},{"catalog_number":"3014171X1","name":"HEX HEAD BOLT"},{"catalog_number":"3014170X1","name":"O RING"},{"catalog_number":"3014161X91","name":"TEE FITTING"},{"catalog_number":"3014160X91","name":"TEE FITTING"},{"catalog_number":"3014154X1","name":"O RING"},{"catalog_number":"3014153X1","name":"STUD BOLT"},{"catalog_number":"3014145X91","name":"STRAIGHT FITTING"},{"catalog_number":"3014144X91","name":"STRAIGHT FITTING"},{"catalog_number":"3014143X91","name":"UNION"},{"catalog_number":"3014142X91","name":"UNION"},{"catalog_number":"3014140X91","name":"STRAIGHT FITTING"},{"catalog_number":"3014136X91","name":"ELBOW UNION"},{"catalog_number":"3014135X91","name":"UNION"},{"catalog_number":"3014134X91","name":"ELBOW UNION"},{"catalog_number":"3014133X91","name":"ELBOW UNION"},{"catalog_number":"3014132X91","name":"ELBOW UNION"},{"catalog_number":"3014128X91","name":"TEE FITTING"},{"catalog_number":"3014126X91","name":"ELBOW UNION"},{"catalog_number":"3014125X1","name":"O RING"},{"catalog_number":"3014124X1","name":"O RING"},{"catalog_number":"3014123X1","name":"O RING"},{"catalog_number":"3014119X91","name":"UNION"},{"catalog_number":"3014109X91","name":"UNION"},{"catalog_number":"3014107X91","name":"ELBOW UNION"},{"catalog_number":"3014100X1","name":"CLEVIS PIN"},{"catalog_number":"3014099X91","name":"UNION"},{"catalog_number":"3014091X1","name":"BEARING CUP"},{"catalog_number":"3014090X1","name":"BEARING CONE"},{"catalog_number":"3014089X91","name":"BEARING ASSY"},{"catalog_number":"3014088X1","name":"HEX HEAD BOLT"},{"catalog_number":"3014075X1","name":"HEX HEAD BOLT"},{"catalog_number":"3014065X1","name":"ROLL PIN"},{"catalog_number":"3014061X91","name":"ELBOW UNION"},{"catalog_number":"3014059X1","name":"HEX HEAD BOLT"},{"catalog_number":"3014047X91","name":"STRAIGHT FITTING"},{"catalog_number":"3014045X91","name":"ELBOW UNION"},{"catalog_number":"3014034X1","name":"STUD BOLT"},{"catalog_number":"3014028X91","name":"TEE FITTING"},{"catalog_number":"3014014X1","name":"WING NUT"},{"catalog_number":"3014012X1","name":"STUD BOLT"},{"catalog_number":"3014010X1","name":"STUD BOLT"},{"catalog_number":"3014009X1","name":"STUD BOLT"},{"catalog_number":"3014008X1","name":"STUD BOLT"},{"catalog_number":"3014005X91","name":"STRAIGHT FITTING"},{"catalog_number":"3014003X91","name":"UNION"},{"catalog_number":"3014001X91","name":"UNION"},{"catalog_number":"3013728X1","name":"GROMMET"},{"catalog_number":"3013727X1","name":"PLUG"},{"catalog_number":"3013708X1","name":"GROMMET"},{"catalog_number":"3013707X1","name":"LATCH"},{"catalog_number":"3013524X91","name":"CONNECTORS"},{"catalog_number":"301-3416","name":"BEARING CONE"},{"catalog_number":"3013377X1","name":"FUSE HOLDER"},{"catalog_number":"3013361X1","name":"PLUG"},{"catalog_number":"3013356X1","name":"PLUG"},{"catalog_number":"3013355X1","name":"SEAL"},{"catalog_number":"3013354X1","name":"WASHER"},{"catalog_number":"3013353X1","name":"NUT"},{"catalog_number":"3013332X1","name":"SEAL"},{"catalog_number":"3013331X1","name":"SEAL"},{"catalog_number":"3013210X1","name":"TERMINAL"},{"catalog_number":"3013208X1","name":"TERMINAL"},{"catalog_number":"3013039X91","name":"CONNECTORS"},{"catalog_number":"3013037X91","name":"CONNECTORS"},{"catalog_number":"3012287X1","name":"STUD BOLT"},{"catalog_number":"3012281X1","name":"CUP PLUG"},{"catalog_number":"3012280X91","name":"STRAIGHT FITTING"},{"catalog_number":"3012276X91","name":"SEALING PLUG"},{"catalog_number":"3012274X91","name":"PLUG"},{"catalog_number":"3012267X91","name":"UNION"},{"catalog_number":"3012265X1","name":"HEX HEAD BOLT"},{"catalog_number":"3012263X91","name":"PLUG"},{"catalog_number":"3012249X91","name":"ELBOW UNION"},{"catalog_number":"3012243X91","name":"ELBOW UNION"},{"catalog_number":"3012220X1","name":"HEX. FLANGE BOLT"},{"catalog_number":"3012211X1","name":"HEX. FLANGE BOLT"},{"catalog_number":"3012210X1","name":"HEX. FLANGE BOLT"},{"catalog_number":"3012208X1","name":"HEX. FLANGE BOLT"},{"catalog_number":"3012207X1","name":"HEX. FLANGE BOLT"},{"catalog_number":"3012206X1","name":"HEX. FLANGE BOLT"},{"catalog_number":"3012205X1","name":"HEX. FLANGE BOLT"},{"catalog_number":"3012204X1","name":"HEX. FLANGE BOLT"},{"catalog_number":"3012203X1","name":"HEX. FLANGE BOLT"},{"catalog_number":"3012202X1","name":"HEX. FLANGE BOLT"},{"catalog_number":"3012200X1","name":"HEX. FLANGE BOLT"},{"catalog_number":"3012198X1","name":"HEX. FLANGE BOLT"},{"catalog_number":"3012197X1","name":"HEX. FLANGE BOLT"},{"catalog_number":"3012194X1","name":"HEX. FLANGE BOLT"},{"catalog_number":"3012193X1","name":"HEX. FLANGE BOLT"},{"catalog_number":"3012191X1","name":"HEX. FLANGE BOLT"},{"catalog_number":"3012190X1","name":"HEX. FLANGE BOLT"},{"catalog_number":"3012189X1","name":"HEX. FLANGE BOLT"},{"catalog_number":"3012188X1","name":"HEX FLG CAPSCREW"},{"catalog_number":"3012187X1","name":"HEX. FLANGE BOLT"},{"catalog_number":"3012186X1","name":"HEX. FLANGE BOLT"},{"catalog_number":"3012184X1","name":"HEX. FLANGE BOLT"},{"catalog_number":"3012183X1","name":"HEX. FLANGE BOLT"},{"catalog_number":"3012182X1","name":"HEX. FLANGE BOLT"},{"catalog_number":"3012181X1","name":"HEX. FLANGE BOLT"},{"catalog_number":"3012180X1","name":"HEX. FLANGE BOLT"},{"catalog_number":"3012179X1","name":"HEX. FLANGE BOLT"},{"catalog_number":"3012178X1","name":"HEX. FLANGE BOLT"},{"catalog_number":"3012177X1","name":"HEX. FLANGE BOLT"},{"catalog_number":"3012176X1","name":"HEX. FLANGE BOLT"},{"catalog_number":"3012173X1","name":"HEX. FLANGE BOLT"},{"catalog_number":"3012171X1","name":"HEX. FLANGE BOLT"},{"catalog_number":"3012170X1","name":"HEX. FLANGE BOLT"},{"catalog_number":"3012168X1","name":"HEX. FLANGE BOLT"},{"catalog_number":"3012166X1","name":"HEX. FLANGE BOLT"},{"catalog_number":"3012165X1","name":"HEX. FLANGE BOLT"},{"catalog_number":"3012164X1","name":"HEX. FLANGE BOLT"},{"catalog_number":"3012163X1","name":"HEX. FLANGE BOLT"},{"catalog_number":"3012162X1","name":"HEX. FLANGE BOLT"},{"catalog_number":"3012161X1","name":"HEX. FLANGE BOLT"},{"catalog_number":"3012160X1","name":"HEX. FLANGE BOLT"},{"catalog_number":"3012159X1","name":"HEX. FLANGE BOLT"},{"catalog_number":"3012157X1","name":"HEX. FLANGE BOLT"},{"catalog_number":"3012156X1","name":"HEX. FLANGE BOLT"},{"catalog_number":"3012155X1","name":"HEX. FLANGE BOLT"},{"catalog_number":"3012150X1","name":"HEX. FLANGE BOLT"},{"catalog_number":"3012148X1","name":"HEX. FLANGE BOLT"},{"catalog_number":"3012147X1","name":"HEX. FLANGE BOLT"},{"catalog_number":"3012145X1","name":"HEX. FLANGE BOLT"},{"catalog_number":"3012140X1","name":"HEX. FLANGE BOLT"},{"catalog_number":"3012138X91","name":"STRAIGHT FITTING"},{"catalog_number":"3012135X1","name":"CUP PLUG"},{"catalog_number":"3012131X91","name":"ELBOW UNION"},{"catalog_number":"3012129X1","name":"HEX HEAD BOLT"},{"catalog_number":"3012127X91","name":"UNION"},{"catalog_number":"3012126X91","name":"TEE FITTING"},{"catalog_number":"3012124X1","name":"SPACER"},{"catalog_number":"3012121X91","name":"ELBOW UNION"},{"catalog_number":"3012107X91","name":"ELBOW UNION"},{"catalog_number":"3012104X1","name":"BALL BEARING"},{"catalog_number":"3012098X91","name":"UNION"},{"catalog_number":"3012094X91","name":"ELBOW UNION"},{"catalog_number":"3012092X1","name":"PAN HEAD SCREW"},{"catalog_number":"3012074X1","name":"BEARING CUP"},{"catalog_number":"3012073X1","name":"BEARING CONE"},{"catalog_number":"3012072X91","name":"BEARING ASSY"},{"catalog_number":"3012064X91","name":"ELBOW UNION"},{"catalog_number":"3012058X91","name":"STRAIGHT FITTING"},{"catalog_number":"3012043X1","name":"STUD BOLT"},{"catalog_number":"3012039X1","name":"STUD BOLT"},{"catalog_number":"3012038X1","name":"STUD BOLT"},{"catalog_number":"3012036X1","name":"CAPSCREW"},{"catalog_number":"3012035X1","name":"CAPSCREW"},{"catalog_number":"3012034X1","name":"SCK HD CAPSCREW"},{"catalog_number":"3012033X1","name":"O RING"},{"catalog_number":"3012032X1","name":"CAPSCREW"},{"catalog_number":"3012031X1","name":"CAPSCREW"},{"catalog_number":"3012028X1","name":"O RING"},{"catalog_number":"3012026X1","name":"HEX HEAD BOLT"},{"catalog_number":"3012025X1","name":"HEX HEAD BOLT"},{"catalog_number":"3012021X1","name":"STUD BOLT"},{"catalog_number":"3012016X1","name":"O RING"},{"catalog_number":"3012015X1","name":"CAPSCREW"},{"catalog_number":"3012003X1","name":"SCREW 12 POINTS"},{"catalog_number":"3012002X1","name":"HEX HEAD BOLT"},{"catalog_number":"3011996X91","name":"PLUG"},{"catalog_number":"3011988X91","name":"UNION"},{"catalog_number":"3011987X1","name":"CLEVIS PIN"},{"catalog_number":"3011984X1","name":"SPACER"},{"catalog_number":"3011982X1","name":"STUD BOLT"},{"catalog_number":"3011977X1","name":"STUD BOLT"},{"catalog_number":"3011970X1","name":"SCREW 12 POINTS"},{"catalog_number":"3011963X91","name":"ELBOW UNION"},{"catalog_number":"3011962X1","name":"CAPSCREW"},{"catalog_number":"3011961X91","name":"STRAIGHT FITTING"},{"catalog_number":"3011960X1","name":"STUD BOLT"},{"catalog_number":"3011959X1","name":"SETSCREW"},{"catalog_number":"3011951X1","name":"HARDENED WASHER"},{"catalog_number":"3011950X1","name":"HEX NUT"},{"catalog_number":"3011949X1","name":"O RING"},{"catalog_number":"3011943X91","name":"BEARING ASSY"},{"catalog_number":"3011942X1","name":"HEX HEAD BOLT"},{"catalog_number":"3011938X1","name":"BUSHING NUT"},{"catalog_number":"3011936X91","name":"SHUTTER"},{"catalog_number":"3011935X1","name":"SETSCREW"},{"catalog_number":"3011934X1","name":"SETSCREW"},{"catalog_number":"3011933X91","name":"STRAIGHT FITTING"},{"catalog_number":"3011929X91","name":"BEARING ASSY"},{"catalog_number":"3011928X1","name":"ADJUSTING SHIM"},{"catalog_number":"3011927X1","name":"ADJUSTING SHIM"},{"catalog_number":"3011925X91","name":"UNION"},{"catalog_number":"3011923X91","name":"UNION"},{"catalog_number":"3011922X91","name":"UNION"},{"catalog_number":"3011921X91","name":"UNION"},{"catalog_number":"3011920X91","name":"ELBOW UNION"},{"catalog_number":"3011915X91","name":"UNION"},{"catalog_number":"3011914X1","name":"FLAT WASHER"},{"catalog_number":"3011913X1","name":"O RING"},{"catalog_number":"3011912X1","name":"O RING"},{"catalog_number":"3011911X1","name":"O RING"},{"catalog_number":"3011910X1","name":"O RING"},{"catalog_number":"3011904X1","name":"SPACER"},{"catalog_number":"3011903X1","name":"O RING"},{"catalog_number":"3011902X1","name":"HEX HEAD BOLT"},{"catalog_number":"3011901X1","name":"SCREW 12 POINTS"},{"catalog_number":"3011900X1","name":"SCREW 12 POINTS"},{"catalog_number":"3011899X1","name":"SCREW 12 POINTS"},{"catalog_number":"3011898X1","name":"SCREW 12 POINTS"},{"catalog_number":"3011897X1","name":"BALL BEARING"},{"catalog_number":"3011896X1","name":"BALL BEARING"},{"catalog_number":"3011895X1","name":"ADJUSTING SHIM"},{"catalog_number":"3011894X1","name":"ADJUSTING SHIM"},{"catalog_number":"3011890X91","name":"TEE FITTING"},{"catalog_number":"3011888X1","name":"STUD BOLT"},{"catalog_number":"3011882X1","name":"STUD BOLT"},{"catalog_number":"3011879X91","name":"TAPER BEARING"},{"catalog_number":"3011858X1","name":"WASHER"},{"catalog_number":"3011857X1","name":"BEAR. 6004 2RS"},{"catalog_number":"3011851X1","name":"STUD BOLT"},{"catalog_number":"3011845X1","name":"O RING"},{"catalog_number":"3011844X91","name":"TEE FITTING"},{"catalog_number":"3011843X1","name":"PAN HEAD SCREW"},{"catalog_number":"3011842X1","name":"PAN HEAD SCREW"},{"catalog_number":"3011840X1","name":"SCREW"},{"catalog_number":"3011839X1","name":"SCREW"},{"catalog_number":"3011821X1","name":"BUSH"},{"catalog_number":"3011820X1","name":"BUSH"},{"catalog_number":"3011819X1","name":"SEAL"},{"catalog_number":"3011818X1","name":"RING"},{"catalog_number":"3011814X1","name":"BUSH"},{"catalog_number":"3011810X1","name":"BUSH"},{"catalog_number":"3011809X1","name":"BUSH"},{"catalog_number":"3011808X1","name":"BUSH"},{"catalog_number":"3011807X1","name":"BUSH"},{"catalog_number":"3011806X1","name":"BUSH"},{"catalog_number":"3011805X1","name":"BUSH"},{"catalog_number":"3011804X1","name":"BUSH"},{"catalog_number":"3011803X1","name":"BUSH"},{"catalog_number":"3011796X1","name":"BEARING ASSY"},{"catalog_number":"3011795X1","name":"O RING"},{"catalog_number":"3011782X1","name":"SPACER"},{"catalog_number":"3011776X1","name":"SCREW 12 POINTS"},{"catalog_number":"3011775X1","name":"O RING"},{"catalog_number":"3011772X91","name":"PLUG"},{"catalog_number":"3011771X91","name":"UNION"},{"catalog_number":"3011769X1","name":"O RING"},{"catalog_number":"3011767X1","name":"PLUG"},{"catalog_number":"3011766X91","name":"UNION"},{"catalog_number":"3011757X1","name":"ADJUSTING SHIM"},{"catalog_number":"3011756X1","name":"ADJUSTING SHIM"},{"catalog_number":"3011755X1","name":"ADJUSTING SHIM"},{"catalog_number":"3011754X1","name":"ADJUSTING SHIM"},{"catalog_number":"3011753X1","name":"ADJUSTING SHIM"},{"catalog_number":"3011752X1","name":"ADJUSTING SHIM"},{"catalog_number":"3011751X91","name":"STRAIGHT FITTING"},{"catalog_number":"3011749X91","name":"UNION"},{"catalog_number":"3011748X91","name":"STRAIGHT FITTING"},{"catalog_number":"3011746X1","name":"HARDENED WASHER"},{"catalog_number":"3011745X1","name":"SCREW 12 POINTS"},{"catalog_number":"3011744X1","name":"HEX HEAD BOLT"},{"catalog_number":"3011743X1","name":"BEARING CUP"},{"catalog_number":"3011742X1","name":"BEARING CONE"},{"catalog_number":"3011740X1","name":"HEX NUT"},{"catalog_number":"3011738X91","name":"STRAIGHT FITTING"},{"catalog_number":"3011737X1","name":"GASKET"},{"catalog_number":"3011736X1","name":"HEX NUT"},{"catalog_number":"3011735X1","name":"HARDENED WASHER"},{"catalog_number":"3011734X1","name":"SPACER"},{"catalog_number":"3011733X1","name":"HEX HEAD BOLT"},{"catalog_number":"3011731X91","name":"STRAIGHT FITTING"},{"catalog_number":"3011721X1","name":"FLAT WASHER"},{"catalog_number":"3011716X91","name":"STRAIGHT FITTING"},{"catalog_number":"3011714X1","name":"SPACER"},{"catalog_number":"3011707X91","name":"T-PIECE"},{"catalog_number":"3011706X1","name":"UNION"},{"catalog_number":"3011704X1","name":"SPACER"},{"catalog_number":"3011701X1","name":"HARDENED WASHER"},{"catalog_number":"3011700X1","name":"SCREW 12 POINTS"},{"catalog_number":"3011697X1","name":"CAPSCREW"},{"catalog_number":"3011696X1","name":"HEX SOC HD BOLT"},{"catalog_number":"3011695X1","name":"SCREW 12 POINTS"},{"catalog_number":"3011691X1","name":"SCREW 12 POINTS"},{"catalog_number":"3011690X1","name":"RADIAL SEAL RING"},{"catalog_number":"3011686X91","name":"TAPER BEARING"},{"catalog_number":"3011685X1","name":"RETAINING RING"},{"catalog_number":"3011684X1","name":"SCREW 12 POINTS"},{"catalog_number":"3011683X1","name":"CAPSCREW"},{"catalog_number":"3011682X1","name":"CAPSCREW"},{"catalog_number":"3011681X1","name":"HEX HEAD BOLT"},{"catalog_number":"3011679X1","name":"SPACER"},{"catalog_number":"3011678X1","name":"SETSCREW"},{"catalog_number":"3011676X1","name":"PAN HEAD SCREW"},{"catalog_number":"3011675X1","name":"SPACER"},{"catalog_number":"3011673X1","name":"HEX NUT"},{"catalog_number":"3011670X1","name":"SCREW 12 POINTS"},{"catalog_number":"3011669X1","name":"STUD BOLT"},{"catalog_number":"3011666X91","name":"TAPER BEARING"},{"catalog_number":"3011660X91","name":"TAPER BEARING"},{"catalog_number":"3011658X1","name":"BALL BEARING"},{"catalog_number":"3011657X1","name":"CLEVIS PIN"},{"catalog_number":"3011656X1","name":"HARDENED WASHER"},{"catalog_number":"3011654X1","name":"SCREW 12 POINTS"},{"catalog_number":"3011653X1","name":"CLEVIS PIN"},{"catalog_number":"3011649X1","name":"HEX HEAD BOLT"},{"catalog_number":"3011646X1","name":"COUNTERSUNK"},{"catalog_number":"3011642X1","name":"SCREW 12 POINTS"},{"catalog_number":"3011641X1","name":"STUD BOLT"},{"catalog_number":"3011640X91","name":"STRAIGHT FITTING"},{"catalog_number":"3011639X91","name":"STRAIGHT FITTING"},{"catalog_number":"3011637X1","name":"CAPSCREW"},{"catalog_number":"3011636X91","name":"UNION"},{"catalog_number":"3011635X1","name":"HEX HEAD BOLT"},{"catalog_number":"3011634X1","name":"CLEVIS"},{"catalog_number":"3011630X1","name":"CLEVIS"},{"catalog_number":"3011629X1","name":"STUD BOLT"},{"catalog_number":"3011627X1","name":"HEX HEAD BOLT"},{"catalog_number":"3011626X1","name":"HEX HEAD BOLT"},{"catalog_number":"3011625X1","name":"HEX HEAD BOLT"},{"catalog_number":"3011624X1","name":"BEARING ASSY"},{"catalog_number":"3011621X1","name":"BALL BEARING"},{"catalog_number":"3011620X1","name":"CAPSCREW"},{"catalog_number":"3011619X91","name":"STRAIGHT FITTING"},{"catalog_number":"3011618X91","name":"STRAIGHT FITTING"},{"catalog_number":"3011617X1","name":"HEX HEAD BOLT"},{"catalog_number":"3011612X1","name":"CAPSCREW"},{"catalog_number":"3011611X1","name":"HEX HEAD BOLT"},{"catalog_number":"3011610X1","name":"STUD BOLT"},{"catalog_number":"3011608X1","name":"SCREW 12 POINTS"},{"catalog_number":"3011606X1","name":"SPACER"},{"catalog_number":"3011600X1","name":"SPACER"},{"catalog_number":"3011595X1","name":"STUD BOLT"},{"catalog_number":"3011594X1","name":"UNION"},{"catalog_number":"3011593X91","name":"UNION"},{"catalog_number":"3011592X1","name":"NEEDLE CAGE"},{"catalog_number":"3011591X1","name":"CAPSCREW"},{"catalog_number":"3011590X1","name":"CAPSCREW"},{"catalog_number":"3011589X1","name":"CAPSCREW"},{"catalog_number":"3011587X1","name":"SCREW 12 POINTS"},{"catalog_number":"3011586X1","name":"HEX HEAD BOLT"},{"catalog_number":"3011585X1","name":"RIVET"},{"catalog_number":"3011582X91","name":"STRAIGHT FITTING"},{"catalog_number":"3011581X1","name":"HEX HEAD BOLT"},{"catalog_number":"3011579X91","name":"STRAIGHT FITTING"},{"catalog_number":"3011577X91","name":"UNION"},{"catalog_number":"3011573X91","name":"TAPER BEARING"},{"catalog_number":"3011572X1","name":"RETAINING RING"},{"catalog_number":"3011567X1","name":"HEX HEAD BOLT"},{"catalog_number":"3011564X91","name":"TAPERED BEARING"},{"catalog_number":"3011561X91","name":"TAPER BEARING"},{"catalog_number":"3011560X1","name":"BALL BEARING"},{"catalog_number":"3011559X1","name":"SCREW 12 POINTS"},{"catalog_number":"3011554X91","name":"STRAIGHT FITTING"},{"catalog_number":"3011553X91","name":"T-PIECE"},{"catalog_number":"3011551X1","name":"SCREW 12 POINTS"},{"catalog_number":"3011550X91","name":"STRAIGHT FITTING"},{"catalog_number":"3011549X91","name":"UNION"},{"catalog_number":"3011548X91","name":"UNION"},{"catalog_number":"3011547X91","name":"STRAIGHT FITTING"},{"catalog_number":"3011546X1","name":"STUD BOLT"},{"catalog_number":"3011545X1","name":"HEX HEAD BOLT"},{"catalog_number":"3011544X91","name":"UNION"},{"catalog_number":"3011543X91","name":"UNION"},{"catalog_number":"3011539X1","name":"TAPPING SCREW"},{"catalog_number":"3011538X1","name":"HEX HEAD BOLT"},{"catalog_number":"3011534X91","name":"STRAIGHT FITTING"},{"catalog_number":"3011533X91","name":"STRAIGHT FITTING"},{"catalog_number":"3011518X1","name":"OIL SEAL"},{"catalog_number":"3011517X1","name":"HEX HEAD BOLT"},{"catalog_number":"3011516X1","name":"BALL BEARING"},{"catalog_number":"3011514X1","name":"RETAINING RING"},{"catalog_number":"3011513X91","name":"STRAIGHT FITTING"},{"catalog_number":"3011509X1","name":"STUD BOLT"},{"catalog_number":"3011508X1","name":"STUD BOLT"},{"catalog_number":"3011504X91","name":"UNION"},{"catalog_number":"3011503X1","name":"UNION"},{"catalog_number":"3011500X1","name":"CUP PLUG"},{"catalog_number":"3011499X1","name":"ELBOW UNION"},{"catalog_number":"3011497X1","name":"STUD BOLT"},{"catalog_number":"3011496X1","name":"SEALING RING"},{"catalog_number":"3011495X1","name":"SEALING RING"},{"catalog_number":"3011494X1","name":"NUT METRIC"},{"catalog_number":"3011493X1","name":"SCREW 12 POINTS"},{"catalog_number":"3011489X1","name":"HOSE CLIP"},{"catalog_number":"3011488X1","name":"THREADED INSERT"},{"catalog_number":"3011487X1","name":"THREADED INSERT"},{"catalog_number":"3011484X1","name":"HARDENED WASHER"},{"catalog_number":"3011483X1","name":"HARDENED WASHER"},{"catalog_number":"3011481X1","name":"STUD BOLT"},{"catalog_number":"3011470X1","name":"STUD BOLT"},{"catalog_number":"3011468X1","name":"SCREW 12 POINTS"},{"catalog_number":"3011467X1","name":"STUD BOLT"},{"catalog_number":"3011466X1","name":"STUD BOLT"},{"catalog_number":"3011464X1","name":"HEX HEAD BOLT"},{"catalog_number":"3011462X1","name":"SCREW 12 POINTS"},{"catalog_number":"3011458X1","name":"STUD BOLT"},{"catalog_number":"3011457X1","name":"COUNTERSUNK"},{"catalog_number":"3011456X1","name":"STUD BOLT"},{"catalog_number":"3011455X1","name":"STUD BOLT"},{"catalog_number":"3011454X1","name":"STUD BOLT"},{"catalog_number":"3011445X1","name":"SPACER"},{"catalog_number":"3011441X91","name":"STRAIGHT FITTING"},{"catalog_number":"3011439X1","name":"STUD BOLT"},{"catalog_number":"3011438X1","name":"STUD BOLT"},{"catalog_number":"3011434X1","name":"PAN HEAD SCREW"},{"catalog_number":"3011433X1","name":"CUP PLUG"},{"catalog_number":"3011432X1","name":"CAPSCREW"},{"catalog_number":"3011427X91","name":"ELBOW UNION"},{"catalog_number":"3011426X1","name":"HEX HEAD BOLT"},{"catalog_number":"3011425X1","name":"SCREW 12 POINTS"},{"catalog_number":"3011424X1","name":"SPACER"},{"catalog_number":"3011422X1","name":"SCREW 12 POINTS"},{"catalog_number":"3011419X91","name":"TAPER BEARING"},{"catalog_number":"3011416X91","name":"TAPER BEARING"},{"catalog_number":"3011414X1","name":"O RING"},{"catalog_number":"3011410X1","name":"O RING"},{"catalog_number":"3011409X1","name":"O RING"},{"catalog_number":"3011407X1","name":"O RING"},{"catalog_number":"3011404X91","name":"UNION"},{"catalog_number":"3011396X1","name":"SPACER"},{"catalog_number":"3011394X1","name":"SPACER"},{"catalog_number":"3011390X1","name":"HEX NUT"},{"catalog_number":"3011389X1","name":"CAPSCREW"},{"catalog_number":"3011388X1","name":"CAPSCREW"},{"catalog_number":"3011386X1","name":"CAPSCREW"},{"catalog_number":"3011385X1","name":"HEX HEAD BOLT"},{"catalog_number":"3011383X1","name":"HEX HEAD BOLT"},{"catalog_number":"3011382X1","name":"HEX HEAD BOLT"},{"catalog_number":"3011381X1","name":"HEX HEAD BOLT"},{"catalog_number":"3011379X1","name":"HEX HEAD BOLT"},{"catalog_number":"3011378X1","name":"STUD BOLT"},{"catalog_number":"3011377X1","name":"STUD BOLT"},{"catalog_number":"3011375X1","name":"STUD BOLT"},{"catalog_number":"3011374X1","name":"STUD BOLT"},{"catalog_number":"3011372X1","name":"HEX. FLANGE BOLT"},{"catalog_number":"3011371X1","name":"RETAINING RING"},{"catalog_number":"3011369X1","name":"NUT"},{"catalog_number":"3011367X1","name":"SCREW 12 POINTS"},{"catalog_number":"3011366X1","name":"SPIROL PIN"},{"catalog_number":"3011365X1","name":"SPIROL PIN"},{"catalog_number":"3011364X1","name":"COUNTERSUNK"},{"catalog_number":"3011362X1","name":"CAPSCREW"},{"catalog_number":"3011358X1","name":"SPIROL PIN"},{"catalog_number":"3011356X1","name":"HEX HEAD BOLT"},{"catalog_number":"3011352X1","name":"HAIR PIN"},{"catalog_number":"3011344X1","name":"SCREW 12 POINTS"},{"catalog_number":"3011339X1","name":"STUD BOLT"},{"catalog_number":"3011338X1","name":"CLEVIS PIN"},{"catalog_number":"3011336X1","name":"HEX HEAD BOLT"},{"catalog_number":"3011333X1","name":"RADIAL SEAL RING"},{"catalog_number":"3011327X91","name":"TAPER BEARING"},{"catalog_number":"3011324X91","name":"TAPER BEARING"},{"catalog_number":"3011321X91","name":"BEARING ASSY"},{"catalog_number":"3011320X1","name":"HEX HEAD BOLT"},{"catalog_number":"3011316X91","name":"STRAIGHT FITTING"},{"catalog_number":"3011314X91","name":"UNION"},{"catalog_number":"3011313X1","name":"ELBOW"},{"catalog_number":"3011311X1","name":"COUNTERSUNK"},{"catalog_number":"3011310X1","name":"COUNTERSUNK"},{"catalog_number":"3011308X1","name":"STUD BOLT"},{"catalog_number":"3011307X1","name":"STUD BOLT"},{"catalog_number":"3011306X1","name":"CUP PLUG"},{"catalog_number":"3011305X1","name":"HEX HEAD BOLT"},{"catalog_number":"3011304X1","name":"WING SCREW"},{"catalog_number":"3011301X91","name":"UNION"}]}