{"machinery_brand_name":"Ag-Chem","parts":[{"catalog_number":"3699800M2","name":"OIL SEAL"},{"catalog_number":"3699692M92","name":"IGNITION SWITCH"},{"catalog_number":"3699609M91","name":"GEAR"},{"catalog_number":"3699608M91","name":"GEAR"},{"catalog_number":"3699580M1","name":"SPRING"},{"catalog_number":"3699579M1","name":"CLIP"},{"catalog_number":"3699552M1","name":"WASHER"},{"catalog_number":"3699510M91","name":"WORKLIGHT"},{"catalog_number":"3699508M92","name":"WORKLIGHT"},{"catalog_number":"369949X1","name":"NUT"},{"catalog_number":"3699490M92","name":"REAR LAMP"},{"catalog_number":"3699489M91","name":"LIGHT"},{"catalog_number":"3699444M1","name":"WHEEL NUT"},{"catalog_number":"3699434M1","name":"RETAINER"},{"catalog_number":"3699433M1","name":"THRUST WASHER"},{"catalog_number":"3699355M1","name":"PLATE"},{"catalog_number":"3699353M1","name":"RESTRICTOR"},{"catalog_number":"3699126M2","name":"SEAL"},{"catalog_number":"3699079P95","name":"LEFT HAND FENDER"},{"catalog_number":"3699065M1","name":"SLEEVE"},{"catalog_number":"3698947M1","name":"NUT SPECIAL"},{"catalog_number":"3698942M1","name":"SCREW"},{"catalog_number":"3698714M93","name":"PINION"},{"catalog_number":"369864X1","name":"CIRCLIP"},{"catalog_number":"3698425M1","name":"SWITCH"},{"catalog_number":"3698291M1","name":"BEARING"},{"catalog_number":"3698212M2","name":"RING"},{"catalog_number":"3698180M1","name":"SPACER"},{"catalog_number":"3698173M1","name":"SUPPORT"},{"catalog_number":"3698168M2","name":"WASHER"},{"catalog_number":"3698167M1","name":"WASHER"},{"catalog_number":"3698053M1","name":"SLEEVE"},{"catalog_number":"3698019M2","name":"SLEEVE"},{"catalog_number":"3697982M1","name":"WASHER"},{"catalog_number":"3697956M91","name":"SUPPORT"},{"catalog_number":"3697950M2","name":"SHAFT"},{"catalog_number":"3697853M1","name":"SHIM"},{"catalog_number":"3697852M1","name":"SHIM"},{"catalog_number":"3697851M1","name":"SHIM"},{"catalog_number":"3697850M1","name":"SHIM"},{"catalog_number":"3697849M1","name":"SHIM"},{"catalog_number":"3697848M1","name":"SHIM"},{"catalog_number":"3697847M1","name":"SHIM"},{"catalog_number":"3697846M1","name":"SHIM"},{"catalog_number":"3697845M1","name":"SHIM"},{"catalog_number":"3697844M1","name":"SHIM"},{"catalog_number":"3697843M1","name":"SHIM"},{"catalog_number":"3697842M1","name":"O RING"},{"catalog_number":"3697829M1","name":"SPACER"},{"catalog_number":"3697828M1","name":"PINION"},{"catalog_number":"3697733M1","name":"SHAFT"},{"catalog_number":"369770X1","name":"BOLT UNC"},{"catalog_number":"3697609M91","name":"PLUG"},{"catalog_number":"3697586M2","name":"PLATE"},{"catalog_number":"3697533M1","name":"SPRING"},{"catalog_number":"3697528M1","name":"PISTON"},{"catalog_number":"3697527M1","name":"HUB"},{"catalog_number":"3697526M1","name":"HUB"},{"catalog_number":"3697522M1","name":"SHIM"},{"catalog_number":"3697521M1","name":"SHIM"},{"catalog_number":"3697520M1","name":"SHIM"},{"catalog_number":"3697508M1","name":"RETAINER"},{"catalog_number":"3697507M1","name":"RETAINER"},{"catalog_number":"3697360M3","name":"DECAL"},{"catalog_number":"3697334M1","name":"KNOB"},{"catalog_number":"3697277M1","name":"RAIL"},{"catalog_number":"3697275M1","name":"PISTON"},{"catalog_number":"3697242M2","name":"FORK"},{"catalog_number":"3697199M1","name":"DECAL"},{"catalog_number":"3697097M1","name":"SPACER"},{"catalog_number":"3697091M1","name":"SLEEVE"},{"catalog_number":"3697090M1","name":"COUPLER"},{"catalog_number":"3697038M2","name":"SPRING"},{"catalog_number":"3697035M1","name":"PINION"},{"catalog_number":"369-6692","name":"SHAFT"},{"catalog_number":"369424X1","name":"HEX CAP SCREW"},{"catalog_number":"369414X1","name":"HEX HEAD BOLT"},{"catalog_number":"3694149M91","name":"COMMUTATOR"},{"catalog_number":"3694146M91","name":"SWITCH"},{"catalog_number":"3694138M1","name":"SUPPORT"},{"catalog_number":"369392X1","name":"BOLT UNC"},{"catalog_number":"369358X1","name":"HEX CAP SCREW"},{"catalog_number":"369345X1","name":"HEX HEAD BOLT"},{"catalog_number":"369303X1","name":"BOLT UNC"},{"catalog_number":"369240X1","name":"BOLT UNC"},{"catalog_number":"369066X1","name":"NUT"},{"catalog_number":"368933X1","name":"FLAT WASHER"},{"catalog_number":"368897X1","name":"RETAINER"},{"catalog_number":"368889X1","name":"LOCKNUT"},{"catalog_number":"368854X1","name":"BOLT UNC"},{"catalog_number":"368834X1","name":"NUT"},{"catalog_number":"368718X1","name":"NUT"},{"catalog_number":"368615X1","name":"SPACER"},{"catalog_number":"368547X1","name":"BOLT UNC"},{"catalog_number":"368544X1","name":"UNION"},{"catalog_number":"368543X1","name":"UNION"},{"catalog_number":"368523X1","name":"UNION"},{"catalog_number":"368517X1","name":"ELBOW"},{"catalog_number":"3684813M1","name":"HOUSING"},{"catalog_number":"368479X1","name":"BOLT UNC"},{"catalog_number":"368443X1","name":"HEX CAP SCREW"},{"catalog_number":"368374X1","name":"O RING"},{"catalog_number":"368362X1","name":"SPIROL PIN"},{"catalog_number":"368233X1","name":"RETAINING RING"},{"catalog_number":"368231X1","name":"RETAINING RING"},{"catalog_number":"368218X1","name":"LOCKNUT"},{"catalog_number":"368212X1","name":"RETAINING RING"},{"catalog_number":"368188X1","name":"GROMMET"},{"catalog_number":"368180X1","name":"RIVET"},{"catalog_number":"368113X91","name":"ELBOW UNION"},{"catalog_number":"368099X1","name":"WHEEL"},{"catalog_number":"367960X1","name":"PINION"},{"catalog_number":"367-8628","name":"BRAKE"},{"catalog_number":"367788X1","name":"SCREW"},{"catalog_number":"367744X1","name":"NUT UNF"},{"catalog_number":"367724X1","name":"GROMMET"},{"catalog_number":"367550X1","name":"NUT"},{"catalog_number":"367483X1","name":"LOCKNUT"},{"catalog_number":"367481X1","name":"NUT UNC"},{"catalog_number":"367480X1","name":"NUT UNC"},{"catalog_number":"367451X1","name":"BOLT UNC"},{"catalog_number":"367439X1","name":"GROMMET"},{"catalog_number":"367357X1","name":"PLATE"},{"catalog_number":"367356X1","name":"PLATE"},{"catalog_number":"367355X1","name":"PLATE"},{"catalog_number":"367277X1","name":"ELBOW"},{"catalog_number":"367261X1","name":"TEE FITTING"},{"catalog_number":"367156X1","name":"O RING"},{"catalog_number":"367073X1","name":"CLEVIS PIN"},{"catalog_number":"367060X1","name":"BOLT UNC"},{"catalog_number":"366963X1","name":"PINION"},{"catalog_number":"366957X1","name":"NUT UNC"},{"catalog_number":"366909X1","name":"HEX HEAD BOLT"},{"catalog_number":"366-8226","name":"GEAR"},{"catalog_number":"366799X1","name":"WASHER"},{"catalog_number":"366798X1","name":"O RING"},{"catalog_number":"366665X1","name":"ELBOW"},{"catalog_number":"366634X1","name":"BOLT"},{"catalog_number":"366617X1","name":"O RING"},{"catalog_number":"366608X1","name":"LOCKNUT"},{"catalog_number":"366543X1","name":"O RING"},{"catalog_number":"3664643X1","name":"SCREW"},{"catalog_number":"366442X1","name":"RING"},{"catalog_number":"366439X1","name":"HEX CAP SCREW"},{"catalog_number":"366434X1","name":"O RING"},{"catalog_number":"366373X1","name":"PIN"},{"catalog_number":"366320X1","name":"SPACER"},{"catalog_number":"366317X1","name":"RETAINING RING"},{"catalog_number":"366195X1","name":"GROMMET"},{"catalog_number":"366179X1","name":"SPACER"},{"catalog_number":"365981X1","name":"UNION"},{"catalog_number":"365921X1","name":"SELF TAP SCREWS"},{"catalog_number":"365920X1","name":"SELF TAP SCREWS"},{"catalog_number":"365919X1","name":"SELF TAP SCREWS"},{"catalog_number":"365918X1","name":"SELF TAP SCREWS"},{"catalog_number":"365916X1","name":"SELF TAP SCREWS"},{"catalog_number":"365914X1","name":"SELF TAP SCREWS"},{"catalog_number":"365909X1","name":"TAPPING SCREW"},{"catalog_number":"365885X1","name":"PLATE"},{"catalog_number":"365814X1","name":"BOLT UNC"},{"catalog_number":"365811X1","name":"FLAT WASHER"},{"catalog_number":"365810X1","name":"FLAT WASHER"},{"catalog_number":"365809X1","name":"O RING"},{"catalog_number":"365781X1","name":"HEX CAP SCREW"},{"catalog_number":"365777X1","name":"CARRIAGE BOLT"},{"catalog_number":"365775X1","name":"SCREW"},{"catalog_number":"365691X1","name":"SHIM"},{"catalog_number":"365508X1","name":"CLEVIS PIN"},{"catalog_number":"365498X1","name":"NUT"},{"catalog_number":"365416X1","name":"BOLT UNC"},{"catalog_number":"365393X1","name":"FLAT WASHER"},{"catalog_number":"365392X1","name":"O RING"},{"catalog_number":"365183X1","name":"BOLT UNC"},{"catalog_number":"365182X1","name":"FLAT WASHER"},{"catalog_number":"365177X1","name":"SPACER"},{"catalog_number":"365098X1","name":"SPACER"},{"catalog_number":"365026X1","name":"SELF TAP SCREWS"},{"catalog_number":"365020X1","name":"HEX CAP SCREW"},{"catalog_number":"364998X1","name":"CARRIAGE BOLT"},{"catalog_number":"364988X1","name":"CARRIAGE BOLT"},{"catalog_number":"364983X1","name":"CARRIAGE BOLT"},{"catalog_number":"364982X1","name":"CARRIAGE BOLT"},{"catalog_number":"364980X1","name":"BOLT UNC"},{"catalog_number":"364979X1","name":"BOLT UNC"},{"catalog_number":"364977X1","name":"CARRIAGE BOLT"},{"catalog_number":"364976X1","name":"CARRIAGE BOLT"},{"catalog_number":"364970X1","name":"CARRIAGE BOLT"},{"catalog_number":"364968X1","name":"CARRIAGE BOLT"},{"catalog_number":"364967X1","name":"CARRIAGE BOLT"},{"catalog_number":"364966X1","name":"CARRIAGE BOLT"},{"catalog_number":"364961X1","name":"CARRIAGE BOLT"},{"catalog_number":"364959X1","name":"BOLT UNC"},{"catalog_number":"364958X1","name":"BOLT UNC"},{"catalog_number":"364957X1","name":"BOLT UNC"},{"catalog_number":"364955X1","name":"CARRIAGE BOLT"},{"catalog_number":"364947X1","name":"BOLT UNC"},{"catalog_number":"364946X1","name":"SCREW"},{"catalog_number":"364941X1","name":"CARRIAGE BOLT"},{"catalog_number":"3648425M1","name":"CLAMP"},{"catalog_number":"364776X1","name":"O RING"},{"catalog_number":"364735X1","name":"T-PIECE"},{"catalog_number":"364704X1","name":"TEE FITTING"},{"catalog_number":"364689X1","name":"SNAPRING"},{"catalog_number":"364606","name":"EXT HARNESS"},{"catalog_number":"364605","name":"EXT HARNESS"},{"catalog_number":"364594","name":"LIGHT"},{"catalog_number":"364593","name":"LIGHT"},{"catalog_number":"364578X1","name":"FLAT WASHER"},{"catalog_number":"364535X1","name":"CARRIAGE BOLT"},{"catalog_number":"364457X1","name":"T-PIECE"},{"catalog_number":"364425X1","name":"BOLT UNC"},{"catalog_number":"364424X1","name":"CARRIAGE BOLT"},{"catalog_number":"364423X1","name":"CARRIAGE BOLT"},{"catalog_number":"364384X1","name":"PLUG"},{"catalog_number":"364377X1","name":"NUT"},{"catalog_number":"3643380M1","name":"BEARING"},{"catalog_number":"364315X1","name":"CLIP"},{"catalog_number":"364299X1","name":"UNION"},{"catalog_number":"364281X1","name":"O RING"},{"catalog_number":"364259X1","name":"BOLT"},{"catalog_number":"364224X1","name":"CARRIAGE BOLT"},{"catalog_number":"364212X1","name":"FLAT WASHER"},{"catalog_number":"3641896M1","name":"CYL. HEAD COVER"},{"catalog_number":"3641891M1","name":"SEAL"},{"catalog_number":"3641889M1","name":"CAP"},{"catalog_number":"3641882M1","name":"JOINT"},{"catalog_number":"3641879M1","name":"O RING"},{"catalog_number":"3641878M1","name":"FILTER HEAD"},{"catalog_number":"3641872M1","name":"FUEL LINE"},{"catalog_number":"3641864M1","name":"HEX. FLANGE BOLT"},{"catalog_number":"364184X1","name":"O RING"},{"catalog_number":"3641847M1","name":"SHAFT"},{"catalog_number":"3641846M91","name":"LUB.OIL PIPE"},{"catalog_number":"3641842M1","name":"HEX CAP SCREW"},{"catalog_number":"3641821M1","name":"JOINT"},{"catalog_number":"3641820M1","name":"O RING"},{"catalog_number":"3641807M1","name":"FUEL PIPE"},{"catalog_number":"3641806M91","name":"KIT, PISTON"},{"catalog_number":"3641799M1","name":"COVER"},{"catalog_number":"3641787M1","name":"STUD BOLT"},{"catalog_number":"3641786M1","name":"STUD BOLT"},{"catalog_number":"3641785M1","name":"EXHAUST MANIFOLD"},{"catalog_number":"3641782M91","name":"DIPSTICK"},{"catalog_number":"3641778M1","name":"CLIP"},{"catalog_number":"3641777M1","name":"CLIP"},{"catalog_number":"3641776M91","name":"INJECTION PIPE"},{"catalog_number":"3641775M91","name":"INJECTION PIPE"},{"catalog_number":"3641774M91","name":"INJECTION PIPE"},{"catalog_number":"3641773M91","name":"INJECTION PIPE"},{"catalog_number":"3641768M1","name":"INTAKE MANIFOLD"},{"catalog_number":"3641767M1","name":"JOINT"},{"catalog_number":"3641766M1","name":"JOINT"},{"catalog_number":"3641765M1","name":"JOINT"},{"catalog_number":"3641764M1","name":"JOINT"},{"catalog_number":"3641763M1","name":"ADAPTER"},{"catalog_number":"3641762M1","name":"JOINT"},{"catalog_number":"3641756M1","name":"HEX. FLANGE BOLT"},{"catalog_number":"3641740M1","name":"GEAR,CAMSHAFT"},{"catalog_number":"3641739M1","name":"GEAR,CAMSHAFT"},{"catalog_number":"3641737M1","name":"THIMBLE"},{"catalog_number":"3641736M1","name":"PLUG"},{"catalog_number":"3641439M1","name":"STUD BOLT"},{"catalog_number":"3641405M1","name":"HOSE CLIP"},{"catalog_number":"3641404M1","name":"JOINT"},{"catalog_number":"364139X1","name":"PLUG"},{"catalog_number":"3641333M91","name":"KIT, REPAIR"},{"catalog_number":"3641316M91","name":"KIT, PISTON RING"},{"catalog_number":"3641292M1","name":"JOINT"},{"catalog_number":"3641291M1","name":"JOINT"},{"catalog_number":"3641287M1","name":"JOINT"},{"catalog_number":"3641286M1","name":"JOINT"},{"catalog_number":"3641284M1","name":"JOINT"},{"catalog_number":"3641281M1","name":"SLEEVE"},{"catalog_number":"3641273M1","name":"JOINT"},{"catalog_number":"3641266M1","name":"JOINT"},{"catalog_number":"3641264M1","name":"BODY"},{"catalog_number":"364125X1","name":"HOSE CLIP"},{"catalog_number":"3641257M91","name":"HOUSING"},{"catalog_number":"3641234M91","name":"ROCKER SHAFT ASM"},{"catalog_number":"3641231M1","name":"O RING"},{"catalog_number":"3641218M1","name":"FILTER HEAD"},{"catalog_number":"3641208M1","name":"ADAPTER"},{"catalog_number":"3641189M1","name":"GASKET"},{"catalog_number":"3641187M91","name":"KIT, PISTON"},{"catalog_number":"3641171M91","name":"OIL PUMP"},{"catalog_number":"3641086M1","name":"HEATSHIELD"},{"catalog_number":"3641065M1","name":"HOSE"},{"catalog_number":"3641042R91","name":"TURBOCHARGER"},{"catalog_number":"3641041M1","name":"INJECTOR"},{"catalog_number":"3641041E1","name":"INJECTOR"},{"catalog_number":"3641032M1","name":"STUD BOLT"},{"catalog_number":"3641022M1","name":"HOSE"},{"catalog_number":"364101X1","name":"O RING"},{"catalog_number":"3641019M1","name":"JOINT"},{"catalog_number":"3641018M1","name":"SCREW"},{"catalog_number":"3641016M1","name":"FUEL PIPE"},{"catalog_number":"3641015M1","name":"BRACKET"},{"catalog_number":"3641013M1","name":"CONNECTION"},{"catalog_number":"3641011M1","name":"HEX. FLANGE BOLT"},{"catalog_number":"3641010M1","name":"BRACKET"},{"catalog_number":"3641009M1","name":"FUEL PIPE"},{"catalog_number":"3641007M1","name":"FUEL PIPE"},{"catalog_number":"3641006M1","name":"CLIP"},{"catalog_number":"3641005M1","name":"FUEL PIPE"},{"catalog_number":"3641004M1","name":"OIL PIPE"},{"catalog_number":"3641000M1","name":"CONNECTION"},{"catalog_number":"3640997M1","name":"WASHER"},{"catalog_number":"3640994M1","name":"STUD BOLT"},{"catalog_number":"3640993M1","name":"GASKET"},{"catalog_number":"3640984M91","name":"TURBOCHARGER"},{"catalog_number":"3640984E91","name":"TURBOCHARGER"},{"catalog_number":"3640983M91","name":"INTAKE MANIFOLD"},{"catalog_number":"3640982M1","name":"SCREW"},{"catalog_number":"3640980M91","name":"EXHAUST MANIFOLD"},{"catalog_number":"3640963M1","name":"HEX. FLANGE BOLT"},{"catalog_number":"3640962M1","name":"PIPE"},{"catalog_number":"3640961M1","name":"NOZZLE"},{"catalog_number":"3640960M1","name":"INJECTOR"},{"catalog_number":"3640960E1","name":"INJECTOR"},{"catalog_number":"3640959M1","name":"CLIP"},{"catalog_number":"3640957M1","name":"PIPE"},{"catalog_number":"3640956M1","name":"PIPE"},{"catalog_number":"3640955M1","name":"PIPE"},{"catalog_number":"3640954M1","name":"PIPE"},{"catalog_number":"3640953M1","name":"PINION"},{"catalog_number":"3640952M1","name":"PIPE"},{"catalog_number":"3640950M1","name":"PIPE"},{"catalog_number":"3640948M1","name":"HEX. FLANGE BOLT"},{"catalog_number":"3640942M1","name":"HEX. FLANGE BOLT"},{"catalog_number":"3640940M1","name":"ADAPTER"},{"catalog_number":"3640936M1","name":"HOUSING"},{"catalog_number":"3640923M1","name":"NOZZLE"},{"catalog_number":"3640921M91","name":"KIT, HOSE"},{"catalog_number":"364091X1","name":"BOLT UNC"},{"catalog_number":"3640868M91","name":"KIT, HOUSING"},{"catalog_number":"3640865M1","name":"PULLEY"},{"catalog_number":"3640741M1","name":"HOSE"},{"catalog_number":"3640712M1","name":"INSERT"},{"catalog_number":"3640697M1","name":"HEX CAP SCREW"},{"catalog_number":"3640696M1","name":"CLIP"},{"catalog_number":"3640690M1","name":"CLAMP"},{"catalog_number":"3640679M1","name":"JOINT"},{"catalog_number":"3640597M1","name":"INLET VALVE"},{"catalog_number":"3640556M1","name":"JOINT"},{"catalog_number":"3640530M1","name":"SCREW"},{"catalog_number":"3640526M1","name":"STUD BOLT"},{"catalog_number":"364046X1","name":"BOLT UNC"},{"catalog_number":"3640412M1","name":"PIPE"},{"catalog_number":"3640406M1","name":"JOINT"},{"catalog_number":"3640364M1","name":"HOUSING"},{"catalog_number":"3640347M1","name":"NUT"},{"catalog_number":"3640346M1","name":"NUT"},{"catalog_number":"3640343M1","name":"HEX. FLANGE BOLT"},{"catalog_number":"3640342M1","name":"HEX. FLANGE BOLT"},{"catalog_number":"3640341M1","name":"HEX. FLANGE BOLT"},{"catalog_number":"3640230M1","name":"FANDRIVE HOUSING"},{"catalog_number":"3640187M1","name":"ADAPTER"},{"catalog_number":"3640163M1","name":"COVER"},{"catalog_number":"364012X1","name":"BOLT UNC"},{"catalog_number":"363966X1","name":"RING"},{"catalog_number":"363958X1","name":"BOLT UNC"},{"catalog_number":"3639268M1","name":"DOWEL"},{"catalog_number":"3639209M1","name":"HEX CAP SCREW"},{"catalog_number":"363906X1","name":"CARRIAGE BOLT"},{"catalog_number":"3639011M1","name":"SEAL"},{"catalog_number":"3638918M91","name":"KIT, REPAIR"},{"catalog_number":"363888X1","name":"O RING"},{"catalog_number":"3638809M1","name":"HEX CAP SCREW"},{"catalog_number":"3638744M1","name":"CLIP"},{"catalog_number":"3638737M1","name":"JOINT"},{"catalog_number":"3638736M1","name":"JOINT"},{"catalog_number":"3638735M1","name":"JOINT"},{"catalog_number":"3638708M1","name":"JOINT"},{"catalog_number":"3638707M1","name":"ADAPTER"},{"catalog_number":"3638703M1","name":"JOINT"},{"catalog_number":"3638702M1","name":"JOINT"},{"catalog_number":"3638700M1","name":"JOINT"},{"catalog_number":"3638698M1","name":"JOINT"},{"catalog_number":"3638696M1","name":"JOINT"},{"catalog_number":"3638678M1","name":"UNION"},{"catalog_number":"3638671M1","name":"JOINT"},{"catalog_number":"3638667M1","name":"PIPE"},{"catalog_number":"3638640M1","name":"SEAL"},{"catalog_number":"3638636M1","name":"COVER"},{"catalog_number":"3638595M91","name":"OIL PUMP"},{"catalog_number":"3638592M1","name":"HEX. FLANGE BOLT"},{"catalog_number":"3638532M1","name":"O RING"},{"catalog_number":"3638530M91","name":"COOLER"},{"catalog_number":"3638500M1","name":"SCREW"},{"catalog_number":"3638499M1","name":"CONNECTION"},{"catalog_number":"3638463M91","name":"PIPE"},{"catalog_number":"3638454M1","name":"HOSE CLIP"},{"catalog_number":"3638453M1","name":"LOCKNUT"},{"catalog_number":"3638452M1","name":"BOLT"},{"catalog_number":"3638451M1","name":"PLATE"},{"catalog_number":"3638450M1","name":"BOLT"},{"catalog_number":"3638447M1","name":"CONNECTION"},{"catalog_number":"3638445M1","name":"OLIVE"},{"catalog_number":"3638444M1","name":"NUT"},{"catalog_number":"3638433M91","name":"VALVE"},{"catalog_number":"3638431M1","name":"JOINT"},{"catalog_number":"3638424M1","name":"HEX. FLANGE BOLT"},{"catalog_number":"3638416M1","name":"HEX. FLANGE BOLT"},{"catalog_number":"3638414M1","name":"PIN"},{"catalog_number":"3638411M1","name":"PLATE"},{"catalog_number":"3638410M1","name":"ELBOW"},{"catalog_number":"3638407M1","name":"PULLEY"},{"catalog_number":"3638403M1","name":"BRACKET"},{"catalog_number":"3638369M1","name":"HEX. FLANGE BOLT"},{"catalog_number":"3638367M1","name":"CLAMP"},{"catalog_number":"3638329M1","name":"PLUG"},{"catalog_number":"3638311M1","name":"WASHER"},{"catalog_number":"3638284M1","name":"RING"},{"catalog_number":"3638283M1","name":"ELBOW"},{"catalog_number":"3638282M1","name":"NUT"},{"catalog_number":"3638280M1","name":"ROD"},{"catalog_number":"3638279M1","name":"ACTUATOR"},{"catalog_number":"3638276M1","name":"PLATE"},{"catalog_number":"3638275M91","name":"TURBOCHARGER"},{"catalog_number":"3638275E92","name":"TURBOCHARGER"},{"catalog_number":"3638274M1","name":"JOINT"},{"catalog_number":"3638264M91","name":"PIPE"},{"catalog_number":"3638258M1","name":"JOINT"},{"catalog_number":"3638256M1","name":"JOINT"},{"catalog_number":"3638255M1","name":"HEX. FLANGE BOLT"},{"catalog_number":"3638220M91","name":"GEAR"},{"catalog_number":"363819X1","name":"PLUG"},{"catalog_number":"3638128M1","name":"NUT"},{"catalog_number":"3638115M1","name":"THRUST BLOCK"},{"catalog_number":"3638113M1","name":"HEX. FLANGE BOLT"},{"catalog_number":"3638105M1","name":"GEAR"},{"catalog_number":"3638104M1","name":"GEAR"},{"catalog_number":"3638048M1","name":"BEARING"},{"catalog_number":"3638041M1","name":"NUT"},{"catalog_number":"363771X1","name":"HEX CAP SCREW"},{"catalog_number":"363770X1","name":"CARRIAGE BOLT"},{"catalog_number":"3637692M1","name":"SCREW"},{"catalog_number":"3637665M91","name":"FUEL FILTER"},{"catalog_number":"3637638M1","name":"THRUST WASHER"},{"catalog_number":"3637626M91","name":"BEARING"},{"catalog_number":"3637593M1","name":"SHAFT"},{"catalog_number":"3637555M91","name":"INJECTOR"},{"catalog_number":"3637555E91","name":"INJECTOR"},{"catalog_number":"3637489M91","name":"OIL PUMP"},{"catalog_number":"3637421M1","name":"GEAR"},{"catalog_number":"3637417M1","name":"ELEMENT,AIR FITR"},{"catalog_number":"3637416M91","name":"INJECTION PUMP"},{"catalog_number":"3637395M91","name":"ROCKER SHAFT"},{"catalog_number":"3637334M1","name":"LINER"},{"catalog_number":"3637333M1","name":"LINER"},{"catalog_number":"3637330M1","name":"WEIGHT"},{"catalog_number":"3637329M1","name":"WEIGHT"},{"catalog_number":"3637328M1","name":"PULLEY"},{"catalog_number":"3637319M1","name":"NOZZLE"},{"catalog_number":"3637257M91","name":"KIT, HOSE"},{"catalog_number":"3637251M1","name":"GEAR"},{"catalog_number":"3637250M1","name":"SEAL"},{"catalog_number":"3637243M1","name":"CIRCLIP"},{"catalog_number":"3637242M91","name":"VALVE"},{"catalog_number":"3637239M1","name":"NUT"},{"catalog_number":"3637236M1","name":"HEX SOCKET SCREW"},{"catalog_number":"3637227M91","name":"PIPE"},{"catalog_number":"3637226M91","name":"PIPE"},{"catalog_number":"3637225M91","name":"PIPE"},{"catalog_number":"3637223M91","name":"PIPE"},{"catalog_number":"3637221M1","name":"NUT"},{"catalog_number":"3637219M1","name":"BRACKET"},{"catalog_number":"3637217M91","name":"FUEL FILTER"},{"catalog_number":"3637214M1","name":"CONNECTION"},{"catalog_number":"3637208M1","name":"HEX. FLANGE BOLT"},{"catalog_number":"3637207M1","name":"HEX. FLANGE BOLT"},{"catalog_number":"3637205M1","name":"WASHER"},{"catalog_number":"3637204M1","name":"SCREW"},{"catalog_number":"3637203M1","name":"CAP"},{"catalog_number":"3637202M91","name":"VALVE"},{"catalog_number":"3637198M1","name":"O RING"},{"catalog_number":"3637195M1","name":"NOZZLE"},{"catalog_number":"3637194M1","name":"HOLDER"},{"catalog_number":"3637193M91","name":"INJECTOR"},{"catalog_number":"3637193E91","name":"INJECTOR"},{"catalog_number":"3637174M1","name":"NUT"},{"catalog_number":"3637173M1","name":"HEX. FLANGE BOLT"},{"catalog_number":"3637171M1","name":"CLIP"},{"catalog_number":"3637161M91","name":"PIPE"},{"catalog_number":"3637159M1","name":"BRACKET"},{"catalog_number":"3637158M1","name":"SPRING"},{"catalog_number":"3637157M1","name":"NUT"},{"catalog_number":"3637152M1","name":"SCREW"},{"catalog_number":"3637150M91","name":"PIPE"},{"catalog_number":"3637138M1","name":"BRACKET"},{"catalog_number":"3637137M1","name":"NUT"},{"catalog_number":"3637136M1","name":"GEAR"},{"catalog_number":"3637135M1","name":"SLEEVE"},{"catalog_number":"3637133M91","name":"HOUSING"},{"catalog_number":"363712X1","name":"SCREW UNC"},{"catalog_number":"3637115M1","name":"CLIP"},{"catalog_number":"3637114M91","name":"PIPE"},{"catalog_number":"3637111M1","name":"STUD BOLT"},{"catalog_number":"3637109M1","name":"HEX. FLANGE BOLT"},{"catalog_number":"3637107M1","name":"STUD BOLT"},{"catalog_number":"3637105M1","name":"HEX. FLANGE BOLT"},{"catalog_number":"3637104M1","name":"HEX. FLANGE BOLT"},{"catalog_number":"3637094M1","name":"PLUG"},{"catalog_number":"3637090M1","name":"HEX. FLANGE BOLT"},{"catalog_number":"3637087M1","name":"SCREW"},{"catalog_number":"3637085M1","name":"HEX. FLANGE BOLT"},{"catalog_number":"3637078M1","name":"WASHER"},{"catalog_number":"3637076M1","name":"HEX. FLANGE BOLT"},{"catalog_number":"3637075M91","name":"GEAR,IDLER"},{"catalog_number":"3637073M1","name":"HEX. FLANGE BOLT"},{"catalog_number":"3637067M1","name":"NUT"},{"catalog_number":"3637066M1","name":"STUD BOLT"},{"catalog_number":"3637062M91","name":"ROCKER SHAFT"},{"catalog_number":"3637060M91","name":"ROCKER SHAFT ASM"},{"catalog_number":"3637058M1","name":"CAP"},{"catalog_number":"3637057M1","name":"SPRING"},{"catalog_number":"3637050M1","name":"PLATE"},{"catalog_number":"3637049M1","name":"HEX. FLANGE BOLT"},{"catalog_number":"3637041M1","name":"SEAL"},{"catalog_number":"3637040M1","name":"PLUG"},{"catalog_number":"3637034M91","name":"KIT, CONROD"},{"catalog_number":"3637030M1","name":"NUT"},{"catalog_number":"3637027M91","name":"KIT, BEARING"},{"catalog_number":"3637023M91","name":"KIT, BEARING"},{"catalog_number":"3637022M91","name":"KIT, BEARING"},{"catalog_number":"3637007M1","name":"RETAINER"},{"catalog_number":"3637006M1","name":"BALL"},{"catalog_number":"3637005M91","name":"VALVE"},{"catalog_number":"363503X1","name":"CARRIAGE BOLT"},{"catalog_number":"363486X1","name":"BOLT UNC"},{"catalog_number":"363448X1","name":"SCREW"},{"catalog_number":"363378X1","name":"BOLT UNC"},{"catalog_number":"363376X1","name":"CARRIAGE BOLT"},{"catalog_number":"363319X1","name":"SCREW UNC"},{"catalog_number":"363296X1","name":"BOLT UNC"},{"catalog_number":"363282X1","name":"WASHER"},{"catalog_number":"362-7938","name":"TRANSMISSION"},{"catalog_number":"362600X1","name":"BOLT"},{"catalog_number":"362499X1","name":"HEXAGONAL BOLT"},{"catalog_number":"3624165M91","name":"CYLINDER ROD"},{"catalog_number":"3624121M91","name":"SEALS KIT"},{"catalog_number":"3624120M1","name":"GUIDE BUSH"},{"catalog_number":"362405X1","name":"HEX CAP SCREW"},{"catalog_number":"362053X1","name":"BOLT UNC"},{"catalog_number":"3620430M1","name":"FUSE 2,5A GLASS"},{"catalog_number":"362010X1","name":"NUT UNF"},{"catalog_number":"3619931M1","name":"HEATER"},{"catalog_number":"3619929M1","name":"SLEEVE"},{"catalog_number":"3619925M2","name":"TUBE"},{"catalog_number":"3619913M1","name":"WASHER"},{"catalog_number":"3619908M1","name":"SCREW"},{"catalog_number":"3619907M1","name":"SCREW"},{"catalog_number":"3619906M1","name":"GASKET"},{"catalog_number":"3619905M1","name":"HYDR. HOSE"},{"catalog_number":"3619903M5","name":"COVER"},{"catalog_number":"3619901M1","name":"TUBE"},{"catalog_number":"3619876M91","name":"FUEL LINE"},{"catalog_number":"3619864M2","name":"SHAFT"},{"catalog_number":"3619824M1","name":"SOLENOID VALVE"},{"catalog_number":"3619814M1","name":"THRUST WASHER"},{"catalog_number":"3619813M1","name":"HEX HEAD BOLT"},{"catalog_number":"3619807M1","name":"ACCUMULAT. STRAP"},{"catalog_number":"3619764M1","name":"SOLENOID"},{"catalog_number":"3619763M1","name":"SOLENOID"},{"catalog_number":"3619762M1","name":"SOLENOID VALVE"},{"catalog_number":"3619728M3","name":"BRIDLE"},{"catalog_number":"3619728M2","name":"BRIDLE"},{"catalog_number":"3619666M1","name":"PUMP COVER"},{"catalog_number":"3619657M1","name":"BRIDLE"},{"catalog_number":"3619630M1","name":"SUCTION LINE"},{"catalog_number":"3619622M1","name":"CABLE TIE"},{"catalog_number":"3619610M1","name":"THRUSTER"},{"catalog_number":"3619609M1","name":"CAP NUT"},{"catalog_number":"3619605M1","name":"GRIP"},{"catalog_number":"3619604M1","name":"PLATE"},{"catalog_number":"3619603M1","name":"PLATE"},{"catalog_number":"3619555M1","name":"SPRING POT"},{"catalog_number":"3619553M1","name":"CLUTCH HUB"},{"catalog_number":"3619551M3","name":"ACCUMULATOR"},{"catalog_number":"3619519M3","name":"TENSIONER"},{"catalog_number":"3619501M1","name":"CLAMP"},{"catalog_number":"3619473M1","name":"WASHER"},{"catalog_number":"3619471M1","name":"DECAL"},{"catalog_number":"3619470M3","name":"TUBE"},{"catalog_number":"3619445M2","name":"SWITCH,INDIRECT"},{"catalog_number":"3619366M5","name":"BUSH"},{"catalog_number":"3619346M1","name":"RADIAL SEAL RING"},{"catalog_number":"3619344M1","name":"RADIAL SEAL RING"},{"catalog_number":"3619343M1","name":"RADIAL SEAL RING"},{"catalog_number":"3619342M1","name":"RADIAL SEAL RING"},{"catalog_number":"3619260M2","name":"WHEEL RIM"},{"catalog_number":"3619255M1","name":"ADJUSTING SHIM"},{"catalog_number":"3619254M1","name":"ADJUSTING SHIM"},{"catalog_number":"3619253M2","name":"BUSH"},{"catalog_number":"3619243M2","name":"NON RETURN VALVE"},{"catalog_number":"3619237M1","name":"PUMP"},{"catalog_number":"3619236M1","name":"PUMP"},{"catalog_number":"3619229M3","name":"MUDGUARD"},{"catalog_number":"3619219M1","name":"CHAIN"},{"catalog_number":"3619200M2","name":"WASHER"}]}