{"machinery_brand_name":"Ag-Chem","parts":[{"catalog_number":"AG620471","name":"BOLT"},{"catalog_number":"AG620378","name":"STICKER"},{"catalog_number":"AG620350","name":"THREADED ROD"},{"catalog_number":"AG620242","name":"SECTION"},{"catalog_number":"AG619938","name":"BOLT"},{"catalog_number":"AG619850","name":"BOLT"},{"catalog_number":"AG619820","name":"BUCKET"},{"catalog_number":"AG619751","name":"HITCH"},{"catalog_number":"AG619718","name":"STICKER"},{"catalog_number":"AG619716","name":"STICKER"},{"catalog_number":"AG619460","name":"BRACKET"},{"catalog_number":"AG619457","name":"PLATE"},{"catalog_number":"AG619392","name":"HARNESS"},{"catalog_number":"AG619373","name":"DECAL"},{"catalog_number":"AG619356","name":"HARNESS"},{"catalog_number":"AG619355","name":"WIRE HARNESS"},{"catalog_number":"AG619250","name":"OPERATOR MANUAL"},{"catalog_number":"AG619249","name":"OPERATOR MANUAL"},{"catalog_number":"AG619248","name":"OPERATOR MANUAL"},{"catalog_number":"AG619155","name":"FLANGE"},{"catalog_number":"AG619118","name":"TUBE"},{"catalog_number":"AG618900","name":"O-RING"},{"catalog_number":"AG618837","name":"CABLE"},{"catalog_number":"AG618680","name":"BOLT"},{"catalog_number":"AG618670","name":"PARALLEL KEY"},{"catalog_number":"AG618665","name":"BOLT"},{"catalog_number":"AG618444","name":"BOLT"},{"catalog_number":"AG618269","name":"PLATE"},{"catalog_number":"AG618263","name":"LINK"},{"catalog_number":"AG618250","name":"HARNESS"},{"catalog_number":"AG618192","name":"HARNESS"},{"catalog_number":"AG618189","name":"LIGHT"},{"catalog_number":"AG618001","name":"SEAL"},{"catalog_number":"AG617646","name":"HARNESS"},{"catalog_number":"AG617634","name":"DECAL"},{"catalog_number":"AG617630","name":"DECAL"},{"catalog_number":"AG617570","name":"BRACKET"},{"catalog_number":"AG617569","name":"BRACKET"},{"catalog_number":"AG617463","name":"CUTTER          1"},{"catalog_number":"AG617446","name":"DECAL"},{"catalog_number":"AG617410","name":"HARNESS"},{"catalog_number":"AG617262","name":"HARNESS"},{"catalog_number":"AG617206","name":"HYDRAULIC TANK"},{"catalog_number":"AG617203","name":"BONNET PROTECTON"},{"catalog_number":"AG617163","name":"COVER"},{"catalog_number":"AG617123","name":"HARNESS"},{"catalog_number":"AG617122","name":"HARNESS"},{"catalog_number":"AG617088","name":"CABLE"},{"catalog_number":"AG617061","name":"NUT"},{"catalog_number":"AG617055","name":"HARNESS"},{"catalog_number":"AG616983","name":"BELT"},{"catalog_number":"AG616875","name":"HARNESS"},{"catalog_number":"AG616814","name":"RELIEF VALVE"},{"catalog_number":"AG616492","name":"HARNESS"},{"catalog_number":"AG616324","name":"HARNESS"},{"catalog_number":"AG616298","name":"HARNESS"},{"catalog_number":"AG616037","name":"SWITCH"},{"catalog_number":"AG616030","name":"SWITCH"},{"catalog_number":"AG616024","name":"CAP"},{"catalog_number":"AG616014","name":"FILTER"},{"catalog_number":"AG616011","name":"FILTER"},{"catalog_number":"AG615844","name":"HARNESS"},{"catalog_number":"AG615479","name":"PART"},{"catalog_number":"AG615476","name":"ISOLATOR"},{"catalog_number":"AG615076","name":"HITCH"},{"catalog_number":"AG614975","name":"RING"},{"catalog_number":"AG614973","name":"BUSH"},{"catalog_number":"AG614967","name":"CYLINDER"},{"catalog_number":"AG614966","name":"BLOCK"},{"catalog_number":"AG614964","name":"BRACKET"},{"catalog_number":"AG614962","name":"BRACKET"},{"catalog_number":"AG614961","name":"BRACKET"},{"catalog_number":"AG614960","name":"BUSH"},{"catalog_number":"AG614959","name":"BUSH"},{"catalog_number":"AG614958","name":"ROD"},{"catalog_number":"AG614956","name":"PIN"},{"catalog_number":"AG614955","name":"CABLE"},{"catalog_number":"AG614954","name":"BOLT"},{"catalog_number":"AG614953","name":"STRIP"},{"catalog_number":"AG614952","name":"SPRING"},{"catalog_number":"AG614951","name":"ROD"},{"catalog_number":"AG614950","name":"BUMPER"},{"catalog_number":"AG614949","name":"BRACKET"},{"catalog_number":"AG614859","name":"PIN"},{"catalog_number":"AG614858","name":"COUPLER"},{"catalog_number":"AG614659","name":"MOUNTING BRACKET"},{"catalog_number":"AG614165","name":"NOZZLE"},{"catalog_number":"AG614130","name":"DOUBLE NIPPLE"},{"catalog_number":"AG613996","name":"GUN"},{"catalog_number":"AG613957","name":"BOLT"},{"catalog_number":"AG613893","name":"BRACKET"},{"catalog_number":"AG613735","name":"BUSH"},{"catalog_number":"AG613731","name":"HYD CYLINDER"},{"catalog_number":"AG613730","name":"PART"},{"catalog_number":"AG613707","name":"NUT"},{"catalog_number":"AG613551","name":"HITCH ARM"},{"catalog_number":"AG613518","name":"VALVE"},{"catalog_number":"AG613289","name":"MODULE"},{"catalog_number":"AG612744","name":"HYD CYLINDER"},{"catalog_number":"AG612481","name":"CYLINDER"},{"catalog_number":"AG612204","name":"MAT"},{"catalog_number":"AG612163","name":"PART"},{"catalog_number":"AG611432","name":"FUNNEL"},{"catalog_number":"AG611278","name":"TUBE"},{"catalog_number":"AG611273","name":"MOUNTING BRACKET"},{"catalog_number":"AG611257","name":"ROD END"},{"catalog_number":"AG611256","name":"SEALS KIT"},{"catalog_number":"AG611101","name":"MAT"},{"catalog_number":"AG610901","name":"SPACER"},{"catalog_number":"AG610893","name":"KIT"},{"catalog_number":"AG610892","name":"BOOM TILT SWITCH"},{"catalog_number":"AG610884","name":"SEAL KIT"},{"catalog_number":"AG610883","name":"SEAL"},{"catalog_number":"AG610880","name":"MANIFOLD BLOCK"},{"catalog_number":"AG610879","name":"CHECK VALVE"},{"catalog_number":"AG610878","name":"SEAL KIT"},{"catalog_number":"AG610877","name":"SEAL KIT"},{"catalog_number":"AG610873","name":"SEAL KIT"},{"catalog_number":"AG610872","name":"SCREW"},{"catalog_number":"AG610870","name":"NUT"},{"catalog_number":"AG610869","name":"BOLT"},{"catalog_number":"AG610868","name":"WASHER"},{"catalog_number":"AG610867","name":"WASHER"},{"catalog_number":"AG610866","name":"NUT"},{"catalog_number":"AG610865","name":"BRACKET"},{"catalog_number":"AG610864","name":"MOUNTING BRACKET"},{"catalog_number":"AG610863","name":"SEAL KIT"},{"catalog_number":"AG610852","name":"CABLE"},{"catalog_number":"AG610831","name":"ELECTRONIC BOX"},{"catalog_number":"AG610788","name":"BOX"},{"catalog_number":"AG610787","name":"WIRE HARNESS"},{"catalog_number":"AG610786","name":"NIPPLE"},{"catalog_number":"AG610784","name":"DECAL"},{"catalog_number":"AG610783","name":"INFORMAT. DECAL"},{"catalog_number":"AG610782","name":"DECAL"},{"catalog_number":"AG610781","name":"DECAL"},{"catalog_number":"AG610780","name":"DECAL, STRIPE"},{"catalog_number":"AG610779","name":"DECAL"},{"catalog_number":"AG610778","name":"DECAL"},{"catalog_number":"AG610776","name":"SCREW"},{"catalog_number":"AG610775","name":"SWITCH"},{"catalog_number":"AG610774","name":"GRIP"},{"catalog_number":"AG610767","name":"SCREW"},{"catalog_number":"AG610766","name":"MASTER SWITCH"},{"catalog_number":"AG610764","name":"SWITCH"},{"catalog_number":"AG610763","name":"BUTTON"},{"catalog_number":"AG610761","name":"ROLL PIN"},{"catalog_number":"AG610760","name":"BUTTON"},{"catalog_number":"AG610758","name":"FACE PLATE"},{"catalog_number":"AG610751","name":"PART"},{"catalog_number":"AG610748","name":"O-RING"},{"catalog_number":"AG610747","name":"FILTER BOWL"},{"catalog_number":"AG610745","name":"HEX PLUG"},{"catalog_number":"AG610744","name":"CLOSE NIPPLE"},{"catalog_number":"AG610742","name":"TEE FITTING"},{"catalog_number":"AG610735","name":"SHUTTLE VALVE"},{"catalog_number":"AG610734","name":"SHUTTLE VALVE"},{"catalog_number":"AG610733","name":"CHECK VALVE"},{"catalog_number":"AG610732","name":"SUCTION TUBE"},{"catalog_number":"AG610731","name":"BALL VALVE"},{"catalog_number":"AG610730","name":"COVER"},{"catalog_number":"AG610729","name":"REDUCER"},{"catalog_number":"AG610728","name":"FITTING"},{"catalog_number":"AG610727","name":"PLUNGER"},{"catalog_number":"AG610726","name":"BOTTLE"},{"catalog_number":"AG610725","name":"PRESSURE VALVE"},{"catalog_number":"AG610723","name":"OUTLET"},{"catalog_number":"AG610722","name":"FLAT WASHER"},{"catalog_number":"AG610721","name":"NUT"},{"catalog_number":"AG610720","name":"NOZZLE"},{"catalog_number":"AG610717","name":"NIPPLE"},{"catalog_number":"AG610716","name":"PRESSURE VALVE"},{"catalog_number":"AG610714","name":"BUSH"},{"catalog_number":"AG610713","name":"TUBING"},{"catalog_number":"AG610712","name":"PLUG"},{"catalog_number":"AG610711","name":"BALL VALVE"},{"catalog_number":"AG610709","name":"ELBOW"},{"catalog_number":"AG610708","name":"REDUCER"},{"catalog_number":"AG610707","name":"TEE FITTING"},{"catalog_number":"AG610670","name":"SLIDER BLOCK"},{"catalog_number":"AG610669","name":"ORIFICE"},{"catalog_number":"AG610665","name":"SHAFT"},{"catalog_number":"AG610661","name":"BRIDGE"},{"catalog_number":"AG610659","name":"WASHER"},{"catalog_number":"AG610658","name":"QUICK COUPLER"},{"catalog_number":"AG610657","name":"QUICK COUPLER"},{"catalog_number":"AG610656","name":"MOTOR"},{"catalog_number":"AG610655","name":"HOSE"},{"catalog_number":"AG610654","name":"SPRAY NOZZLE"},{"catalog_number":"AG610653","name":"PROTECTOR"},{"catalog_number":"AG610652","name":"WAND TUBE"},{"catalog_number":"AG610651","name":"SPRAY GUN"},{"catalog_number":"AG610650","name":"UNLOADER"},{"catalog_number":"AG610649","name":"PUMP"},{"catalog_number":"AG610648","name":"TARP STOP"},{"catalog_number":"AG610644","name":"SUPPORT BRACE"},{"catalog_number":"AG610643","name":"SIDE MIRROR"},{"catalog_number":"AG610641","name":"JUMPER HARNESS"},{"catalog_number":"AG610640","name":"SWITCH"},{"catalog_number":"AG610639","name":"STRAP"},{"catalog_number":"AG610624","name":"CABLE"},{"catalog_number":"AG610621","name":"MAGNET"},{"catalog_number":"AG610620","name":"ANTENNA CABLE"},{"catalog_number":"AG610619","name":"GPS ANTENNA"},{"catalog_number":"AG610616","name":"DOOR"},{"catalog_number":"AG610610","name":"TUBE"},{"catalog_number":"AG610606","name":"CIRCUIT BREAKER"},{"catalog_number":"AG610603","name":"BRACKET"},{"catalog_number":"AG610601","name":"SPACER KIT"},{"catalog_number":"AG610600","name":"LATCH"},{"catalog_number":"AG610599","name":"BRACKET"},{"catalog_number":"AG610598","name":"BRACKET"},{"catalog_number":"AG610597","name":"TUBE"},{"catalog_number":"AG610596","name":"TARP"},{"catalog_number":"AG610586","name":"INSTRUCTIONS"},{"catalog_number":"AG610585","name":"BAFFLE"},{"catalog_number":"AG610584","name":"ALARM"},{"catalog_number":"AG610583","name":"PAD"},{"catalog_number":"AG610582","name":"CABLE"},{"catalog_number":"AG610580","name":"FAN BELT"},{"catalog_number":"AG610574","name":"PIVOT ARM"},{"catalog_number":"AG610571","name":"RATCHET STRAP"},{"catalog_number":"AG610569","name":"BOW"},{"catalog_number":"AG610567","name":"EDGE TRIM"},{"catalog_number":"AG610566","name":"END CAP"},{"catalog_number":"AG610563","name":"CLAMP"},{"catalog_number":"AG610562","name":"CARTRIDGE"},{"catalog_number":"AG610561","name":"CARTRIDGE"},{"catalog_number":"AG610560","name":"EXTENSION SPRING"},{"catalog_number":"AG610559","name":"SPRING"},{"catalog_number":"AG610558","name":"RUBBER RING"},{"catalog_number":"AG610557","name":"SPOOL"},{"catalog_number":"AG610556","name":"CABLE SPOOL"},{"catalog_number":"AG610550","name":"CLIP"},{"catalog_number":"AG610549","name":"DRIVE RIVET KIT"},{"catalog_number":"AG610545","name":"PART"},{"catalog_number":"AG610541","name":"KNOB"},{"catalog_number":"AG610539","name":"HANDLE"},{"catalog_number":"AG610537","name":"SEAL KIT"},{"catalog_number":"AG610536","name":"ORIFICE"},{"catalog_number":"AG610532","name":"CONNECTOR"},{"catalog_number":"AG610531","name":"ORIFICE"},{"catalog_number":"AG610528","name":"PLUG"},{"catalog_number":"AG610526","name":"CAVITY PLUG"},{"catalog_number":"AG610525","name":"PRESSURE VALVE"},{"catalog_number":"AG610524","name":"PLUG"},{"catalog_number":"AG610522","name":"RELIEF VALVE"},{"catalog_number":"AG610516","name":"SEAL KIT"},{"catalog_number":"AG610515","name":"VALVE"},{"catalog_number":"AG610514","name":"WIRE HARNESS"},{"catalog_number":"AG610513","name":"CIGAR. LIGHTER"},{"catalog_number":"AG610493","name":"SCREW"},{"catalog_number":"AG610492","name":"KNOB"},{"catalog_number":"AG610490","name":"ISOLATOR"},{"catalog_number":"AG610485","name":"PIN"},{"catalog_number":"AG610483","name":"BEARING"},{"catalog_number":"AG610482","name":"SPRING"},{"catalog_number":"AG610481","name":"SPRING"},{"catalog_number":"AG610478","name":"ADJUSTER"},{"catalog_number":"AG610477","name":"ADJUSTER"},{"catalog_number":"AG610475","name":"BEARING"},{"catalog_number":"AG610471","name":"BEARING"},{"catalog_number":"AG610467","name":"SEAT CUSHION"},{"catalog_number":"AG610457","name":"BOLT"},{"catalog_number":"AG610456","name":"KNOB"},{"catalog_number":"AG610455","name":"SHAFT"},{"catalog_number":"AG610438","name":"HEX CAP SCREW"},{"catalog_number":"AG610409","name":"RING"},{"catalog_number":"AG610404","name":"TERMINAL"},{"catalog_number":"AG610402","name":"THIMBLE"},{"catalog_number":"AG610401","name":"RING TERMINAL"},{"catalog_number":"AG610347","name":"MOUNTING"},{"catalog_number":"AG610346","name":"GPS ANTENNA"},{"catalog_number":"AG610345","name":"CABLE"},{"catalog_number":"AG610344","name":"CABLE"},{"catalog_number":"AG610343","name":"SEAL KIT"},{"catalog_number":"AG610342","name":"REPAIR KIT"},{"catalog_number":"AG610326","name":"LINK"},{"catalog_number":"AG610321","name":"FLANGE"},{"catalog_number":"AG610274","name":"DIODE"},{"catalog_number":"AG610249","name":"O RING"},{"catalog_number":"AG610248","name":"O RING"},{"catalog_number":"AG610246","name":"O RING"},{"catalog_number":"AG610186","name":"BUTTERFLY VALVE"},{"catalog_number":"AG610182","name":"GRIP"},{"catalog_number":"AG610181","name":"VALVE HANDLE"},{"catalog_number":"AG610173","name":"STARTERMOTOR"},{"catalog_number":"AG610143","name":"SLEEVE"},{"catalog_number":"AG610140","name":"INPUT SHAFT"},{"catalog_number":"AG610135","name":"VALVE"},{"catalog_number":"AG610114","name":"FILTER ELEMENT"},{"catalog_number":"AG610072","name":"SWITCH"},{"catalog_number":"AG610063","name":"COUPLER"},{"catalog_number":"AG610042","name":"CONTROL UNIT"},{"catalog_number":"AG610036","name":"SEAL KIT"},{"catalog_number":"AG610014","name":"TWO WIRE COIL"},{"catalog_number":"AG609965","name":"CONTROL KNOB"},{"catalog_number":"AG609964","name":"CONTROL KNOB"},{"catalog_number":"AG609934","name":"ELEMENT"},{"catalog_number":"AG609922","name":"NOZZLE HEAD"},{"catalog_number":"AG609921","name":"CLAMP"},{"catalog_number":"AG609918","name":"O RING"},{"catalog_number":"AG609902","name":"WARNING TAG"},{"catalog_number":"AG609868","name":"BULB"},{"catalog_number":"AG609856","name":"STREET ELBOW"},{"catalog_number":"AG609855","name":"PLUG"},{"catalog_number":"AG609797","name":"PLUG"},{"catalog_number":"AG609777","name":"INSERT SPACER"},{"catalog_number":"AG609748","name":"CLAMP"},{"catalog_number":"AG609745","name":"PIN"},{"catalog_number":"AG609741","name":"O-RING"},{"catalog_number":"AG609739","name":"END PLATE"},{"catalog_number":"AG609738","name":"DRIP DIAPHRAGM"},{"catalog_number":"AG609732","name":"MOUNTING BRKT,RH"},{"catalog_number":"AG609714","name":"WELDMENT"},{"catalog_number":"AG609683","name":"O-RING"},{"catalog_number":"AG609682","name":"THRUST RING"},{"catalog_number":"AG609681","name":"DRAIN VALVE"},{"catalog_number":"AG609646","name":"PROTECTOR BOOT"},{"catalog_number":"AG609645","name":"PROTECTOR BOOT"},{"catalog_number":"AG609614","name":"ARM MOUNT"},{"catalog_number":"AG609566","name":"SEAL KIT"},{"catalog_number":"AG609557","name":"ROCKER SWITCH"},{"catalog_number":"AG609556","name":"SWITCH"},{"catalog_number":"AG609555","name":"ROCKER SWITCH"},{"catalog_number":"AG609554","name":"SWITCH"},{"catalog_number":"AG609540","name":"NOZZLE"},{"catalog_number":"AG609521","name":"VALVE COVER"},{"catalog_number":"AG609486","name":"CONNECTOR"},{"catalog_number":"AG609477","name":"O-RING"},{"catalog_number":"AG609475","name":"END PLATE"},{"catalog_number":"AG609474","name":"END PLATE"},{"catalog_number":"AG609471","name":"SEAL"},{"catalog_number":"AG609465","name":"VALVE"},{"catalog_number":"AG609459","name":"O-RING"},{"catalog_number":"AG609444","name":"FLAT WASHER"},{"catalog_number":"AG609431","name":"FILTER ELEMENT"},{"catalog_number":"AG609419","name":"SOCKET"},{"catalog_number":"AG609418","name":"O-RING"},{"catalog_number":"AG609393","name":"INFORMAT. DECAL"},{"catalog_number":"AG609385","name":"NUT"},{"catalog_number":"AG609314","name":"HEX. FLANGE BOLT"},{"catalog_number":"AG609313","name":"HEX FLANGE NUT"},{"catalog_number":"AG609312","name":"HEX. FLANGE BOLT"},{"catalog_number":"AG609311","name":"HEX. FLANGE BOLT"},{"catalog_number":"AG609250","name":"SERVO"},{"catalog_number":"AG609239","name":"BREATHER"},{"catalog_number":"AG609113","name":"GASKET SEALPASTE"},{"catalog_number":"AG609100","name":"BOLT"},{"catalog_number":"AG609084","name":"CARRIAGE BOLT"},{"catalog_number":"AG609070","name":"KEY"},{"catalog_number":"AG609061","name":"SCREW"},{"catalog_number":"AG609059","name":"PULLEY"},{"catalog_number":"AG609057","name":"PULLEY"},{"catalog_number":"AG609056","name":"MOTOR"},{"catalog_number":"AG609052","name":"O-RING"},{"catalog_number":"AG609037","name":"PRESSURE VALVE"},{"catalog_number":"AG609024","name":"PIPE PLUG"},{"catalog_number":"AG609004","name":"SWITCH"},{"catalog_number":"AG609003","name":"VALVE"},{"catalog_number":"AG609002","name":"HARNESS"},{"catalog_number":"AG609001","name":"RATE SENSOR"},{"catalog_number":"AG608970","name":"O RING"},{"catalog_number":"AG608968","name":"ADAPTER PLATE"},{"catalog_number":"AG608908","name":"HOOK"},{"catalog_number":"AG608807","name":"FORK"},{"catalog_number":"AG608777","name":"CLAMP"},{"catalog_number":"AG608776","name":"TWIN COVER PLATE"},{"catalog_number":"AG608580","name":"CLAMP"},{"catalog_number":"AG608535","name":"TWIN COVER PLATE"},{"catalog_number":"AG607483","name":"TAG"},{"catalog_number":"AG607469","name":"STRIP"},{"catalog_number":"AG607376","name":"WELD NUT"},{"catalog_number":"AG607344","name":"TUBE CLAMP"},{"catalog_number":"AG607343","name":"TUBE CLAMP"},{"catalog_number":"AG607336","name":"PIN"},{"catalog_number":"AG607322","name":"INSULATION"},{"catalog_number":"AG607318","name":"INSULATOR"},{"catalog_number":"AG607312","name":"INSULATION"},{"catalog_number":"AG607298","name":"NUT"},{"catalog_number":"AG607237","name":"PRESSURE SWITCH"},{"catalog_number":"AG607071","name":"FILTER ELEMENT"},{"catalog_number":"AG607057","name":"ARM"},{"catalog_number":"AG606844","name":"NOZZLE SPRING"},{"catalog_number":"AG606808","name":"ELBOW"},{"catalog_number":"AG606734","name":"HEX HEAD BOLT"},{"catalog_number":"AG606730","name":"PLUG"},{"catalog_number":"AG606707","name":"HEX NUT"},{"catalog_number":"AG606683","name":"HEX HEAD BOLT"},{"catalog_number":"AG606659","name":"HEX JAM NUT"},{"catalog_number":"AG606658","name":"SET SCREW"},{"catalog_number":"AG606489","name":"HEX FLANGE NUT"},{"catalog_number":"AG606310","name":"WASHER"},{"catalog_number":"AG606309","name":"KEY"},{"catalog_number":"AG606296","name":"YOKE"},{"catalog_number":"AG606267","name":"PLUG"},{"catalog_number":"AG606259","name":"HEX NUT"},{"catalog_number":"AG606258","name":"FLAT WASHER"},{"catalog_number":"AG606154","name":"TAG"},{"catalog_number":"AG605371","name":"BUSH"},{"catalog_number":"AG605370","name":"PIN"},{"catalog_number":"AG605134","name":"SPRING"},{"catalog_number":"AG604448","name":"BEARING CUP"},{"catalog_number":"AG604447","name":"BEARING CONE"},{"catalog_number":"AG604420","name":"PLUG"},{"catalog_number":"AG604419","name":"PLUG"},{"catalog_number":"AG604418","name":"PLUG"},{"catalog_number":"AG604415","name":"PLUG"},{"catalog_number":"AG604414","name":"PLUG"},{"catalog_number":"AG604225","name":"COUPLER"},{"catalog_number":"AG604224","name":"HYD COUPLER"},{"catalog_number":"AG604203","name":"FLAT WASHER"},{"catalog_number":"AG604187","name":"RUBBER MAT"},{"catalog_number":"AG604186","name":"MAT"},{"catalog_number":"AG604185","name":"HEX NUT"},{"catalog_number":"AG604172","name":"HEX NUT"},{"catalog_number":"AG604167","name":"HEX HEAD BOLT"},{"catalog_number":"AG604138","name":"NUT"},{"catalog_number":"AG604115","name":"GROMMET"},{"catalog_number":"AG604110","name":"GASKET"},{"catalog_number":"AG603864","name":"HEX NUT"},{"catalog_number":"AG603678","name":"FITTING"},{"catalog_number":"AG603562","name":"SEAL KIT"},{"catalog_number":"AG603295","name":"SPRAY NOZZLE"},{"catalog_number":"AG603236","name":"SCREW"},{"catalog_number":"AG603120","name":"BALL JOINT"},{"catalog_number":"AG602639","name":"HEX NUT"},{"catalog_number":"AG602132","name":"CLEVIS PIN"},{"catalog_number":"AG602124","name":"CLEVIS"},{"catalog_number":"AG601950","name":"INDICATOR"},{"catalog_number":"AG601764","name":"ANCHOR BRACKET"},{"catalog_number":"AG601284","name":"ISOLATOR MOUNT"},{"catalog_number":"AG601225","name":"PIN"},{"catalog_number":"AG601217","name":"HEX NUT"},{"catalog_number":"AG601152","name":"NYLON LOCKNUT"},{"catalog_number":"AG600849","name":"HOOD AIR INLET"},{"catalog_number":"AG600830","name":"TANK BAND"},{"catalog_number":"AG600679","name":"ROD"},{"catalog_number":"AG600660","name":"BRACKET"},{"catalog_number":"AG600571","name":"ROD"},{"catalog_number":"AG600563","name":"BRACKET"},{"catalog_number":"AG600539","name":"ADAPTER"},{"catalog_number":"AG600512","name":"VALVE STEM"},{"catalog_number":"AG600490","name":"LOCKING RING"},{"catalog_number":"AG600466","name":"VALVE"},{"catalog_number":"AG600024","name":"ANCHOR BRACKET"},{"catalog_number":"AG600016","name":"BONNET BRACKET"},{"catalog_number":"AG600008","name":"RUBBER HOOK"},{"catalog_number":"AG563199","name":"ELBOW FITTING"},{"catalog_number":"AG563197","name":"ELBOW FITTING"},{"catalog_number":"AG563176","name":"HEX NUT"},{"catalog_number":"AG563175","name":"HEX NUT"},{"catalog_number":"AG563174","name":"FLAT WASHER"},{"catalog_number":"AG563155","name":"BOLT"},{"catalog_number":"AG563151","name":"NIPPLE"},{"catalog_number":"AG563134","name":"HEXAGONAL BOLT"},{"catalog_number":"AG563130","name":"BOLT"},{"catalog_number":"AG563129","name":"HEX HEAD BOLT"},{"catalog_number":"AG563127","name":"HEX HEAD BOLT"},{"catalog_number":"AG563104","name":"HEX HEAD BOLT"},{"catalog_number":"AG563099","name":"HEX HEAD BOLT"},{"catalog_number":"AG563096","name":"NUT"},{"catalog_number":"AG563095","name":"CAP NUT"},{"catalog_number":"AG563094","name":"MACHINE SCREW"},{"catalog_number":"AG563092","name":"HEX HEAD BOLT"},{"catalog_number":"AG563091","name":"HEX HEAD BOLT"},{"catalog_number":"AG563078","name":"FLAT WASHER"},{"catalog_number":"AG563073","name":"BOLT"},{"catalog_number":"AG563069","name":"HEX HEAD BOLT"},{"catalog_number":"AG563065","name":"PAN HEAD SCREW"},{"catalog_number":"AG563061","name":"HEX HEAD BOLT"},{"catalog_number":"AG563056","name":"HEX HEAD BOLT"},{"catalog_number":"AG563055","name":"BUSH"},{"catalog_number":"AG563038","name":"COUPLING"},{"catalog_number":"AG563036","name":"HEX LOCKNUT"},{"catalog_number":"AG563031","name":"HEX HEAD BOLT"},{"catalog_number":"AG562998","name":"WASHER"},{"catalog_number":"AG562986","name":"ADAPTER FITTING"},{"catalog_number":"AG562979","name":"P-CLIP"},{"catalog_number":"AG562971","name":"ROLL PIN"},{"catalog_number":"AG562969","name":"ADAPTER"},{"catalog_number":"AG562945","name":"NUT"},{"catalog_number":"AG562938","name":"CABLE CLIP"},{"catalog_number":"AG562934","name":"FUSE"},{"catalog_number":"AG562933","name":"FUSE 5A"},{"catalog_number":"AG562931","name":"FUSE 10A"},{"catalog_number":"AG562930","name":"BLADE FUSE"},{"catalog_number":"AG562929","name":"FUSE 20A"},{"catalog_number":"AG562928","name":"BLADE FUSE"},{"catalog_number":"AG562925","name":"BLADE FUSE"},{"catalog_number":"AG562904","name":"CABLE"},{"catalog_number":"AG562900","name":"HEX HEAD BOLT"},{"catalog_number":"AG562896","name":"ADAPTER"},{"catalog_number":"AG562892","name":"CABLE TIE"},{"catalog_number":"AG562890","name":"MACHINE SCREW"},{"catalog_number":"AG562844","name":"HEX HEAD BOLT"},{"catalog_number":"AG562831","name":"HEX HEAD BOLT"},{"catalog_number":"AG562830","name":"HEX HEAD BOLT"},{"catalog_number":"AG562827","name":"HEX HEAD BOLT"},{"catalog_number":"AG562825","name":"ADAPTER FITTING"},{"catalog_number":"AG562821","name":"CLAMP"},{"catalog_number":"AG562817","name":"BOLT"},{"catalog_number":"AG562793","name":"HEX NUT"},{"catalog_number":"AG562786","name":"BOLT"},{"catalog_number":"AG562785","name":"HEXAGONAL BOLT"},{"catalog_number":"AG562782","name":"NIPPLE"},{"catalog_number":"AG562781","name":"HEX HEAD BOLT"},{"catalog_number":"AG562780","name":"ADAPTER"},{"catalog_number":"AG562750","name":"ADAPTER FITTING"},{"catalog_number":"AG562742","name":"BUSH"},{"catalog_number":"AG562718","name":"SCREW"},{"catalog_number":"AG562712","name":"BUSH"},{"catalog_number":"AG562709","name":"TEE FITTING"},{"catalog_number":"AG562693","name":"ELBOW FITTING"},{"catalog_number":"AG562688","name":"BOLT"},{"catalog_number":"AG562684","name":"MUFFLER CLAMP"},{"catalog_number":"AG562682","name":"BOLT"},{"catalog_number":"AG562660","name":"WASHER"},{"catalog_number":"AG562652","name":"ADAPTER FITTING"},{"catalog_number":"AG562644","name":"SOCKET HEAD BOLT"},{"catalog_number":"AG562643","name":"T-PIECE"},{"catalog_number":"AG562639","name":"HEX HEAD BOLT"},{"catalog_number":"AG562630","name":"HOSE CLAMP"},{"catalog_number":"AG562629","name":"GREASE CAP"},{"catalog_number":"AG562624","name":"BOLT"},{"catalog_number":"AG562621","name":"HEX HEAD BOLT"},{"catalog_number":"AG562611","name":"BOLT"},{"catalog_number":"AG562607","name":"QUICK COUPLER"},{"catalog_number":"AG562605","name":"TEE"},{"catalog_number":"AG562595","name":"SETSCREW"},{"catalog_number":"AG562584","name":"HEX HEAD BOLT"},{"catalog_number":"AG562574","name":"PLUG"},{"catalog_number":"AG562568","name":"PLUG"},{"catalog_number":"AG562560","name":"HEX NUT"},{"catalog_number":"AG562559","name":"ELBOW"},{"catalog_number":"AG562551","name":"GREASE FITTING"},{"catalog_number":"AG562550","name":"ADAPTER FITTING"},{"catalog_number":"AG562549","name":"P-CLIP"},{"catalog_number":"AG562538","name":"HEX NUT"},{"catalog_number":"AG562537","name":"HEX NUT"},{"catalog_number":"AG562527","name":"SQUARE NUT"},{"catalog_number":"AG562513","name":"ADAPTER"},{"catalog_number":"AG562496","name":"PANDUIT STRAP"},{"catalog_number":"AG562490","name":"HEX HEAD BOLT"},{"catalog_number":"AG562488","name":"GEAR"},{"catalog_number":"AG562455","name":"WIRE"},{"catalog_number":"AG562438","name":"TOOTHLOCK WASHER"},{"catalog_number":"AG562437","name":"WASHER"},{"catalog_number":"AG562432","name":"ADAPTER FITTING"},{"catalog_number":"AG562410","name":"PLUG"},{"catalog_number":"AG562409","name":"PLUG"},{"catalog_number":"AG562407","name":"PLUG"},{"catalog_number":"AG562403","name":"HEX HEAD BOLT"},{"catalog_number":"AG562401","name":"ELBOW FITTING"},{"catalog_number":"AG562399","name":"BOLT"},{"catalog_number":"AG562393","name":"ADAPTER"},{"catalog_number":"AG562390","name":"TEE FITTING"},{"catalog_number":"AG562388","name":"PLUG"},{"catalog_number":"AG562386","name":"SCREW"},{"catalog_number":"AG562385","name":"WING NUT"},{"catalog_number":"AG562372","name":"ADAPTER FITTING"},{"catalog_number":"AG562369","name":"ADAPTER"},{"catalog_number":"AG562364","name":"HEX HEAD BOLT"},{"catalog_number":"AG562361","name":"ADAPTER"},{"catalog_number":"AG562354","name":"ELBOW FITTING"},{"catalog_number":"AG562351","name":"ADAPTER FITTING"},{"catalog_number":"AG562349","name":"ELBOW"},{"catalog_number":"AG562330","name":"GUARD"},{"catalog_number":"AG562323","name":"WIRE"},{"catalog_number":"AG562304","name":"ELBOW FITTING"},{"catalog_number":"AG562301","name":"ELBOW"},{"catalog_number":"AG562291","name":"HEX NUT"},{"catalog_number":"AG562285","name":"HEAD SCREW"},{"catalog_number":"AG562283","name":"BOLT"},{"catalog_number":"AG562271","name":"LOCK WASHER"},{"catalog_number":"AG562270","name":"HEX HEAD BOLT"},{"catalog_number":"AG562269","name":"BOLT"},{"catalog_number":"AG562265","name":"SCREW"},{"catalog_number":"AG562264","name":"HEX NUT"},{"catalog_number":"AG562263","name":"LOCK WASHER"},{"catalog_number":"AG562253","name":"BOLT"},{"catalog_number":"AG562251","name":"PLASTIC PLUG"},{"catalog_number":"AG562247","name":"HEX HEAD BOLT"},{"catalog_number":"AG562244","name":"MACHINE SCREW"},{"catalog_number":"AG562238","name":"P-CLIP"},{"catalog_number":"AG562237","name":"P-CLIP"},{"catalog_number":"AG562233","name":"BOLT"},{"catalog_number":"AG562229","name":"ADAPTER"},{"catalog_number":"AG562227","name":"KEY"},{"catalog_number":"AG562213","name":"HEX HEAD BOLT"},{"catalog_number":"AG562212","name":"MACHINE SCREW"},{"catalog_number":"AG562204","name":"ELBOW"},{"catalog_number":"AG562199","name":"ROUND HEAD SCREW"},{"catalog_number":"AG562196","name":"FLAT WASHER"},{"catalog_number":"AG562193","name":"HEX NUT"},{"catalog_number":"AG562192","name":"HEX HEAD BOLT"},{"catalog_number":"AG562171","name":"HEX NUT"},{"catalog_number":"AG562161","name":"COTTER PIN"},{"catalog_number":"AG562159","name":"HEX HEAD BOLT"},{"catalog_number":"AG562148","name":"HEX HEAD BOLT"}]}