{"machinery_brand_name":"Ag-Chem","parts":[{"catalog_number":"3790324M1","name":"GASKET"},{"catalog_number":"3790323M1","name":"GASKET"},{"catalog_number":"3790320M1","name":"CLEVIS PIN"},{"catalog_number":"3790295M1","name":"ADAPTER"},{"catalog_number":"3790284M2","name":"PIN"},{"catalog_number":"3790283M2","name":"SCREW"},{"catalog_number":"3790282M5","name":"PISTON"},{"catalog_number":"3790282M4","name":"PISTON"},{"catalog_number":"3790275M1","name":"SPACER"},{"catalog_number":"3790272M13","name":"CARRIER"},{"catalog_number":"3790271M1","name":"TRAY"},{"catalog_number":"3790270M1","name":"DISC"},{"catalog_number":"3790266M3","name":"SPRING"},{"catalog_number":"3790264M3","name":"SHAFT"},{"catalog_number":"3790263M1","name":"STOP"},{"catalog_number":"3790262M1","name":"INSERT"},{"catalog_number":"3790261M2","name":"BUSH"},{"catalog_number":"3790255M1","name":"WASHER"},{"catalog_number":"3790246M2","name":"SLIDER BEARING"},{"catalog_number":"3790242M1","name":"CLEVIS PIN"},{"catalog_number":"3790241M3","name":"WEARPLATE"},{"catalog_number":"3790240M2","name":"PLANET"},{"catalog_number":"3790239M2","name":"PLANET"},{"catalog_number":"3790237M2","name":"DIFF PINION"},{"catalog_number":"3790234M1","name":"HUB"},{"catalog_number":"3790223M1","name":"VALVE"},{"catalog_number":"3790193M1","name":"ADAPTER"},{"catalog_number":"3790170M1","name":"SEAL"},{"catalog_number":"3790152M1","name":"CLIP"},{"catalog_number":"3790126M1","name":"CYLINDER"},{"catalog_number":"3790121M1","name":"THERMOCONTACT"},{"catalog_number":"3790119M1","name":"SHIM"},{"catalog_number":"3790110M1","name":"WASHER"},{"catalog_number":"3790109M1","name":"SPACER"},{"catalog_number":"3790086M1","name":"HYDR. HOSE"},{"catalog_number":"3790077M91","name":"TUBE"},{"catalog_number":"3790074M92","name":"TUBE"},{"catalog_number":"3790068M91","name":"TUBE"},{"catalog_number":"3790066M91","name":"TUBE"},{"catalog_number":"3790054M3","name":"STUD BOLT"},{"catalog_number":"3790036M3","name":"SAFETY VALVE"},{"catalog_number":"3790027M11","name":"KIT, JOINT"},{"catalog_number":"3790025M1","name":"SAFETY VALVE"},{"catalog_number":"3790013M4","name":"PLATE"},{"catalog_number":"3790005M1","name":"JOURNAL"},{"catalog_number":"3790004M1","name":"CLEVIS"},{"catalog_number":"3790002M1","name":"FILTER"},{"catalog_number":"3790001M91","name":"COVER"},{"catalog_number":"3789986M3","name":"TUBE"},{"catalog_number":"3789985M2","name":"TUBE"},{"catalog_number":"3789981M1","name":"BACK REST"},{"catalog_number":"3789978M91","name":"SEAT"},{"catalog_number":"3789970M2","name":"BEARING ASSY"},{"catalog_number":"3789958M1","name":"STRAP"},{"catalog_number":"3789956M1","name":"SUPPORT"},{"catalog_number":"3789953M91","name":"AXLE HOLDER"},{"catalog_number":"3789952M1","name":"BEARING CARRIER"},{"catalog_number":"3789948M1","name":"SUPPORT"},{"catalog_number":"3789947M2","name":"UNIVERSAL JOINT"},{"catalog_number":"3789940M2","name":"SUPPORT"},{"catalog_number":"3789933M1","name":"DECAL"},{"catalog_number":"3789932M92","name":"SLIDER BEARING"},{"catalog_number":"3789931M4","name":"PLATE"},{"catalog_number":"3789931M2","name":"PLATE"},{"catalog_number":"3789928M93","name":"SOUND REDUCTION"},{"catalog_number":"3789906M2","name":"LATCH SUPPORT"},{"catalog_number":"3789905M4","name":"SUPPORT"},{"catalog_number":"3789904M2","name":"HINGE"},{"catalog_number":"3789881M1","name":"PLUG"},{"catalog_number":"3789878M92","name":"SLIDER BEARING"},{"catalog_number":"3789862M1","name":"SUPPORT"},{"catalog_number":"3789861M1","name":"SUPPORT"},{"catalog_number":"3789845M5","name":"SUPPORT"},{"catalog_number":"3789844M4","name":"SUPPORT, LH"},{"catalog_number":"3789834M1","name":"GASKET"},{"catalog_number":"3789831M1","name":"GASKET"},{"catalog_number":"3789830M1","name":"GASKET"},{"catalog_number":"3789828M3","name":"SUPPORT"},{"catalog_number":"3789828M2","name":"SUPPORT, RH"},{"catalog_number":"3789825M1","name":"SUPPORT"},{"catalog_number":"3789824M4","name":"HARNESS"},{"catalog_number":"3789807M1","name":"STOP"},{"catalog_number":"3789806M1","name":"STOP"},{"catalog_number":"3789804M2","name":"COUNTERPLATE"},{"catalog_number":"3789803M1","name":"DECAL"},{"catalog_number":"3789802M2","name":"SWITCH"},{"catalog_number":"3789791M3","name":"HARNESS"},{"catalog_number":"3789788M2","name":"TUBE"},{"catalog_number":"3789787M2","name":"TUBE"},{"catalog_number":"3789786M1","name":"TUBE"},{"catalog_number":"3789785M1","name":"TUBE"},{"catalog_number":"3789784M1","name":"TUBE"},{"catalog_number":"3789783M1","name":"TUBE"},{"catalog_number":"3789782M91","name":"AIR FILTER"},{"catalog_number":"3789779M2","name":"TUBE"},{"catalog_number":"3789778M2","name":"TUBE"},{"catalog_number":"3789769M2","name":"TUBE"},{"catalog_number":"3789768M2","name":"TUBE"},{"catalog_number":"3789767M2","name":"TUBE"},{"catalog_number":"3789766M2","name":"TUBE"},{"catalog_number":"3789764M11","name":"KIT, REPAIR"},{"catalog_number":"3789763M1","name":"SUPPORT"},{"catalog_number":"3789758M1","name":"SUPPORT"},{"catalog_number":"3789756P93","name":"RIGHT HAND PANEL"},{"catalog_number":"3789755P93","name":"LEFT HAND PANEL"},{"catalog_number":"3789752M1","name":"GRILLE"},{"catalog_number":"3789749M1","name":"CLAMP"},{"catalog_number":"3789734M1","name":"WIRE"},{"catalog_number":"3789733M2","name":"FUSE HOLDER"},{"catalog_number":"3789732M1","name":"FUSE 225A"},{"catalog_number":"3789731M1","name":"FUSE 175A"},{"catalog_number":"3789724M93","name":"WOBBLE DRIVE"},{"catalog_number":"3789722M1","name":"DOUBLE FLANGE"},{"catalog_number":"3789721M1","name":"UNION"},{"catalog_number":"3789720M1","name":"UNION"},{"catalog_number":"3789714M2","name":"HYDR. HOSE"},{"catalog_number":"3789698M3","name":"COWL"},{"catalog_number":"3789697M1","name":"FUEL GAUGE"},{"catalog_number":"3789696M1","name":"CLAMPING WEB"},{"catalog_number":"3789691M3","name":"CABLE"},{"catalog_number":"3789686M2","name":"SUPPORT"},{"catalog_number":"3789685M2","name":"SUPPORT"},{"catalog_number":"3789668M2","name":"TUBE"},{"catalog_number":"3789667M2","name":"TUBE"},{"catalog_number":"3789666M2","name":"TUBE"},{"catalog_number":"3789660M92","name":"FLYWHEEL"},{"catalog_number":"3789552M92","name":"WOBBLE DRIVE"},{"catalog_number":"3789546M1","name":"LEFT HAND RUNNER"},{"catalog_number":"3789545M2","name":"RUNNER"},{"catalog_number":"3789540M1","name":"PLUG"},{"catalog_number":"3789539M2","name":"OIL COOLER"},{"catalog_number":"3789513M1","name":"FLANGE"},{"catalog_number":"3789504M2","name":"UNIVERSAL JOINT"},{"catalog_number":"3789500M1","name":"HYDRAULIC HOSE"},{"catalog_number":"3789497M2","name":"TUBE"},{"catalog_number":"3789496M3","name":"TUBE"},{"catalog_number":"3789495M3","name":"TUBE"},{"catalog_number":"3789494M3","name":"TUBE"},{"catalog_number":"3789486M1","name":"ARMREST"},{"catalog_number":"3789482M2","name":"COWL"},{"catalog_number":"3789475M1","name":"COWL"},{"catalog_number":"3789474M1","name":"KNOB"},{"catalog_number":"3789473M1","name":"LEVER"},{"catalog_number":"3789453M92","name":"ALTERNATOR"},{"catalog_number":"3789452M1","name":"CLIP"},{"catalog_number":"3789445M1","name":"SUPPORT"},{"catalog_number":"3789437M1","name":"HYDR. HOSE"},{"catalog_number":"3789436M2","name":"COWL"},{"catalog_number":"3789436M1","name":"COWL"},{"catalog_number":"3789420M2","name":"EXTENSION"},{"catalog_number":"3789409M92","name":"UNIVERSAL JOINT"},{"catalog_number":"3789407M1","name":"SUPPORT"},{"catalog_number":"3789401M1","name":"SUPPORT, RH"},{"catalog_number":"3789400M1","name":"SUPPORT, LH"},{"catalog_number":"3789396M1","name":"HOSE"},{"catalog_number":"3789379M1","name":"INDICATOR"},{"catalog_number":"3789378M2","name":"TAIL PIPE"},{"catalog_number":"3789371M3","name":"ACCUMULATOR"},{"catalog_number":"3789349M3","name":"SHROUD"},{"catalog_number":"3789344M1","name":"CONROD"},{"catalog_number":"3789334M2","name":"SUPPORT"},{"catalog_number":"3789333M1","name":"OIL LEVEL GAUGE"},{"catalog_number":"3789331M2","name":"SWITCH"},{"catalog_number":"3789318M92","name":"AIR FILTER"},{"catalog_number":"3789318M91","name":"AIR FILTER"},{"catalog_number":"3789315M2","name":"PIPE STRAP"},{"catalog_number":"3789310M7","name":"FAN SHELL"},{"catalog_number":"378929X1","name":"UNION"},{"catalog_number":"3789287M1","name":"COWL"},{"catalog_number":"3789284M1","name":"SPACER"},{"catalog_number":"3789277M2","name":"HOSE"},{"catalog_number":"3789256M1","name":"CLUTCH"},{"catalog_number":"3789249M1","name":"SQUARE."},{"catalog_number":"3789247M2","name":"AXLE HOLDER"},{"catalog_number":"3789243M3","name":"PLATE"},{"catalog_number":"3789236M1","name":"SAFETY BELT"},{"catalog_number":"3789177M1","name":"HYDRAULIC HOSE"},{"catalog_number":"3789161M1","name":"HYDR. HOSE"},{"catalog_number":"3789160M1","name":"HYDR. HOSE"},{"catalog_number":"3789157M1","name":"HYDR. HOSE"},{"catalog_number":"3789156M2","name":"HYDR. HOSE"},{"catalog_number":"3789153M1","name":"HYDR. HOSE"},{"catalog_number":"3789152M2","name":"HYDR. HOSE"},{"catalog_number":"3789151M3","name":"HYDR. HOSE"},{"catalog_number":"3789150M1","name":"CLAMP"},{"catalog_number":"3789145M2","name":"TUBE"},{"catalog_number":"3789144M2","name":"TUBE"},{"catalog_number":"3789138M2","name":"TUBE"},{"catalog_number":"3789137M1","name":"SUPPORT"},{"catalog_number":"3789134M2","name":"HYDR. HOSE"},{"catalog_number":"3789130M3","name":"HYDR. HOSE"},{"catalog_number":"3789129M1","name":"HYDR. HOSE"},{"catalog_number":"3789128M1","name":"HYDR. HOSE"},{"catalog_number":"3789127M1","name":"HYDR. HOSE"},{"catalog_number":"3789126M1","name":"HYDR. HOSE"},{"catalog_number":"3789125M1","name":"HYDR. HOSE"},{"catalog_number":"3789124M2","name":"HYDR. HOSE"},{"catalog_number":"3789122M1","name":"HYDRAULIC HOSE"},{"catalog_number":"3789121M2","name":"HYDR. HOSE"},{"catalog_number":"3789120M1","name":"HYDRAULIC HOSE"},{"catalog_number":"3789119M2","name":"HYDR. HOSE"},{"catalog_number":"3789118M2","name":"HYDR. HOSE"},{"catalog_number":"3789117M1","name":"HYDRAULIC HOSE"},{"catalog_number":"3789116M1","name":"HYDR. HOSE"},{"catalog_number":"3789115M2","name":"HYDRAULIC HOSE"},{"catalog_number":"3789114M1","name":"SUPPLY HOSE"},{"catalog_number":"3789113M3","name":"HYDR. HOSE"},{"catalog_number":"3789112M2","name":"HYDR. HOSE"},{"catalog_number":"3789111M2","name":"HYDR. HOSE"},{"catalog_number":"3789110M2","name":"HYDR. HOSE"},{"catalog_number":"3789109M2","name":"HYDR. HOSE"},{"catalog_number":"3789108M1","name":"HYDR. HOSE"},{"catalog_number":"3789107M1","name":"HYDRAULIC HOSE"},{"catalog_number":"3789106M1","name":"HYDRAULIC HOSE"},{"catalog_number":"3789105M2","name":"HYDRAULIC HOSE"},{"catalog_number":"3789104M1","name":"HYDR. HOSE"},{"catalog_number":"3789103M1","name":"HYDR. HOSE"},{"catalog_number":"3789102M2","name":"HYDR. HOSE"},{"catalog_number":"3789101M2","name":"HYDR. HOSE"},{"catalog_number":"3789100M2","name":"HYDR. HOSE"},{"catalog_number":"3789098M3","name":"HYDR. HOSE"},{"catalog_number":"3789097M1","name":"HYDR. HOSE"},{"catalog_number":"3789096M2","name":"HYDR. HOSE"},{"catalog_number":"3789095M1","name":"HYDR. HOSE"},{"catalog_number":"3789094M2","name":"HYDR. HOSE"},{"catalog_number":"3789093M3","name":"HYDR. HOSE"},{"catalog_number":"3789093M1","name":"HYDR. HOSE"},{"catalog_number":"3789092M1","name":"HYDR. HOSE"},{"catalog_number":"3789091M1","name":"HYDR. HOSE"},{"catalog_number":"3789090M1","name":"HYDR. HOSE"},{"catalog_number":"3789088M1","name":"HYDR. HOSE"},{"catalog_number":"3789087M1","name":"HYDR. HOSE"},{"catalog_number":"3789086M1","name":"HYDR. HOSE"},{"catalog_number":"3789084M1","name":"HYDR. HOSE"},{"catalog_number":"3789083M2","name":"TUBE"},{"catalog_number":"3789082M2","name":"TUBE"},{"catalog_number":"3789081M1","name":"HYDR. HOSE"},{"catalog_number":"3789080M1","name":"HYDR. HOSE"},{"catalog_number":"3789078M1","name":"WHEEL WEIGHT"},{"catalog_number":"3789077M1","name":"WHEEL WEIGHT"},{"catalog_number":"3789075M3","name":"HYDR. HOSE"},{"catalog_number":"3789073M1","name":"SPACER"},{"catalog_number":"378905X1","name":"UNION"},{"catalog_number":"3789035M1","name":"A/C COMPRESSOR"},{"catalog_number":"3789032M1","name":"BRIDLE"},{"catalog_number":"3789030M1","name":"ARM"},{"catalog_number":"3789029M1","name":"MUDGUARD SUPPORT"},{"catalog_number":"3789028M1","name":"BELT"},{"catalog_number":"3789027M1","name":"VIBRATION MOUNT"},{"catalog_number":"3789013M2","name":"BRIDLE"},{"catalog_number":"3788995M4","name":"SUPPORT"},{"catalog_number":"3788950M91","name":"GRIP"},{"catalog_number":"3788888M92","name":"HOOK"},{"catalog_number":"3788886M1","name":"WASHER"},{"catalog_number":"3788873M1","name":"CLEVIS PIN"},{"catalog_number":"3788830M1","name":"BAFFLE"},{"catalog_number":"3788829M3","name":"BAFFLE"},{"catalog_number":"3788814M1","name":"DECAL"},{"catalog_number":"3788804M1","name":"HYDR. HOSE"},{"catalog_number":"3788797M2","name":"CABLE"},{"catalog_number":"3788796M2","name":"CABLE"},{"catalog_number":"3788795M2","name":"BRIDLE"},{"catalog_number":"3788795M1","name":"BRIDLE"},{"catalog_number":"3788790M13","name":"PARTS PACK"},{"catalog_number":"3788783M1","name":"TUBE"},{"catalog_number":"3788782M3","name":"SUPPORT"},{"catalog_number":"3788776M2","name":"SUPPORT, LH"},{"catalog_number":"3788775M1","name":"SUPPORT, RH"},{"catalog_number":"3788759M1","name":"TUBE"},{"catalog_number":"3788757M1","name":"BLEEDER"},{"catalog_number":"3788755M3","name":"TUBE"},{"catalog_number":"3788755M2","name":"TUBE"},{"catalog_number":"3788754M1","name":"SPACER"},{"catalog_number":"3788752M1","name":"CAN"},{"catalog_number":"3788749M1","name":"TUBE"},{"catalog_number":"3788748M2","name":"SUPPORT"},{"catalog_number":"3788746M1","name":"TUBE"},{"catalog_number":"3788745M1","name":"TUBE"},{"catalog_number":"3788744M1","name":"TUBE"},{"catalog_number":"3788743M2","name":"TUBE"},{"catalog_number":"3788742M1","name":"TUBE"},{"catalog_number":"3788741M1","name":"SUPPORT"},{"catalog_number":"3788734M1","name":"CLAMP"},{"catalog_number":"3788718M1","name":"RAM"},{"catalog_number":"3788714M91","name":"HARNESS"},{"catalog_number":"3788699M93","name":"WORKLIGHT"},{"catalog_number":"3788687M91","name":"HARNESS"},{"catalog_number":"3788676M92","name":"LEFT HAND BAR"},{"catalog_number":"3788675M92","name":"RIGHT HAND BAR"},{"catalog_number":"3788673M1","name":"SUPPORT"},{"catalog_number":"3788655M2","name":"COWL"},{"catalog_number":"3788642M1","name":"WASHER"},{"catalog_number":"3788638M1","name":"GEAR"},{"catalog_number":"3788637M1","name":"KIT, CARRIER"},{"catalog_number":"3788635M1","name":"SHAFT"},{"catalog_number":"3788633M1","name":"SPIDER"},{"catalog_number":"3788632M1","name":"SHAFT"},{"catalog_number":"3788631M1","name":"UNIVERSAL JOINT"},{"catalog_number":"3788629M1","name":"SCREW"},{"catalog_number":"3788617M1","name":"HOSE"},{"catalog_number":"3788608M1","name":"PIN"},{"catalog_number":"3788607M1","name":"PIN"},{"catalog_number":"3788605M1","name":"CLIP"},{"catalog_number":"3788603M1","name":"LOCKNUT"},{"catalog_number":"3788598M1","name":"CLEVIS PIN"},{"catalog_number":"3788596M1","name":"CLEVIS PIN"},{"catalog_number":"3788588M91","name":"CLEVIS PIN"},{"catalog_number":"3788571M91","name":"TUBE"},{"catalog_number":"3788565M1","name":"SPRING"},{"catalog_number":"3788523M2","name":"HARNESS"},{"catalog_number":"3788509M1","name":"COWL"},{"catalog_number":"3788504M92","name":"RAIL"},{"catalog_number":"3788499M1","name":"SPRING"},{"catalog_number":"3788498M1","name":"CLEVIS PIN"},{"catalog_number":"3788472M91","name":"BAR"},{"catalog_number":"3788468M1","name":"PROTECTION"},{"catalog_number":"3788467M1","name":"PROTECTION"},{"catalog_number":"3788462M1","name":"REFLECTINGMIRROR"},{"catalog_number":"3788461M1","name":"REFLECTINGMIRROR"},{"catalog_number":"3788460M1","name":"REFLECTINGMIRROR"},{"catalog_number":"3788459M1","name":"RETAINER"},{"catalog_number":"3788452M2","name":"TORSION SPRING"},{"catalog_number":"3788450M3","name":"SUPPORT"},{"catalog_number":"3788440M1","name":"LEVER"},{"catalog_number":"3788435M1","name":"SENSOR MOUNT"},{"catalog_number":"3788430M92","name":"HARNESS"},{"catalog_number":"3788429M91","name":"HARNESS"},{"catalog_number":"3788428M91","name":"HARNESS"},{"catalog_number":"3788427M1","name":"BLANKING PLATE"},{"catalog_number":"3788426M1","name":"HARNESS"},{"catalog_number":"3788417M2","name":"PLATE"},{"catalog_number":"3788408M1","name":"CLEVIS"},{"catalog_number":"339457X1","name":"LOCKWASHER"},{"catalog_number":"339456X1","name":"FLAT WASHER"},{"catalog_number":"339448X1","name":"SPHERICAL WASHER"},{"catalog_number":"339447X1","name":"WHEEL NUT"},{"catalog_number":"339441X1","name":"PARALLEL KEY"},{"catalog_number":"339437X1","name":"RETAINING RING"},{"catalog_number":"339436X1","name":"BEAR. 6307"},{"catalog_number":"339426X1","name":"KNOB"},{"catalog_number":"339423X1","name":"HEX HEAD BOLT"},{"catalog_number":"339422X1","name":"RETAINING RING"},{"catalog_number":"339418X1","name":"ROUND HEAD SCREW"},{"catalog_number":"339414X1","name":"SPIROL PIN"},{"catalog_number":"339394X1","name":"TAPER BEARING"},{"catalog_number":"339390X1","name":"SPIROL PIN"},{"catalog_number":"339381X1","name":"LOCKWASHER"},{"catalog_number":"339380X1","name":"LOCKWASHER"},{"catalog_number":"339378X1","name":"LOCKWASHER"},{"catalog_number":"339367X1","name":"MACHINE SCREW"},{"catalog_number":"339361X1","name":"RETAINING RING"},{"catalog_number":"339356X1","name":"RETAINING RING"},{"catalog_number":"339337X1","name":"HEX HEAD BOLT"},{"catalog_number":"339328X1","name":"FLAT WASHER"},{"catalog_number":"339322X1","name":"RETAINING RING"},{"catalog_number":"339313X1","name":"SPIROL PIN"},{"catalog_number":"339311X1","name":"SPIROL PIN"},{"catalog_number":"339310X1","name":"PARALLEL KEY"},{"catalog_number":"339307X1","name":"SPIROL PIN"},{"catalog_number":"339303X1","name":"SPIROL PIN"},{"catalog_number":"339302052160","name":"PIN"},{"catalog_number":"339300X1","name":"FLAT WASHER"},{"catalog_number":"339291X1","name":"HEX HEAD BOLT"},{"catalog_number":"339282X1","name":"HEX HEAD BOLT"},{"catalog_number":"339276X1","name":"RETAINING RING"},{"catalog_number":"339269X1","name":"HEX HEAD BOLT"},{"catalog_number":"339257X1","name":"SPIROL PIN"},{"catalog_number":"339252X1","name":"HEX NUT"},{"catalog_number":"339251X1","name":"BEAR. 6205 2Z"},{"catalog_number":"339249X1","name":"SPIROL PIN"},{"catalog_number":"339248X1","name":"SPIROL PIN"},{"catalog_number":"339247X1","name":"ROUND HEAD SCREW"},{"catalog_number":"339246X1","name":"HEX HEAD BOLT"},{"catalog_number":"339244X1","name":"HEX HEAD BOLT"},{"catalog_number":"339238X1","name":"BOLT"},{"catalog_number":"339234X1","name":"HEX HEAD BOLT"},{"catalog_number":"339233X1","name":"SLOTTED NUT"},{"catalog_number":"339230X1","name":"HEX HEAD BOLT"},{"catalog_number":"339229X1","name":"HEX HEAD BOLT"},{"catalog_number":"339226X1","name":"ROUND HEAD SCREW"},{"catalog_number":"339214X1","name":"HEX HEAD BOLT"},{"catalog_number":"339202250040","name":"SECURING CLIP"},{"catalog_number":"339202250031","name":"SPLITTER"},{"catalog_number":"339202060040","name":"DISC"},{"catalog_number":"339202060030","name":"FELT WASHER"},{"catalog_number":"339199X1","name":"RETAINING RING"},{"catalog_number":"339194X1","name":"SPIROL PIN"},{"catalog_number":"339193X1","name":"SPIROL PIN"},{"catalog_number":"339192X1","name":"SPIROL PIN"},{"catalog_number":"339186X1","name":"HEX NUT"},{"catalog_number":"339183X1","name":"HEX NUT"},{"catalog_number":"339182X1","name":"HEX HEAD BOLT"},{"catalog_number":"339174X1","name":"SPIROL PIN"},{"catalog_number":"339170X1","name":"ROUND HEAD SCREW"},{"catalog_number":"339168X1","name":"HEX HEAD BOLT"},{"catalog_number":"339160X1","name":"HEX HEAD BOLT"},{"catalog_number":"339150X1","name":"SCREW METRIC"},{"catalog_number":"339150222440","name":"THRUST PIECE"},{"catalog_number":"339150222430","name":"SHIFTER SHAFT"},{"catalog_number":"339149X1","name":"ROUND HEAD SCREW"},{"catalog_number":"339144X1","name":"BOLT"},{"catalog_number":"339136X1","name":"HEX HEAD BOLT"},{"catalog_number":"339132X1","name":"HEX HEAD BOLT"},{"catalog_number":"339128X1","name":"RIVET"},{"catalog_number":"339127X1","name":"BOLT"},{"catalog_number":"339126X1","name":"RETAINING RING"},{"catalog_number":"339109X1","name":"RIVET"},{"catalog_number":"339107X1","name":"WING SCREW"},{"catalog_number":"339102X1","name":"FLAT WASHER"},{"catalog_number":"339100320020","name":"DISC"},{"catalog_number":"339100101050","name":"ROD"},{"catalog_number":"339100080140","name":"OIL COLLECT PLT"},{"catalog_number":"339096X1","name":"HEX HEAD BOLT"},{"catalog_number":"339094X1","name":"RETAINING RING"},{"catalog_number":"339089X1","name":"HEX NUT"},{"catalog_number":"339082X1","name":"RIVET"},{"catalog_number":"339080X1","name":"SPIROL PIN"},{"catalog_number":"339079X1","name":"HEX NUT"},{"catalog_number":"339075X1","name":"SLOTTED NUT"},{"catalog_number":"339073X1","name":"BALL BEARING"},{"catalog_number":"339072X1","name":"FLAT WASHER"},{"catalog_number":"339071X1","name":"SPIROL PIN"},{"catalog_number":"339070X1","name":"HEX NUT"},{"catalog_number":"339069X1","name":"RETAINING RING"},{"catalog_number":"339068X1","name":"HEX NUT"},{"catalog_number":"339065X1","name":"BALL BEARING"},{"catalog_number":"339064X1","name":"BALL BEARING"},{"catalog_number":"339055X1","name":"SPIROL PIN"},{"catalog_number":"339053X1","name":"HEX HEAD BOLT"},{"catalog_number":"339052X1","name":"SPIROL PIN"},{"catalog_number":"339050X1","name":"BOLT METRIC"},{"catalog_number":"339047X1","name":"PARALLEL KEY"},{"catalog_number":"339046X1","name":"SLOTTED NUT"},{"catalog_number":"339037X1","name":"SPLIT PIN"},{"catalog_number":"339026X1","name":"FLAT WASHER"},{"catalog_number":"339025X1","name":"FLAT WASHER"},{"catalog_number":"339024X1","name":"FLAT WASHER"},{"catalog_number":"339018X1","name":"HEX HEAD BOLT"},{"catalog_number":"339013X1","name":"HEX HEAD BOLT"},{"catalog_number":"339004X1","name":"GREASE FITTING"},{"catalog_number":"339003X1","name":"GREASE FITTING"},{"catalog_number":"339002X1","name":"NIPPLE"},{"catalog_number":"3389982M1","name":"SPACER"},{"catalog_number":"3389958M1","name":"SPACER"},{"catalog_number":"3389917M3","name":"COUPLING"},{"catalog_number":"3389861M91","name":"SHAFT"},{"catalog_number":"3389854M1","name":"SELF TAP SCREWS"},{"catalog_number":"3389841M1","name":"CLIP"},{"catalog_number":"3389825M1","name":"COUPLER"},{"catalog_number":"338980X1","name":"RIVET"},{"catalog_number":"3389791M1","name":"BUSH"},{"catalog_number":"3389766M1","name":"BUSH"},{"catalog_number":"3389751M1","name":"SPACER"},{"catalog_number":"3389750M1","name":"SUPPORT, LH"},{"catalog_number":"3389749M1","name":"SUPPORT, RH"},{"catalog_number":"3389746M2","name":"AIR FILTR CARBON"},{"catalog_number":"338972X1","name":"HARDENED WASHER"},{"catalog_number":"3389703M1","name":"SKATE"},{"catalog_number":"3389702M1","name":"HYDR. HOSE"},{"catalog_number":"3389680M1","name":"PLUG"},{"catalog_number":"3389664M1","name":"JET"},{"catalog_number":"3389636M3","name":"SPACER"},{"catalog_number":"3389631M91","name":"BRAKE"},{"catalog_number":"3389620M1","name":"HARDENED WASHER"},{"catalog_number":"3389619M1","name":"HEX CAP SCREW"},{"catalog_number":"3389615M1","name":"GLAND"},{"catalog_number":"3389614M1","name":"RADIAL SEAL RING"},{"catalog_number":"3389613M2","name":"SEAL"},{"catalog_number":"3389612M1","name":"ADJUSTING SHIM"},{"catalog_number":"3389610M1","name":"ADJUSTING SHIM"},{"catalog_number":"3389605M1","name":"SPRING"},{"catalog_number":"3389604M1","name":"HUB"},{"catalog_number":"3389603M1","name":"WASHER"},{"catalog_number":"3389599M1","name":"NEEDLE CAGE"},{"catalog_number":"3389598M1","name":"SPACER"},{"catalog_number":"3389596M1","name":"REFLECTOR"},{"catalog_number":"3389580M2","name":"LEVER"},{"catalog_number":"3389553M1","name":"HEX HEAD BOLT"},{"catalog_number":"3389552M1","name":"HEX HEAD BOLT"},{"catalog_number":"3389525M1","name":"BELT"},{"catalog_number":"3389517M1","name":"EARTH STRAP"},{"catalog_number":"3389506M1","name":"BELLOWS"},{"catalog_number":"3389495M1","name":"SPACER"},{"catalog_number":"3389452M1","name":"HYDR. HOSE"},{"catalog_number":"3389410M1","name":"GROMMET"},{"catalog_number":"3389401M1","name":"FASTENER"},{"catalog_number":"3389385M1","name":"ADJUSTING SHIM"},{"catalog_number":"3389384M1","name":"ADJUSTING SHIM"},{"catalog_number":"3389383M1","name":"ADJUSTING SHIM"},{"catalog_number":"3389379M3","name":"SUPPORT"},{"catalog_number":"3389354M3","name":"PISTON"},{"catalog_number":"3389351M1","name":"SPRING NUT"},{"catalog_number":"3389349M1","name":"SCREW SPECIAL"},{"catalog_number":"3389347M2","name":"SHAFT"},{"catalog_number":"3389346M1","name":"BUSH"},{"catalog_number":"3389345M3","name":"COVER"},{"catalog_number":"3389339M2","name":"SEALING HOLDER"},{"catalog_number":"3389338M1","name":"SHAFT"},{"catalog_number":"3389337M1","name":"PINION"},{"catalog_number":"3389333M1","name":"PINION"},{"catalog_number":"3389332M2","name":"PINION"},{"catalog_number":"3389330M1","name":"HEX HEAD BOLT"},{"catalog_number":"3389250M1","name":"SPRING NUT"},{"catalog_number":"338923X1","name":"GASKET"},{"catalog_number":"3389212M91","name":"SUPPORT"},{"catalog_number":"3389211M1","name":"WASHER"},{"catalog_number":"338919X1","name":"ELBOW"},{"catalog_number":"338909X1","name":"O RING"},{"catalog_number":"338906X91","name":"UNION"},{"catalog_number":"3388920M94","name":"SUPPORT"},{"catalog_number":"3388889M1","name":"GROMMET"},{"catalog_number":"3388840M3","name":"CAB FILTER"},{"catalog_number":"3388803M1","name":"SPACER"},{"catalog_number":"3388779M1","name":"TEE FITTING"},{"catalog_number":"3388743M1","name":"FRAME ASSY"},{"catalog_number":"3388674M2","name":"CABLE"},{"catalog_number":"3388651M1","name":"BEARING ASSY"},{"catalog_number":"3388607M2","name":"SEAL CAP"},{"catalog_number":"3388603M1","name":"GUIDE"},{"catalog_number":"3388556M1","name":"BUSH"},{"catalog_number":"3388511M91","name":"GRIP"},{"catalog_number":"3388475M3","name":"LEVER"},{"catalog_number":"3388458M4","name":"HARNESS"},{"catalog_number":"3388442M91","name":"SHAFT"},{"catalog_number":"3388440M1","name":"CAP"},{"catalog_number":"3388439M2","name":"DRIVE PINION"},{"catalog_number":"3388399M2","name":"DUST SHIELD"},{"catalog_number":"338831X1","name":"HARDENED WASHER"},{"catalog_number":"338828X1","name":"BLIND RIVET"},{"catalog_number":"3388272M1","name":"WASHER"},{"catalog_number":"3388266M1","name":"SPRING"},{"catalog_number":"3388265M2","name":"SCREW SPECIAL"},{"catalog_number":"3388264M1","name":"CAP"},{"catalog_number":"3388245M1","name":"PLATE"},{"catalog_number":"3388231M1","name":"SPRING NUT"},{"catalog_number":"3388153M1","name":"CLAMP"},{"catalog_number":"3388113M1","name":"HYDRAULIC HOSE"},{"catalog_number":"3388110M1","name":"O RING"},{"catalog_number":"3388063M2","name":"SEAL CAP"},{"catalog_number":"3388030M1","name":"LOUVRE"},{"catalog_number":"3388024M1","name":"PISTON"},{"catalog_number":"338795X91","name":"UNION"},{"catalog_number":"3387939M2","name":"EXTENSION"},{"catalog_number":"3387938M1","name":"NUT"},{"catalog_number":"3387937M1","name":"TOP LOCK NUT"},{"catalog_number":"3387843M2","name":"CLEVIS PIN"},{"catalog_number":"3387842M1","name":"BUSH"},{"catalog_number":"3387838M11","name":"WHEEL HUB"},{"catalog_number":"3387756M1","name":"CLIP"},{"catalog_number":"3387748M1","name":"CAP"},{"catalog_number":"3387729M97","name":"PINION"},{"catalog_number":"3387724M1","name":"BUSH"},{"catalog_number":"3387715M1","name":"BUSH"},{"catalog_number":"3387714M3","name":"SPRING"},{"catalog_number":"3387713M3","name":"NON RETURN VALVE"},{"catalog_number":"3387711M93","name":"NON RETURN VALVE"},{"catalog_number":"338769X91","name":"UNION"},{"catalog_number":"338764X1","name":"O RING"},{"catalog_number":"338763X1","name":"O RING"},{"catalog_number":"3387632M2","name":"SPRING"},{"catalog_number":"338762X1","name":"O RING"},{"catalog_number":"338761X1","name":"O RING"},{"catalog_number":"338760X1","name":"O RING"},{"catalog_number":"3387578M1","name":"CLIP"},{"catalog_number":"3387566M2","name":"CLEVIS PIN"},{"catalog_number":"3387555M1","name":"GROMMET"},{"catalog_number":"3387515M1","name":"HOSE"},{"catalog_number":"3387513M1","name":"SPACER"},{"catalog_number":"3387512M1","name":"DAMPER"},{"catalog_number":"3387509M92","name":"PINION"},{"catalog_number":"338747X91","name":"UNION"},{"catalog_number":"3387447M1","name":"FLAT WASHER"},{"catalog_number":"338739X1","name":"ELBOW UNION"},{"catalog_number":"338738X1","name":"UNION"},{"catalog_number":"3387381M1","name":"BEARING ASSY"},{"catalog_number":"338737X1","name":"UNION"},{"catalog_number":"338736X1","name":"TEE FITTING"},{"catalog_number":"3387347M2","name":"FRICTION DISC"},{"catalog_number":"3387347M1","name":"FRICTION DISC"},{"catalog_number":"3387346M1","name":"COUNTERPLATE"},{"catalog_number":"3387343M1","name":"NEEDLE CAGE"},{"catalog_number":"3387326M2","name":"RELAY"},{"catalog_number":"3387322M1","name":"FUSE 25A"},{"catalog_number":"3387319M1","name":"FUSE 7,5A"},{"catalog_number":"3387318M1","name":"FUSE 5A"},{"catalog_number":"3387282M2","name":"FRICTION WASHER"},{"catalog_number":"3387281M1","name":"FRICTION WASHER"},{"catalog_number":"338727X1","name":"NUT METRIC"},{"catalog_number":"3387270M93","name":"PIN HITCH"},{"catalog_number":"3387270M92","name":"PIN HITCH"},{"catalog_number":"338725X1","name":"UNION"},{"catalog_number":"338724X1","name":"UNION"},{"catalog_number":"3387233M1","name":"THRUST WASHER"},{"catalog_number":"3387198M2","name":"SUPPORT"},{"catalog_number":"3387193M1","name":"PISTON"},{"catalog_number":"3387192M4","name":"COVER"},{"catalog_number":"3387182M1","name":"ADJUSTING SHIM"},{"catalog_number":"338717X91","name":"UNION"},{"catalog_number":"3387171M1","name":"NEEDLE CAGE"},{"catalog_number":"338716X91","name":"UNION"}]}