{"machinery_brand_name":"Ag-Chem","parts":[{"catalog_number":"4223571M1","name":"STUD BOLT"},{"catalog_number":"4223467M1","name":"JOINT"},{"catalog_number":"4223147M91","name":"TIMINGGEAR COVER"},{"catalog_number":"4223130M91","name":"JOINT/GASKET KIT"},{"catalog_number":"4223120M91","name":"INJECTION PUMP"},{"catalog_number":"4223120E91","name":"INJECTION PUMP"},{"catalog_number":"4223109M91","name":"WATER PUMP"},{"catalog_number":"4223074M1","name":"VALVE GUIDE"},{"catalog_number":"4223073M1","name":"VALVE GUIDE"},{"catalog_number":"4223042M1","name":"EXHAUST MANIFOLD"},{"catalog_number":"4222919M1","name":"GASKET"},{"catalog_number":"4222918M1","name":"JOINT"},{"catalog_number":"4222912M1","name":"JOINT"},{"catalog_number":"4222881M1","name":"GASKET"},{"catalog_number":"4222834M1","name":"O RING"},{"catalog_number":"4222821M1","name":"INSERT"},{"catalog_number":"4222782M1","name":"PLUG"},{"catalog_number":"4222779M1","name":"FUEL PIPE"},{"catalog_number":"4222773M1","name":"STUD BOLT"},{"catalog_number":"4222772M1","name":"CONNECTION"},{"catalog_number":"4222771M1","name":"PULLEY"},{"catalog_number":"4222770M1","name":"HEX CAP SCREW"},{"catalog_number":"4222768M1","name":"ADAPTER"},{"catalog_number":"4222767M1","name":"PLUG"},{"catalog_number":"4222766M1","name":"WASHER"},{"catalog_number":"4222762M1","name":"PULLEY,FAN"},{"catalog_number":"4222761M1","name":"FLYWHEEL HOUSING"},{"catalog_number":"4222720M1","name":"STUD BOLT"},{"catalog_number":"4222718M1","name":"GASKET"},{"catalog_number":"4222713M1","name":"O RING"},{"catalog_number":"4222709M1","name":"STUD BOLT"},{"catalog_number":"4222634M1","name":"HEX. FLANGE BOLT"},{"catalog_number":"4222571M91","name":"KIT, BEARING"},{"catalog_number":"4222563M1","name":"JOINT"},{"catalog_number":"4222552M1","name":"DOWEL"},{"catalog_number":"4222546M1","name":"GASKET"},{"catalog_number":"4222545M1","name":"PLATE"},{"catalog_number":"4222539M91","name":"KIT, CYL. HEAD"},{"catalog_number":"4222536M1","name":"HOSE"},{"catalog_number":"4222518M1","name":"INJECTION PIPE"},{"catalog_number":"4222517M1","name":"INJECTION PIPE"},{"catalog_number":"4222516M1","name":"INJECTION PIPE"},{"catalog_number":"4222515M1","name":"INJECTION PIPE"},{"catalog_number":"4222514M1","name":"INJECTION PIPE"},{"catalog_number":"4222513M1","name":"INJECTION PIPE"},{"catalog_number":"4222512M1","name":"DOWEL"},{"catalog_number":"4222500M1","name":"HEAD GASKET"},{"catalog_number":"4222490M1","name":"DIPSTICK"},{"catalog_number":"4222485M1","name":"HEX CAP SCREW"},{"catalog_number":"4222477M91","name":"KIT, CYL. HEAD"},{"catalog_number":"4222477E92","name":"KIT, CYL. HEAD"},{"catalog_number":"4222466M91","name":"WATER PUMP"},{"catalog_number":"4222461M1","name":"JOINT"},{"catalog_number":"4222457M1","name":"JOINT"},{"catalog_number":"4222447M1","name":"CAP"},{"catalog_number":"4222446M1","name":"HEX CAP SCREW"},{"catalog_number":"4222445M1","name":"ADAPTER"},{"catalog_number":"4222442M1","name":"GASKET"},{"catalog_number":"4222439M1","name":"DOWEL"},{"catalog_number":"4222405M1","name":"O RING"},{"catalog_number":"4222358M91","name":"KIT, CYL. HEAD"},{"catalog_number":"4222354M1","name":"HEAD GASKET"},{"catalog_number":"4222343M1","name":"COVER"},{"catalog_number":"4222342M91","name":"INJECTION PUMP"},{"catalog_number":"4222342E91","name":"INJECTION PUMP"},{"catalog_number":"4222341M1","name":"HEX. FLANGE BOLT"},{"catalog_number":"4222331M1","name":"PULLEY"},{"catalog_number":"4222327M91","name":"FUEL LINE"},{"catalog_number":"4222325M1","name":"WASHER"},{"catalog_number":"4222322M1","name":"CLIP"},{"catalog_number":"4222321M1","name":"HOSE"},{"catalog_number":"4222319M1","name":"WASHER"},{"catalog_number":"4222317M1","name":"OIL SUMP"},{"catalog_number":"4222316M1","name":"WIRE"},{"catalog_number":"4222314M1","name":"GASKET"},{"catalog_number":"4222311M1","name":"GASKET"},{"catalog_number":"4222303M1","name":"FLYWHEEL HOUSING"},{"catalog_number":"4222302M1","name":"SPACER"},{"catalog_number":"4222301M1","name":"PULLEY"},{"catalog_number":"4222297M91","name":"PIPE"},{"catalog_number":"4222296M91","name":"OIL SUMP"},{"catalog_number":"4222294M1","name":"CIRCLIP"},{"catalog_number":"4222285M1","name":"CONNECTION"},{"catalog_number":"4222278M91","name":"CYLINDER HEAD"},{"catalog_number":"4222266M91","name":"INJECTION PUMP"},{"catalog_number":"4222266E91","name":"INJECTION PUMP"},{"catalog_number":"4222265M91","name":"INJECTION PUMP"},{"catalog_number":"4222265E91","name":"INJECTION PUMP"},{"catalog_number":"4222239M1","name":"HOSE"},{"catalog_number":"4222237M1","name":"JOINT"},{"catalog_number":"4222219M91","name":"KIT, REPAIR"},{"catalog_number":"4222217M1","name":"CLIP"},{"catalog_number":"4222212M1","name":"PIPE"},{"catalog_number":"4222200M1","name":"HOSE"},{"catalog_number":"4222175M91","name":"KIT, REPAIR"},{"catalog_number":"4222153M1","name":"CONNECTION"},{"catalog_number":"4222144M1","name":"PLUG"},{"catalog_number":"4222124M1","name":"GASKET"},{"catalog_number":"4222105M91","name":"FUEL PUMP"},{"catalog_number":"4222100M1","name":"HEX CAP SCREW"},{"catalog_number":"4222099M1","name":"OIL PIPE"},{"catalog_number":"4222097M1","name":"O RING"},{"catalog_number":"4222095M1","name":"GASKET"},{"catalog_number":"4222085M1","name":"CLIP"},{"catalog_number":"4222084M1","name":"CLIP"},{"catalog_number":"4222083M1","name":"CLIP"},{"catalog_number":"4222082M91","name":"PIPE"},{"catalog_number":"4222081M91","name":"PIPE"},{"catalog_number":"4222080M91","name":"PIPE"},{"catalog_number":"4222079M91","name":"PIPE"},{"catalog_number":"4222078M91","name":"PIPE"},{"catalog_number":"4222077M91","name":"PIPE"},{"catalog_number":"4222068M1","name":"JOINT"},{"catalog_number":"4222060M1","name":"FILLER"},{"catalog_number":"4222059M1","name":"O RING"},{"catalog_number":"4222053M91","name":"KIT, PISTON RING"},{"catalog_number":"4222049M1","name":"OIL PIPE"},{"catalog_number":"4222048M1","name":"PLATE"},{"catalog_number":"4222047M1","name":"EXHAUST MANIFOLD"},{"catalog_number":"4222046M1","name":"INDUCT.MANIFOLD"},{"catalog_number":"4222045M1","name":"FUEL PIPE"},{"catalog_number":"4222043M1","name":"PLUG"},{"catalog_number":"4222033M1","name":"ELBOW"},{"catalog_number":"4222017M1","name":"BUSH"},{"catalog_number":"4222012M1","name":"PLUG"},{"catalog_number":"4222003M1","name":"JOINT"},{"catalog_number":"4222002M91","name":"WATER PUMP"},{"catalog_number":"4205521M1","name":"NUT"},{"catalog_number":"4200187M91","name":"KIT, SERVICE"},{"catalog_number":"4200161M91","name":"TRANSMISSION"},{"catalog_number":"4200161E91","name":"TRANSMISSION"},{"catalog_number":"4200160E91","name":"TRANSMISSION"},{"catalog_number":"4200158E91","name":"TRANSMISSION"},{"catalog_number":"4200105M93","name":"HOUSING"},{"catalog_number":"4200069M93","name":"KIT"},{"catalog_number":"4200056M93","name":"KIT, LINING"},{"catalog_number":"4200053M91","name":"PTO CLUTCH"},{"catalog_number":"4200052M91","name":"PTO CLUTCH"},{"catalog_number":"4200006M91","name":"KIT, BEVEL GEAR"},{"catalog_number":"419143M91","name":"FLANGE"},{"catalog_number":"419028M1","name":"BUSH"},{"catalog_number":"418989M1","name":"LINING"},{"catalog_number":"418979M1","name":"COWL"},{"catalog_number":"418656M1","name":"PIPE"},{"catalog_number":"418655M1","name":"PIPE"},{"catalog_number":"418654M1","name":"PIPE"},{"catalog_number":"418653M91","name":"PIPE"},{"catalog_number":"418645M1","name":"SPACER"},{"catalog_number":"418639M1","name":"BUSH"},{"catalog_number":"418621M91","name":"GRIP"},{"catalog_number":"418618M1","name":"ROD"},{"catalog_number":"418616M2","name":"QUADRANT"},{"catalog_number":"418614M91","name":"SQUARE."},{"catalog_number":"418446M1","name":"PLATE"},{"catalog_number":"418444M1","name":"PIN"},{"catalog_number":"418443M1","name":"FASTENER"},{"catalog_number":"418412M1","name":"DOOR"},{"catalog_number":"418304M1","name":"STEM"},{"catalog_number":"418012M3","name":"CYLINDER"},{"catalog_number":"417950M1","name":"BUSH"},{"catalog_number":"417860M1","name":"PRESSURE VALVE"},{"catalog_number":"417486M91","name":"SPRING"},{"catalog_number":"417414M1","name":"BEARING"},{"catalog_number":"417355M1","name":"OIL SEAL"},{"catalog_number":"417215M1","name":"ROD"},{"catalog_number":"417213M1","name":"BUSH"},{"catalog_number":"417203M2","name":"PIN"},{"catalog_number":"417134M2","name":"SPRING"},{"catalog_number":"417073M1","name":"REINFORCEMENT"},{"catalog_number":"417069M1","name":"LEVER"},{"catalog_number":"417040M91","name":"PEDAL"},{"catalog_number":"417039M91","name":"PEDAL"},{"catalog_number":"416875M1","name":"BOLT"},{"catalog_number":"416870030020","name":"BOLT"},{"catalog_number":"41681","name":"CONNECTOR"},{"catalog_number":"416584M1","name":"WASHER"},{"catalog_number":"416581M1","name":"ROLLER"},{"catalog_number":"416564M1","name":"PLATE"},{"catalog_number":"416546M1","name":"CONNECTOR"},{"catalog_number":"416200061030","name":"COVERING"},{"catalog_number":"416150070050","name":"COMPRESS. SPRING"},{"catalog_number":"416100600030","name":"PLATE"},{"catalog_number":"416100600020","name":"SEAL"},{"catalog_number":"415870M1","name":"PIN"},{"catalog_number":"415547M1","name":"WASHER"},{"catalog_number":"415331M1","name":"BEARING"},{"catalog_number":"414849M1","name":"FLANGE"},{"catalog_number":"414848M1","name":"BEARING ASSY"},{"catalog_number":"413700M1","name":"COVER"},{"catalog_number":"412444M2","name":"KNOB"},{"catalog_number":"412315M1","name":"RING"},{"catalog_number":"412261M1","name":"RING"},{"catalog_number":"412260M1","name":"BALL BEARING"},{"catalog_number":"411579","name":"FLAT WASHER"},{"catalog_number":"41145","name":"CONNECTOR"},{"catalog_number":"41137","name":"LIGHT SWITCH"},{"catalog_number":"411201090190","name":"DISCHARGE VALVE"},{"catalog_number":"411201060900","name":"THREADED INSERT"},{"catalog_number":"411201010010","name":"MARKING PLATE"},{"catalog_number":"411151600084","name":"COVER PANEL"},{"catalog_number":"411151600050","name":"SEAL"},{"catalog_number":"411151220500","name":"SHAFT LIP SEAL"},{"catalog_number":"411151220380","name":"THRUST PIECE"},{"catalog_number":"411151220070","name":"PISTON"},{"catalog_number":"411151220060","name":"BUSH"},{"catalog_number":"411151220050","name":"BRAKE DISC"},{"catalog_number":"411151150301","name":"REAR AXLE SHAFT"},{"catalog_number":"411151150230","name":"WHEEL BOLT"},{"catalog_number":"411151150100","name":"BOLT"},{"catalog_number":"411151150080","name":"PLANET PINION"},{"catalog_number":"411151150041","name":"AXLE"},{"catalog_number":"411151150023","name":"RING GEAR"},{"catalog_number":"411151150010","name":"AXLE HOUSING"},{"catalog_number":"411151010052","name":"PISTON"},{"catalog_number":"411150010100","name":"RING"},{"catalog_number":"411101630010","name":"RING"},{"catalog_number":"411101090201","name":"PROFILE SHAFT"},{"catalog_number":"411100410695","name":"DISC"},{"catalog_number":"411100410690","name":"DISC"},{"catalog_number":"411100410685","name":"DISC"},{"catalog_number":"411100410680","name":"DISC"},{"catalog_number":"411100410675","name":"DISC"},{"catalog_number":"411100410670","name":"DISC"},{"catalog_number":"411100410665","name":"DISC"},{"catalog_number":"411100410660","name":"DISC"},{"catalog_number":"411100410655","name":"DISC"},{"catalog_number":"411100410650","name":"DISC"},{"catalog_number":"411100410080","name":"CIRCLIP"},{"catalog_number":"411100080695","name":"SHIM RING"},{"catalog_number":"411100080690","name":"SHIM RING"},{"catalog_number":"411100080685","name":"SHIM RING"},{"catalog_number":"411100080680","name":"SHIM RING"},{"catalog_number":"411100080675","name":"SHIM RING"},{"catalog_number":"411100080670","name":"SHIM RING"},{"catalog_number":"411100080665","name":"SHIM RING"},{"catalog_number":"411100080660","name":"SHIM RING"},{"catalog_number":"411100080655","name":"SHIM RING"},{"catalog_number":"411100080650","name":"SHIM RING"},{"catalog_number":"410583M1","name":"BEARING"},{"catalog_number":"410557M1","name":"SHIM"},{"catalog_number":"410556M1","name":"SHIM"},{"catalog_number":"409965M1","name":"SOCKET 7 PIN SUP"},{"catalog_number":"408625M1","name":"BEARING"},{"catalog_number":"40793PF","name":"BOLT UNC"},{"catalog_number":"40791PF","name":"SCREW"},{"catalog_number":"40785PF","name":"HEX CAP SCREW"},{"catalog_number":"40783PF","name":"HEX CAP SCREW"},{"catalog_number":"40766PF","name":"HEX CAP SCREW"},{"catalog_number":"40764PF","name":"SCREW"},{"catalog_number":"40762PF","name":"HEX CAP SCREW"},{"catalog_number":"40741PF","name":"HEX CAP SCREW"},{"catalog_number":"40740PF","name":"HEX CAP SCREW"},{"catalog_number":"40739PF","name":"BOLT UNC"},{"catalog_number":"40738PF","name":"HEX CAP SCREW"},{"catalog_number":"40737PF","name":"HEX CAP SCREW"},{"catalog_number":"40736PF","name":"HEX CAP SCREW"},{"catalog_number":"40735PF","name":"HEX CAP SCREW"},{"catalog_number":"40734PF","name":"HEX CAP SCREW"},{"catalog_number":"40733PF","name":"SCREW"},{"catalog_number":"40731PF","name":"HEXAGONAL BOLT"},{"catalog_number":"40730PF","name":"HEX CAP SCREW"},{"catalog_number":"40726PF","name":"BOLT UNC"},{"catalog_number":"40725PF","name":"HEX HEAD BOLT"},{"catalog_number":"40724PF","name":"HEX CAP SCREW"},{"catalog_number":"40723PF","name":"CAP"},{"catalog_number":"40722PF","name":"HEX CAP SCREW"},{"catalog_number":"40711PF","name":"SCREW"},{"catalog_number":"40709PF","name":"HEX CAP SCREW"},{"catalog_number":"40707PF","name":"BOLT UNC"},{"catalog_number":"40706PF","name":"HEX HEAD BOLT"},{"catalog_number":"40705PF","name":"HEX CAP SCREW"},{"catalog_number":"40700PF","name":"HEX CAP SCREW"},{"catalog_number":"40696PF","name":"HEX HEAD BOLT"},{"catalog_number":"40693PF","name":"HEX CAP SCREW"},{"catalog_number":"40692PF","name":"HEX CAP SCREW"},{"catalog_number":"40691PF","name":"HEX CAP SCREW"},{"catalog_number":"40663PF","name":"HEX CAP SCREW"},{"catalog_number":"40662PF","name":"HEX HEAD BOLT"},{"catalog_number":"40660PF","name":"CAP"},{"catalog_number":"40659PF","name":"HEX CAP SCREW"},{"catalog_number":"40658PF","name":"HEX CAP SCREW"},{"catalog_number":"40657PF","name":"HEX CAP SCREW"},{"catalog_number":"40656PF","name":"HEX HEAD BOLT"},{"catalog_number":"40655PF","name":"BOLT UNC"},{"catalog_number":"40654PF","name":"BOLT"},{"catalog_number":"40653PF","name":"HEX CAP SCREW"},{"catalog_number":"40650PF","name":"SCREW"},{"catalog_number":"40649PF","name":"HEX CAP SCREW"},{"catalog_number":"40644PF","name":"HEX HEAD BOLT"},{"catalog_number":"40643PF","name":"HEX CAP SCREW"},{"catalog_number":"40641PF","name":"SCREW"},{"catalog_number":"40620PF","name":"BOLT"},{"catalog_number":"40616PF","name":"HEX HEAD BOLT"},{"catalog_number":"40615PF","name":"BOLT UNC"},{"catalog_number":"40612PF","name":"HEX CAP SCREW"},{"catalog_number":"40601PF","name":"HEX CAP SCREW"},{"catalog_number":"40600PF","name":"HEX CAP SCREW"},{"catalog_number":"40599PF","name":"HEX CAP SCREW"},{"catalog_number":"40598PF","name":"HEX CAP SCREW"},{"catalog_number":"40596PF","name":"HEX CAP SCREW"},{"catalog_number":"40595PF","name":"HEX CAP SCREW"},{"catalog_number":"40594PF","name":"HEX CAP SCREW"},{"catalog_number":"40592PF","name":"HEX CAP SCREW"},{"catalog_number":"40591PF","name":"HEX CAP SCREW"},{"catalog_number":"40590PF","name":"HEX HEAD BOLT"},{"catalog_number":"40589PF","name":"HEX CAP SCREW"},{"catalog_number":"40588PF","name":"BOLT UNC"},{"catalog_number":"40587PF","name":"HEX HEAD BOLT"},{"catalog_number":"40586PF","name":"HEX CAP SCREW"},{"catalog_number":"40583PF","name":"HEX CAP SCREW"},{"catalog_number":"40582PF","name":"HEX CAP SCREW"},{"catalog_number":"40581PF","name":"CAP"},{"catalog_number":"405696","name":"FLANGE"},{"catalog_number":"40568PF","name":"HEX CAP SCREW"},{"catalog_number":"40567PF","name":"HEX CAP SCREW"},{"catalog_number":"40565PF","name":"HEX CAP SCREW"},{"catalog_number":"40563PF","name":"HEX CAP SCREW"},{"catalog_number":"40517PF","name":"HEX CAP SCREW"},{"catalog_number":"40515PF","name":"HEX CAP SCREW"},{"catalog_number":"40503PF","name":"HEX HEAD BOLT"},{"catalog_number":"40502PF","name":"BOLT UNC"},{"catalog_number":"40501PF","name":"HEX CAP SCREW"},{"catalog_number":"404660M1","name":"STEM"},{"catalog_number":"40398PF","name":"HEX CAP SCREW"},{"catalog_number":"403573M1","name":"CLIP"},{"catalog_number":"403568M1","name":"SPRING"},{"catalog_number":"403262M1","name":"GRIP"},{"catalog_number":"403247X1","name":"ADAPTER FITTING"},{"catalog_number":"403208X1","name":"TUBE CLAMP"},{"catalog_number":"403195X1","name":"ELBOW FITTING"},{"catalog_number":"403163X1","name":"TEE FITTING"},{"catalog_number":"403041X1","name":"ADAPTER FITTING"},{"catalog_number":"403032X1","name":"O-RING"},{"catalog_number":"403023X1","name":"CAP PLUG"},{"catalog_number":"402978X1","name":"TEST PRT FITTING"},{"catalog_number":"402937X1","name":"ADAPTOR FITTING"},{"catalog_number":"402918X1","name":"PLASTIC PLUG"},{"catalog_number":"402878X1","name":"NIPPLE"},{"catalog_number":"40277PF","name":"HEX CAP SCREW"},{"catalog_number":"402775X1","name":"HEX HEAD BOLT"},{"catalog_number":"402737X1","name":"ADAPTER FITTING"},{"catalog_number":"402686X1","name":"SCREW"},{"catalog_number":"402681X1","name":"CLAMP"},{"catalog_number":"402676X1","name":"ADAPTER"},{"catalog_number":"402674X1","name":"ADAPTER"},{"catalog_number":"402582X1","name":"ELBOW"},{"catalog_number":"402579X1","name":"HEX. FLANGE BOLT"},{"catalog_number":"402577X1","name":"ELBOW"},{"catalog_number":"402562X1","name":"CLAMP"},{"catalog_number":"402561X1","name":"GASKET"},{"catalog_number":"402554X1","name":"ELBOW"},{"catalog_number":"402525X1","name":"HEX HEAD PLUG"},{"catalog_number":"402524X1","name":"PLUG"},{"catalog_number":"402519X1","name":"ADAPTER"},{"catalog_number":"402518X1","name":"BOLT"},{"catalog_number":"402459X1","name":"TEE"},{"catalog_number":"402438X1","name":"SEAL"},{"catalog_number":"402437X1","name":"SPACER"},{"catalog_number":"402436X1","name":"CARRIAGE BOLT"},{"catalog_number":"402409X1","name":"MOUNTING"},{"catalog_number":"402399X1","name":"GREASE FITTING"},{"catalog_number":"402391X1","name":"LOCKNUT"},{"catalog_number":"402373M1","name":"SPRING"},{"catalog_number":"402367X1","name":"CLAMP"},{"catalog_number":"402354X1","name":"COUPLING"},{"catalog_number":"402348X1","name":"BOLT"},{"catalog_number":"402338X1","name":"SCREW"},{"catalog_number":"402337X1","name":"O-RING"},{"catalog_number":"402303X1","name":"P-CLIP"},{"catalog_number":"402234X1","name":"DUST CAP"},{"catalog_number":"402161X1","name":"SCREW"},{"catalog_number":"402150X1","name":"PROTECTIVE PLUG"},{"catalog_number":"402147X1","name":"HEX HEAD BOLT"},{"catalog_number":"402119X1","name":"ADAPTER KIT"},{"catalog_number":"402118X1","name":"COUPLING NUT"},{"catalog_number":"402117X1","name":"ADAPTER KIT"},{"catalog_number":"402116X1","name":"COUPLING NUT"},{"catalog_number":"402109X1","name":"ADAPTER"},{"catalog_number":"402099X1","name":"SPACER"},{"catalog_number":"402094X1","name":"BOLT"},{"catalog_number":"402093X1","name":"BOLT"},{"catalog_number":"402087X1","name":"FITTING"},{"catalog_number":"402047X1","name":"HINGE PIN"},{"catalog_number":"402021X1","name":"HOSE BARB"},{"catalog_number":"401998M1","name":"BUTTON"},{"catalog_number":"401995X1","name":"SOCKET HEAD BOLT"},{"catalog_number":"401990X1","name":"ELBOW FITTING"},{"catalog_number":"401987X1","name":"CONNECTOR"},{"catalog_number":"401986X1","name":"CONNECTOR"},{"catalog_number":"401979X1","name":"O-RING SEAL"},{"catalog_number":"401978X1","name":"CONNECTOR"},{"catalog_number":"401967X1","name":"END ROD"},{"catalog_number":"401959X1","name":"CONNECTOR"},{"catalog_number":"401958X1","name":"CONNECTOR"},{"catalog_number":"401957X1","name":"CONNECTOR"},{"catalog_number":"401956X1","name":"CONNECTOR"},{"catalog_number":"401955X1","name":"CONNECTOR"},{"catalog_number":"401954X1","name":"CONNECTOR"},{"catalog_number":"401952X1","name":"O-RING"},{"catalog_number":"401951X1","name":"BOLT"},{"catalog_number":"401948X1","name":"SOCKET HEAD PLUG"},{"catalog_number":"401946X1","name":"ADAPTER"},{"catalog_number":"401931X1","name":"ELBOW FITTING"},{"catalog_number":"401910X1","name":"BOLT"},{"catalog_number":"401889X1","name":"VIBRATION MOUNT"},{"catalog_number":"401888M1","name":"WASHER"},{"catalog_number":"401881X1","name":"BOLT"},{"catalog_number":"401879X1","name":"SCREW"},{"catalog_number":"401878X1","name":"HEX HEAD BOLT"},{"catalog_number":"401877X1","name":"BOLT"},{"catalog_number":"401876X1","name":"FLAT WASHER"},{"catalog_number":"401875X1","name":"SOCKET HEAD BOLT"},{"catalog_number":"401807X1","name":"ADAPTER"},{"catalog_number":"401796X1","name":"O-RING SEAL"},{"catalog_number":"401791X1","name":"ADAPTER"},{"catalog_number":"401789X1","name":"T-PIECE"},{"catalog_number":"401786X1","name":"CONNECTOR"},{"catalog_number":"401777X1","name":"TEE FITTING"},{"catalog_number":"401774X1","name":"BULKHEAD"},{"catalog_number":"401746X1","name":"BOLT"},{"catalog_number":"401744X1","name":"HEX. FLANGE BOLT"},{"catalog_number":"401742X1","name":"ADAPTER"},{"catalog_number":"401741M1","name":"CAP"},{"catalog_number":"401739X1","name":"TEE FITTING"},{"catalog_number":"401736X1","name":"UNION"},{"catalog_number":"401720X1","name":"VALVE"},{"catalog_number":"401706X1","name":"PLUG CONNECTOR"},{"catalog_number":"401700X1","name":"LOCKNUT"},{"catalog_number":"401643X1","name":"ELBOW"},{"catalog_number":"401643M1","name":"GUIDE"},{"catalog_number":"401642M1","name":"ROLLER"},{"catalog_number":"401621X1","name":"TEE FITTING"},{"catalog_number":"401586X1","name":"CLIP"},{"catalog_number":"401564X1","name":"BOLT"},{"catalog_number":"401558X1","name":"SEALING WASHER"},{"catalog_number":"401554X1","name":"STIRRUP"},{"catalog_number":"401552X1","name":"CLAMP"},{"catalog_number":"401510X1","name":"PLUG CONTACT"},{"catalog_number":"401509X1","name":"CAVITY PLUG SEAL"},{"catalog_number":"401508X1","name":"TERMINAL"},{"catalog_number":"401504X1","name":"CONNECTOR"},{"catalog_number":"401500X1","name":"CONTACT"},{"catalog_number":"401466X1","name":"STAR KNOB"},{"catalog_number":"401438X1","name":"ADAPTER FITTING"},{"catalog_number":"401404X1","name":"CLIP"},{"catalog_number":"401400X1","name":"REDUCER"},{"catalog_number":"401390X1","name":"TEE FITTING"},{"catalog_number":"401381X1","name":"O-RING"},{"catalog_number":"401380X1","name":"O-RING"},{"catalog_number":"401374X1","name":"O RING"},{"catalog_number":"401369X1","name":"CLIP"},{"catalog_number":"401368X1","name":"MACHINE SCREW"},{"catalog_number":"401355X1","name":"ELBOW FITTING"},{"catalog_number":"401353X1","name":"T-PIECE"},{"catalog_number":"401351X1","name":"LANYARD"},{"catalog_number":"401341X1","name":"O RING"},{"catalog_number":"401339X1","name":"WING NUT"},{"catalog_number":"401322X1","name":"HEX NUT"},{"catalog_number":"401315X1","name":"UNION"},{"catalog_number":"401285X1","name":"ADAPTER"},{"catalog_number":"401260X1","name":"DUST CAP"},{"catalog_number":"401256M1","name":"TENSIONER"},{"catalog_number":"401252X1","name":"BOLT"},{"catalog_number":"401244","name":"SHIM"},{"catalog_number":"401222X1","name":"CHECK VALVE"},{"catalog_number":"401218X1","name":"HEX HEAD BOLT"},{"catalog_number":"401217X1","name":"BOLT"},{"catalog_number":"401208X1","name":"ELBOW"},{"catalog_number":"401194","name":"HOUSING"},{"catalog_number":"401120X1","name":"VALVE"},{"catalog_number":"401114X1","name":"ELBOW"},{"catalog_number":"401112X1","name":"ELBOW FITTING"},{"catalog_number":"401109X1","name":"CONNECTOR"},{"catalog_number":"401107X1","name":"WASHER"},{"catalog_number":"401106X1","name":"ADAPTER FITTING"},{"catalog_number":"401091X1","name":"ADAPTER"},{"catalog_number":"401079X1","name":"TUBE CLAMP"},{"catalog_number":"401057X1","name":"ADAPTER"},{"catalog_number":"401050X1","name":"CONNECTOR SOCKET"},{"catalog_number":"401049X1","name":"CONNECTOR PLUG"},{"catalog_number":"401038X1","name":"VALVE CHECK"},{"catalog_number":"401036X1","name":"CLIP"},{"catalog_number":"401030X1","name":"PRESSURE VALVE"},{"catalog_number":"401003X1","name":"LOCK"},{"catalog_number":"400998X1","name":"CLIP"},{"catalog_number":"400995X2","name":"THRUST RING"},{"catalog_number":"400988X1","name":"SOCKET HEAD BOLT"},{"catalog_number":"400986X1","name":"HEX NUT"},{"catalog_number":"400985X1","name":"HEX HEAD BOLT"},{"catalog_number":"400972X1","name":"TEE FITTING"},{"catalog_number":"400969X1","name":"SCREW"},{"catalog_number":"400941X1","name":"MOUNTING"},{"catalog_number":"400940X1","name":"KIT"},{"catalog_number":"400935X1","name":"CLAMPING SHELL"},{"catalog_number":"400932X1","name":"ORIFICE PLATE"},{"catalog_number":"400927X1","name":"RESISTOR"},{"catalog_number":"400926X1","name":"DIODE"},{"catalog_number":"400925X1","name":"SUPPRESSOR"},{"catalog_number":"400924X1","name":"CONNECTOR"},{"catalog_number":"400921X1","name":"PLUG"},{"catalog_number":"400910X1","name":"SEAL"},{"catalog_number":"400907X1","name":"TERMINAL"},{"catalog_number":"400899X1","name":"PIN"},{"catalog_number":"400896X1","name":"TERMINAL"},{"catalog_number":"400895X1","name":"CONNECTOR"},{"catalog_number":"400894X1","name":"PLUG"},{"catalog_number":"400892X1","name":"SOCKET"},{"catalog_number":"400889X1","name":"SOCKET"},{"catalog_number":"400888X1","name":"LAMP SOCKET"},{"catalog_number":"400886X1","name":"TERMINAL"},{"catalog_number":"400885X1","name":"CONNECTOR"},{"catalog_number":"400883X1","name":"TERMINAL"},{"catalog_number":"400882X1","name":"TERMINAL"},{"catalog_number":"400865X1","name":"HOUSING"},{"catalog_number":"400855X1","name":"SEAL"},{"catalog_number":"400852X1","name":"TERMINAL"},{"catalog_number":"400850X1","name":"TERMINAL"},{"catalog_number":"400841X1","name":"TERMINAL"},{"catalog_number":"400834X1","name":"SCREW"},{"catalog_number":"400830X1","name":"CABLE SEAL"},{"catalog_number":"400825X1","name":"ELBOW FITTING"},{"catalog_number":"400820X1","name":"BOOT"},{"catalog_number":"400816X1","name":"COVER"},{"catalog_number":"400815X1","name":"COVER"},{"catalog_number":"400809X1","name":"BOOT"},{"catalog_number":"400792X1","name":"BOOT"},{"catalog_number":"400790X1","name":"TERMINAL"},{"catalog_number":"400780X1","name":"JAM NUT"},{"catalog_number":"400754X1","name":"RECEPTACLE"},{"catalog_number":"400753X1","name":"SEALING CAP"},{"catalog_number":"400747X1","name":"PIN"},{"catalog_number":"400717X1","name":"WEDGE"},{"catalog_number":"400708X1","name":"RECEPTACLE"},{"catalog_number":"400705X1","name":"ELBOW UNION"},{"catalog_number":"400704X1","name":"CONNECTOR"},{"catalog_number":"400703X1","name":"CONNECTOR"},{"catalog_number":"400701X1","name":"HOSE CLAMP"},{"catalog_number":"400697X1","name":"GASKET"},{"catalog_number":"400696X1","name":"CONNECTOR"},{"catalog_number":"400694X1","name":"ADAPTER"},{"catalog_number":"400693X1","name":"CONNECTOR"},{"catalog_number":"400692X1","name":"ELBOW"},{"catalog_number":"400684X1","name":"UNION FITTING"},{"catalog_number":"400683X1","name":"UNION FITTING"},{"catalog_number":"400682X1","name":"HEX NUT"},{"catalog_number":"400681X1","name":"NUT"},{"catalog_number":"400680X1","name":"CLIP"},{"catalog_number":"400679X1","name":"CLIP"},{"catalog_number":"400678X1","name":"O-RING SEAL"},{"catalog_number":"400677X1","name":"HEX CAP SCREW"},{"catalog_number":"400676X1","name":"O-RING SEAL"},{"catalog_number":"400674X1","name":"O RING"},{"catalog_number":"400673X1","name":"HEX CAP SCREW"},{"catalog_number":"400671X1","name":"CLAMP"},{"catalog_number":"400670X1","name":"JOINT"},{"catalog_number":"400664X1","name":"CLIP"},{"catalog_number":"400663X1","name":"CLIP"},{"catalog_number":"400660X1","name":"BLANK COVER"},{"catalog_number":"400658X1","name":"ELBOW"},{"catalog_number":"400655X1","name":"DUST CAP"},{"catalog_number":"400654X1","name":"VALVE"},{"catalog_number":"400653X1","name":"VALVE"},{"catalog_number":"400652X1","name":"CLIP"},{"catalog_number":"400647X1","name":"BUSH"},{"catalog_number":"400644X1","name":"P-CLIP"},{"catalog_number":"400641X1","name":"ELBOW FITTING"},{"catalog_number":"400640X1","name":"CONNECTOR"},{"catalog_number":"400636X1","name":"ADAPTER FITTING"},{"catalog_number":"400633X1","name":"T-PIECE"},{"catalog_number":"400626X1","name":"CLIP"},{"catalog_number":"400625X1","name":"CLIP"},{"catalog_number":"400623X1","name":"CLIP"},{"catalog_number":"400622X1","name":"CLIP"},{"catalog_number":"400620X1","name":"P-CLIP"},{"catalog_number":"400608X1","name":"CLAMP"},{"catalog_number":"400606X1","name":"CLIP"},{"catalog_number":"400604X1","name":"CLIP"},{"catalog_number":"400603X1","name":"CLIP"},{"catalog_number":"400602X1","name":"CLIP"},{"catalog_number":"400596X1","name":"CLIP"},{"catalog_number":"400591X1","name":"SEAL"},{"catalog_number":"400588X1","name":"SEAL"},{"catalog_number":"400587X1","name":"PLUG"},{"catalog_number":"400586X1","name":"PLUG"},{"catalog_number":"400579X1","name":"ADAPTER"},{"catalog_number":"400578X1","name":"ADAPTER"},{"catalog_number":"400577X1","name":"VALVE"},{"catalog_number":"400576X1","name":"HEX NUT"},{"catalog_number":"400569X1","name":"O-RING SEAL"},{"catalog_number":"400568X1","name":"RETAINER"},{"catalog_number":"400566X1","name":"CONNECTOR"},{"catalog_number":"400565X1","name":"CONNECTOR"},{"catalog_number":"400557X1","name":"PLUG"},{"catalog_number":"400554X1","name":"TUBE"},{"catalog_number":"400553X1","name":"E-CLIP"},{"catalog_number":"400500X1","name":"CONNECTOR"},{"catalog_number":"400498X1","name":"SOCKET"},{"catalog_number":"400497X1","name":"PIN"},{"catalog_number":"400496X1","name":"CONNECTOR"},{"catalog_number":"400493X1","name":"RECEIVER"}]}