{"machinery_brand_name":"Ag-Chem","parts":[{"catalog_number":"4278556M1","name":"WIPER BLADE"},{"catalog_number":"4278555M1","name":"WIPER ARM"},{"catalog_number":"4278552M1","name":"HARNESS"},{"catalog_number":"4278551M1","name":"BRACKET"},{"catalog_number":"4278550M1","name":"SUPPORT"},{"catalog_number":"4278546M2","name":"SHIELD"},{"catalog_number":"4278545M91","name":"WORKLIGHT"},{"catalog_number":"4278519M91","name":"FRONT PTO CASE"},{"catalog_number":"4278517M91","name":"FRONT PTO CASE"},{"catalog_number":"4278511M91","name":"FRONT PTO CASE"},{"catalog_number":"4278509M1","name":"PLATE"},{"catalog_number":"4278508M1","name":"SCREW"},{"catalog_number":"4278484M1","name":"ACCUMULATOR"},{"catalog_number":"4278482M2","name":"HYDR. HOSE"},{"catalog_number":"4278481M1","name":"SUPPORT"},{"catalog_number":"4278480M3","name":"TUBE"},{"catalog_number":"4278479M3","name":"TUBE"},{"catalog_number":"4278478M2","name":"TUBE"},{"catalog_number":"4278477M2","name":"TUBE"},{"catalog_number":"4278476M2","name":"TUBE"},{"catalog_number":"4278476M1","name":"TUBE"},{"catalog_number":"4278475M3","name":"HYDR. HOSE"},{"catalog_number":"4278403M91","name":"HARNESS"},{"catalog_number":"4278398M1","name":"FOAM SEAL"},{"catalog_number":"4278397M2","name":"LIGHT BRACKET,LH"},{"catalog_number":"4278396M2","name":"LIGHT BRACKET,RH"},{"catalog_number":"4278393M1","name":"HOSE"},{"catalog_number":"4278384M1","name":"PROTECTION."},{"catalog_number":"4278383M1","name":"SHIELD, LH"},{"catalog_number":"4278382M1","name":"PROTECTION."},{"catalog_number":"4278381M1","name":"PROTECTION."},{"catalog_number":"4278376M1","name":"CHAIN"},{"catalog_number":"4278375M1","name":"SPRING"},{"catalog_number":"4278368M1","name":"PRESSURE SENSOR"},{"catalog_number":"4278354M91","name":"KIT, BELT"},{"catalog_number":"4278352M1","name":"TIE"},{"catalog_number":"4278351M1","name":"TIE"},{"catalog_number":"4278335M4","name":"SHIELD"},{"catalog_number":"4278335M2","name":"SHIELD"},{"catalog_number":"4278333M1","name":"SHOCK ABSORBER"},{"catalog_number":"4278332M1","name":"HUB"},{"catalog_number":"4278330M1","name":"BRIDLE"},{"catalog_number":"4278318M2","name":"STRAP"},{"catalog_number":"4278314M1","name":"CLAMP"},{"catalog_number":"4278307M4","name":"TUBE"},{"catalog_number":"4278306M1","name":"SHOCK ABSORBER"},{"catalog_number":"4278305M2","name":"BRIDLE"},{"catalog_number":"4278304M3","name":"COVER"},{"catalog_number":"4278300M93","name":"SUPPORT, RH"},{"catalog_number":"42782PF","name":"NUT"},{"catalog_number":"4278292M1","name":"HOSE"},{"catalog_number":"4278283M13","name":"ACCESSORY CODE"},{"catalog_number":"4278282M13","name":"ACCESSORY CODE"},{"catalog_number":"4278281M1","name":"HOSE"},{"catalog_number":"4278279M2","name":"TUBE"},{"catalog_number":"4278275M2","name":"TUBE"},{"catalog_number":"4278274M2","name":"TUBE"},{"catalog_number":"4278272M2","name":"TUBE"},{"catalog_number":"4278269M92","name":"HYDRAULIC TANK"},{"catalog_number":"4278268M1","name":"PLUG"},{"catalog_number":"4278267M1","name":"TEE FITTING"},{"catalog_number":"4278266M1","name":"UNION"},{"catalog_number":"4278265M1","name":"SUPPORT"},{"catalog_number":"4278264M1","name":"SUPPORT"},{"catalog_number":"4278258M93","name":"HARNESS"},{"catalog_number":"4278257M93","name":"RUNNER"},{"catalog_number":"4278255M93","name":"RUNNER"},{"catalog_number":"4278254M93","name":"LEFT HAND RUNNER"},{"catalog_number":"4278222M91","name":"AIR FILTER"},{"catalog_number":"4278221M4","name":"TUBE"},{"catalog_number":"4278221M3","name":"TUBE"},{"catalog_number":"4278220M1","name":"TUBE"},{"catalog_number":"4278219M1","name":"REINFORCEMENT"},{"catalog_number":"4278213M16","name":"ACCESSORY CODE"},{"catalog_number":"4278212M15","name":"ACCESSORY CODE"},{"catalog_number":"4278210M14","name":"ACCESSORY CODE"},{"catalog_number":"4278209M15","name":"ACCESSORY CODE"},{"catalog_number":"4278207M2","name":"HOSE"},{"catalog_number":"4278204M1","name":"GASKET"},{"catalog_number":"4278203M1","name":"CLADDING"},{"catalog_number":"4278201M1","name":"SUPPORT"},{"catalog_number":"4278194M1","name":"HYDR. HOSE"},{"catalog_number":"4278184M95","name":"HARNESS"},{"catalog_number":"4278174M2","name":"SUPPORT"},{"catalog_number":"4278101M1","name":"HYDR. HOSE"},{"catalog_number":"4278100M1","name":"HYDR. HOSE"},{"catalog_number":"4278099M1","name":"HYDR. HOSE"},{"catalog_number":"4278098M1","name":"HYDR. HOSE"},{"catalog_number":"4278096M1","name":"HYDR. HOSE"},{"catalog_number":"4278095M1","name":"TRAP"},{"catalog_number":"4278080M4","name":"SUPPORT"},{"catalog_number":"4278077M1","name":"MASTER CYLINDER"},{"catalog_number":"4278075M2","name":"PROTECTION."},{"catalog_number":"4278074M2","name":"PROTECTION."},{"catalog_number":"4278073M1","name":"PROTECTION."},{"catalog_number":"4278072M1","name":"PROTECTION."},{"catalog_number":"4278055M1","name":"HYDR. HOSE"},{"catalog_number":"4278054M4","name":"TUBE"},{"catalog_number":"4278053M1","name":"TUBE"},{"catalog_number":"4278052M4","name":"TUBE"},{"catalog_number":"4278052M3","name":"TUBE"},{"catalog_number":"4278051M1","name":"HYDR. HOSE"},{"catalog_number":"4278049M1","name":"SUPPORT, LH"},{"catalog_number":"4278018M2","name":"SUPPORT, RH"},{"catalog_number":"4278017M2","name":"SUPPORT, RH"},{"catalog_number":"4278016M92","name":"PILLAR"},{"catalog_number":"4277902M1","name":"HYDR. HOSE"},{"catalog_number":"4277900M1","name":"HARNESS"},{"catalog_number":"4277898M2","name":"LEVER BRACKET"},{"catalog_number":"4277894M1","name":"MODULE"},{"catalog_number":"4277850M1","name":"GASKET"},{"catalog_number":"4277843M2","name":"SUPPORT"},{"catalog_number":"4277841M91","name":"CLADDING"},{"catalog_number":"4277819M1","name":"HOSE"},{"catalog_number":"4277817M1","name":"WATER HOSE"},{"catalog_number":"4277815M2","name":"HOSE"},{"catalog_number":"4277811M92","name":"HOSE"},{"catalog_number":"4277810M92","name":"HOSE"},{"catalog_number":"4277809M91","name":"HOSE"},{"catalog_number":"4277785M1","name":"SUPPORT"},{"catalog_number":"4277768M1","name":"HARNESS"},{"catalog_number":"4277763M94","name":"HARNESS"},{"catalog_number":"4277756M93","name":"TRANS HARNESS"},{"catalog_number":"4277756M92","name":"HARNESS"},{"catalog_number":"4277754M1","name":"HARNESS"},{"catalog_number":"4277753M2","name":"HARNESS"},{"catalog_number":"4277748M92","name":"HARNESS"},{"catalog_number":"4277746M92","name":"ENVELOPE"},{"catalog_number":"4277745M91","name":"ENVELOPE"},{"catalog_number":"4277744M91","name":"ENVELOPE"},{"catalog_number":"4277743M91","name":"ENVELOPE"},{"catalog_number":"4277742M91","name":"ENVELOPE"},{"catalog_number":"4277741M91","name":"ENVELOPE"},{"catalog_number":"4277740M91","name":"ENVELOPE"},{"catalog_number":"4277739M91","name":"ENVELOPE"},{"catalog_number":"4277738M91","name":"ENVELOPE"},{"catalog_number":"4277737M1","name":"DECAL"},{"catalog_number":"4277733M91","name":"HARNESS"},{"catalog_number":"4277732M91","name":"HARNESS"},{"catalog_number":"4277731M91","name":"ENVELOPE"},{"catalog_number":"4277721M2","name":"SQUARE."},{"catalog_number":"4277720M1","name":"STOP"},{"catalog_number":"4277717M1","name":"SUPPORT"},{"catalog_number":"4277716M1","name":"HYDR. HOSE"},{"catalog_number":"4277715M1","name":"PROTECTION"},{"catalog_number":"4277714M1","name":"PROTECTION"},{"catalog_number":"4277712M92","name":"CONTROL UNIT"},{"catalog_number":"4277711M94","name":"ELECTRON CONSOLE"},{"catalog_number":"4277710M1","name":"SUPPORT"},{"catalog_number":"4277707M92","name":"SUPPORT"},{"catalog_number":"4277700M94","name":"WOBBLE DRIVE"},{"catalog_number":"4277664M91","name":"HARNESS"},{"catalog_number":"4277662M94","name":"PANEL"},{"catalog_number":"4277660M1","name":"SUPPORT, RH"},{"catalog_number":"4277658M1","name":"SUPPORT, LH"},{"catalog_number":"4277657M1","name":"GUIDEWAY"},{"catalog_number":"4277656M1","name":"INSERT"},{"catalog_number":"4277655M91","name":"HARNESS"},{"catalog_number":"4277654M91","name":"GRIP"},{"catalog_number":"4277649M1","name":"DECAL"},{"catalog_number":"4277644M1","name":"SUPPORT"},{"catalog_number":"4277643M1","name":"LINKAGE"},{"catalog_number":"4277640M91","name":"TUBE"},{"catalog_number":"4277639M93","name":"HARNESS"},{"catalog_number":"4277638M92","name":"HARNESS"},{"catalog_number":"4277637M95","name":"HARNESS"},{"catalog_number":"4277636M94","name":"HARNESS"},{"catalog_number":"4277635M92","name":"HARNESS"},{"catalog_number":"4277633M91","name":"HARNESS"},{"catalog_number":"4277540M2","name":"SUPPORT"},{"catalog_number":"4277532M91","name":"FILTER"},{"catalog_number":"4277531M91","name":"TUBE"},{"catalog_number":"4277525M92","name":"HARNESS"},{"catalog_number":"4277522M2","name":"WOBBLE DRIVE"},{"catalog_number":"4277512M2","name":"COWL"},{"catalog_number":"4277510M1","name":"BRIDLE"},{"catalog_number":"4277509M1","name":"SCREW"},{"catalog_number":"4277499M1","name":"WIPER MOTOR"},{"catalog_number":"4277496M1","name":"GROMMET"},{"catalog_number":"4277495M1","name":"GROMMET"},{"catalog_number":"4277493M1","name":"HARNESS"},{"catalog_number":"4277492M1","name":"RIGHT HAND PLATE"},{"catalog_number":"4277491M1","name":"LEFT HAND PLATE"},{"catalog_number":"4277490M2","name":"REINFORCEMENT"},{"catalog_number":"4277489M5","name":"COWL"},{"catalog_number":"4277474M1","name":"DECAL"},{"catalog_number":"4277472M1","name":"DECAL"},{"catalog_number":"4277471M2","name":"HOSE"},{"catalog_number":"4277469M3","name":"SUPPORT"},{"catalog_number":"4277461M97","name":"ONBOARD COMPUTOR"},{"catalog_number":"4277438M93","name":"HARNESS"},{"catalog_number":"4277435M91","name":"HARNESS"},{"catalog_number":"4277434M92","name":"HARNESS"},{"catalog_number":"4277428M3","name":"TUBE"},{"catalog_number":"4277427M2","name":"TUBE"},{"catalog_number":"4277426M2","name":"TUBE"},{"catalog_number":"4277414M1","name":"STEER. ORBITROL"},{"catalog_number":"4277412M3","name":"HYDR. HOSE"},{"catalog_number":"4277411M3","name":"SUPPORT"},{"catalog_number":"4277410M1","name":"HYDR. HOSE"},{"catalog_number":"4277409M1","name":"FLANGE BRACKET"},{"catalog_number":"4277397M91","name":"HARNESS"},{"catalog_number":"4277389M1","name":"GROMMET"},{"catalog_number":"4277388M1","name":"STIRRUP"},{"catalog_number":"4277385M2","name":"SUPPORT"},{"catalog_number":"4277378M1","name":"HUB"},{"catalog_number":"4277376M1","name":"SPACER"},{"catalog_number":"4277375M1","name":"SHOCK ABSORBER"},{"catalog_number":"4277374M91","name":"PTO SHAFT"},{"catalog_number":"4277373M1","name":"HOSE"},{"catalog_number":"4277370M2","name":"ENVELOPE"},{"catalog_number":"4277367M2","name":"CONSOLE"},{"catalog_number":"4277366M2","name":"CONSOLE"},{"catalog_number":"4277365M93","name":"MODULE"},{"catalog_number":"4277354M1","name":"OIL COOLER"},{"catalog_number":"4277283M92","name":"TOP AERIAL"},{"catalog_number":"4277281M2","name":"TOP AERIAL"},{"catalog_number":"4277275M1","name":"EXTENSION"},{"catalog_number":"4277274M1","name":"EXTENSION"},{"catalog_number":"4277273M1","name":"HOSE"},{"catalog_number":"4277271M91","name":"HARNESS"},{"catalog_number":"4277269M93","name":"HARNESS"},{"catalog_number":"4277263M92","name":"FRONT PTO CASE"},{"catalog_number":"4277262M1","name":"SPACER"},{"catalog_number":"4277261M1","name":"SPACER"},{"catalog_number":"4277260M1","name":"PLUG"},{"catalog_number":"4277259M2","name":"YOKE"},{"catalog_number":"4277257M2","name":"SUPPORT"},{"catalog_number":"4277251M1","name":"MASTER CYLINDER"},{"catalog_number":"4277249M1","name":"SQUARE."},{"catalog_number":"4277243M93","name":"HARNESS"},{"catalog_number":"4277242M91","name":"HARNESS"},{"catalog_number":"4277235M91","name":"FLYWHEEL"},{"catalog_number":"4277233M92","name":"FLYWHEEL"},{"catalog_number":"4277223M1","name":"WIPER MOTOR"},{"catalog_number":"4277219M94","name":"HARNESS"},{"catalog_number":"4277212M91","name":"PARTS PACK"},{"catalog_number":"4277211M1","name":"SUPPORT"},{"catalog_number":"4277207M3","name":"SUPPORT"},{"catalog_number":"4277206M1","name":"GROMMET"},{"catalog_number":"4277205M91","name":"HARNESS"},{"catalog_number":"4277202M3","name":"SHROUD"},{"catalog_number":"4277200M2","name":"UNION"},{"catalog_number":"4277199M1","name":"UNION"},{"catalog_number":"4277197M1","name":"HELMET"},{"catalog_number":"4277194M1","name":"TEE FITTING"},{"catalog_number":"4277193M1","name":"TEE FITTING"},{"catalog_number":"4277192M2","name":"TUBE"},{"catalog_number":"4277183M1","name":"SUPPORT"},{"catalog_number":"4277182M1","name":"SUPPORT"},{"catalog_number":"4277173M1","name":"DRAWBAR"},{"catalog_number":"4277172M4","name":"WATER TANK"},{"catalog_number":"4277159M1","name":"STOP"},{"catalog_number":"4277154M1","name":"BATTERY CABLE"},{"catalog_number":"4277152M1","name":"BATTERY CABLE"},{"catalog_number":"4277151M1","name":"BATTERY CABLE"},{"catalog_number":"4277150M94","name":"HARNESS"},{"catalog_number":"4277149M6","name":"SUPPORT"},{"catalog_number":"4277131M1","name":"CABLE"},{"catalog_number":"4277129M1","name":"BATTERY CABLE"},{"catalog_number":"4277128M1","name":"BATTERY CABLE"},{"catalog_number":"4277127M1","name":"BATTERY CABLE"},{"catalog_number":"4277126M1","name":"SUPPORT"},{"catalog_number":"4277120M1","name":"STUD BOLT"},{"catalog_number":"4277118M91","name":"HARNESS"},{"catalog_number":"4277105M97","name":"HARNESS"},{"catalog_number":"4277105M93","name":"HARNESS"},{"catalog_number":"4277104M1","name":"ADJUSTING SHIM"},{"catalog_number":"4277097M1","name":"SUPPORT"},{"catalog_number":"4277096M1","name":"HARNESS"},{"catalog_number":"4277072M92","name":"HOOK"},{"catalog_number":"4277063M93","name":"HOOK"},{"catalog_number":"4277060M1","name":"BULB P/LAMP"},{"catalog_number":"4277059M1","name":"HARNESS"},{"catalog_number":"4277056M1","name":"CABLE"},{"catalog_number":"4277055M1","name":"GRIP"},{"catalog_number":"4277054M1","name":"BODY"},{"catalog_number":"4277051M91","name":"SHOCK ABSORBER"},{"catalog_number":"4277000M2","name":"TUBE"},{"catalog_number":"4276999M2","name":"TUBE"},{"catalog_number":"4276993M1","name":"CLEVIS"},{"catalog_number":"4276991M1","name":"UNION"},{"catalog_number":"4276989M1","name":"UNION"},{"catalog_number":"4276987M1","name":"PROFILE"},{"catalog_number":"4276983M91","name":"WORKLIGHT"},{"catalog_number":"4276970M1","name":"HARNESS"},{"catalog_number":"4276959M1","name":"WHEEL RIM"},{"catalog_number":"4276958M1","name":"WHEEL RIM"},{"catalog_number":"4276957M1","name":"DISC"},{"catalog_number":"4276956M92","name":"MOUNTING"},{"catalog_number":"4276955M92","name":"PILLAR"},{"catalog_number":"4276949M3","name":"COWL"},{"catalog_number":"4276948M1","name":"COWL"},{"catalog_number":"4276947M1","name":"BATTERY CABLE"},{"catalog_number":"4276946M1","name":"BATTERY CABLE"},{"catalog_number":"4276944M2","name":"POSITIVE CABLE"},{"catalog_number":"4276943M1","name":"BATTERY CABLE"},{"catalog_number":"4276942M3","name":"SQUARE."},{"catalog_number":"4276941M1","name":"NEGATIVE CABLE"},{"catalog_number":"4276940M1","name":"CLEVIS PIN"},{"catalog_number":"4276938M91","name":"CLEVIS"},{"catalog_number":"4276937M1","name":"CLEVIS PIN"},{"catalog_number":"4276935M91","name":"CLEVIS"},{"catalog_number":"4276934M1","name":"SPACER"},{"catalog_number":"4276933M1","name":"GUIDEWAY"},{"catalog_number":"4276932M1","name":"GUIDEWAY"},{"catalog_number":"4276928M1","name":"DECAL"},{"catalog_number":"4276889M92","name":"RIGHT HAND PIPE"},{"catalog_number":"4276888M92","name":"LEFT HAND PIPE"},{"catalog_number":"4276887M1","name":"UNION"},{"catalog_number":"4276882M2","name":"BRIDLE"},{"catalog_number":"4276881M4","name":"SUPPORT"},{"catalog_number":"4276868M1","name":"HOSE"},{"catalog_number":"4276867M1","name":"FLANGE"},{"catalog_number":"4276866M4","name":"SUPPORT"},{"catalog_number":"4276864M3","name":"SUPPORT"},{"catalog_number":"4276833M1","name":"UNION"},{"catalog_number":"4276825M1","name":"WIRE"},{"catalog_number":"4276822M91","name":"WIRE"},{"catalog_number":"4276820M2","name":"COWL"},{"catalog_number":"4276819M1","name":"DECAL"},{"catalog_number":"4276813M1","name":"FLANGE"},{"catalog_number":"4276812M4","name":"COWL"},{"catalog_number":"42767PF","name":"LOCKNUT"},{"catalog_number":"4276794M93","name":"MUFF"},{"catalog_number":"4276788M1","name":"PLASTIC RIVET"},{"catalog_number":"4276782M93","name":"TUBE"},{"catalog_number":"4276781M93","name":"TUBE"},{"catalog_number":"4276774M1","name":"GASKET"},{"catalog_number":"4276770M94","name":"HARNESS"},{"catalog_number":"4276770M93","name":"HARNESS"},{"catalog_number":"4276769M91","name":"HARNESS"},{"catalog_number":"4276768M91","name":"HARNESS"},{"catalog_number":"4276766M91","name":"HARNESS"},{"catalog_number":"4276763M92","name":"HARNESS"},{"catalog_number":"4276754M1","name":"UNION"},{"catalog_number":"4276753M1","name":"HYDR. HOSE"},{"catalog_number":"4276752M1","name":"HYDR. HOSE"},{"catalog_number":"4276751M2","name":"TUBE"},{"catalog_number":"4276749M4","name":"TUBE"},{"catalog_number":"4276748M4","name":"TUBE"},{"catalog_number":"4276747M4","name":"TUBE"},{"catalog_number":"4276746M4","name":"TUBE"},{"catalog_number":"4276745M5","name":"TUBE"},{"catalog_number":"4276744M5","name":"TUBE"},{"catalog_number":"4276743M4","name":"TUBE"},{"catalog_number":"4276742M4","name":"TUBE"},{"catalog_number":"4276740M1","name":"GROMMET"},{"catalog_number":"4276716M1","name":"SHIELD"},{"catalog_number":"4276693M1","name":"SPRING WASHER"},{"catalog_number":"4276681M1","name":"SUPPORT"},{"catalog_number":"4276668M2","name":"TUBE"},{"catalog_number":"4276666M1","name":"HYDR. HOSE"},{"catalog_number":"4276652M1","name":"JOINT"},{"catalog_number":"4276649M1","name":"STEM"},{"catalog_number":"4276648M2","name":"HYDR. ELEMENT"},{"catalog_number":"4276645M1","name":"ACCUMULATOR"},{"catalog_number":"4276644M1","name":"UNION"},{"catalog_number":"4276643M1","name":"SUPPORT"},{"catalog_number":"4276628M1","name":"WINDOW"},{"catalog_number":"4276617M1","name":"HYDR. HOSE"},{"catalog_number":"4276616M2","name":"HYDR. HOSE"},{"catalog_number":"4276615M1","name":"SUPPLY HOSE"},{"catalog_number":"4276613M1","name":"HYDR. HOSE"},{"catalog_number":"4276612M1","name":"SUPPLY HOSE"},{"catalog_number":"4276595M1","name":"EXTENSION"},{"catalog_number":"4276594M1","name":"ELBOW UNION"},{"catalog_number":"4276593M2","name":"SPACER"},{"catalog_number":"4276590M1","name":"FUEL GAUGE"},{"catalog_number":"4276589M3","name":"FUEL GAUGE"},{"catalog_number":"4276588M3","name":"FUEL GAUGE"},{"catalog_number":"4276586M2","name":"TUBE"},{"catalog_number":"4276579M1","name":"HYDR. HOSE"},{"catalog_number":"4276578M1","name":"HYDR. HOSE"},{"catalog_number":"4276513M2","name":"HARNESS"},{"catalog_number":"4276505M91","name":"SUPPORT"},{"catalog_number":"4276500M1","name":"SUPPORT"},{"catalog_number":"42764PF","name":"NUT UNC"},{"catalog_number":"4276495M2","name":"SUPPORT"},{"catalog_number":"4276493M1","name":"SPACER"},{"catalog_number":"4276490M1","name":"HOOK"},{"catalog_number":"4276489M1","name":"HOOK"},{"catalog_number":"4276486M91","name":"FRONT PTO CASE"},{"catalog_number":"4276485M1","name":"COOLER"},{"catalog_number":"4276479M1","name":"HARNESS"},{"catalog_number":"4276478M2","name":"STRAP"},{"catalog_number":"4276476M1","name":"SUPPORT"},{"catalog_number":"4276475M2","name":"STRAP"},{"catalog_number":"4276474M1","name":"PROTECTION"},{"catalog_number":"4276456M13","name":"ACCESSORY CODE"},{"catalog_number":"4276455M14","name":"ACCESSORY CODE"},{"catalog_number":"4276449M1","name":"JOINT HEAD"},{"catalog_number":"4276448M1","name":"RIGHT HAND MUFF"},{"catalog_number":"4276447M1","name":"LEFT HAND MUFF"},{"catalog_number":"4276445M1","name":"SEAL"},{"catalog_number":"4276436M91","name":"SHOCK ABSORBER"},{"catalog_number":"4276434M1","name":"HUB"},{"catalog_number":"4276432M1","name":"PLATE"},{"catalog_number":"4276429M91","name":"FRONT PTO CASE"},{"catalog_number":"4276426M1","name":"SUPPORT"},{"catalog_number":"4276417M1","name":"SUPPORT"},{"catalog_number":"4276409M1","name":"CONNECTOR"},{"catalog_number":"4276408M1","name":"CONNECTOR"},{"catalog_number":"4276397M1","name":"FILTER ELEMENT"},{"catalog_number":"4276396M1","name":"O RING"},{"catalog_number":"4276380M15","name":"ACCESSORY CODE"},{"catalog_number":"4276378M15","name":"ACCESSORY CODE"},{"catalog_number":"4276377M13","name":"ACCESSORY CODE"},{"catalog_number":"4276370M95","name":"PANEL"},{"catalog_number":"4276354M93","name":"TANK"},{"catalog_number":"4276353M92","name":"TANK"},{"catalog_number":"4276336M94","name":"TRAP"},{"catalog_number":"4276273M1","name":"BADGE"},{"catalog_number":"4276237M92","name":"CONROD"},{"catalog_number":"4276235M92","name":"CONROD"},{"catalog_number":"4276227M1","name":"BELLOWS"},{"catalog_number":"4276225M91","name":"SUPPORT"},{"catalog_number":"4276222M3","name":"PLATE"},{"catalog_number":"4276220M1","name":"PLATE"},{"catalog_number":"4276219M1","name":"BRIDLE"},{"catalog_number":"4276218M2","name":"COOLER"},{"catalog_number":"4276217M2","name":"CONDENSER"},{"catalog_number":"4276216M1","name":"COOLER"},{"catalog_number":"4276204M1","name":"PROTECTIVE PLATE"},{"catalog_number":"4276201M2","name":"SUPPORT"},{"catalog_number":"4276186M1","name":"FUSE 150A"},{"catalog_number":"4276185M2","name":"RIGHT HAND UNION"},{"catalog_number":"4276184M2","name":"LEFT HAND UNION"},{"catalog_number":"4276179M91","name":"HARNESS"},{"catalog_number":"4276170M1","name":"TUBE"},{"catalog_number":"4276168M2","name":"TUBE"},{"catalog_number":"4276167M2","name":"HYDR. HOSE"},{"catalog_number":"4276166M2","name":"HYDR. HOSE"},{"catalog_number":"4276161M2","name":"HYDR. HOSE"},{"catalog_number":"4276160M2","name":"HYDR. HOSE"},{"catalog_number":"4276159M3","name":"HYDR. HOSE"},{"catalog_number":"4276158M2","name":"HYDR. HOSE"},{"catalog_number":"4276157M2","name":"HYDR. HOSE"},{"catalog_number":"4276156M2","name":"HYDR. HOSE"},{"catalog_number":"4276155M2","name":"HYDR. HOSE"},{"catalog_number":"4276154M1","name":"HYDR. HOSE"},{"catalog_number":"4276153M1","name":"HYDR. HOSE"},{"catalog_number":"4276152M4","name":"HYDR. HOSE"},{"catalog_number":"4276151M1","name":"HYDR. HOSE"},{"catalog_number":"4276150M1","name":"HYDR. HOSE"},{"catalog_number":"4276149M1","name":"HYDR. HOSE"},{"catalog_number":"4276148M1","name":"HYDR. HOSE"},{"catalog_number":"4276147M1","name":"HYDR. HOSE"},{"catalog_number":"4276146M2","name":"HYDR. HOSE"},{"catalog_number":"4276144M2","name":"HYDR. HOSE"},{"catalog_number":"4276142M2","name":"HYDR. HOSE"},{"catalog_number":"4276141M2","name":"HYDR. HOSE"},{"catalog_number":"4276137M3","name":"HYDR. HOSE"},{"catalog_number":"4276136M2","name":"HYDR. HOSE"},{"catalog_number":"4276135M1","name":"HYDR. HOSE"},{"catalog_number":"4276134M1","name":"HYDR. HOSE"},{"catalog_number":"4276133M1","name":"UNION"},{"catalog_number":"4276132M1","name":"HYDR. HOSE"},{"catalog_number":"4276130M1","name":"HYDR. HOSE"},{"catalog_number":"4276129M1","name":"HYDR. HOSE"},{"catalog_number":"4276128M1","name":"HYDR. HOSE"},{"catalog_number":"4276127M1","name":"HYDR. HOSE"},{"catalog_number":"4276126M4","name":"HYDR. HOSE"},{"catalog_number":"4276125M2","name":"HYDR. HOSE"},{"catalog_number":"4276124M1","name":"HYDR. HOSE"},{"catalog_number":"4276123M1","name":"HYDR. HOSE"},{"catalog_number":"4276122M1","name":"HYDR. HOSE"},{"catalog_number":"4276121M1","name":"HYDR. HOSE"},{"catalog_number":"4276120M1","name":"HYDR. HOSE"},{"catalog_number":"4276119M2","name":"TUBE"},{"catalog_number":"4276118M1","name":"TUBE"},{"catalog_number":"4276116M1","name":"SHUTTER"},{"catalog_number":"4276108M95","name":"PANEL"},{"catalog_number":"4276107M2","name":"HARNESS"},{"catalog_number":"4276099M2","name":"TAP"},{"catalog_number":"4276098M92","name":"CASING"},{"catalog_number":"4276080M3","name":"SUPPORT"},{"catalog_number":"4276077M1","name":"GASKET"},{"catalog_number":"4276075M2","name":"PROTECTION"},{"catalog_number":"4276068M1","name":"SUPPORT"},{"catalog_number":"4276064M1","name":"CLUTCH"},{"catalog_number":"4276063M97","name":"SUPPORT, RH"},{"catalog_number":"4276062M96","name":"SUPPORT, LH"},{"catalog_number":"4276031M1","name":"PLUG"},{"catalog_number":"4276010M91","name":"WIRING HARNESS"},{"catalog_number":"4276005M12","name":"BEARING CARRIER"},{"catalog_number":"4276000M4","name":"WEIGHT"},{"catalog_number":"4275998M12","name":"BEARING CARRIER"},{"catalog_number":"4275995M3","name":"RUNNER"},{"catalog_number":"4275994M3","name":"LEFT HAND RUNNER"},{"catalog_number":"4275988M2","name":"HYDR. HOSE"},{"catalog_number":"4275985M1","name":"SHUTTER"},{"catalog_number":"4275977M1","name":"VIBRATION MOUNT"},{"catalog_number":"4275966M94","name":"SEAT"},{"catalog_number":"4275965M1","name":"BELLOWS"},{"catalog_number":"4275964M1","name":"GASKET"},{"catalog_number":"4275963M1","name":"PIPE"},{"catalog_number":"4275960M92","name":"LOCKING PIN"},{"catalog_number":"4275951M1","name":"PLATE"},{"catalog_number":"4275950M2","name":"COVER"},{"catalog_number":"4275950M1","name":"COVER"},{"catalog_number":"4275947M1","name":"UNION"},{"catalog_number":"4275944M1","name":"SQUARE."},{"catalog_number":"4275943M91","name":"REGULATOR"},{"catalog_number":"4275942M1","name":"UNION"},{"catalog_number":"4275939M2","name":"LATCH"},{"catalog_number":"4275937M1","name":"GROMMET"},{"catalog_number":"4275933M92","name":"STUFFING BOX"},{"catalog_number":"4275922M1","name":"RELAY"},{"catalog_number":"4275921M1","name":"PLATE"},{"catalog_number":"4275920M2","name":"HARNESS"},{"catalog_number":"4275919M1","name":"BELT"},{"catalog_number":"4275916M1","name":"ELECTROVALVE"},{"catalog_number":"4275915M1","name":"CABLE"},{"catalog_number":"4275914M1","name":"T-PIECE"},{"catalog_number":"4275910M2","name":"HARNESS"},{"catalog_number":"4275909M1","name":"PLUG"},{"catalog_number":"4275903M96","name":"FUSE BOX"},{"catalog_number":"4275903M94","name":"PLATE CLAMPING"},{"catalog_number":"4275897M1","name":"SPACER"},{"catalog_number":"4275886M2","name":"HEATER"},{"catalog_number":"4275880M91","name":"HARNESS"},{"catalog_number":"4275877P92","name":"ENGINE BONNET"},{"catalog_number":"4275877P91","name":"ENGINE BONNET"},{"catalog_number":"4275876P91","name":"PANEL"},{"catalog_number":"4275875P91","name":"RIGHT HAND PANEL"},{"catalog_number":"4275874M91","name":"BLOW OFF VALVE"},{"catalog_number":"4275872M3","name":"HYDR. HOSE"},{"catalog_number":"4275848M92","name":"LEFT HAND BAR"},{"catalog_number":"4275847M92","name":"RIGHT HAND BAR"},{"catalog_number":"4275846M1","name":"WASHER"},{"catalog_number":"4275843M1","name":"HARNESS"},{"catalog_number":"4275842M1","name":"WIRE HARNESS"},{"catalog_number":"4275841M3","name":"SUPPORT"},{"catalog_number":"4275839M1","name":"SCREW"},{"catalog_number":"4275825M92","name":"REGULATOR"},{"catalog_number":"4275824M92","name":"REGULATOR"},{"catalog_number":"4275814M91","name":"FILTER"},{"catalog_number":"4275812M93","name":"COMPRESSOR"},{"catalog_number":"4275811M91","name":"TOP LINK"},{"catalog_number":"4275810M1","name":"DRAGLINK"},{"catalog_number":"4275809M91","name":"DRAGLINK"},{"catalog_number":"4275808M2","name":"SUPPORT"},{"catalog_number":"4275805M1","name":"PLUG"},{"catalog_number":"4275787M1","name":"GRIP"},{"catalog_number":"4275776M1","name":"VIBRATION MOUNT"},{"catalog_number":"4275772M1","name":"NEGATIVE CABLE"},{"catalog_number":"4275771M1","name":"BATTERY CABLE"},{"catalog_number":"4275768M1","name":"STEM"},{"catalog_number":"4275767M3","name":"SEAL"},{"catalog_number":"4275766M2","name":"SEAL"},{"catalog_number":"4275754M92","name":"HYDR. HOSE"},{"catalog_number":"4275750M93","name":"HYDR. HOSE"},{"catalog_number":"4275732M1","name":"GASKET"},{"catalog_number":"4275731M1","name":"GASKET"},{"catalog_number":"4275724M2","name":"HARNESS"},{"catalog_number":"4275721M2","name":"DECAL"},{"catalog_number":"4275719M2","name":"DECAL"},{"catalog_number":"4275717M2","name":"DECAL"},{"catalog_number":"4275716M3","name":"DECAL"},{"catalog_number":"4275715M3","name":"DECAL"},{"catalog_number":"4275714M2","name":"DECAL"},{"catalog_number":"4275713M2","name":"DECAL"},{"catalog_number":"4275712M2","name":"DECAL"},{"catalog_number":"4275711M2","name":"DECAL"},{"catalog_number":"4275711M1","name":"DECAL"},{"catalog_number":"4275710M2","name":"DECAL"},{"catalog_number":"4275710M1","name":"DECAL"},{"catalog_number":"4275709M2","name":"DECAL"},{"catalog_number":"4275709M1","name":"DECAL"},{"catalog_number":"4275707M2","name":"DECAL"},{"catalog_number":"4275705M1","name":"DECAL"},{"catalog_number":"4275703M1","name":"DECAL"},{"catalog_number":"4275702M1","name":"DECAL"},{"catalog_number":"4275701M1","name":"DECAL"},{"catalog_number":"4275699M1","name":"DECAL"},{"catalog_number":"4275698M1","name":"CABLE"},{"catalog_number":"4275693M2","name":"BRIDLE"},{"catalog_number":"4275692M2","name":"BRIDLE"},{"catalog_number":"4275691M3","name":"BRIDLE"},{"catalog_number":"4275688M1","name":"HYDR. HOSE"},{"catalog_number":"4275687M2","name":"HYDR. HOSE"},{"catalog_number":"4275685M2","name":"HYDR. HOSE"},{"catalog_number":"4275684M2","name":"HYDR. HOSE"},{"catalog_number":"4275671M2","name":"PRESSURE SENSOR"},{"catalog_number":"4275671M1","name":"SENSOR"},{"catalog_number":"4275670M2","name":"REINF PLATE"},{"catalog_number":"4275669M91","name":"UNIVERSAL JOINT"},{"catalog_number":"4275667M91","name":"UNIVERSAL JOINT"},{"catalog_number":"4275665M2","name":"SUPPORT"},{"catalog_number":"4275664M1","name":"CONNECTORS"},{"catalog_number":"4275659M2","name":"COWL"},{"catalog_number":"4275653M2","name":"TUBE"},{"catalog_number":"4275638M1","name":"THRUST WASHER"},{"catalog_number":"4275637M2","name":"PLATE"},{"catalog_number":"4275635M92","name":"SUPPORT"},{"catalog_number":"4275628M1","name":"HARNESS"},{"catalog_number":"4275622M91","name":"REDUCER"},{"catalog_number":"4275620M1","name":"PLATE"},{"catalog_number":"4275619M2","name":"SWITCH,INDIRECT"}]}