{"machinery_brand_name":"Ag-Chem","parts":[{"catalog_number":"AG706262","name":"HEX HEAD PLUG"},{"catalog_number":"AG706213","name":"BEARING CUP"},{"catalog_number":"AG706191","name":"GASKET"},{"catalog_number":"AG705978","name":"WASHER"},{"catalog_number":"AG705977","name":"GEAR"},{"catalog_number":"AG705976","name":"WASHER"},{"catalog_number":"AG705968","name":"WASHER"},{"catalog_number":"AG705960","name":"BEARING CUP"},{"catalog_number":"AG705959","name":"BEARING CONE"},{"catalog_number":"AG705953","name":"GEAR"},{"catalog_number":"AG705952","name":"SNAPRING"},{"catalog_number":"AG705903","name":"RETAINING RING"},{"catalog_number":"AG705853","name":"WASHER"},{"catalog_number":"AG705830","name":"PLUG"},{"catalog_number":"AG705791","name":"SLINGER"},{"catalog_number":"AG705731","name":"SHIM"},{"catalog_number":"AG705671","name":"SNAP RING"},{"catalog_number":"AG705670","name":"WASHER"},{"catalog_number":"AG705668","name":"WASHER"},{"catalog_number":"AG705652","name":"WASHER"},{"catalog_number":"AG705563","name":"MACHINE SCREW"},{"catalog_number":"AG705562","name":"HEX HEAD BOLT"},{"catalog_number":"AG705482","name":"FLAT WASHER"},{"catalog_number":"AG705426","name":"GASKET"},{"catalog_number":"AG705399","name":"FLAT WASHER"},{"catalog_number":"AG705265","name":"BOLT"},{"catalog_number":"AG704877","name":"SPOOL"},{"catalog_number":"AG704861","name":"CAP"},{"catalog_number":"AG704540","name":"U-CLAMP"},{"catalog_number":"AG704492","name":"HOSE"},{"catalog_number":"AG704467","name":"HEX HEAD BOLT"},{"catalog_number":"AG704424","name":"SOCKET HEAD BOLT"},{"catalog_number":"AG704422","name":"WASHER"},{"catalog_number":"AG704421","name":"BREATHER CAP"},{"catalog_number":"AG704386","name":"NYLON BUSHING"},{"catalog_number":"AG704187","name":"FLANGE BEARING"},{"catalog_number":"AG704183","name":"DRIVE SHAFT"},{"catalog_number":"AG704165","name":"THRUST PLATE"},{"catalog_number":"AG704163","name":"SCREW"},{"catalog_number":"AG704157","name":"WOODRUFF KEY"},{"catalog_number":"AG704155","name":"RING"},{"catalog_number":"AG704136","name":"FILTER KIT"},{"catalog_number":"AG704133","name":"BEARING"},{"catalog_number":"AG704102","name":"PULLEY"},{"catalog_number":"AG704075","name":"WARNING DECAL"},{"catalog_number":"AG704074","name":"DANGER DECAL"},{"catalog_number":"AG704071","name":"INFORMAT. DECAL"},{"catalog_number":"AG704070","name":"DECAL"},{"catalog_number":"AG704069","name":"DECAL"},{"catalog_number":"AG704067","name":"INFORMAT. DECAL"},{"catalog_number":"AG704066","name":"WARNING DECAL"},{"catalog_number":"AG704046","name":"DANGER DECAL"},{"catalog_number":"AG704045","name":"WARNING DECAL"},{"catalog_number":"AG704040","name":"RING"},{"catalog_number":"AG704039","name":"SPOOL"},{"catalog_number":"AG704032","name":"SHAFT"},{"catalog_number":"AG704005","name":"CHAIN RIVET"},{"catalog_number":"AG703965","name":"SLEEVE"},{"catalog_number":"AG703964","name":"VALVE O-RING"},{"catalog_number":"AG703951","name":"IMPORTANT DECAL"},{"catalog_number":"AG703928","name":"DOUBLE LIP SEAL"},{"catalog_number":"AG703924","name":"ADAPTER"},{"catalog_number":"AG703909","name":"CONTROL VALVE"},{"catalog_number":"AG703898","name":"BEARING"},{"catalog_number":"AG703885","name":"TIGHTENER"},{"catalog_number":"AG703883","name":"COLLAR"},{"catalog_number":"AG703871","name":"ADAPTER"},{"catalog_number":"AG703848","name":"O RING"},{"catalog_number":"AG703847","name":"OIL SEAL"},{"catalog_number":"AG703832","name":"SPINNER BLADE,LH"},{"catalog_number":"AG703831","name":"SPINNER BLADE,RH"},{"catalog_number":"AG703830","name":"SCREW"},{"catalog_number":"AG703829","name":"HANDLE"},{"catalog_number":"AG703824","name":"GASKET"},{"catalog_number":"AG703823","name":"BEARING"},{"catalog_number":"AG703818","name":"HANDLE"},{"catalog_number":"AG703817","name":"INFORMAT. DECAL"},{"catalog_number":"AG703811","name":"BEARING"},{"catalog_number":"AG703791","name":"DECAL"},{"catalog_number":"AG703763","name":"FAN HUB"},{"catalog_number":"AG703738","name":"RETAINER"},{"catalog_number":"AG703733","name":"GUIDE, RH"},{"catalog_number":"AG703732","name":"GUIDE, LH"},{"catalog_number":"AG703084","name":"CLAMPING RING"},{"catalog_number":"AG703083","name":"FILLER NECK"},{"catalog_number":"AG703081","name":"GASKET"},{"catalog_number":"AG702187","name":"GOVERN. BREATHER"},{"catalog_number":"AG701016","name":"TUBE"},{"catalog_number":"AG701015","name":"SPRING"},{"catalog_number":"AG701012","name":"SPRING"},{"catalog_number":"AG701011","name":"COIL"},{"catalog_number":"AG701010","name":"O RING"},{"catalog_number":"AG700320","name":"KIT"},{"catalog_number":"AG700312","name":"BEARING"},{"catalog_number":"AG700274","name":"ELEMENT"},{"catalog_number":"AG700266","name":"ELEMENT"},{"catalog_number":"AG691985","name":"BOLT METRIC"},{"catalog_number":"AG691984","name":"PART"},{"catalog_number":"AG691958","name":"VALVE"},{"catalog_number":"AG691957","name":"CABLE"},{"catalog_number":"AG691909","name":"WASHER"},{"catalog_number":"AG691903","name":"INDUCTIVE SENSOR"},{"catalog_number":"AG691897","name":"SENSOR"},{"catalog_number":"AG691876","name":"BOLT"},{"catalog_number":"AG691848","name":"JOYSTICK"},{"catalog_number":"AG691844","name":"ELBOW"},{"catalog_number":"AG691820","name":"CHAIN"},{"catalog_number":"AG691805","name":"BOLT"},{"catalog_number":"AG691781","name":"SIGN"},{"catalog_number":"AG691778","name":"CONTROL"},{"catalog_number":"AG691762","name":"SEAL"},{"catalog_number":"AG691757","name":"PLUG"},{"catalog_number":"AG691756","name":"PLUG"},{"catalog_number":"AG691738","name":"NUT"},{"catalog_number":"AG691719","name":"KEY"},{"catalog_number":"AG691705","name":"SEAL KIT"},{"catalog_number":"AG691699","name":"BOLT"},{"catalog_number":"AG691697","name":"HOSE"},{"catalog_number":"AG691680","name":"SEAL"},{"catalog_number":"AG691678","name":"BRACKET"},{"catalog_number":"AG691674","name":"SEAL KIT"},{"catalog_number":"AG691669","name":"SPRING"},{"catalog_number":"AG691489","name":"SCREEN BASKET"},{"catalog_number":"AG691480","name":"O-RING"},{"catalog_number":"AG691462","name":"TYRE"},{"catalog_number":"AG691433","name":"BRACKET"},{"catalog_number":"AG691432","name":"BRACKET"},{"catalog_number":"AG691431","name":"BUSH"},{"catalog_number":"AG691374","name":"KIT"},{"catalog_number":"AG691373","name":"HYDRAULIC MOTOR"},{"catalog_number":"AG691304","name":"SHIM"},{"catalog_number":"AG691303","name":"SHIM"},{"catalog_number":"AG691269","name":"CABLE"},{"catalog_number":"AG691254","name":"MIRROR"},{"catalog_number":"AG691241","name":"NUT"},{"catalog_number":"AG691233","name":"DISK"},{"catalog_number":"AG691218","name":"NUT"},{"catalog_number":"AG691216","name":"SECTION"},{"catalog_number":"AG691210","name":"ROD END"},{"catalog_number":"AG691113","name":"CONNECTOR"},{"catalog_number":"AG691106","name":"VALVE"},{"catalog_number":"AG691104","name":"ELEMENT,FILTER"},{"catalog_number":"AG691094","name":"PROTECTION"},{"catalog_number":"AG690283","name":"KIT"},{"catalog_number":"AG690205","name":"HANDLE"},{"catalog_number":"AG690193","name":"CONNECTION"},{"catalog_number":"AG688864","name":"KIT, CYLINDER"},{"catalog_number":"AG688863","name":"RETAINING CLIP"},{"catalog_number":"AG688813","name":"SERVICE TOOL"},{"catalog_number":"AG688812","name":"BOLT"},{"catalog_number":"AG688811","name":"BRAKE SPRING"},{"catalog_number":"AG688810","name":"BRAKE SPRING"},{"catalog_number":"AG688809","name":"BRAKE SPRING"},{"catalog_number":"AG688808","name":"RING"},{"catalog_number":"AG688807","name":"BRAKE BOLT"},{"catalog_number":"AG688806","name":"ROLLER"},{"catalog_number":"AG688805","name":"CIRCLIP"},{"catalog_number":"AG688804","name":"BRAKE SHOE"},{"catalog_number":"AG688782","name":"HOSE"},{"catalog_number":"AG688769","name":"CABLE"},{"catalog_number":"AG688757","name":"YOKE KIT"},{"catalog_number":"AG688744","name":"TOOL"},{"catalog_number":"AG688708","name":"BRACKET"},{"catalog_number":"AG688707","name":"BRACKET"},{"catalog_number":"AG688694","name":"SUPPORT, LH"},{"catalog_number":"AG688474","name":"AEROSOL PRODUCT"},{"catalog_number":"AG688408","name":"HARNESS"},{"catalog_number":"AG684803","name":"COOLER"},{"catalog_number":"AG684800","name":"VALVE"},{"catalog_number":"AG684759","name":"REGULATOR"},{"catalog_number":"AG684757","name":"BOLT"},{"catalog_number":"AG684730","name":"BOLT METRIC"},{"catalog_number":"AG682631","name":"ADAPTER"},{"catalog_number":"AG682541","name":"TANK"},{"catalog_number":"AG682528","name":"HYDRAULIC PLUG"},{"catalog_number":"AG682526","name":"CHAIN"},{"catalog_number":"AG682518","name":"HYDRAULIC MOTOR"},{"catalog_number":"AG682517","name":"PUMP"},{"catalog_number":"AG682507","name":"ROD END"},{"catalog_number":"AG682483","name":"DISC"},{"catalog_number":"AG682356","name":"SHAFT"},{"catalog_number":"AG682351","name":"GEARBOX ML90"},{"catalog_number":"AG682350","name":"MIRROR"},{"catalog_number":"AG682271","name":"COOL BOX"},{"catalog_number":"AG682262","name":"PAINT, YELLOW"},{"catalog_number":"AG682224","name":"SPRING"},{"catalog_number":"AG682192","name":"HOSE"},{"catalog_number":"AG682190","name":"WASHER"},{"catalog_number":"AG682123","name":"SUPPORT"},{"catalog_number":"AG682010","name":"SENSOR"},{"catalog_number":"AG681997","name":"PIN"},{"catalog_number":"AG681996","name":"BLIND"},{"catalog_number":"AG681993","name":"ELBOW"},{"catalog_number":"AG681962","name":"VALVE"},{"catalog_number":"AG681960","name":"BOLT"},{"catalog_number":"AG681959","name":"PART"},{"catalog_number":"AG681958","name":"NUT"},{"catalog_number":"AG681957","name":"NUT"},{"catalog_number":"AG681956","name":"BOLT"},{"catalog_number":"AG681955","name":"BOLT"},{"catalog_number":"AG681953","name":"BOLT"},{"catalog_number":"AG681952","name":"BOLT"},{"catalog_number":"AG681951","name":"BOLT"},{"catalog_number":"AG681950","name":"BOLT"},{"catalog_number":"AG681908","name":"TEE"},{"catalog_number":"AG681907","name":"PART"},{"catalog_number":"AG681870","name":"BOLT"},{"catalog_number":"AG681868","name":"DECAL"},{"catalog_number":"AG681838","name":"SENSOR"},{"catalog_number":"AG681824","name":"SENSOR"},{"catalog_number":"AG681762","name":"FLANGE"},{"catalog_number":"AG681761","name":"TANK"},{"catalog_number":"AG681758","name":"STRAINER"},{"catalog_number":"AG681755","name":"CABLE"},{"catalog_number":"AG681742","name":"MONITOR"},{"catalog_number":"AG681570","name":"PART"},{"catalog_number":"AG681519","name":"PLASTIC PLUG"},{"catalog_number":"AG681508","name":"STRAINER"},{"catalog_number":"AG681490","name":"VENTILATOR"},{"catalog_number":"AG681472","name":"PART"},{"catalog_number":"AG681471","name":"CLAMP"},{"catalog_number":"AG681465","name":"BANJO BOLT"},{"catalog_number":"AG681445","name":"PUMP"},{"catalog_number":"AG681443","name":"O RING"},{"catalog_number":"AG681439","name":"FLANGE"},{"catalog_number":"AG681359","name":"POINT"},{"catalog_number":"AG681350","name":"O RING"},{"catalog_number":"AG681349","name":"O RING"},{"catalog_number":"AG681065","name":"PART"},{"catalog_number":"AG681017","name":"BAND"},{"catalog_number":"AG680978","name":"BOLT"},{"catalog_number":"AG680952","name":"HASP"},{"catalog_number":"AG680888","name":"CHECK VALVE"},{"catalog_number":"AG680887","name":"BOLT"},{"catalog_number":"AG680877","name":"OIL"},{"catalog_number":"AG680838","name":"CONNECTOR"},{"catalog_number":"AG680837","name":"CONNECTOR"},{"catalog_number":"AG680783","name":"PART"},{"catalog_number":"AG680765","name":"TUBE"},{"catalog_number":"AG680758","name":"COIL"},{"catalog_number":"AG680739","name":"PAINT-AEROSOL"},{"catalog_number":"AG680738","name":"PAINT GREY"},{"catalog_number":"AG680728","name":"TEE"},{"catalog_number":"AG680702","name":"CYLINDER"},{"catalog_number":"AG680666","name":"BOLT"},{"catalog_number":"AG680646","name":"PLUG"},{"catalog_number":"AG680613","name":"SEAL KIT"},{"catalog_number":"AG680602","name":"BOLT"},{"catalog_number":"AG680596","name":"BUSH"},{"catalog_number":"AG680563","name":"NUT"},{"catalog_number":"AG680524","name":"ELBOW"},{"catalog_number":"AG680523","name":"ELBOW"},{"catalog_number":"AG680375","name":"CAP"},{"catalog_number":"AG680362","name":"VALVE"},{"catalog_number":"AG680299","name":"OIL PRESS.SENSOR"},{"catalog_number":"AG680298","name":"OIL PRESS.SENSOR"},{"catalog_number":"AG680275","name":"NUT"},{"catalog_number":"AG680274","name":"ADAPTER"},{"catalog_number":"AG680253","name":"HALF FLANGE"},{"catalog_number":"AG680252","name":"SEAL KIT"},{"catalog_number":"AG680251","name":"SEAL KIT"},{"catalog_number":"AG680239","name":"KIT"},{"catalog_number":"AG680212","name":"ROCKER SWITCH"},{"catalog_number":"AG680061","name":"SEAL KIT"},{"catalog_number":"AG680037","name":"DUST CAP"},{"catalog_number":"AG678097","name":"TOOL"},{"catalog_number":"AG678094","name":"TOOL"},{"catalog_number":"AG678086","name":"TOOL"},{"catalog_number":"AG678085","name":"PROFILE"},{"catalog_number":"AG678079","name":"KIT, TOOL"},{"catalog_number":"AG678078","name":"TOOL"},{"catalog_number":"AG678077","name":"TOOL"},{"catalog_number":"AG678076","name":"TOOL"},{"catalog_number":"AG678072","name":"SOCKET"},{"catalog_number":"AG678044","name":"REPAIR KIT"},{"catalog_number":"AG678021","name":"KIT"},{"catalog_number":"AG670672","name":"KNOB"},{"catalog_number":"AG670442","name":"INSTRUCTION BOOK"},{"catalog_number":"AG670219","name":"HOOK"},{"catalog_number":"AG648049","name":"SILENCER"},{"catalog_number":"AG648048","name":"AIR VALVE"},{"catalog_number":"AG648047","name":"BOLT"},{"catalog_number":"AG648046","name":"TOOL KIT"},{"catalog_number":"AG648045","name":"HYDR.TIPP.CONNEC"},{"catalog_number":"AG648044","name":"SEAL RING"},{"catalog_number":"AG648043","name":"HYD ACCUMULATOR"},{"catalog_number":"AG648035","name":"CONTROL VALVE"},{"catalog_number":"AG648034","name":"HYD ACCUMULATOR"},{"catalog_number":"AG648006","name":"O RING"},{"catalog_number":"AG648005","name":"O RING"},{"catalog_number":"AG648004","name":"O RING"},{"catalog_number":"AG647994","name":"KIT, WIPER"},{"catalog_number":"AG647989","name":"DIFFUSER"},{"catalog_number":"AG647988","name":"WASHER"},{"catalog_number":"AG647987","name":"HYDRAULIC FILTER"},{"catalog_number":"AG647985","name":"KIT,WHEEL BEARNG"},{"catalog_number":"AG647978","name":"SENSOR RING"},{"catalog_number":"AG647977","name":"BRAKE KIT"},{"catalog_number":"AG647976","name":"BRAKE SHAFT BRG."},{"catalog_number":"AG647975","name":"DOWEL PIN"},{"catalog_number":"AG647974","name":"BRAKE LINING PIN"},{"catalog_number":"AG647973","name":"BRAKE SHAFT BRG."},{"catalog_number":"AG647972","name":"SEAL KIT"},{"catalog_number":"AG647971","name":"STUB AXLE"},{"catalog_number":"AG647970","name":"WHEEL NUT"},{"catalog_number":"AG647969","name":"WHEEL BOLT"},{"catalog_number":"AG647968","name":"BRAKE DRUM"},{"catalog_number":"AG647967","name":"BRAKE COLLAR"},{"catalog_number":"AG647966","name":"SHAFT BRAKE"},{"catalog_number":"AG647965","name":"BEARING CAP"},{"catalog_number":"AG647964","name":"WASHER"},{"catalog_number":"AG647947","name":"WARNING DECAL"},{"catalog_number":"AG647944","name":"OIL SEPARATOR"},{"catalog_number":"AG647943","name":"PLUG"},{"catalog_number":"AG647942","name":"CONNECTOR"},{"catalog_number":"AG647941","name":"CONNECTOR"},{"catalog_number":"AG647917","name":"O-RING SEAL"},{"catalog_number":"AG647916","name":"O-RING SEAL"},{"catalog_number":"AG647914","name":"BODY"},{"catalog_number":"AG647913","name":"BODY"},{"catalog_number":"AG647912","name":"BODY"},{"catalog_number":"AG647911","name":"BODY"},{"catalog_number":"AG647910","name":"NOZZLE HOLDER"},{"catalog_number":"AG647909","name":"FORK"},{"catalog_number":"AG647908","name":"ELE-MAGNET VALVE"},{"catalog_number":"AG647907","name":"O-RING"},{"catalog_number":"AG647906","name":"BOLT SET"},{"catalog_number":"AG647905","name":"CLIP"},{"catalog_number":"AG647904","name":"ELECTROVALVE"},{"catalog_number":"AG647902","name":"SEAL"},{"catalog_number":"AG647901","name":"O-RING"},{"catalog_number":"AG647900","name":"BODY"},{"catalog_number":"AG647899","name":"PIN"},{"catalog_number":"AG647898","name":"SEAL"},{"catalog_number":"AG647897","name":"ELECTROVALVE"},{"catalog_number":"AG647896","name":"O-RING"},{"catalog_number":"AG647894","name":"CLAMP"},{"catalog_number":"AG647893","name":"CAP SEAL"},{"catalog_number":"AG647892","name":"O-RING"},{"catalog_number":"AG647891","name":"O-RING"},{"catalog_number":"AG647859","name":"HYDRAULIC TUBE"},{"catalog_number":"AG647857","name":"BRACKET"},{"catalog_number":"AG647828","name":"SUPPORT PLATE"},{"catalog_number":"AG647817","name":"BLOCK CLAMP"},{"catalog_number":"AG647814","name":"HARNESS"},{"catalog_number":"AG647802","name":"SUPPORT BRACKET"},{"catalog_number":"AG647792","name":"SPOOL VALVE"},{"catalog_number":"AG647789","name":"VALVE"},{"catalog_number":"AG647762","name":"REFLECTOR"},{"catalog_number":"AG647761","name":"BRACKET"},{"catalog_number":"AG647745","name":"HYD CYLINDER"},{"catalog_number":"AG647706","name":"SUPPORT BRACKET"},{"catalog_number":"AG647696","name":"SUPPORT BRACKET"},{"catalog_number":"AG647695","name":"O RING"},{"catalog_number":"AG647694","name":"SHAFT SEAL RING"},{"catalog_number":"AG647693","name":"SHAFT SEAL"},{"catalog_number":"AG647670","name":"COVER"},{"catalog_number":"AG647669","name":"COVER"},{"catalog_number":"AG647666","name":"MOUNTING BRKT,RH"},{"catalog_number":"AG647665","name":"MOUNTING BRKT,LH"},{"catalog_number":"AG647664","name":"ID PLATE"},{"catalog_number":"AG647663","name":"CONSOLE"},{"catalog_number":"AG647661","name":"PIN"},{"catalog_number":"AG647660","name":"BRACKET"},{"catalog_number":"AG647656","name":"DISTRIB. PIPES"},{"catalog_number":"AG647644","name":"DECAL"},{"catalog_number":"AG647643","name":"O RING"},{"catalog_number":"AG647642","name":"PRESSURE SENSOR"},{"catalog_number":"AG647641","name":"ELEMENT"},{"catalog_number":"AG647640","name":"HYDRAULIC TUBE"},{"catalog_number":"AG647639","name":"HYDRAULIC TUBE"},{"catalog_number":"AG647618","name":"HYDRAULIC FILTER"},{"catalog_number":"AG647610","name":"ORIFICE FITTING"},{"catalog_number":"AG647607","name":"STRAINER"},{"catalog_number":"AG647563","name":"DISTRIB. PIPES"},{"catalog_number":"AG647533","name":"HOSE ADAPTER"},{"catalog_number":"AG647532","name":"HOSE ADAPTER"},{"catalog_number":"AG647531","name":"VALVE"},{"catalog_number":"AG647520","name":"DISTRIB. PIPES"},{"catalog_number":"AG647503","name":"FILTER ELEMENT"},{"catalog_number":"AG647502","name":"HYDRAULIC FILTER"},{"catalog_number":"AG647472","name":"CLAMP"},{"catalog_number":"AG647470","name":"WATER COOLER"},{"catalog_number":"AG647469","name":"HYDRAULIC PUMP"},{"catalog_number":"AG647468","name":"HYDRAULIC PUMP"},{"catalog_number":"AG647464","name":"HARNESS"},{"catalog_number":"AG647462","name":"PARTS BOOK"},{"catalog_number":"AG647458","name":"PLATE"},{"catalog_number":"AG647453","name":"SUPPORT"},{"catalog_number":"AG647452","name":"SUPPORT"},{"catalog_number":"AG647448","name":"BANJO BOLT"},{"catalog_number":"AG647445","name":"BANJO TUBE"},{"catalog_number":"AG647444","name":"COVER"},{"catalog_number":"AG647441","name":"SUPPORT"},{"catalog_number":"AG647434","name":"COOLER"},{"catalog_number":"AG647429","name":"HOSE FITTING"},{"catalog_number":"AG647395","name":"DECAL"},{"catalog_number":"AG647394","name":"DECAL"},{"catalog_number":"AG647393","name":"DECAL"},{"catalog_number":"AG647392","name":"DECAL"},{"catalog_number":"AG647391","name":"TYRE PRES DECAL"},{"catalog_number":"AG647390","name":"DECAL"},{"catalog_number":"AG647389","name":"DECAL"},{"catalog_number":"AG647388","name":"DECAL"},{"catalog_number":"AG647387","name":"DECAL"},{"catalog_number":"AG647386","name":"DECAL"},{"catalog_number":"AG647385","name":"DECAL"},{"catalog_number":"AG647384","name":"DECAL"},{"catalog_number":"AG647383","name":"DECAL"},{"catalog_number":"AG647378","name":"FORK"},{"catalog_number":"AG647377","name":"HOSE FITTING"},{"catalog_number":"AG647375","name":"HOSE ELBOW"},{"catalog_number":"AG647372","name":"ENVIRON. BAR"},{"catalog_number":"AG647368","name":"PLATE"},{"catalog_number":"AG647366","name":"BRACKET"},{"catalog_number":"AG647356","name":"MIDDLE BOOM, RH"},{"catalog_number":"AG647355","name":"MIDDLE BOOM, LH"},{"catalog_number":"AG647354","name":"HARNESS"},{"catalog_number":"AG647351","name":"LOCK"},{"catalog_number":"AG647350","name":"LOCK"},{"catalog_number":"AG647349","name":"STRIP"},{"catalog_number":"AG647343","name":"CLAMP"},{"catalog_number":"AG647319","name":"HARNESS"},{"catalog_number":"AG647317","name":"ADAPTER FITTING"},{"catalog_number":"AG647316","name":"ELBOW"},{"catalog_number":"AG647315","name":"ORIFICE SCREW"},{"catalog_number":"AG647314","name":"CARTRIDGE"},{"catalog_number":"AG647313","name":"COIL"},{"catalog_number":"AG647312","name":"CARTRIDGE"},{"catalog_number":"AG647311","name":"O RING"},{"catalog_number":"AG647310","name":"FILTER VENT"},{"catalog_number":"AG647309","name":"GASKET"},{"catalog_number":"AG647308","name":"GASKET"},{"catalog_number":"AG647307","name":"SCREW"},{"catalog_number":"AG647304","name":"ELBOW"},{"catalog_number":"AG647301","name":"PLATE"},{"catalog_number":"AG647280","name":"BRACKET"},{"catalog_number":"AG647274","name":"SEAL"},{"catalog_number":"AG647265","name":"DECAL"},{"catalog_number":"AG647264","name":"DECAL"},{"catalog_number":"AG647251","name":"HYDRAULIC TUBE"},{"catalog_number":"AG647250","name":"HYDRAULIC TUBE"},{"catalog_number":"AG647244","name":"FILTER ELEMENT"},{"catalog_number":"AG647241","name":"HARNESS"},{"catalog_number":"AG647240","name":"HARNESS"},{"catalog_number":"AG647236","name":"PLATE"},{"catalog_number":"AG647231","name":"BRACKET"},{"catalog_number":"AG647211","name":"HYDRAULIC TUBE"},{"catalog_number":"AG647208","name":"BALL VALVE"},{"catalog_number":"AG647204","name":"BRACKET"},{"catalog_number":"AG647199","name":"FORK"},{"catalog_number":"AG647198","name":"FORK"},{"catalog_number":"AG647197","name":"HYDRAULIC TUBE"},{"catalog_number":"AG647195","name":"COIL"},{"catalog_number":"AG647193","name":"BREAKAWAY BOOM"},{"catalog_number":"AG647190","name":"CARTRIDGE"},{"catalog_number":"AG647189","name":"HARNESS"},{"catalog_number":"AG647187","name":"ROUND"},{"catalog_number":"AG647184","name":"HYDRAULIC TUBE"},{"catalog_number":"AG647183","name":"HYDRAULIC TUBE"},{"catalog_number":"AG647182","name":"HYDRAULIC TUBE"},{"catalog_number":"AG647181","name":"HYDRAULIC TUBE"},{"catalog_number":"AG647179","name":"HYDRAULIC TUBE"},{"catalog_number":"AG647178","name":"HYDRAULIC TUBE"},{"catalog_number":"AG647177","name":"HYDRAULIC TUBE"},{"catalog_number":"AG647175","name":"HYDRAULIC TUBE"},{"catalog_number":"AG647171","name":"HARNESS"},{"catalog_number":"AG647135","name":"HARNESS"},{"catalog_number":"AG647134","name":"JOYSTICK"},{"catalog_number":"AG647130","name":"FITTING"},{"catalog_number":"AG647129","name":"ELBOW FITTING"},{"catalog_number":"AG647127","name":"FITTING"},{"catalog_number":"AG647126","name":"TEE FITTING"},{"catalog_number":"AG647125","name":"ELBOW FITTING"},{"catalog_number":"AG647124","name":"ELBOW FITTING"},{"catalog_number":"AG647123","name":"STRAIGHT FITTING"},{"catalog_number":"AG647122","name":"STRAIGHT FITTING"},{"catalog_number":"AG647121","name":"STRAIGHT FITTING"},{"catalog_number":"AG647107","name":"KIT"},{"catalog_number":"AG647104","name":"TUBE"},{"catalog_number":"AG647082","name":"BOOM"},{"catalog_number":"AG647078","name":"BOOM"},{"catalog_number":"AG647074","name":"VALVE"},{"catalog_number":"AG647056","name":"HARNESS"},{"catalog_number":"AG647055","name":"HARNESS"},{"catalog_number":"AG647054","name":"HARNESS"},{"catalog_number":"AG647043","name":"HYDRAULIC VALVE"},{"catalog_number":"AG647035","name":"VALVE"},{"catalog_number":"AG647033","name":"VALVE"},{"catalog_number":"AG647032","name":"VALVE"},{"catalog_number":"AG647031","name":"VALVE"},{"catalog_number":"AG647030","name":"VALVE"},{"catalog_number":"AG647029","name":"VALVE"},{"catalog_number":"AG647013","name":"BRACKET"},{"catalog_number":"AG647012","name":"LIGHT SUPPORT,LH"},{"catalog_number":"AG647011","name":"HARNESS"},{"catalog_number":"AG647010","name":"HOSE"},{"catalog_number":"AG647009","name":"HOSE"},{"catalog_number":"AG647008","name":"HOSE"},{"catalog_number":"AG647007","name":"HOSE"},{"catalog_number":"AG646983","name":"HYDR. HOSE"},{"catalog_number":"AG646980","name":"ROTOR PUMP BRACE"},{"catalog_number":"AG646978","name":"ROTOR"},{"catalog_number":"AG646947","name":"AIR VALVE"},{"catalog_number":"AG646941","name":"PLATE COVER"},{"catalog_number":"AG646940","name":"COVER"},{"catalog_number":"AG646939","name":"COVER"},{"catalog_number":"AG646937","name":"COVER"},{"catalog_number":"AG646936","name":"COVER"},{"catalog_number":"AG646908","name":"SILENCER"},{"catalog_number":"AG646903","name":"CAP FITTING"},{"catalog_number":"AG646899","name":"FORK"},{"catalog_number":"AG646898","name":"FITTING"},{"catalog_number":"AG646896","name":"FITTING"},{"catalog_number":"AG646895","name":"ELBOW FITTING"},{"catalog_number":"AG646891","name":"BOOM"},{"catalog_number":"AG646890","name":"BOOM"},{"catalog_number":"AG646889","name":"BOOM"},{"catalog_number":"AG646888","name":"BOOM"},{"catalog_number":"AG646887","name":"INNER BOOM"},{"catalog_number":"AG646886","name":"INNER BOOM"},{"catalog_number":"AG646884","name":"TECH. DOCUMENTS"},{"catalog_number":"AG646883","name":"TECH. DOCUMENTS"},{"catalog_number":"AG646882","name":"LOWER ARM"},{"catalog_number":"AG646878","name":"ARM"},{"catalog_number":"AG646855","name":"SENSOR"},{"catalog_number":"AG646851","name":"HARNESS"},{"catalog_number":"AG646849","name":"DECAL"},{"catalog_number":"AG646848","name":"DECAL"},{"catalog_number":"AG646846","name":"DECAL"},{"catalog_number":"AG646845","name":"DECAL"},{"catalog_number":"AG646843","name":"DECAL"},{"catalog_number":"AG646842","name":"DECAL"},{"catalog_number":"AG646838","name":"PLATE"},{"catalog_number":"AG646837","name":"COVER"},{"catalog_number":"AG646835","name":"BRACKET"},{"catalog_number":"AG646833","name":"RESERVOIR"},{"catalog_number":"AG646819","name":"SEAL KIT"},{"catalog_number":"AG646817","name":"ORIFICE SCREW"},{"catalog_number":"AG646815","name":"HYD MANIFOLD"},{"catalog_number":"AG646814","name":"WASHER"},{"catalog_number":"AG646797","name":"BOLT"},{"catalog_number":"AG646795","name":"SENSOR KIT"},{"catalog_number":"AG646794","name":"SENSOR"},{"catalog_number":"AG646777","name":"FRAME"},{"catalog_number":"AG646760","name":"HARNESS"},{"catalog_number":"AG646758","name":"CONNECTOR COVER"},{"catalog_number":"AG646756","name":"ELBOW"},{"catalog_number":"AG646755","name":"BRAKE PEDAL"},{"catalog_number":"AG646715","name":"HARNESS"},{"catalog_number":"AG646714","name":"HARNESS"},{"catalog_number":"AG646713","name":"HARNESS"},{"catalog_number":"AG646712","name":"ARM"},{"catalog_number":"AG646708","name":"BOLT"},{"catalog_number":"AG646706","name":"OPERATOR MANUAL"},{"catalog_number":"AG646705","name":"PARTS BOOK"},{"catalog_number":"AG646694","name":"HYDRAULIC HOSE"},{"catalog_number":"AG646688","name":"USER GUIDE"},{"catalog_number":"AG646681","name":"BRACKET"},{"catalog_number":"AG646680","name":"GEARBOX"},{"catalog_number":"AG646677","name":"HYDR. HOSE"},{"catalog_number":"AG646668","name":"SEAL RING"},{"catalog_number":"AG646667","name":"BRACKET"},{"catalog_number":"AG646653","name":"BRACKET"},{"catalog_number":"AG646652","name":"PLATE"},{"catalog_number":"AG646651","name":"PLATE"},{"catalog_number":"AG646650","name":"BRACKET"},{"catalog_number":"AG646619","name":"BREAKAWAY BOOM"},{"catalog_number":"AG646617","name":"BREAKAWAY BOOM"},{"catalog_number":"AG646616","name":"BREAKAWAY BOOM"},{"catalog_number":"AG646615","name":"BREAKAWAY BOOM"},{"catalog_number":"AG646614","name":"BREAKAWAY BOOM"},{"catalog_number":"AG646613","name":"MIDDLE BOOM, RH"},{"catalog_number":"AG646612","name":"MIDDLE BOOM, LH"},{"catalog_number":"AG646611","name":"BOOM"},{"catalog_number":"AG646610","name":"BOOM"},{"catalog_number":"AG646609","name":"BOOM"},{"catalog_number":"AG646608","name":"BOOM"},{"catalog_number":"AG646607","name":"BOOM"},{"catalog_number":"AG646606","name":"BOOM"},{"catalog_number":"AG646605","name":"BOOM"},{"catalog_number":"AG646604","name":"BOOM"},{"catalog_number":"AG646603","name":"BOOM"},{"catalog_number":"AG646602","name":"BOOM"},{"catalog_number":"AG646601","name":"BOOM"},{"catalog_number":"AG646600","name":"BOOM"},{"catalog_number":"AG646599","name":"BOOM"},{"catalog_number":"AG646598","name":"BOOM"},{"catalog_number":"AG646597","name":"BOOM"},{"catalog_number":"AG646596","name":"BOOM"},{"catalog_number":"AG646595","name":"BOOM"},{"catalog_number":"AG646594","name":"BOOM"},{"catalog_number":"AG646593","name":"BOOM"},{"catalog_number":"AG646592","name":"BOOM"},{"catalog_number":"AG646591","name":"BOOM"},{"catalog_number":"AG646590","name":"BOOM"},{"catalog_number":"AG646589","name":"BOOM"},{"catalog_number":"AG646588","name":"BOOM"},{"catalog_number":"AG646587","name":"BOOM"},{"catalog_number":"AG646586","name":"BOOM"}]}