{"machinery_brand_name":"Ag-Chem","parts":[{"catalog_number":"530811060200","name":"ROCKER PNL PLATE"},{"catalog_number":"530811060140","name":"FLOOR CARPETING"},{"catalog_number":"530811060130","name":"FLOOR CARPETING"},{"catalog_number":"530811060120","name":"FLOOR CARPETING"},{"catalog_number":"530811060110","name":"FLOOR CARPETING"},{"catalog_number":"530811060100","name":"HOLDER"},{"catalog_number":"530811060060","name":"FLOOR MAT"},{"catalog_number":"530811060050","name":"FLOOR MAT"},{"catalog_number":"530811060041","name":"FLOOR MAT"},{"catalog_number":"530811060031","name":"FLOOR MAT"},{"catalog_number":"530811060021","name":"FLOOR MAT"},{"catalog_number":"530811060011","name":"FLOOR MAT"},{"catalog_number":"530811050100","name":"PLATE"},{"catalog_number":"530811050090","name":"REAR WINDOW"},{"catalog_number":"530811050080","name":"REAR WINDOW"},{"catalog_number":"530811030360","name":"BAR LINK"},{"catalog_number":"530811030010","name":"DOOR GLASS, LH"},{"catalog_number":"530811020120","name":"HINGE"},{"catalog_number":"530811020110","name":"JOINT"},{"catalog_number":"530811020100","name":"RING"},{"catalog_number":"530811020050","name":"HOLDER"},{"catalog_number":"530811020040","name":"HEADLIGHT BONNET"},{"catalog_number":"530811020030","name":"HEADLIGHT BONNET"},{"catalog_number":"530811020020","name":"COVER BLIND"},{"catalog_number":"530811020010","name":"COVER BLIND"},{"catalog_number":"530811010950","name":"PLASTIC SCREW"},{"catalog_number":"530810410140","name":"HOLDER"},{"catalog_number":"530810400301","name":"HOLDER"},{"catalog_number":"530810305081","name":"CLIP"},{"catalog_number":"530810305041","name":"CLIP"},{"catalog_number":"530810300490","name":"INSERT PIN"},{"catalog_number":"530810300450","name":"FEMALE SOCKET"},{"catalog_number":"530810300290","name":"PLATE"},{"catalog_number":"530810300270","name":"CLIP"},{"catalog_number":"530810300260","name":"GASKET"},{"catalog_number":"530810300230","name":"SHEET METAL"},{"catalog_number":"530810300221","name":"HOLDER"},{"catalog_number":"530810300190","name":"SHEET METAL"},{"catalog_number":"530810300100","name":"SHEET METAL"},{"catalog_number":"530810300060","name":"HOSE"},{"catalog_number":"530810295010","name":"DISTRIBUTOR"},{"catalog_number":"530810290210","name":"SHEET METAL"},{"catalog_number":"530810290202","name":"SHEET METAL"},{"catalog_number":"530810290150","name":"SOCKET"},{"catalog_number":"530810290130","name":"CLIP"},{"catalog_number":"530810250320","name":"HOSE"},{"catalog_number":"530810250310","name":"TUBE"},{"catalog_number":"530810250300","name":"TUBE"},{"catalog_number":"530810250181","name":"HOSE"},{"catalog_number":"530800903050","name":"BALL SLEEVE"},{"catalog_number":"530800902050","name":"BALL SLEEVE"},{"catalog_number":"530800900050","name":"FEMALE SOCKET"},{"catalog_number":"530800900041","name":"LOCKING PIN"},{"catalog_number":"530800040040","name":"FLANGE"},{"catalog_number":"530800020010","name":"LINKAGE BRACKET"},{"catalog_number":"530746D1","name":"WEARPLATE"},{"catalog_number":"530743D1","name":"DEFLECTOR"},{"catalog_number":"530742D1","name":"DEFLECTOR"},{"catalog_number":"530723D1","name":"TUBE"},{"catalog_number":"530700180150","name":"HUB"},{"catalog_number":"530700180100","name":"HUB"},{"catalog_number":"530700032030","name":"PLATE"},{"catalog_number":"530700032020","name":"HOLDER"},{"catalog_number":"530700032010","name":"SHEET METAL"},{"catalog_number":"530700030052","name":"CONSOLE"},{"catalog_number":"530700030022","name":"STOP"},{"catalog_number":"530694D1","name":"SEAL KIT"},{"catalog_number":"530693D1","name":"SERVO VALVE"},{"catalog_number":"530692D1","name":"SEAL KIT"},{"catalog_number":"530691D1","name":"VALVE"},{"catalog_number":"530690D1","name":"STEERING PUMP"},{"catalog_number":"530689D1","name":"STEERING PUMP"},{"catalog_number":"530688D1","name":"HYDRAULIC PUMP"},{"catalog_number":"530687D1","name":"BRACKET"},{"catalog_number":"530683D1","name":"TUBE"},{"catalog_number":"530681D1","name":"HOSE"},{"catalog_number":"530680D1","name":"HOSE"},{"catalog_number":"530679D1","name":"TUBE"},{"catalog_number":"530667D1","name":"TIE ROD"},{"catalog_number":"530661D1","name":"TIE ROD"},{"catalog_number":"530652D1","name":"KIT, COUPLING"},{"catalog_number":"530647D1","name":"KIT, COUPLING"},{"catalog_number":"530621D1","name":"TIE ROD"},{"catalog_number":"530550062081","name":"SUPPORT BRACKET"},{"catalog_number":"530550062011","name":"GRAB HANDLE"},{"catalog_number":"530550030331","name":"HOLDER"},{"catalog_number":"530550030300","name":"HOLDER"},{"catalog_number":"530550030191","name":"GROMMET"},{"catalog_number":"530550030181","name":"GROMMET"},{"catalog_number":"530550030160","name":"SPOUT"},{"catalog_number":"530500410020","name":"MARKING PLATE"},{"catalog_number":"530500200670","name":"DISC"},{"catalog_number":"530500200480","name":"GUARD SHEET"},{"catalog_number":"530500200470","name":"GUARD SHEET"},{"catalog_number":"530500200390","name":"BRACKET"},{"catalog_number":"530500200080","name":"STIRRUP"},{"catalog_number":"530500200040","name":"BEARING SUPPORT"},{"catalog_number":"530500200030","name":"BEARING SUPPORT"},{"catalog_number":"530500200021","name":"BRACKET"},{"catalog_number":"530500172690","name":"COVERING"},{"catalog_number":"530500172550","name":"HOLDER"},{"catalog_number":"530500172050","name":"HOLDER"},{"catalog_number":"530500172031","name":"SPLASH SHIELD"},{"catalog_number":"530500172021","name":"STEP PLATE"},{"catalog_number":"530500171010","name":"STIRRUP"},{"catalog_number":"530500050030","name":"PLATE"},{"catalog_number":"530500042020","name":"BEAM PLATE"},{"catalog_number":"530500022980","name":"GROMMET"},{"catalog_number":"530500022850","name":"SHEET METAL"},{"catalog_number":"530500022840","name":"SHEET METAL"},{"catalog_number":"530500022260","name":"HOLDER"},{"catalog_number":"530500022250","name":"HOLDER"},{"catalog_number":"530500022240","name":"HOLDER"},{"catalog_number":"530500022230","name":"HOLDER"},{"catalog_number":"530500022220","name":"HOLDER"},{"catalog_number":"530500022210","name":"HOLDER"},{"catalog_number":"530500022200","name":"BONNET BEARING"},{"catalog_number":"530500022161","name":"HOLDER"},{"catalog_number":"530500022150","name":"HOLDER"},{"catalog_number":"530500022121","name":"HOLDER"},{"catalog_number":"530500022111","name":"HOLDER"},{"catalog_number":"530500022101","name":"HOLDER"},{"catalog_number":"530500021860","name":"INSERT PIN"},{"catalog_number":"530500021701","name":"HOLDER"},{"catalog_number":"530500021660","name":"COVERING"},{"catalog_number":"530500021650","name":"COVERING"},{"catalog_number":"530500021640","name":"ORIFICE PLATE"},{"catalog_number":"530500021630","name":"ORIFICE PLATE"},{"catalog_number":"530500021590","name":"GROMMET"},{"catalog_number":"530500021570","name":"PLUG STOPPER"},{"catalog_number":"530500021560","name":"HOLDER"},{"catalog_number":"530500021550","name":"CENTER WEB"},{"catalog_number":"530500021470","name":"MESH PANEL"},{"catalog_number":"530500021460","name":"MESH PANEL"},{"catalog_number":"530500021450","name":"COVERING"},{"catalog_number":"530500021440","name":"COVERING"},{"catalog_number":"530500021430","name":"ORIFICE PLATE"},{"catalog_number":"530500021420","name":"ORIFICE PLATE"},{"catalog_number":"530500021410","name":"BRACKET"},{"catalog_number":"530500021400","name":"BRACKET"},{"catalog_number":"530500021330","name":"FRONT GRILLE"},{"catalog_number":"530500021320","name":"FRONT GRILLE"},{"catalog_number":"530500021310","name":"FRONT GRILLE"},{"catalog_number":"530500021300","name":"FRONT GRILLE"},{"catalog_number":"530500021291","name":"HOLDER"},{"catalog_number":"530500021280","name":"SHEET METAL"},{"catalog_number":"530500021190","name":"FLANGE BUSHING"},{"catalog_number":"530497D1","name":"KIT, CABLE"},{"catalog_number":"530464D1","name":"TRAILER BRAKE"},{"catalog_number":"530462D1","name":"TRAILER BRAKE"},{"catalog_number":"530460D1","name":"TRAILER BRAKE"},{"catalog_number":"530458D1","name":"TRAILER BRAKE"},{"catalog_number":"530456D1","name":"TRAILER BRAKE"},{"catalog_number":"530455D1A","name":"INSTRUCTIONS"},{"catalog_number":"530452D1","name":"KIT"},{"catalog_number":"530450D1","name":"OIL DRAIN KIT"},{"catalog_number":"530448D1","name":"KIT"},{"catalog_number":"530446D1","name":"KIT, HITCH"},{"catalog_number":"530444D1","name":"KIT, HITCH"},{"catalog_number":"530442D1","name":"KIT"},{"catalog_number":"530440D1","name":"KIT"},{"catalog_number":"530437D1A","name":"INSTRUCTIONS"},{"catalog_number":"530436D1","name":"PTO KIT"},{"catalog_number":"530427D1A","name":"INSTRUCTIONS"},{"catalog_number":"530424D1","name":"IMPL VALVE KIT"},{"catalog_number":"530419D1A","name":"INSTRUCTIONS"},{"catalog_number":"530418D1A","name":"INSTRUCTIONS"},{"catalog_number":"530417D1","name":"DECAL"},{"catalog_number":"530416D1","name":"DECAL"},{"catalog_number":"530378D1","name":"SUPPORT BRACE"},{"catalog_number":"530372D1","name":"VELOCITY SENSOR"},{"catalog_number":"530358D3","name":"LAYOUT DECAL"},{"catalog_number":"530300230110","name":"COMPRESS. SPRING"},{"catalog_number":"530300230030","name":"NOZZLE"},{"catalog_number":"530300230020","name":"HOSE ARCH"},{"catalog_number":"530300230010","name":"SHAFT"},{"catalog_number":"530300130170","name":"CLIP"},{"catalog_number":"530300130150","name":"CLIP"},{"catalog_number":"530300130140","name":"CLIP"},{"catalog_number":"530300130020","name":"HOLDER"},{"catalog_number":"530300120020","name":"DISC"},{"catalog_number":"530300120010","name":"DISC"},{"catalog_number":"530300080021","name":"PROFILE BUSH"},{"catalog_number":"530300080011","name":"SHAFT"},{"catalog_number":"530300050021","name":"COVERING"},{"catalog_number":"530292D1","name":"TRANSMISSION"},{"catalog_number":"530274D1","name":"TUBE ASSY"},{"catalog_number":"530273D1","name":"TUBE ASSY"},{"catalog_number":"530242D1","name":"SHAFT SEAL"},{"catalog_number":"530240D1","name":"STEP"},{"catalog_number":"530239D1","name":"BRACKET"},{"catalog_number":"530200732061","name":"HOLDER"},{"catalog_number":"530200732050","name":"HOLDER"},{"catalog_number":"530200722240","name":"SHEET METAL"},{"catalog_number":"530200722141","name":"COVERING"},{"catalog_number":"530200722121","name":"SHEET METAL"},{"catalog_number":"530200722050","name":"TUBE"},{"catalog_number":"530200721210","name":"HOSE ARCH"},{"catalog_number":"530200721190","name":"HOSE ARCH"},{"catalog_number":"530200721120","name":"HOSE"},{"catalog_number":"530200703120","name":"BRACKET"},{"catalog_number":"530200703021","name":"HOSE"},{"catalog_number":"530200702140","name":"HOSE ARCH"},{"catalog_number":"530200702020","name":"HOSE"},{"catalog_number":"530200192030","name":"HOLDER"},{"catalog_number":"530200191180","name":"TOWING SHACKLE"},{"catalog_number":"530200191080","name":"FLANGE"},{"catalog_number":"530200112160","name":"PLATE"},{"catalog_number":"530200112100","name":"TUBE"},{"catalog_number":"530200112071","name":"HOLDER"},{"catalog_number":"530200103590","name":"COVER SHEET"},{"catalog_number":"530200102820","name":"NAMEPLATE"},{"catalog_number":"530200102550","name":"LIC. PLATE HOLDR"},{"catalog_number":"530200102540","name":"FLANGE PLATE"},{"catalog_number":"530200102520","name":"SCREENING PLATE"},{"catalog_number":"530200102500","name":"FACING PLATE"},{"catalog_number":"530200102070","name":"COVERING"},{"catalog_number":"530200102060","name":"BRACKET"},{"catalog_number":"530200102050","name":"WEB"},{"catalog_number":"530200102020","name":"CONSOLE"},{"catalog_number":"530200102010","name":"CONSOLE"},{"catalog_number":"530200092520","name":"NAMEPLATE"},{"catalog_number":"530200092291","name":"HOLDER"},{"catalog_number":"530200092120","name":"HOLDER"},{"catalog_number":"530200092110","name":"HOLDER"},{"catalog_number":"530200092020","name":"AIR CHANNEL"},{"catalog_number":"530200090090","name":"FILTER ELEMENT"},{"catalog_number":"530200090080","name":"FILTER ELEMENT"},{"catalog_number":"530200062300","name":"UNION"},{"catalog_number":"530200062240","name":"SHROUD PANEL"},{"catalog_number":"530200062230","name":"STRAP"},{"catalog_number":"530200062220","name":"STRAP"},{"catalog_number":"530200062210","name":"STRAP"},{"catalog_number":"530200062200","name":"STRAP"},{"catalog_number":"530200062190","name":"SPACER TUBE"},{"catalog_number":"530200062160","name":"SPACER TUBE"},{"catalog_number":"530200062100","name":"SHEET METAL"},{"catalog_number":"530200062050","name":"GROMMET"},{"catalog_number":"530200062030","name":"BRACKET"},{"catalog_number":"530200062020","name":"CONNECTION HOSE"},{"catalog_number":"530200061120","name":"LID"},{"catalog_number":"530200061060","name":"ANGLE"},{"catalog_number":"530200061040","name":"FELT DISC"},{"catalog_number":"530200061030","name":"DISC"},{"catalog_number":"530200052571","name":"SEALING TAPE"},{"catalog_number":"530200052561","name":"SEALING TAPE"},{"catalog_number":"530200052551","name":"SEALING TAPE"},{"catalog_number":"530200052541","name":"COVERING"},{"catalog_number":"530200052531","name":"COVERING"},{"catalog_number":"530200052521","name":"COVERING"},{"catalog_number":"530200052511","name":"COVERING"},{"catalog_number":"530200052410","name":"EXPANSION BUSH"},{"catalog_number":"530200052400","name":"EXPANSION BUSH"},{"catalog_number":"530200052210","name":"AIR GUIDE PART"},{"catalog_number":"530200052151","name":"SEALING RUBBER"},{"catalog_number":"530200052130","name":"HOLDER"},{"catalog_number":"530200052121","name":"SEAL FORM PART"},{"catalog_number":"530200052110","name":"PAD"},{"catalog_number":"530200052080","name":"CONNECTOR PLATE"},{"catalog_number":"530200052070","name":"PRESSURE HOSE"},{"catalog_number":"530200052060","name":"PRESSURE HOSE"},{"catalog_number":"530200052050","name":"CONNECTING PIECE"},{"catalog_number":"530200052020","name":"SUCTION HOSE"},{"catalog_number":"530200013120","name":"BUSH"},{"catalog_number":"530200013110","name":"MESH PANEL"},{"catalog_number":"530200013100","name":"AIR INTAKE HOSE"},{"catalog_number":"530200012100","name":"BELT"},{"catalog_number":"530200011010","name":"TIE PLATE"},{"catalog_number":"530198D1","name":"VALVE"},{"catalog_number":"530195D1","name":"HOSE"},{"catalog_number":"530166D1","name":"SEAT"},{"catalog_number":"530158D1","name":"TUBE ASSY"},{"catalog_number":"530157D1","name":"TUBE"},{"catalog_number":"530156D1","name":"TUBE"},{"catalog_number":"530150410540","name":"PINION SHAFT"},{"catalog_number":"530150410530","name":"CROWNWHEEL"},{"catalog_number":"530150410490","name":"DISC"},{"catalog_number":"530150410480","name":"DISC"},{"catalog_number":"530150410470","name":"DISC"},{"catalog_number":"530150410460","name":"DISC"},{"catalog_number":"530150410450","name":"SHIM"},{"catalog_number":"530150410440","name":"SHIM"},{"catalog_number":"530150410430","name":"SHIM"},{"catalog_number":"530150410420","name":"SHIM"},{"catalog_number":"530150410410","name":"SHIM"},{"catalog_number":"530150410400","name":"SHIM"},{"catalog_number":"530150410390","name":"SHIM"},{"catalog_number":"530150410380","name":"SHIM"},{"catalog_number":"530150410370","name":"SHIM"},{"catalog_number":"530150410360","name":"SHIM"},{"catalog_number":"530150410350","name":"SHIM"},{"catalog_number":"530150410310","name":"SHIM"},{"catalog_number":"530150410300","name":"SHIM"},{"catalog_number":"530150410290","name":"SHIM"},{"catalog_number":"530150410280","name":"SHIM"},{"catalog_number":"530150410270","name":"SHIM"},{"catalog_number":"530150410260","name":"SHIM"},{"catalog_number":"530150410250","name":"SHIM"},{"catalog_number":"530150410240","name":"SHIM"},{"catalog_number":"530150410230","name":"SHIM"},{"catalog_number":"530150410220","name":"SHIM"},{"catalog_number":"530150410210","name":"SHIM"},{"catalog_number":"530150410200","name":"SHIM"},{"catalog_number":"530150410190","name":"SHIM"},{"catalog_number":"530150410180","name":"SHIM"},{"catalog_number":"530150410170","name":"SHIM"},{"catalog_number":"530150410040","name":"LOCK WASHER"},{"catalog_number":"530150410030","name":"RATCHED WHEEL"},{"catalog_number":"530150410021","name":"OIL COLLECT PLT"},{"catalog_number":"530150410013","name":"CONTROL SLEEVE"},{"catalog_number":"530150221550","name":"LIP SEAL RING"},{"catalog_number":"530150221530","name":"LIP SEAL RING"},{"catalog_number":"530150221520","name":"COMPRESS. SPRING"},{"catalog_number":"530150221510","name":"INTERNAL DISC"},{"catalog_number":"530150221500","name":"EXTERNAL DISC"},{"catalog_number":"530150221410","name":"SHIFT FORK"},{"catalog_number":"530150221400","name":"SHIFTER SHAFT"},{"catalog_number":"530150221330","name":"SHAFT"},{"catalog_number":"530150221292","name":"SPUR GEAR"},{"catalog_number":"530150221283","name":"SPUR GEAR"},{"catalog_number":"530150221250","name":"CAP COVER"},{"catalog_number":"530150221240","name":"CONTROL SLEEVE"},{"catalog_number":"530150221231","name":"GUIDE BUSHING"},{"catalog_number":"530150221201","name":"DRIVE SHAFT"},{"catalog_number":"530150221190","name":"EXTERNAL DISC"},{"catalog_number":"530150221170","name":"SUPPORT WASHER"},{"catalog_number":"530150221140","name":"CLUTCH BELL HSG"},{"catalog_number":"530150221121","name":"DISC BRACKET"},{"catalog_number":"530150221110","name":"RING HALF"},{"catalog_number":"530150221101","name":"PISTON"},{"catalog_number":"530150221070","name":"FLANGED PIN"},{"catalog_number":"530150221061","name":"PTO PROTECTION"},{"catalog_number":"530150221051","name":"SPUR GEAR"},{"catalog_number":"530150221041","name":"LID"},{"catalog_number":"530150221030","name":"FLANGED PIN"},{"catalog_number":"530150221020","name":"FLANGED PIN"},{"catalog_number":"530150151690","name":"SHIM"},{"catalog_number":"530150151680","name":"SHIM"},{"catalog_number":"530150151670","name":"SHIM"},{"catalog_number":"530150151660","name":"SHIM"},{"catalog_number":"530150151650","name":"SHIM"},{"catalog_number":"530150151640","name":"SHIM"},{"catalog_number":"530150151630","name":"SHIM"},{"catalog_number":"530150151620","name":"SHIM"},{"catalog_number":"530150151610","name":"SHIM"},{"catalog_number":"530150151600","name":"SHIM"},{"catalog_number":"530150151450","name":"BRAKE DISC"},{"catalog_number":"530150151301","name":"FEMALE SOCKET"},{"catalog_number":"530150151261","name":"REAR AXLE SHAFT"},{"catalog_number":"530150151251","name":"REAR AXLE SHAFT"},{"catalog_number":"530150151241","name":"SPACER RING"},{"catalog_number":"530150151221","name":"LID"},{"catalog_number":"530150151171","name":"REAR AXLE SHAFT"},{"catalog_number":"530150151151","name":"REAR AXLE SHAFT"},{"catalog_number":"530150151141","name":"COLLAR DISC"},{"catalog_number":"530150151120","name":"EXTENSION BOLT"},{"catalog_number":"530150151111","name":"DISC BRACKET"},{"catalog_number":"530150151100","name":"INSERT PIN"},{"catalog_number":"530150151091","name":"SHAFT"},{"catalog_number":"530150151081","name":"SHAFT"},{"catalog_number":"530150151074","name":"AXLE HOUSING"},{"catalog_number":"530150151064","name":"AXLE HOUSING"},{"catalog_number":"530150151054","name":"AXLE HOUSING"},{"catalog_number":"530150151041","name":"PLANET"},{"catalog_number":"530150151033","name":"HOLLOW GEAR"},{"catalog_number":"530150151020","name":"CARRIER"},{"catalog_number":"530150050050","name":"LID"},{"catalog_number":"530150050040","name":"LID"},{"catalog_number":"530150010210","name":"DISC"},{"catalog_number":"530150010191","name":"GROOVE NUT"},{"catalog_number":"530150010172","name":"BEARING FLANGE"},{"catalog_number":"530150010162","name":"BEARING FLANGE"},{"catalog_number":"530150010150","name":"DISC"},{"catalog_number":"530150010140","name":"DIFF SIDE GEAR"},{"catalog_number":"530150010130","name":"DIFF SIDE GEAR"},{"catalog_number":"530150010120","name":"DIFF PINION"},{"catalog_number":"530150010090","name":"PISTON"},{"catalog_number":"530150010070","name":"CROSS BEARING"},{"catalog_number":"530150010060","name":"AXLE"},{"catalog_number":"530150010050","name":"AXLE"},{"catalog_number":"530150010023","name":"HOUSING"},{"catalog_number":"530150010014","name":"HOUSING"},{"catalog_number":"530136D1","name":"KIT"},{"catalog_number":"530135D1","name":"MOUNTING BRACKET"},{"catalog_number":"530134D1","name":"HARNESS BRACKET"},{"catalog_number":"530132M1","name":"SOLENOID"},{"catalog_number":"530132D1","name":"BRACKET"},{"catalog_number":"530130D1","name":"TOOL BOX"},{"catalog_number":"530121D1","name":"SUPPORT"},{"catalog_number":"530101710141","name":"HOLDER"},{"catalog_number":"530101630010","name":"SHAFT"},{"catalog_number":"530101620050","name":"HOLDER"},{"catalog_number":"530101620020","name":"BANJO BOLT"},{"catalog_number":"530101600040","name":"SLEEVE"},{"catalog_number":"530101600032","name":"GASKET"},{"catalog_number":"530101530020","name":"HOUSING"},{"catalog_number":"530101530010","name":"HOUSING"},{"catalog_number":"530101510110","name":"FLANGE"},{"catalog_number":"530101490170","name":"DISC"},{"catalog_number":"530101490111","name":"LID"},{"catalog_number":"530101490101","name":"RETNG SHT METAL"},{"catalog_number":"530101490081","name":"FILTER LID"},{"catalog_number":"530101490060","name":"SPUR GEAR"},{"catalog_number":"530101490050","name":"SPUR GEAR"},{"catalog_number":"530101490040","name":"SPUR GEAR"},{"catalog_number":"530101490030","name":"SPUR GEAR"},{"catalog_number":"530101490020","name":"SPUR GEAR"},{"catalog_number":"530101490011","name":"LID"},{"catalog_number":"530101420100","name":"CAP COVER"},{"catalog_number":"530101420011","name":"DRIVE SHAFT"},{"catalog_number":"530101320052","name":"SHIFTER SHAFT"},{"catalog_number":"530101320040","name":"SHAFT"},{"catalog_number":"530101320020","name":"SPUR GEAR"},{"catalog_number":"530101090240","name":"HANDLE SCREW"},{"catalog_number":"530101090220","name":"ADJUSTING PIECE"},{"catalog_number":"530101090210","name":"LEVER"},{"catalog_number":"530101090191","name":"BRACKET"},{"catalog_number":"530101090180","name":"SPACER BUSHING"},{"catalog_number":"530101090170","name":"RUBBER PATCH"},{"catalog_number":"530101090101","name":"FEMALE SOCKET"},{"catalog_number":"530101090092","name":"LEVER"},{"catalog_number":"530101090081","name":"SPRING GUIDE"},{"catalog_number":"530101090050","name":"THRUSTER"},{"catalog_number":"530101090041","name":"SHIFTER RAIL"},{"catalog_number":"530101090021","name":"SHIFT FINGER"},{"catalog_number":"530101080330","name":"OIL COLLECT PLT"},{"catalog_number":"530101050060","name":"TUBE"},{"catalog_number":"530101050040","name":"CLUTCH HOUSING"},{"catalog_number":"530091D1","name":"FUSE"},{"catalog_number":"530074D1","name":"HOSE"},{"catalog_number":"530055D1","name":"HOSE"},{"catalog_number":"530012D1","name":"MOUNTING"},{"catalog_number":"529980D1","name":"PUMP MOUNT"},{"catalog_number":"529903D1","name":"INFORMAT. DECAL"},{"catalog_number":"529902D1","name":"DECAL"},{"catalog_number":"529900D1","name":"INFORMAT. DECAL"},{"catalog_number":"529883D1","name":"SERPENTINE BELT"},{"catalog_number":"529859D1","name":"CONNECTOR PLUG"},{"catalog_number":"529616D1","name":"KIT"},{"catalog_number":"529614D1","name":"KIT"},{"catalog_number":"529511D1","name":"PRESSURE SWITCH"},{"catalog_number":"529455D1","name":"OIL COOLER"},{"catalog_number":"529454D1","name":"TUBE ASSY"},{"catalog_number":"529453D1","name":"TUBE ASSY"},{"catalog_number":"529424D1","name":"HYDRAULIC HOSE"},{"catalog_number":"529403D2","name":"HOSE ASSY"},{"catalog_number":"529402D1","name":"HOSE ASSY"},{"catalog_number":"529335D1","name":"MOUNTING BRACKET"},{"catalog_number":"529285D1","name":"HOSE ASSY"},{"catalog_number":"529262D1","name":"DECAL"},{"catalog_number":"529261D1","name":"DECAL"},{"catalog_number":"529260D1","name":"DECAL, WIPER"},{"catalog_number":"529259D1","name":"DECAL"},{"catalog_number":"529244D1","name":"BRACKET"},{"catalog_number":"529243D1","name":"PLATE"},{"catalog_number":"529193D1","name":"HOSE ASSY"},{"catalog_number":"529172D1","name":"TUBE ASSY"},{"catalog_number":"529171D1","name":"TUBE ASSY"},{"catalog_number":"529170D1","name":"TANK"},{"catalog_number":"529156D1","name":"PIN"},{"catalog_number":"529155D1","name":"CLEVIS PIN"},{"catalog_number":"529154D1","name":"PIN"},{"catalog_number":"529153D1","name":"ACTUATOR"},{"catalog_number":"529144D1","name":"BRACKET"},{"catalog_number":"529095","name":"EXTENSION SPRING"},{"catalog_number":"529039D1","name":"PLATE"},{"catalog_number":"529035D1","name":"BRACKET"},{"catalog_number":"529034D1","name":"TUBE"},{"catalog_number":"529023D1","name":"KIT"},{"catalog_number":"528938D1","name":"HOSE ASSY"},{"catalog_number":"528919D1","name":"HOSE ASSY"},{"catalog_number":"528916D1","name":"BRACKET"},{"catalog_number":"528915D2","name":"BAFFLE"},{"catalog_number":"528913D1","name":"RADIATOR HOSE"},{"catalog_number":"528861D1","name":"HEAD BOLT"},{"catalog_number":"528752","name":"LOCK PIN"},{"catalog_number":"528708","name":"FITTING"},{"catalog_number":"528580D1","name":"BRACKET"},{"catalog_number":"528575D1","name":"CONSOLE"},{"catalog_number":"528574D1","name":"CONSOLE"},{"catalog_number":"528556D4","name":"ARMREST"},{"catalog_number":"528555D4","name":"ARMREST"},{"catalog_number":"528554D4","name":"ARMREST"},{"catalog_number":"528553D3","name":"ARMREST"},{"catalog_number":"528552D3","name":"ARMREST"},{"catalog_number":"528551D3","name":"ARMREST"},{"catalog_number":"528548D1","name":"KIT, STEERING"},{"catalog_number":"528522","name":"TIE ROD NUT"},{"catalog_number":"528521","name":"ROD"},{"catalog_number":"528515D1","name":"TUBE ASSY"},{"catalog_number":"528514D1","name":"TUBE ASSY"},{"catalog_number":"528509","name":"TIE ROD"},{"catalog_number":"528505","name":"CYLINDER ROD"},{"catalog_number":"528502","name":"BASE"},{"catalog_number":"528480D1","name":"HYDRAULIC HOSE"},{"catalog_number":"528444D1A","name":"FIT.INSTRUCTION"},{"catalog_number":"528438D1","name":"AIR BOX"},{"catalog_number":"528432","name":"HYDRAULIC HOSE"},{"catalog_number":"528421D1","name":"JUMPER HARNESS"},{"catalog_number":"528411D1","name":"KIT, COMPRESSOR"},{"catalog_number":"528409D1","name":"AIR TANK"},{"catalog_number":"528408D1","name":"COMPRESSOR"},{"catalog_number":"528406D1","name":"COMPRESSOR"},{"catalog_number":"528393","name":"BEAR. 6005 2RS"},{"catalog_number":"528379D1","name":"TUBE ASSY"},{"catalog_number":"528289D1A","name":"INSTRUCTION CARD"},{"catalog_number":"528288D1A","name":"INSTRUCTION CARD"},{"catalog_number":"528287D1A","name":"INSTRUCTION CARD"},{"catalog_number":"528286D1A","name":"INSTRUCTION CARD"},{"catalog_number":"528285D1A","name":"INSTRUCTION CARD"},{"catalog_number":"528283D1","name":"GROUP"},{"catalog_number":"528282D1","name":"GROUP"},{"catalog_number":"528240D1","name":"HARNESS"},{"catalog_number":"528164M91","name":"GRIP"},{"catalog_number":"528116D1","name":"LIGHT BALLAST"},{"catalog_number":"528116","name":"BALL BEARING"},{"catalog_number":"528113D1","name":"PLATE"},{"catalog_number":"528076D1","name":"DISTRIBUTOR"},{"catalog_number":"528075D1","name":"VALVE"},{"catalog_number":"528074D1","name":"HOSE ASSY"},{"catalog_number":"528067D2","name":"DECAL"},{"catalog_number":"528067D1","name":"DECAL"},{"catalog_number":"528066D2","name":"DECAL, LH"},{"catalog_number":"528066D1","name":"DECAL"},{"catalog_number":"528065D2","name":"DECAL, RH"},{"catalog_number":"528065D1","name":"DECAL"},{"catalog_number":"528064D2","name":"DECAL, LH"},{"catalog_number":"528064D1","name":"DECAL"},{"catalog_number":"528063D2","name":"DECAL, RH"},{"catalog_number":"528063D1","name":"DECAL"},{"catalog_number":"528062D2","name":"DECAL, LH"},{"catalog_number":"528062D1","name":"DECAL"},{"catalog_number":"528061D2","name":"DECAL, RH"},{"catalog_number":"528061D1","name":"DECAL"},{"catalog_number":"528060D2","name":"DECAL, LH"},{"catalog_number":"528060D1","name":"DECAL"},{"catalog_number":"528059D2","name":"DECAL, RH"},{"catalog_number":"528059D1","name":"DECAL"},{"catalog_number":"528058D2","name":"DECAL, LH"},{"catalog_number":"528058D1","name":"DECAL"},{"catalog_number":"528057D2","name":"DECAL, RH"},{"catalog_number":"528057D1","name":"DECAL"},{"catalog_number":"528056D2","name":"DECAL, LH"},{"catalog_number":"528056D1","name":"DECAL"},{"catalog_number":"528055D2","name":"DECAL, RH"},{"catalog_number":"528055D1","name":"DECAL"},{"catalog_number":"528054D2","name":"DECAL, LH"},{"catalog_number":"528054D1","name":"DECAL"},{"catalog_number":"528053D2","name":"DECAL, RH"},{"catalog_number":"528053D1","name":"DECAL"},{"catalog_number":"528052D2","name":"DECAL, LH"},{"catalog_number":"528052D1","name":"DECAL"},{"catalog_number":"528051D2","name":"DECAL, RH"},{"catalog_number":"528051D1","name":"DECAL"},{"catalog_number":"528050D2","name":"DECAL, LH"},{"catalog_number":"528050D1","name":"DECAL"},{"catalog_number":"528049D2","name":"DECAL"},{"catalog_number":"528049D1","name":"DECAL"},{"catalog_number":"528048D2","name":"DECAL"},{"catalog_number":"528048D1","name":"DECAL"},{"catalog_number":"528047D2","name":"DECAL"},{"catalog_number":"528047D1","name":"DECAL"},{"catalog_number":"528046D2","name":"DECAL"},{"catalog_number":"528046D1","name":"DECAL"},{"catalog_number":"528045D2","name":"DECAL"},{"catalog_number":"528045D1","name":"DECAL"},{"catalog_number":"528044D2","name":"DECAL"},{"catalog_number":"528044D1","name":"DECAL"},{"catalog_number":"527979D1","name":"TUBE"},{"catalog_number":"527926","name":"INPUT SHIELD"},{"catalog_number":"527913D1","name":"BLOCK"},{"catalog_number":"527903","name":"CLEVIS"},{"catalog_number":"527877D1","name":"COUPLER KIT"},{"catalog_number":"527876D1","name":"KIT"},{"catalog_number":"527875D1","name":"KIT"},{"catalog_number":"527860","name":"BEARING"},{"catalog_number":"527842D1","name":"HOSE ASSY"},{"catalog_number":"527825D1","name":"BUTTON PLUG"},{"catalog_number":"527824D1","name":"FILTER"},{"catalog_number":"527817D1","name":"TUBE ASSY"},{"catalog_number":"527816D1","name":"TUBE ASSY"},{"catalog_number":"527803D1","name":"SHIM"},{"catalog_number":"527799D1","name":"SHIM"},{"catalog_number":"527798D1","name":"SHIM"},{"catalog_number":"527792","name":"BUSH"},{"catalog_number":"527708D1","name":"BRACKET"},{"catalog_number":"527701D1","name":"BRACKET"},{"catalog_number":"527695D1","name":"TUBE ASSY"},{"catalog_number":"527683D1","name":"SPACER"},{"catalog_number":"527682D1","name":"BRAKE HOSE"},{"catalog_number":"527674D1","name":"HOSE"},{"catalog_number":"52761","name":"MACHINRY BUSHING"},{"catalog_number":"527530D1","name":"SEAL KIT"},{"catalog_number":"527529D1","name":"VALVE"},{"catalog_number":"527486D2","name":"DECAL, CHL, RH"},{"catalog_number":"527485D2","name":"DECAL, CHL, LH"},{"catalog_number":"527449D1","name":"TUBE ASSY"},{"catalog_number":"527448D1","name":"TUBE ASSY"},{"catalog_number":"527391D1","name":"TUBE ASSY"},{"catalog_number":"527390D1","name":"TUBE ASSY"}]}