{"machinery_brand_name":"Ag-Chem","parts":[{"catalog_number":"590809M1","name":"LABEL"},{"catalog_number":"590769M1","name":"DECAL, PATENT"},{"catalog_number":"590483M1","name":"PLATE"},{"catalog_number":"590303M1","name":"DECAL"},{"catalog_number":"589487D1","name":"MIRROR ARM"},{"catalog_number":"589484D1","name":"COVER"},{"catalog_number":"58941","name":"EXTENSION SPRING"},{"catalog_number":"58925","name":"COMPRESS. SPRING"},{"catalog_number":"588852D2","name":"WIPER ARM"},{"catalog_number":"588852D1","name":"WIPER ARM"},{"catalog_number":"58875","name":"SPRING"},{"catalog_number":"58859","name":"SPRING"},{"catalog_number":"588523D1","name":"FUEL LVL. SENSOR"},{"catalog_number":"588522D1","name":"FUEL LVL. SENSOR"},{"catalog_number":"588270M2","name":"DECAL"},{"catalog_number":"587372D1","name":"PRESSURE SWITCH"},{"catalog_number":"586959D1","name":"CARRIER SEAL"},{"catalog_number":"58644","name":"COMPRESS. SPRING"},{"catalog_number":"586056D1","name":"MOUNTING BRACKET"},{"catalog_number":"586054D2","name":"BRACKET"},{"catalog_number":"586050D2","name":"BRACKET"},{"catalog_number":"585491D1","name":"PLATE"},{"catalog_number":"585457D1","name":"HYD LEVEL SWITCH"},{"catalog_number":"585372D1","name":"HOSE"},{"catalog_number":"585298D1","name":"A/C LINE"},{"catalog_number":"58511","name":"COMPRESS. SPRING"},{"catalog_number":"584853D1","name":"BULB SEAL"},{"catalog_number":"584836D1","name":"BULB SEAL"},{"catalog_number":"584753D1","name":"MOUNTING PLATE"},{"catalog_number":"584428D1","name":"A/C KIT"},{"catalog_number":"584427D1","name":"A/C KIT"},{"catalog_number":"584410D1","name":"PLATE"},{"catalog_number":"584359D1","name":"A/C KIT"},{"catalog_number":"58420","name":"SPRING HOOK"},{"catalog_number":"584117D1","name":"SHOCK ABSORBER"},{"catalog_number":"584044D1","name":"WEIGHT SUPPORT"},{"catalog_number":"584037D1","name":"HARNESS"},{"catalog_number":"583920D1","name":"CAC BRACKET"},{"catalog_number":"583814D1","name":"WEAR PLATE"},{"catalog_number":"583410D1","name":"FUEL HOSE"},{"catalog_number":"583164D1","name":"TUBE, RIGHT HAND"},{"catalog_number":"583163D1","name":"TUBE, LEFT HAND"},{"catalog_number":"583071D1","name":"SEAL"},{"catalog_number":"583024D1","name":"WIRE HARNESS"},{"catalog_number":"583023D1","name":"WIRE HARNESS"},{"catalog_number":"583022D1","name":"RADIO ANTENNA"},{"catalog_number":"582740D1A","name":"OPERATOR MANUAL"},{"catalog_number":"582681D1","name":"PLUG"},{"catalog_number":"582678D1","name":"BRACKET ASSY."},{"catalog_number":"582677D1","name":"BRACKET ASSY."},{"catalog_number":"582676D1","name":"BRACKET"},{"catalog_number":"582674D1","name":"CONTROL MODULE"},{"catalog_number":"582673D1","name":"BLOWER"},{"catalog_number":"582672D1","name":"HOUSING"},{"catalog_number":"582438D1","name":"PLATE"},{"catalog_number":"582281D1","name":"ROCKER SWITCH"},{"catalog_number":"581946D1","name":"BRACKET ASSY."},{"catalog_number":"581930D2","name":"STOP BRACKET"},{"catalog_number":"581928D2","name":"STOP BRACKET"},{"catalog_number":"581870D1","name":"TRACK"},{"catalog_number":"581869D1","name":"TRACK"},{"catalog_number":"581868D1","name":"TRACK"},{"catalog_number":"581867D1","name":"TRACK"},{"catalog_number":"581866D1","name":"TRACK"},{"catalog_number":"581865D1","name":"TRACK"},{"catalog_number":"581864D1","name":"TRACK"},{"catalog_number":"581863D1","name":"TRACK"},{"catalog_number":"581862D1","name":"TRACK"},{"catalog_number":"581861D1","name":"TRACK"},{"catalog_number":"581860D1","name":"TRACK"},{"catalog_number":"581857D1","name":"TRACK"},{"catalog_number":"58180B","name":"TENSION SPRING"},{"catalog_number":"581611D1","name":"WORK LIGHT KIT"},{"catalog_number":"581503D1","name":"WORKLIGHT"},{"catalog_number":"581142D1","name":"AUX. FUEL TANK"},{"catalog_number":"581116D3","name":"GUARD"},{"catalog_number":"58107B","name":"COMPRESS. SPRING"},{"catalog_number":"580931D1","name":"OIL COOLER KIT"},{"catalog_number":"580928D1","name":"CORE"},{"catalog_number":"580927D1","name":"MOUNTING BRACKET"},{"catalog_number":"580921D1","name":"KIT, COOLER"},{"catalog_number":"580920D1","name":"COOLING KIT"},{"catalog_number":"580876D3","name":"SHIELD"},{"catalog_number":"580851D1","name":"COUNTERWEIGHT"},{"catalog_number":"580827D1","name":"GUARD"},{"catalog_number":"58024B","name":"COMPRESS. SPRING"},{"catalog_number":"579196D1","name":"SUPPORT"},{"catalog_number":"579177D1","name":"A/C HOSE"},{"catalog_number":"579160D1","name":"FUEL LINE"},{"catalog_number":"579159D1","name":"FUEL LINE"},{"catalog_number":"578716D1","name":"CLAMP KIT"},{"catalog_number":"578630D1","name":"DRIVE PULLEY"},{"catalog_number":"578629D1","name":"FAN BELT"},{"catalog_number":"578628D1","name":"FAN BELT"},{"catalog_number":"578627D1","name":"DRIVE PULLEY"},{"catalog_number":"578490D2","name":"DOC BRKT"},{"catalog_number":"578431D1","name":"MOUNTING BRACKET"},{"catalog_number":"578301D1","name":"MICROPHONE"},{"catalog_number":"578220D1","name":"WIRE HARNESS"},{"catalog_number":"577941D1","name":"SPEED SENSOR"},{"catalog_number":"577935D1","name":"WORKLIGHT"},{"catalog_number":"577924D1","name":"DEFLECTOR"},{"catalog_number":"577435D1","name":"HYDRAULIC HOSE"},{"catalog_number":"577434D1","name":"HYDRAULIC LINE"},{"catalog_number":"577267D1","name":"TERMINAL KIT"},{"catalog_number":"577147D2","name":"POSITIVE CABLE"},{"catalog_number":"577146D1","name":"NEGATIVE CABLE"},{"catalog_number":"576566D1","name":"WIRE HARNESS"},{"catalog_number":"576509D1","name":"AIR HOSE"},{"catalog_number":"576481D2","name":"GUARD"},{"catalog_number":"576446D1","name":"BUSH"},{"catalog_number":"576426D1","name":"STEER. ORBITROL"},{"catalog_number":"576424D1","name":"STEER. ORBITROL"},{"catalog_number":"576418D1","name":"PIN"},{"catalog_number":"576394D1","name":"POSITIVE CABLE"},{"catalog_number":"576326D1","name":"WIRE HARNESS"},{"catalog_number":"576325D1","name":"WIRE HARNESS"},{"catalog_number":"576324D1","name":"JUMPER HARNESS"},{"catalog_number":"576216D1","name":"VENT HOSE"},{"catalog_number":"576045D1","name":"FUEL TANK"},{"catalog_number":"576017D2","name":"WIRE HARNESS"},{"catalog_number":"575893D1","name":"HYDRAULIC VALVE"},{"catalog_number":"575852D1","name":"CHARGER"},{"catalog_number":"575744D1","name":"FORMED HOSE"},{"catalog_number":"575743D1","name":"FUEL HOSE"},{"catalog_number":"575702D1","name":"BRACKET"},{"catalog_number":"575580D1","name":"TOP LINK ASSY"},{"catalog_number":"575533D1","name":"PLATE"},{"catalog_number":"575531D1","name":"SPEAKER"},{"catalog_number":"575511D1","name":"FLYWHEEL"},{"catalog_number":"575510D1","name":"SERPENTINE BELT"},{"catalog_number":"575509D1","name":"SERPENTINE BELT"},{"catalog_number":"575507D1","name":"RADIATOR HOSE"},{"catalog_number":"575472D1","name":"AMPLIFIER"},{"catalog_number":"575457D1","name":"BRACKET"},{"catalog_number":"575453D1","name":"FUEL HOSE"},{"catalog_number":"575359D1","name":"FUEL HOSE"},{"catalog_number":"575353D1","name":"SUPPORT"},{"catalog_number":"575314D1","name":"TRAILER BRAKE"},{"catalog_number":"575311D1","name":"SWITCH"},{"catalog_number":"575298D2","name":"FUEL TANK"},{"catalog_number":"575225D1","name":"HEADLAMP"},{"catalog_number":"575224D1","name":"HEADLAMP"},{"catalog_number":"575223D1","name":"LINKAGE"},{"catalog_number":"575220D1","name":"YOKE"},{"catalog_number":"575068D2","name":"SUPPORT BRACKET"},{"catalog_number":"575045D1","name":"FILTER ELEMENT"},{"catalog_number":"574795D1","name":"DRAWBAR KIT"},{"catalog_number":"574787D1","name":"TRAILER BRAKE"},{"catalog_number":"574629D1","name":"WIRE HARNESS"},{"catalog_number":"574610D1","name":"ELBOW"},{"catalog_number":"574609D1","name":"CHARGE AIR ELBOW"},{"catalog_number":"574608D1","name":"CHARGE AIR ELBOW"},{"catalog_number":"574375D1","name":"BONNET INSULATOR"},{"catalog_number":"574319D1","name":"LATCH SUPPORT"},{"catalog_number":"574316D3","name":"BRACKET, RH"},{"catalog_number":"574315D1","name":"BONNET BRACKET"},{"catalog_number":"574314D1","name":"BRACE"},{"catalog_number":"574313D1","name":"BONNET BRACKET"},{"catalog_number":"574308D1","name":"TUBE, RIGHT HAND"},{"catalog_number":"574307D1","name":"TUBE, LEFT HAND"},{"catalog_number":"574272D1","name":"OIL COOLER"},{"catalog_number":"574270D1","name":"RADIATOR CORE"},{"catalog_number":"574264D1","name":"ISOLATOR KIT"},{"catalog_number":"574254D1","name":"FUEL COOLER"},{"catalog_number":"574253D1","name":"CONDENSER COIL"},{"catalog_number":"574252D2","name":"OIL COOLER"},{"catalog_number":"574063D1","name":"BRACKET"},{"catalog_number":"573527D3","name":"WIRE HARNESS"},{"catalog_number":"573470D1","name":"RADIATOR HOSE"},{"catalog_number":"573469D2","name":"CAC HOSE"},{"catalog_number":"573467D1","name":"A/C HOSE"},{"catalog_number":"573466D1","name":"SHROUD"},{"catalog_number":"573458D1","name":"SCR MUFFLER"},{"catalog_number":"573456D1","name":"EXHAUST PIPE"},{"catalog_number":"573455D1","name":"DOC"},{"catalog_number":"573399D1","name":"EXHAUST PIPE"},{"catalog_number":"573375D1","name":"WIRE HARNESS"},{"catalog_number":"573371D1","name":"WIRE HARNESS"},{"catalog_number":"573311D1","name":"DRAWBAR"},{"catalog_number":"573291D1","name":"CAC HOSE"},{"catalog_number":"573231D1","name":"WELDMENT"},{"catalog_number":"573182D1","name":"INSULATION"},{"catalog_number":"573151D1","name":"PLATE"},{"catalog_number":"572733D1","name":"HOSE"},{"catalog_number":"572578D1","name":"GUIDE PLATE"},{"catalog_number":"572575D1","name":"PLATE"},{"catalog_number":"572569D3","name":"SUPP. BRACKET,RH"},{"catalog_number":"572452D1","name":"PTO KIT"},{"catalog_number":"572405D1","name":"TRAILER BRAKE"},{"catalog_number":"572404D1","name":"TRAILER BRAKE"},{"catalog_number":"572317D1","name":"BONNET DECAL, RH"},{"catalog_number":"572316D1","name":"BONNET DECAL, LH"},{"catalog_number":"572295D1","name":"SUPPORT, RH"},{"catalog_number":"572212D2","name":"BAR"},{"catalog_number":"572198D1","name":"SPACER"},{"catalog_number":"572194D3","name":"SUPP. BRACKET,LH"},{"catalog_number":"572161D1","name":"ADAPTER"},{"catalog_number":"572126D1","name":"HYDRAULIC HOSE"},{"catalog_number":"571747D2","name":"HOSE"},{"catalog_number":"571746D1","name":"HOSE"},{"catalog_number":"571745D1","name":"HOSE"},{"catalog_number":"57158","name":"BELT"},{"catalog_number":"571229D1","name":"STARTER"},{"catalog_number":"571228D1","name":"COUPLER ARM, RH"},{"catalog_number":"571227D1","name":"COUPLER ARM, LH"},{"catalog_number":"571166D1","name":"HYDRAULIC LINE"},{"catalog_number":"570893D1","name":"WIRE HARNESS"},{"catalog_number":"570719D2","name":"HOSE ASSY"},{"catalog_number":"570718D2","name":"HOSE ASSY"},{"catalog_number":"570701D1","name":"LINKAGE PIN"},{"catalog_number":"570696D3","name":"PIN ASSEMBLY"},{"catalog_number":"570696D2","name":"LINKAGE PIN"},{"catalog_number":"570693D1","name":"LINKAGE PIN"},{"catalog_number":"570690D1","name":"LINKAGE PIN"},{"catalog_number":"570687D1","name":"LINKAGE PIN"},{"catalog_number":"570684D1","name":"LINKAGE PIN"},{"catalog_number":"570678D1","name":"TANK SUPPORT"},{"catalog_number":"570677D1","name":"TANK SUPPORT"},{"catalog_number":"570592D1","name":"LINKAGE PIN"},{"catalog_number":"570590D1","name":"LINKAGE PIN"},{"catalog_number":"570585D1","name":"PIN"},{"catalog_number":"570579D1","name":"LINKAGE PIN"},{"catalog_number":"570577D1","name":"LINKAGE PIN"},{"catalog_number":"570547D2","name":"BREATHER HOSE"},{"catalog_number":"570516D1","name":"TUBE ASSY"},{"catalog_number":"570503D1","name":"HYDRAULIC LINE"},{"catalog_number":"570471D1","name":"LINKAGE PIN"},{"catalog_number":"570378D1","name":"DOWEL PIN"},{"catalog_number":"570102D1","name":"PIN"},{"catalog_number":"569959D1","name":"REACTION ARM"},{"catalog_number":"569958D1","name":"REACTION ARM"},{"catalog_number":"569869D2","name":"EMBLEM MOUNT"},{"catalog_number":"569863D2","name":"BONNET SUPP, RH"},{"catalog_number":"569862D2","name":"BONNET SUPP, LH"},{"catalog_number":"569861D2","name":"BONNET SUPPORT"},{"catalog_number":"569855D1","name":"BONNET GRILLE"},{"catalog_number":"569854D1","name":"BONNET SEAL"},{"catalog_number":"569851D1","name":"DEFLECTOR PANEL"},{"catalog_number":"569849D2","name":"BEZEL"},{"catalog_number":"569847D2","name":"BEZEL"},{"catalog_number":"569845D2","name":"BONNET SEAL"},{"catalog_number":"569843D1","name":"BONNET GRILLE"},{"catalog_number":"569841D1","name":"HOOD PANEL"},{"catalog_number":"569839D1","name":"BONNET PANEL, RH"},{"catalog_number":"569837D1","name":"HOOD PANEL"},{"catalog_number":"569835D1","name":"HOOD PANEL"},{"catalog_number":"569659D1","name":"FUEL LINE"},{"catalog_number":"569656D1","name":"FUEL FILTER"},{"catalog_number":"569655D1","name":"FUEL LINE"},{"catalog_number":"569654D1","name":"FUEL LINE"},{"catalog_number":"569645D1","name":"BRACKET"},{"catalog_number":"569644D1","name":"BRACKET"},{"catalog_number":"569578D1","name":"TRACK"},{"catalog_number":"569567D3","name":"HOOK"},{"catalog_number":"569557D1","name":"LINKAGE PIN"},{"catalog_number":"569518D1","name":"MALE COUPLER"},{"catalog_number":"569425D2","name":"TOPLINK SUPPORT"},{"catalog_number":"569369D1","name":"CLAMP"},{"catalog_number":"569332D1","name":"JUMPER HARNESS"},{"catalog_number":"569306D2","name":"RADIATOR HOSE"},{"catalog_number":"569305D1","name":"EXHAUST PIPE"},{"catalog_number":"569262D1","name":"BEARING"},{"catalog_number":"569260D1","name":"COVER PLATE"},{"catalog_number":"569118D1","name":"SUPPORT"},{"catalog_number":"569094D1","name":"LINKAGE PIN"},{"catalog_number":"568403D1","name":"HYD HOSE KIT"},{"catalog_number":"568299D1","name":"FUEL LINE"},{"catalog_number":"568208D1","name":"HYDRAULIC HOSE"},{"catalog_number":"568030D1","name":"CABLE"},{"catalog_number":"567969D1","name":"CABLE"},{"catalog_number":"567881D1","name":"SPEED SENSOR"},{"catalog_number":"567873D1","name":"WIRE HARNESS"},{"catalog_number":"567767D1","name":"HANDRAIL"},{"catalog_number":"567674D1","name":"DECAL, RH"},{"catalog_number":"567673D1","name":"DECAL, LH"},{"catalog_number":"567672D1","name":"DECAL, RH"},{"catalog_number":"567671D1","name":"DECAL, LH"},{"catalog_number":"567579D1","name":"BEARING RETAINER"},{"catalog_number":"567508D1","name":"FUEL LINE"},{"catalog_number":"567506D1","name":"FUEL LINE"},{"catalog_number":"567424D1","name":"CLAMP"},{"catalog_number":"567311D1","name":"HOSE"},{"catalog_number":"567045D1","name":"GUIDE"},{"catalog_number":"567027D1","name":"HYDRAULIC LINE"},{"catalog_number":"567014D2","name":"EXHAUST PIPE"},{"catalog_number":"567012D1","name":"COVER"},{"catalog_number":"566934D1","name":"SADDLE BRACKET"},{"catalog_number":"566927D1","name":"HYDRAULIC LINE"},{"catalog_number":"566884D1","name":"FUEL TANK, RH"},{"catalog_number":"566842D3","name":"CLEVIS"},{"catalog_number":"566556D1","name":"INSULATION"},{"catalog_number":"566555D1","name":"INSULATION"},{"catalog_number":"566554D1","name":"INSULATION"},{"catalog_number":"566553D1","name":"INSULATION"},{"catalog_number":"566552D1","name":"INSULATION"},{"catalog_number":"566406D2","name":"FUEL TANK"},{"catalog_number":"566323D1","name":"INLET"},{"catalog_number":"566188D1","name":"AIR TUBE"},{"catalog_number":"566187D1","name":"FILTER ASSEMBLY"},{"catalog_number":"566162D1","name":"GUARD, RH"},{"catalog_number":"566158D1","name":"COVER, RH"},{"catalog_number":"566157D1","name":"COVER, LH"},{"catalog_number":"566145D1","name":"BRACKET, LH"},{"catalog_number":"566132D4","name":"COOLANT TANK"},{"catalog_number":"566099D1","name":"OIL FILTER"},{"catalog_number":"566056D1","name":"COMPRESSOR HOSE"},{"catalog_number":"565997D2","name":"EXPANSION TANK"},{"catalog_number":"565973D1","name":"PLATE"},{"catalog_number":"565963D1","name":"SHIM"},{"catalog_number":"565961D1","name":"BEARING RETAINER"},{"catalog_number":"565907D1","name":"FUEL SENDER"},{"catalog_number":"565906D1","name":"FUEL SENDER"},{"catalog_number":"565828D1","name":"LATCH"},{"catalog_number":"565825D1","name":"FILTER ELEMENT"},{"catalog_number":"565824D1","name":"FILTER ELEMENT"},{"catalog_number":"565812D1","name":"BELT"},{"catalog_number":"565810D1","name":"BELT TENSIONER"},{"catalog_number":"565741D1","name":"BRACKET"},{"catalog_number":"565738D1","name":"BRACKET"},{"catalog_number":"565694D1","name":"HUB"},{"catalog_number":"565654D1","name":"INSULATION"},{"catalog_number":"565562D1","name":"JUMPER HARNESS"},{"catalog_number":"565522D1","name":"HYDRAULIC HOSE"},{"catalog_number":"565493D1","name":"COMPRESSOR HOSE"},{"catalog_number":"564867D2","name":"LINE"},{"catalog_number":"564711D1","name":"BACKFLOW HOSE"},{"catalog_number":"564710D1","name":"A/C HOSE"},{"catalog_number":"564701D1","name":"HOSE"},{"catalog_number":"564700D1","name":"OUTLET HOSE"},{"catalog_number":"564698D1","name":"INLET HOSE"},{"catalog_number":"564531D1","name":"DRIVE SHAFT"},{"catalog_number":"564438D1","name":"TANK"},{"catalog_number":"564437D1","name":"INSULATOR"},{"catalog_number":"564258D1","name":"HEAT SHIELD"},{"catalog_number":"564217D1","name":"FENDER, RH"},{"catalog_number":"564216D1","name":"FENDER, LH"},{"catalog_number":"564009D1D","name":"OPERATOR MANUAL"},{"catalog_number":"564008D1D","name":"OPERATOR MANUAL"},{"catalog_number":"564007D1D","name":"OPERATOR MANUAL"},{"catalog_number":"564006D1D","name":"OPERATOR MANUAL"},{"catalog_number":"564002D1D","name":"SERVICE MANUAL"},{"catalog_number":"564001D1D","name":"OPERATOR MANUAL"},{"catalog_number":"563926D1","name":"DECAL, RH"},{"catalog_number":"563925D1","name":"DECAL, LH"},{"catalog_number":"563924D1","name":"DECAL, RH"},{"catalog_number":"563923D1","name":"DECAL, LH"},{"catalog_number":"563922D1","name":"DECAL, RH"},{"catalog_number":"563921D1","name":"DECAL, LH"},{"catalog_number":"563767D1","name":"TRACK"},{"catalog_number":"563766D1","name":"TRACK"},{"catalog_number":"563765D1","name":"TRACK"},{"catalog_number":"563764D1","name":"TRACK"},{"catalog_number":"563763D1","name":"TRACK"},{"catalog_number":"563762D1","name":"TRACK"},{"catalog_number":"563761D1","name":"TRACK"},{"catalog_number":"563760D1","name":"TRACK"},{"catalog_number":"563759D1","name":"TRACK"},{"catalog_number":"563758D1","name":"TRACK"},{"catalog_number":"563757D1","name":"TRACK"},{"catalog_number":"563756D1","name":"TRACK"},{"catalog_number":"563755D1","name":"TRACK"},{"catalog_number":"563754D1","name":"TRACK"},{"catalog_number":"563753D1","name":"TRACK"},{"catalog_number":"563752D1","name":"TRACK"},{"catalog_number":"563751D1","name":"TRACK"},{"catalog_number":"563740D1","name":"SENSOR"},{"catalog_number":"563636D1","name":"HYDRAULIC HOSE"},{"catalog_number":"563588D1","name":"ELEMENT"},{"catalog_number":"563419D2","name":"A/C COMPRESSOR"},{"catalog_number":"563418D1","name":"FAN BLADE"},{"catalog_number":"563408D2","name":"A/C HOSE"},{"catalog_number":"563401D1","name":"A/C HOSE"},{"catalog_number":"563387D1","name":"TUBE"},{"catalog_number":"563231D1","name":"BEARING RETAINER"},{"catalog_number":"563230D1","name":"INSULATOR"},{"catalog_number":"563228D1","name":"BRACKET, RH"},{"catalog_number":"563225D1","name":"BRACKET, LH"},{"catalog_number":"563198D1","name":"BRACKET"},{"catalog_number":"563181D1","name":"ADAPTER"},{"catalog_number":"562936D1","name":"TUBE"},{"catalog_number":"562805D1","name":"KIT, CONTRL VLVE"},{"catalog_number":"562430D1","name":"THRUST RING"},{"catalog_number":"562319D1","name":"WARNING DECAL"},{"catalog_number":"561763D1","name":"YOKE"},{"catalog_number":"561632D1","name":"HYDRAULIC HOSE"},{"catalog_number":"561599D2","name":"HOUSING"},{"catalog_number":"561598D1","name":"ARM, RIGHT HAND"},{"catalog_number":"561597D1","name":"ARM, LH"},{"catalog_number":"561595D1","name":"CONNECTOR PLUG"},{"catalog_number":"561520D1","name":"SENSOR KIT"},{"catalog_number":"561519D1","name":"SENSOR"},{"catalog_number":"561470D1","name":"TANK SUPPORT"},{"catalog_number":"561407D1","name":"TRAILER BRAKE"},{"catalog_number":"561380D1","name":"KIT, COMPRESSOR"},{"catalog_number":"561198D1","name":"GUIDE BLOCK"},{"catalog_number":"561197D1","name":"GUIDE BLOCK"},{"catalog_number":"561125D1","name":"PIN"},{"catalog_number":"561072D1","name":"ENGINE MOUNT, RH"},{"catalog_number":"561054D1","name":"DEF TANK"},{"catalog_number":"560946D1","name":"CABLE"},{"catalog_number":"560719D2","name":"SUPP. BRACKET,LH"},{"catalog_number":"560640D1","name":"BRACKET"},{"catalog_number":"560559D2","name":"BRACKET"},{"catalog_number":"560556D1","name":"TUBE ASSY"},{"catalog_number":"560550D1A","name":"INSTRUCTIONS"},{"catalog_number":"560476D1","name":"SWITCH MODULE"},{"catalog_number":"560473D1","name":"HYDRAULIC HOSE"},{"catalog_number":"560414D1","name":"BRACKET"},{"catalog_number":"560410D1","name":"TANK"},{"catalog_number":"560409D1","name":"TANK"},{"catalog_number":"560408D1","name":"INSULATING PLATE"},{"catalog_number":"560290D1","name":"BRACKET"},{"catalog_number":"560279D1","name":"HYD PISTON PUMP"},{"catalog_number":"560273D1","name":"TUBE ASSY"},{"catalog_number":"559983D1","name":"INFORMAT. DECAL"},{"catalog_number":"559875D1","name":"PUMP PISTON"},{"catalog_number":"559859D1","name":"HOSE"},{"catalog_number":"559844D1","name":"ALTERNATOR"},{"catalog_number":"559804D1","name":"PLATE"},{"catalog_number":"559803D1","name":"SHIM"},{"catalog_number":"559630D3","name":"FUEL TANK"},{"catalog_number":"559175D1","name":"OIL FILTER"},{"catalog_number":"559148D1","name":"LATCH"},{"catalog_number":"559087D1","name":"HITCH PIN"},{"catalog_number":"559081D1","name":"PIN"},{"catalog_number":"559055D1","name":"AXLE"},{"catalog_number":"558918D1","name":"RADIATOR CORE"},{"catalog_number":"558886D1","name":"HOSE KIT"},{"catalog_number":"558872D1","name":"WIPER SWITCH"},{"catalog_number":"558751D1","name":"HOSE KIT"},{"catalog_number":"558750D1","name":"HOSE KIT"},{"catalog_number":"558749D1","name":"HOSE KIT"},{"catalog_number":"558713D1","name":"KIT, HITCH"},{"catalog_number":"558712D1","name":"HYDRAULIC HOSE"},{"catalog_number":"558711D1","name":"HYDRAULIC HOSE"},{"catalog_number":"558480D1","name":"KIT, SERVICE"},{"catalog_number":"558479D1","name":"KIT, VALVE"},{"catalog_number":"558270D1","name":"TUBE"},{"catalog_number":"558221D1","name":"DOOR HANDLE"},{"catalog_number":"558170D1","name":"VALVE CHECK"},{"catalog_number":"557983D1","name":"SWITCH"},{"catalog_number":"557955D1","name":"ENGINE MOUNT"},{"catalog_number":"557526D1","name":"BRACKET"},{"catalog_number":"557490D1","name":"KIT"},{"catalog_number":"557488D1","name":"TUBE"},{"catalog_number":"557487D1","name":"HOSE"},{"catalog_number":"557464D1","name":"ADAPTER"},{"catalog_number":"557381D1","name":"HOOK"},{"catalog_number":"557361D1","name":"MID WHL ASM-FRT"},{"catalog_number":"557360D1","name":"MID WHL ASM-REAR"},{"catalog_number":"557359D1","name":"MID WHL RLR ASM"},{"catalog_number":"557358D1","name":"MID WHL RLR ASM"},{"catalog_number":"557357D1","name":"SHAFT"},{"catalog_number":"557260D1","name":"SHIELD"},{"catalog_number":"557256D1","name":"HOSE"},{"catalog_number":"557004D1","name":"REACTION ARM, RH"},{"catalog_number":"557003D1","name":"REACTION ARM, LH"},{"catalog_number":"557001D2","name":"WAVE SPRING"},{"catalog_number":"556999D1","name":"BEARING CONE"},{"catalog_number":"556997D1","name":"KEY"},{"catalog_number":"556991D1","name":"COLLET"},{"catalog_number":"556990D1","name":"COLLET"},{"catalog_number":"556987D2","name":"OUTER HUB"},{"catalog_number":"556986D1","name":"HUB"},{"catalog_number":"556985D1","name":"HUB"},{"catalog_number":"556984D1","name":"FLANGE"},{"catalog_number":"556751D1","name":"PRESSURE SENSOR"},{"catalog_number":"556468D1","name":"UNION"},{"catalog_number":"556467D1","name":"ELBOW"},{"catalog_number":"556398D1","name":"COVER"},{"catalog_number":"556396D1","name":"COVER"},{"catalog_number":"556259D1A","name":"OPERATOR MANUAL"},{"catalog_number":"556252D1A","name":"OPERATOR MANUAL"},{"catalog_number":"556243D1","name":"BEARING CONE"},{"catalog_number":"556242D1","name":"BEARING CUP"},{"catalog_number":"556202D2","name":"RETAINER CLAMP"},{"catalog_number":"556202D1","name":"CLAMP"},{"catalog_number":"555866D2","name":"HOSE"},{"catalog_number":"555857D1","name":"LEATHER SEAT"},{"catalog_number":"55574","name":"V-BELT"},{"catalog_number":"555701D1","name":"A/C HOSE"},{"catalog_number":"555642D1","name":"SIGHT GAUGE"},{"catalog_number":"555544D1","name":"HOSE"},{"catalog_number":"555459D1","name":"WIRE SEAL"},{"catalog_number":"555458D1","name":"TERMINAL PIN"},{"catalog_number":"555457D1","name":"CONNECTOR PLUG"},{"catalog_number":"555400D1","name":"TUBE ASSY"},{"catalog_number":"555392D1","name":"TRAILER BRAKE"},{"catalog_number":"555389D1","name":"TRAILER BRAKE"},{"catalog_number":"555388D1","name":"KIT, COMPRESSOR"},{"catalog_number":"555243D1","name":"BELT"},{"catalog_number":"555154D1","name":"ROCKER SWITCH"},{"catalog_number":"555152D1","name":"WIPER SWITCH"},{"catalog_number":"555108D1","name":"KIT, SERVICE"},{"catalog_number":"555107D1","name":"KIT, SERVICE"},{"catalog_number":"555106D1","name":"TUBE"},{"catalog_number":"555105D1","name":"TUBE"},{"catalog_number":"555104D2","name":"TUBE"},{"catalog_number":"555100D3","name":"WIRE HARNESS"},{"catalog_number":"554866D1","name":"BATTERY CABLE"},{"catalog_number":"554486D1","name":"BRACKET"},{"catalog_number":"554383D1","name":"GUIDE BLOCK"},{"catalog_number":"554382D1","name":"GUIDE BLOCK"},{"catalog_number":"554381D1","name":"GUIDE BLOCK"},{"catalog_number":"554380D1","name":"GUIDE BLOCK"},{"catalog_number":"554363D1","name":"ADHESIVE"},{"catalog_number":"554271D1","name":"SENSOR"},{"catalog_number":"554113D1","name":"TRACK"},{"catalog_number":"554112D1","name":"TRACK"},{"catalog_number":"554111D1","name":"TRACK"},{"catalog_number":"554109D1","name":"TRACK"},{"catalog_number":"554108D1","name":"TRACK"},{"catalog_number":"554107D1","name":"TRACK"},{"catalog_number":"554106D1","name":"TRACK"},{"catalog_number":"554105D1","name":"TRACK"},{"catalog_number":"554103D1","name":"TRACK"},{"catalog_number":"554102D1","name":"TRACK"},{"catalog_number":"554101D1","name":"TRACK"},{"catalog_number":"554100D1","name":"TRACK"},{"catalog_number":"554097D1","name":"TRACK"},{"catalog_number":"554096D1","name":"TRACK"},{"catalog_number":"554095D1","name":"LEFT HAND TRACK"},{"catalog_number":"554094D1","name":"RIGHT HAND TRACK"},{"catalog_number":"554093D1","name":"TRACK"},{"catalog_number":"554092D1","name":"TRACK"},{"catalog_number":"554091D1","name":"TRACK"},{"catalog_number":"554090D1","name":"TRACK"},{"catalog_number":"554088D1","name":"TRACK"},{"catalog_number":"554087D1","name":"TRACK"},{"catalog_number":"554076D1","name":"STEP"},{"catalog_number":"553963D1","name":"CONSOLE"},{"catalog_number":"553861D1","name":"HOSE"},{"catalog_number":"553829D1","name":"KIT, COMPRESSOR"},{"catalog_number":"553691D1","name":"DECAL"},{"catalog_number":"553565D1","name":"TUBE ASSY"},{"catalog_number":"553334D1","name":"BRACKET"},{"catalog_number":"553135D1","name":"FAN"},{"catalog_number":"552990D1","name":"GUARD"},{"catalog_number":"552989D1","name":"PLATE"},{"catalog_number":"552987D1","name":"KIT, GUARD"},{"catalog_number":"552515D1","name":"SHIM WASHER"},{"catalog_number":"552514D1","name":"ADJUSTING SHIM"},{"catalog_number":"552513D1","name":"SPEED SENSOR"},{"catalog_number":"552111D1","name":"REST"},{"catalog_number":"552024D1","name":"CORE"},{"catalog_number":"551846D1","name":"WIRING HARNESS"},{"catalog_number":"551845D1","name":"GROUP"},{"catalog_number":"551844D1","name":"HARNESS"},{"catalog_number":"551824D1","name":"DRIVE KIT"},{"catalog_number":"551758D1","name":"HOSE ASSY"},{"catalog_number":"551745D1","name":"BRACKET"},{"catalog_number":"551744D1","name":"KIT"},{"catalog_number":"551592D1","name":"DEFLECTOR"},{"catalog_number":"551591D1","name":"DEFLECTOR"},{"catalog_number":"551185","name":"SEAL RING"},{"catalog_number":"551183","name":"RATCHET"},{"catalog_number":"550866D1","name":"PLATE"},{"catalog_number":"550668D1","name":"TUBE"},{"catalog_number":"550667D1","name":"TUBE"},{"catalog_number":"550574D1","name":"BRACKET"},{"catalog_number":"550570D1","name":"SUSPENSION"},{"catalog_number":"550376D1","name":"COUPLING"},{"catalog_number":"550163D1","name":"PLATE"},{"catalog_number":"550162D1","name":"PLATE"},{"catalog_number":"550161D1","name":"PLATE"},{"catalog_number":"550142D1","name":"EXHAUST"},{"catalog_number":"550128D1","name":"COLLAR"},{"catalog_number":"549926D1","name":"COVER"},{"catalog_number":"549888D2","name":"BRACKET"},{"catalog_number":"549820D2","name":"BRACKET"},{"catalog_number":"549809D1","name":"HARNESS"},{"catalog_number":"549693D1","name":"WARNING DECAL"},{"catalog_number":"549679D1","name":"HARNESS"},{"catalog_number":"549270D1","name":"SUPPORT"},{"catalog_number":"549105D1","name":"BRACKET"},{"catalog_number":"548952D1","name":"ROD END"},{"catalog_number":"548951D1","name":"GROUP"},{"catalog_number":"548528D1","name":"HOSE"},{"catalog_number":"548350D3","name":"MID ROLLER WHEEL"},{"catalog_number":"548349D3","name":"MID ROLLER WHEEL"},{"catalog_number":"548235D1","name":"BRACKET"},{"catalog_number":"548234D1","name":"BRACKET"},{"catalog_number":"548233D1","name":"BRACKET"},{"catalog_number":"548223D1","name":"TENSIONER"},{"catalog_number":"548222D1","name":"TENSIONER"},{"catalog_number":"548201D2","name":"HOSE ASSY"},{"catalog_number":"548160D1","name":"SOLENOID VALVE"},{"catalog_number":"548045D1","name":"RADIO KIT"},{"catalog_number":"548044D1","name":"RADIO KIT"},{"catalog_number":"548043D1","name":"RADIO KIT"},{"catalog_number":"548008D1","name":"ADAPTER"},{"catalog_number":"547967D2","name":"SPACER"},{"catalog_number":"547966D2","name":"SPACER"},{"catalog_number":"547915D2","name":"SEAL KIT"},{"catalog_number":"547914D2","name":"SEAL KIT"},{"catalog_number":"547913D1","name":"SEAL KIT"},{"catalog_number":"547856D1","name":"BREATHER"},{"catalog_number":"547683D1","name":"SEAL"},{"catalog_number":"547608D1","name":"KIT"}]}