{"machinery_brand_name":"Ag-Chem","parts":[{"catalog_number":"700164581","name":"STRIPPER"},{"catalog_number":"700164580","name":"AUGER PADDLE"},{"catalog_number":"700164577B","name":"GAUGE PANEL"},{"catalog_number":"700164577","name":"PANEL"},{"catalog_number":"700164575","name":"PANEL COVER"},{"catalog_number":"700164563","name":"FLIGHTING, RH"},{"catalog_number":"700164562","name":"FLIGHTING, LH"},{"catalog_number":"700164561","name":"AUGER"},{"catalog_number":"700164556","name":"FLIGHTING, RH"},{"catalog_number":"700164555","name":"AUGER, RH"},{"catalog_number":"700164554","name":"FLIGHTING, LH"},{"catalog_number":"700164553","name":"AUGER, LH"},{"catalog_number":"700164552","name":"STRIPPER"},{"catalog_number":"700164550","name":"STRIPPER, RH"},{"catalog_number":"700164547","name":"STRIPPER, LH"},{"catalog_number":"700164445","name":"PLATE"},{"catalog_number":"700164437","name":"BUSH"},{"catalog_number":"700164429","name":"CRANK"},{"catalog_number":"700164420","name":"HITCH"},{"catalog_number":"700164412","name":"TONGUE"},{"catalog_number":"700164397","name":"SUPPORT"},{"catalog_number":"700164390","name":"COVER"},{"catalog_number":"700164339","name":"STRAP"},{"catalog_number":"700164337","name":"WEIGHT SUPPORT"},{"catalog_number":"700164336","name":"WEIGHT SUPPORT"},{"catalog_number":"700164282","name":"ARMREST PANEL"},{"catalog_number":"700164195","name":"BRACKET"},{"catalog_number":"700164193","name":"CLAMP"},{"catalog_number":"700164191","name":"SHIELD"},{"catalog_number":"700164190","name":"SHIELD, RH"},{"catalog_number":"700164189","name":"SHIELD, RH"},{"catalog_number":"700164188","name":"SHIELD, LH"},{"catalog_number":"700164187","name":"SHIELD, LH"},{"catalog_number":"700164185","name":"SHIELD, RH"},{"catalog_number":"700164184","name":"SHIELD, RH"},{"catalog_number":"700164183","name":"SHIELD, LH"},{"catalog_number":"700164182","name":"SHIELD, LH"},{"catalog_number":"700164180","name":"SHAFT, RH"},{"catalog_number":"700164179","name":"SHAFT, RH"},{"catalog_number":"700164177","name":"SHAFT, RH"},{"catalog_number":"700164176","name":"SHAFT, LEFT HAND"},{"catalog_number":"700164175","name":"SHAFT, LEFT HAND"},{"catalog_number":"700164174","name":"SHAFT, LEFT HAND"},{"catalog_number":"700164173","name":"ANGLE"},{"catalog_number":"700164172","name":"FIN,, RH"},{"catalog_number":"700164171","name":"FIN,, LH"},{"catalog_number":"700164168","name":"SPACER"},{"catalog_number":"700164156","name":"PIN"},{"catalog_number":"700164080","name":"SPACER"},{"catalog_number":"700164021","name":"CHAIN TIGHTENER"},{"catalog_number":"700163996","name":"PLATE"},{"catalog_number":"700163988","name":"DRILLED PIN"},{"catalog_number":"700163719","name":"SUPPORT"},{"catalog_number":"700163718","name":"DECAL"},{"catalog_number":"700163716","name":"DECAL"},{"catalog_number":"700163715","name":"DECAL"},{"catalog_number":"700163714","name":"DECAL"},{"catalog_number":"700163713","name":"DECAL"},{"catalog_number":"700163712","name":"DECAL"},{"catalog_number":"700163711","name":"DECAL"},{"catalog_number":"700163710","name":"DECAL"},{"catalog_number":"700163708","name":"DECAL"},{"catalog_number":"700163707","name":"DECAL"},{"catalog_number":"700163706","name":"DECAL"},{"catalog_number":"700163705","name":"DECAL"},{"catalog_number":"700163656","name":"FLASHER GUARD"},{"catalog_number":"700163639","name":"TOOL BOX COVER"},{"catalog_number":"700163638","name":"BUSH"},{"catalog_number":"700163589","name":"SEAL SUPPORT"},{"catalog_number":"700163583","name":"HOUSING"},{"catalog_number":"700163577","name":"HOSE SUPPORT"},{"catalog_number":"700163572","name":"PANEL"},{"catalog_number":"700163560","name":"PIN"},{"catalog_number":"700163559","name":"PLATE"},{"catalog_number":"700163558","name":"CAM"},{"catalog_number":"700163557","name":"BUSH"},{"catalog_number":"700163556","name":"STRAP"},{"catalog_number":"700163554","name":"STOP"},{"catalog_number":"700163437","name":"CHANNEL"},{"catalog_number":"700163377","name":"BRACKET, RH"},{"catalog_number":"700163376","name":"BRACKET, LH"},{"catalog_number":"700163372","name":"BUSH"},{"catalog_number":"700163371","name":"GUARD"},{"catalog_number":"700163367","name":"SUPPORT"},{"catalog_number":"700163366","name":"SHIELD"},{"catalog_number":"700163361","name":"RIGHT HAND GUARD"},{"catalog_number":"700163359","name":"LEFT HAND GUARD"},{"catalog_number":"700163349","name":"STRIPPER"},{"catalog_number":"700163348","name":"STRIPPER"},{"catalog_number":"700163347","name":"STRIPPER"},{"catalog_number":"700163346","name":"CHANNEL"},{"catalog_number":"700163342","name":"AUGER"},{"catalog_number":"700163340","name":"RIGHT HAND AUGER"},{"catalog_number":"700163334","name":"LEFT HAND AUGER"},{"catalog_number":"700163332","name":"SHIELD"},{"catalog_number":"700163330","name":"CHUTE"},{"catalog_number":"700163328B","name":"PICKUP"},{"catalog_number":"700163322","name":"BRACKET, RH"},{"catalog_number":"700163321","name":"BRACKET, LH"},{"catalog_number":"700163315","name":"SHIELD"},{"catalog_number":"700163312","name":"RETAINING CLIP"},{"catalog_number":"700163309","name":"STRAP, RH"},{"catalog_number":"700163308","name":"STRAP, LH"},{"catalog_number":"700163306","name":"SHIELD, LH"},{"catalog_number":"700163304","name":"SKID SHOE"},{"catalog_number":"700163301","name":"SCRAPER"},{"catalog_number":"700163300","name":"SCRAPER"},{"catalog_number":"700163299","name":"HINGE SUPPORT"},{"catalog_number":"700163293","name":"SHAFT"},{"catalog_number":"700163226","name":"STRIPPER"},{"catalog_number":"700163221","name":"LEVER"},{"catalog_number":"700163218","name":"SPRING ANCHOR"},{"catalog_number":"700163217","name":"SPRING ROD"},{"catalog_number":"700163211","name":"HANDLE MOUNT"},{"catalog_number":"700163208","name":"DEFLECTOR"},{"catalog_number":"700163206","name":"SHIELD, RH"},{"catalog_number":"700163205","name":"SHIELD, LH"},{"catalog_number":"700163199","name":"SHIELD"},{"catalog_number":"700163198","name":"SHIELD, RH"},{"catalog_number":"700163197","name":"SHIELD, LH"},{"catalog_number":"700163195","name":"HAY COND ROLL"},{"catalog_number":"700163194","name":"BRACKET, RH"},{"catalog_number":"700163193","name":"BRACKET, LH"},{"catalog_number":"700163192","name":"SHIELD, RH"},{"catalog_number":"700163191","name":"SHIELD, LH"},{"catalog_number":"700163190","name":"WRAPPER"},{"catalog_number":"700163189","name":"WRAPPER"},{"catalog_number":"700163187","name":"MOUNTING BRACKET"},{"catalog_number":"700163185","name":"GAGE SUPPORT"},{"catalog_number":"700163184","name":"PANEL"},{"catalog_number":"700163179","name":"PANEL, RH"},{"catalog_number":"700163178","name":"ROD CLAMP"},{"catalog_number":"700163173","name":"PANEL, LEFT HAND"},{"catalog_number":"700163045","name":"LIFT ARM"},{"catalog_number":"700163028","name":"CRANK"},{"catalog_number":"700163025","name":"GUIDE"},{"catalog_number":"700163024","name":"ROLLER"},{"catalog_number":"700163019","name":"BRACKET"},{"catalog_number":"700162995","name":"MOUNTING"},{"catalog_number":"700162994","name":"ANGLE"},{"catalog_number":"700162992","name":"MONITOR PANEL"},{"catalog_number":"700162991","name":"MONITOR"},{"catalog_number":"700162986","name":"LATCH LINK"},{"catalog_number":"700162985","name":"BRACKET, RH"},{"catalog_number":"700162984","name":"BRACKET, LH"},{"catalog_number":"700162983","name":"TENSION ARM"},{"catalog_number":"700162977","name":"SHIELD, RH"},{"catalog_number":"700162976","name":"SHIELD, LH"},{"catalog_number":"700162973","name":"ACTUATOR MOUNT"},{"catalog_number":"700162971","name":"SENSOR MOUNT"},{"catalog_number":"700162951","name":"BRACKET"},{"catalog_number":"700162950","name":"SHIELD"},{"catalog_number":"700162949","name":"SHIELD"},{"catalog_number":"700162371","name":"BRACKET"},{"catalog_number":"700162357","name":"COVER PLATE"},{"catalog_number":"700162335","name":"SHIELD"},{"catalog_number":"700162334","name":"TRIM"},{"catalog_number":"700162319","name":"KIT"},{"catalog_number":"700162213","name":"BEARING ASSY"},{"catalog_number":"700162165","name":"KIT"},{"catalog_number":"700162061","name":"SHIELD"},{"catalog_number":"700162059","name":"PIN"},{"catalog_number":"700162055","name":"ARM"},{"catalog_number":"700162054","name":"STRUT"},{"catalog_number":"700162047","name":"PANEL"},{"catalog_number":"700162046","name":"PANEL"},{"catalog_number":"700162033","name":"CLAMP"},{"catalog_number":"700162025","name":"ROTOR"},{"catalog_number":"700162023","name":"LATCH MOUNT"},{"catalog_number":"700162020","name":"TUBE"},{"catalog_number":"700162018","name":"HEX SHAFT"},{"catalog_number":"700162017","name":"TRIM"},{"catalog_number":"700162015","name":"SHIELD"},{"catalog_number":"700162014","name":"ENGINE BONNET"},{"catalog_number":"700162012","name":"HINGE TUBE"},{"catalog_number":"700162004","name":"STRIKER"},{"catalog_number":"700162002","name":"PIPE STRAP"},{"catalog_number":"700162001","name":"BRACKET"},{"catalog_number":"700161991","name":"HINGE TUBE"},{"catalog_number":"700161990","name":"BONNET FRAME"},{"catalog_number":"700161985","name":"BONNET BRACKET"},{"catalog_number":"700161982","name":"PROTECTON BONNET"},{"catalog_number":"700161981","name":"ENGINE BONNET"},{"catalog_number":"700161920","name":"SHIELD"},{"catalog_number":"700161909","name":"SHAFT"},{"catalog_number":"700161907","name":"PLATE"},{"catalog_number":"700161905","name":"CRANK"},{"catalog_number":"700161903","name":"STOP"},{"catalog_number":"700161900","name":"STRAP"},{"catalog_number":"700161897","name":"SWITCH PANEL"},{"catalog_number":"700161884","name":"SEAT PANEL"},{"catalog_number":"700161883","name":"MOUNTING"},{"catalog_number":"700161873","name":"ADJUSTMENT LINK"},{"catalog_number":"700161868","name":"COLUMN ROD"},{"catalog_number":"700161857","name":"ARM, RIGHT HAND"},{"catalog_number":"700161849","name":"STRUT"},{"catalog_number":"700161843","name":"RETAINER"},{"catalog_number":"700161842","name":"ANGLE, RH"},{"catalog_number":"700161841","name":"ANGLE, LH"},{"catalog_number":"700161837","name":"ANGLE"},{"catalog_number":"700161835","name":"HANDLE"},{"catalog_number":"700161834","name":"LOCK"},{"catalog_number":"700161831","name":"GEARBOX SUPPORT"},{"catalog_number":"700161827","name":"JACK STAND"},{"catalog_number":"700161825","name":"ARM"},{"catalog_number":"700161823","name":"PANEL, RH"},{"catalog_number":"700161819P","name":"MOUNT"},{"catalog_number":"700161815","name":"SHIELD"},{"catalog_number":"700161814","name":"FLIGHTING, RH"},{"catalog_number":"700161813","name":"FLIGHTING, LH"},{"catalog_number":"700161812","name":"AUGER, RH"},{"catalog_number":"700161811","name":"AUGER, LH"},{"catalog_number":"700161809","name":"FLIGHTING, RH"},{"catalog_number":"700161808","name":"FLIGHTING, RH"},{"catalog_number":"700161806","name":"FLIGHTING, LH"},{"catalog_number":"700161805","name":"FLIGHTING, LH"},{"catalog_number":"700161804","name":"AUGER, RH"},{"catalog_number":"700161803","name":"AUGER, LH"},{"catalog_number":"700161800","name":"AUGER MOUNT"},{"catalog_number":"700161799","name":"STRIPPER"},{"catalog_number":"700161798","name":"STRIPPER"},{"catalog_number":"700161793","name":"STRIPPER, RH"},{"catalog_number":"700161792P","name":"STRIPPER, LH"},{"catalog_number":"700161788","name":"STRIPPER, RH"},{"catalog_number":"700161787P","name":"STRIPPER, LH"},{"catalog_number":"700161776P","name":"PIPE"},{"catalog_number":"700161741","name":"PIN"},{"catalog_number":"700161738","name":"CLAMP"},{"catalog_number":"700161726","name":"SPACER"},{"catalog_number":"700161725","name":"LEFT HAND SPACER"},{"catalog_number":"700161724","name":"SPACER"},{"catalog_number":"700161723","name":"SPACER"},{"catalog_number":"700161722","name":"HOLDDOWN"},{"catalog_number":"700161721","name":"PLATE"},{"catalog_number":"700161720","name":"SHIELD"},{"catalog_number":"700161719","name":"SHIELD"},{"catalog_number":"700161718","name":"SHIELD"},{"catalog_number":"700161717","name":"SHIELD"},{"catalog_number":"700161716","name":"SHIELD"},{"catalog_number":"700161715","name":"SHIELD"},{"catalog_number":"700161709","name":"SPACER"},{"catalog_number":"700161660","name":"ADAPTER"},{"catalog_number":"700161657","name":"BEARING"},{"catalog_number":"700161649","name":"STEP, LH"},{"catalog_number":"700161636","name":"RETAINER CHANNEL"},{"catalog_number":"700161622","name":"PIVOT"},{"catalog_number":"700161619","name":"CONTROL STRAP"},{"catalog_number":"700161618","name":"FLAT WASHER"},{"catalog_number":"700161617","name":"STEERING ARM"},{"catalog_number":"700161602","name":"STOP"},{"catalog_number":"700161599","name":"PIN"},{"catalog_number":"700161598","name":"BEARING HOUSING"},{"catalog_number":"700161593","name":"BEARING HOUSING"},{"catalog_number":"700161592","name":"BEARING HOUSING"},{"catalog_number":"700161574","name":"BEARING SHIELD"},{"catalog_number":"700161573","name":"FILLER PLATE"},{"catalog_number":"700161549","name":"SPACER STRAP"},{"catalog_number":"700161548","name":"SKID SHOE CLIP"},{"catalog_number":"700161545","name":"PIN"},{"catalog_number":"700161518","name":"SHAFT"},{"catalog_number":"700161405","name":"RETAINER"},{"catalog_number":"700161399","name":"PIN"},{"catalog_number":"700161387","name":"RETAINER"},{"catalog_number":"700161386","name":"SHIM"},{"catalog_number":"700161385","name":"SHIM"},{"catalog_number":"700161352","name":"TONGUE"},{"catalog_number":"700161338","name":"ACTUATOR MOUNT"},{"catalog_number":"700161337","name":"SWITCH MOUNT"},{"catalog_number":"700161336","name":"STRAP"},{"catalog_number":"700161334","name":"WHEEL STRUT"},{"catalog_number":"700161330","name":"SHAFT"},{"catalog_number":"700161321","name":"FLANGE"},{"catalog_number":"700161318","name":"CLUTCH ASSEMBLY"},{"catalog_number":"700161305","name":"STRIPPER"},{"catalog_number":"700161290","name":"BRACKET"},{"catalog_number":"700161289","name":"SUPPORT"},{"catalog_number":"700161287","name":"BRACKET"},{"catalog_number":"700161284","name":"PLATE"},{"catalog_number":"700161283","name":"PLATE"},{"catalog_number":"700161282","name":"BRACKET, RH"},{"catalog_number":"700161279","name":"BRACKET, LH"},{"catalog_number":"700161274","name":"BRACKET"},{"catalog_number":"700161271","name":"SUPPORT"},{"catalog_number":"700161270","name":"TUBE"},{"catalog_number":"700161268","name":"ARM"},{"catalog_number":"700161253","name":"SHIELD"},{"catalog_number":"700161246","name":"MOUNTING"},{"catalog_number":"700161243","name":"MOUNTING"},{"catalog_number":"700161241","name":"MOUNTING"},{"catalog_number":"700161237","name":"BULKHEAD"},{"catalog_number":"700161236","name":"PIN"},{"catalog_number":"700161212","name":"ARM"},{"catalog_number":"700161210","name":"HUB"},{"catalog_number":"700161209P","name":"SHIELD"},{"catalog_number":"700161206","name":"CLUTCH PLATE"},{"catalog_number":"700161195","name":"PIN"},{"catalog_number":"700161194","name":"PIN"},{"catalog_number":"700161193P","name":"WRAPPER"},{"catalog_number":"700161192P","name":"WRAPPER"},{"catalog_number":"700161177","name":"MOUNTING"},{"catalog_number":"700161170","name":"TUBE"},{"catalog_number":"700161155","name":"SHEAVE"},{"catalog_number":"700161101","name":"AXLE"},{"catalog_number":"700161077P","name":"SUPPORT, RH"},{"catalog_number":"700161076P","name":"SUPPORT, LH"},{"catalog_number":"700161070P","name":"SPROCKET"},{"catalog_number":"700161052","name":"BLADE"},{"catalog_number":"700161046P","name":"PLATE"},{"catalog_number":"700161045P","name":"SPROCKET"},{"catalog_number":"700161036","name":"SPROCKET"},{"catalog_number":"700160990","name":"PLATE"},{"catalog_number":"700160989","name":"OUTER PLATE"},{"catalog_number":"700160962","name":"IDLER"},{"catalog_number":"700160920","name":"SHEAVE"},{"catalog_number":"700160892","name":"ELBOW FITTING"},{"catalog_number":"700160886","name":"RETAINER"},{"catalog_number":"700160862","name":"HUB"},{"catalog_number":"700160839P","name":"LINK"},{"catalog_number":"700160833P","name":"SPACER"},{"catalog_number":"700160828P","name":"SPROCKET"},{"catalog_number":"700160825P","name":"BRACKET"},{"catalog_number":"700160821","name":"WIND GUARD"},{"catalog_number":"700160818P","name":"WRAPPER"},{"catalog_number":"700160811","name":"SPROCKET"},{"catalog_number":"700160810","name":"TUBE"},{"catalog_number":"700160803","name":"REEL"},{"catalog_number":"700160802","name":"ANGLE"},{"catalog_number":"700160801","name":"SHAFT"},{"catalog_number":"700160798","name":"CRANK"},{"catalog_number":"700160797","name":"TINE BAR"},{"catalog_number":"700160795P","name":"ROTOR"},{"catalog_number":"700160787","name":"FRAME"},{"catalog_number":"700160773","name":"PLATE"},{"catalog_number":"700160771","name":"BRACKET, RH"},{"catalog_number":"700160757","name":"CRANK ARM STOP"},{"catalog_number":"700160753","name":"SHIELD"},{"catalog_number":"700160740","name":"ANGLE"},{"catalog_number":"700160735","name":"SHIELD"},{"catalog_number":"700160734","name":"SHIELD"},{"catalog_number":"700160716","name":"SPACER"},{"catalog_number":"700160711","name":"DEFLECTOR"},{"catalog_number":"700160704P","name":"SHIELD"},{"catalog_number":"700160702","name":"SHIELD, RH"},{"catalog_number":"700160701","name":"SHIELD, LH"},{"catalog_number":"700160700","name":"EMBLEM MOUNT"},{"catalog_number":"700160699","name":"SHIELD, RH"},{"catalog_number":"700160698","name":"SHIELD, LH"},{"catalog_number":"700160696","name":"INDICATOR MOUNT"},{"catalog_number":"700160695","name":"SUPPORT ROD"},{"catalog_number":"700160685","name":"SUPPORT, RH"},{"catalog_number":"700160684","name":"SUPPORT, LH"},{"catalog_number":"700160680","name":"PIPE"},{"catalog_number":"700160679","name":"BRACKET"},{"catalog_number":"700160678","name":"PLATE"},{"catalog_number":"700160674","name":"SPACER"},{"catalog_number":"700160673","name":"SPACER"},{"catalog_number":"700160669","name":"GUIDE"},{"catalog_number":"700160668","name":"SPACER"},{"catalog_number":"700160667","name":"SPACER"},{"catalog_number":"700160651","name":"MOUNTING"},{"catalog_number":"700160650","name":"SPACER"},{"catalog_number":"700160647","name":"PLATE"},{"catalog_number":"700160646","name":"TUBE"},{"catalog_number":"700160641","name":"ARM"},{"catalog_number":"700160637","name":"SUPPORT"},{"catalog_number":"700160635","name":"ROD"},{"catalog_number":"700160615","name":"POINTER"},{"catalog_number":"700160612P","name":"ROLLER"},{"catalog_number":"700160607","name":"SHAFT"},{"catalog_number":"700160605","name":"ROLLER"},{"catalog_number":"700160603","name":"SHAFT"},{"catalog_number":"700160602","name":"ROLLER"},{"catalog_number":"700160599","name":"SHAFT"},{"catalog_number":"700160594","name":"SPROCKET"},{"catalog_number":"700160593P","name":"SPROCKET"},{"catalog_number":"700160591","name":"CLIP"},{"catalog_number":"700160588","name":"PIN"},{"catalog_number":"700160587","name":"PLATE"},{"catalog_number":"700160497","name":"BRACKET"},{"catalog_number":"700160494","name":"SCRAPER"},{"catalog_number":"700160491","name":"BRACKET, LH"},{"catalog_number":"700160490","name":"BRACKET, RH"},{"catalog_number":"700160489","name":"BRACKET, LH"},{"catalog_number":"700160485P","name":"TUBE"},{"catalog_number":"700160484P","name":"SUPPORT"},{"catalog_number":"700160483","name":"TRUNNION"},{"catalog_number":"700160479","name":"ARM"},{"catalog_number":"700160478P","name":"CAM"},{"catalog_number":"700160475","name":"CRANK"},{"catalog_number":"700160467","name":"DIVIDER, RH"},{"catalog_number":"700160466","name":"DIVIDER, LH"},{"catalog_number":"700160463","name":"SHIELD"},{"catalog_number":"700160462","name":"RAMP"},{"catalog_number":"700160461","name":"SHIELD"},{"catalog_number":"700160459","name":"SHIELD"},{"catalog_number":"700160455","name":"TUBE"},{"catalog_number":"700160454","name":"PIVOT"},{"catalog_number":"700160452","name":"DISC"},{"catalog_number":"700160430","name":"SWINGING CASTER"},{"catalog_number":"700160425","name":"SWING AXLE"},{"catalog_number":"700160420","name":"HINGE PIN"},{"catalog_number":"700160419","name":"ANGLE, RH"},{"catalog_number":"700160418","name":"ANGLE, LH"},{"catalog_number":"700160417","name":"HALF HINGE"},{"catalog_number":"700160387","name":"HOUSING"},{"catalog_number":"700160379","name":"BATTERY RACK"},{"catalog_number":"700160376","name":"PLATE"},{"catalog_number":"700160371","name":"ARM"},{"catalog_number":"700160370","name":"ARM"},{"catalog_number":"700160369","name":"PLATE"},{"catalog_number":"700160356","name":"J-BOLT ROD"},{"catalog_number":"700160354","name":"ARM"},{"catalog_number":"700160353","name":"SPACER"},{"catalog_number":"700159801","name":"STRAP"},{"catalog_number":"700159797","name":"SHAFT"},{"catalog_number":"700159792","name":"COVER"},{"catalog_number":"700159784","name":"HOLDER"},{"catalog_number":"700159782","name":"TAILWHEEL BEAM"},{"catalog_number":"700159779","name":"SPACER, RH"},{"catalog_number":"700159778","name":"SPACER, LH"},{"catalog_number":"700159777","name":"LINK, RH"},{"catalog_number":"700159776","name":"LINK, RH"},{"catalog_number":"700159775","name":"ANGLE, RH"},{"catalog_number":"700159774","name":"ANGLE, LH"},{"catalog_number":"700159773","name":"HANDLE"},{"catalog_number":"700159771","name":"HANDLE GUIDE"},{"catalog_number":"700159770","name":"LINK, LH"},{"catalog_number":"700159765","name":"STOP"},{"catalog_number":"700159758","name":"PANEL"},{"catalog_number":"700159751","name":"VALVE SHIELD"},{"catalog_number":"700159563","name":"BUSH"},{"catalog_number":"700159560","name":"SUPPORT BRACKET"},{"catalog_number":"700159559","name":"MOUNT"},{"catalog_number":"700159550","name":"HOLD ROD"},{"catalog_number":"700159518","name":"BRACKET"},{"catalog_number":"700159235","name":"SHIM"},{"catalog_number":"700159229P","name":"BRACKET"},{"catalog_number":"700159217","name":"PIN MOUNT"},{"catalog_number":"700159215","name":"STRIPPER"},{"catalog_number":"700159203","name":"HANGER PLATE, RH"},{"catalog_number":"700159181","name":"HANGER PLATE, LH"},{"catalog_number":"700159179","name":"AUGER HEADER ARM"},{"catalog_number":"700159168","name":"SENSOR MOUNT"},{"catalog_number":"700159163","name":"PULLEY"},{"catalog_number":"700159156","name":"LOCK PLATE"},{"catalog_number":"700159134","name":"PUMP SUPPORT"},{"catalog_number":"700158868","name":"PLATE"},{"catalog_number":"700158867","name":"STRAP"},{"catalog_number":"700158864","name":"PLATE"},{"catalog_number":"700158860","name":"BRACKET"},{"catalog_number":"700158845","name":"PLATE"},{"catalog_number":"700158843","name":"COVER"},{"catalog_number":"700158834","name":"SUPPORT"},{"catalog_number":"700158833","name":"FRAME"},{"catalog_number":"700158822","name":"CRADLE ROD"},{"catalog_number":"700158821","name":"SUPPORT"},{"catalog_number":"700158776","name":"BRACKET"},{"catalog_number":"700158746","name":"PLATE"},{"catalog_number":"700158637","name":"STOP"},{"catalog_number":"700158565","name":"PLATE"},{"catalog_number":"700158560","name":"CONNECTING LINK"},{"catalog_number":"700158559","name":"RECIEVER, RH"},{"catalog_number":"700158558","name":"RECIEVER, LH"},{"catalog_number":"700158554","name":"LIFT ARM, LH"},{"catalog_number":"700158553","name":"SPACER"},{"catalog_number":"700158551","name":"LIFT ARM, RH"},{"catalog_number":"700158549","name":"RETAINING PIN"},{"catalog_number":"700158526","name":"ENGINE MOUNT"},{"catalog_number":"700157788","name":"SPROCKET"},{"catalog_number":"700157785","name":"CRANK"},{"catalog_number":"700157778","name":"CHUTE"},{"catalog_number":"700157769","name":"WRAPPER"},{"catalog_number":"700157741","name":"AXLE"},{"catalog_number":"700157721","name":"PLATE"},{"catalog_number":"700157702","name":"VALVE"},{"catalog_number":"700157385","name":"LOCK TAB"},{"catalog_number":"700157381","name":"HOUSING"},{"catalog_number":"700157380","name":"HEX HEAD BOLT"},{"catalog_number":"700157373","name":"ANGLE"},{"catalog_number":"700157366","name":"SPINNER BLADE"},{"catalog_number":"700157365","name":"SPINNER CHANNEL"},{"catalog_number":"700157358","name":"BUSH"},{"catalog_number":"700157352","name":"STOP CHANNEL"},{"catalog_number":"700157327","name":"SHIELD"},{"catalog_number":"700157326","name":"SHIELD"},{"catalog_number":"700157325","name":"COVER"},{"catalog_number":"700157324","name":"COVER"},{"catalog_number":"700157320","name":"DISC"},{"catalog_number":"700157319","name":"LINK"},{"catalog_number":"700157318","name":"SUPPORT"},{"catalog_number":"700157312","name":"AXLE BEAM"},{"catalog_number":"700157281","name":"GUARD ROD"},{"catalog_number":"700157278","name":"MARKER HUB"},{"catalog_number":"700157217","name":"BUSH"},{"catalog_number":"700157179","name":"MOUNTING"},{"catalog_number":"700157178","name":"DISC"},{"catalog_number":"700157175","name":"CLAMP"},{"catalog_number":"700157168","name":"SHIELD"},{"catalog_number":"700157163","name":"SHIELD"},{"catalog_number":"700156915","name":"WEAR PLATE"},{"catalog_number":"700156914","name":"BRACKET"},{"catalog_number":"700156913","name":"SPINDLE, RH"},{"catalog_number":"700156912","name":"SPINDLE, LH"},{"catalog_number":"700156876","name":"SHIELD"},{"catalog_number":"700156875","name":"SHIELD"},{"catalog_number":"700156870","name":"MOUNTING"},{"catalog_number":"700156862","name":"MOUNTING"},{"catalog_number":"700156860","name":"ARM"},{"catalog_number":"700156859","name":"PLATE"},{"catalog_number":"700156857","name":"PLATE"},{"catalog_number":"700156856","name":"PLATE"},{"catalog_number":"700156852","name":"ARM"},{"catalog_number":"700156845","name":"CHANNEL"},{"catalog_number":"700156838","name":"PLATE"},{"catalog_number":"700156837","name":"SHIELD"},{"catalog_number":"700156818","name":"PLATFORM, RH"},{"catalog_number":"700156807","name":"SHAFT"},{"catalog_number":"700156806","name":"WIRE COVER"},{"catalog_number":"700156805","name":"WIRE COVER"},{"catalog_number":"700156803","name":"STEP"},{"catalog_number":"700156800","name":"STEP"},{"catalog_number":"700156797","name":"GUARD RAIL, LH"},{"catalog_number":"700156784","name":"GUARD RAIL, RH"},{"catalog_number":"700156783","name":"END PANEL"},{"catalog_number":"700156780","name":"BRACKET, RH"},{"catalog_number":"700156779","name":"BRACKET, LH"},{"catalog_number":"700156773","name":"FRAME"},{"catalog_number":"700156698","name":"LIFT LINK"},{"catalog_number":"700156685","name":"PLATE"},{"catalog_number":"700156590","name":"MOUNTING PLATE"},{"catalog_number":"700156589","name":"ANGLE"},{"catalog_number":"700156586","name":"BRACKET"},{"catalog_number":"700156585","name":"HITCH"},{"catalog_number":"700156164","name":"ANCHOR SPRING"},{"catalog_number":"700155947","name":"FLAT WASHER"},{"catalog_number":"700155917","name":"BRACKET"},{"catalog_number":"700155913","name":"CONTROL STRAP"},{"catalog_number":"700155906","name":"TRAY CHANNEL"},{"catalog_number":"700155901","name":"ANGLE"},{"catalog_number":"700155865","name":"SHAFT"},{"catalog_number":"700155862","name":"SUPPORT"},{"catalog_number":"700155851","name":"SHAFT"},{"catalog_number":"700155844","name":"SUPPORT"},{"catalog_number":"700155843","name":"CHANNEL MOUNT"},{"catalog_number":"700155837P","name":"CHANNEL"},{"catalog_number":"700155835","name":"SUPPORT"},{"catalog_number":"700155822","name":"ARM"},{"catalog_number":"700155797","name":"ARM"},{"catalog_number":"700155775","name":"SHIELD"},{"catalog_number":"700155774","name":"SUPPORT"},{"catalog_number":"700155771","name":"SPACER"},{"catalog_number":"700155742","name":"ANGLE"},{"catalog_number":"700155740","name":"DOOR BRACKET"},{"catalog_number":"700155738","name":"CHANNEL"},{"catalog_number":"700155737","name":"FLOOR"},{"catalog_number":"700155730","name":"PANEL"},{"catalog_number":"700155728","name":"BEARING HOUSING"},{"catalog_number":"700155727","name":"STEERING ARM"},{"catalog_number":"700155723","name":"PIVOT"},{"catalog_number":"700155557","name":"SENSOR MOUNT"},{"catalog_number":"700155545","name":"GRASS RING"},{"catalog_number":"700155536","name":"HUB"},{"catalog_number":"700155525","name":"SHIELD"},{"catalog_number":"700155129","name":"DEFLECTOR"},{"catalog_number":"700154998","name":"FLANGED BUSHING"},{"catalog_number":"700154927","name":"SPACER"},{"catalog_number":"700154879","name":"FILTER BRACKET"},{"catalog_number":"700154877","name":"STEP, LH"},{"catalog_number":"700154852","name":"SIDE SHIELD"},{"catalog_number":"700154848","name":"CONNECTING LINK"},{"catalog_number":"700154842","name":"RETAINER"},{"catalog_number":"700154837P","name":"PANEL"},{"catalog_number":"700154836","name":"COVER"},{"catalog_number":"700154821","name":"COVER"},{"catalog_number":"700154804","name":"SWITCH MOUNT"},{"catalog_number":"547395D1","name":"RAIL"},{"catalog_number":"547393D1","name":"RAIL"},{"catalog_number":"547390D1","name":"FRAME ASSY"},{"catalog_number":"547388D1","name":"FRAME ASSY"},{"catalog_number":"547174D1","name":"SHIELD"},{"catalog_number":"547156D1","name":"VALVE"},{"catalog_number":"547147D1","name":"ENGINE COUPLER"},{"catalog_number":"547117D1","name":"ROD"},{"catalog_number":"547114D1","name":"ROD"},{"catalog_number":"547110D1","name":"TENSIONER"},{"catalog_number":"547104D1C","name":"OPERATOR MANUAL"},{"catalog_number":"547097D1C","name":"OPERATOR MANUAL"},{"catalog_number":"547096D1C","name":"OPERATOR MANUAL"},{"catalog_number":"547095D1C","name":"OPERATOR MANUAL"},{"catalog_number":"547072D1","name":"TUBE ASSY"},{"catalog_number":"547045D1","name":"TEST PRT FITTING"},{"catalog_number":"547035D1","name":"SHROUD"},{"catalog_number":"546994D1","name":"INSULATION"},{"catalog_number":"546993D1","name":"INSULATION"},{"catalog_number":"546992D1","name":"INSULATION"},{"catalog_number":"546991D1","name":"INSULATION"},{"catalog_number":"546990D1","name":"INSULATION"},{"catalog_number":"546953D1","name":"PANEL"},{"catalog_number":"546944D1","name":"LATCH"},{"catalog_number":"546717D1","name":"BRACKET"}]}