{"machinery_brand_name":"Ag-Chem","parts":[{"catalog_number":"7106177M1","name":"LOCKNUT"},{"catalog_number":"7106174M1","name":"BRACKET"},{"catalog_number":"7106171M91","name":"MODULE"},{"catalog_number":"7106170M91","name":"MODULE"},{"catalog_number":"7106160M91","name":"HARNESS"},{"catalog_number":"7106159M1","name":"UNION"},{"catalog_number":"7106158M1","name":"SPACER"},{"catalog_number":"7106157M1","name":"SPACER"},{"catalog_number":"7106156M1","name":"BEARING"},{"catalog_number":"7106155M1","name":"PADDLE"},{"catalog_number":"7106154M1","name":"BRACKET"},{"catalog_number":"7106142M91","name":"PLATE"},{"catalog_number":"7106141M91","name":"PLATE"},{"catalog_number":"7106139M91","name":"BRACKET"},{"catalog_number":"7106115M1","name":"PROTECTION"},{"catalog_number":"7106065M91","name":"EXTENSION"},{"catalog_number":"7106063M91","name":"SHIELD, LH"},{"catalog_number":"7106056M1","name":"ARM"},{"catalog_number":"7106055M91","name":"BRUSH KIT"},{"catalog_number":"7106051M1","name":"HYDRAULIC HOSE"},{"catalog_number":"7106050M1","name":"HYDRAULIC HOSE"},{"catalog_number":"7106049M1","name":"FAN"},{"catalog_number":"7106046M1","name":"BRUSH SHAFT"},{"catalog_number":"7106044M1","name":"ROTARY BRUSH"},{"catalog_number":"7106009M1","name":"BRACKET"},{"catalog_number":"7106008M1","name":"BRACKET"},{"catalog_number":"7106006M1","name":"UNION"},{"catalog_number":"7106003M1","name":"EXTENSION, RH"},{"catalog_number":"7106002M1","name":"EXTENSION, LH"},{"catalog_number":"7106000M91","name":"HINGE"},{"catalog_number":"7105996M1","name":"CLOSING PLATE"},{"catalog_number":"7105995M91","name":"ACTUATOR"},{"catalog_number":"7105994M91","name":"PANEL"},{"catalog_number":"7105993M1","name":"SUPPORT"},{"catalog_number":"7105991M1","name":"SUPPORT"},{"catalog_number":"7105990M91","name":"HARNESS"},{"catalog_number":"7105975M1","name":"SUPPORT"},{"catalog_number":"7105967M91","name":"HANDRAIL"},{"catalog_number":"7105966M91","name":"SUPPORT"},{"catalog_number":"7105962M1","name":"SUPPORT"},{"catalog_number":"7105961M91","name":"PROTECTION"},{"catalog_number":"7105960M91","name":"SUPPORT"},{"catalog_number":"7105956M1","name":"PROTECTION"},{"catalog_number":"7105954M91","name":"SIDE, RIGHT HAND"},{"catalog_number":"7105952M91","name":"SIDE, LEFT HAND"},{"catalog_number":"7105950M1","name":"GUARD"},{"catalog_number":"7105949M1","name":"FENDER"},{"catalog_number":"7105946M1","name":"LOCK"},{"catalog_number":"7105944M91","name":"HYDRAULIC HOSE"},{"catalog_number":"7105943M91","name":"HYDRAULIC HOSE"},{"catalog_number":"7105924M1","name":"SHIELD, LH"},{"catalog_number":"7105923M1","name":"SHIELD, RH"},{"catalog_number":"7105920M91","name":"CHAIN"},{"catalog_number":"7105919M91","name":"CHAIN"},{"catalog_number":"7105918M91","name":"CHAIN"},{"catalog_number":"7105917M91","name":"CHAIN"},{"catalog_number":"7105916M91","name":"CHAIN"},{"catalog_number":"7105902M1","name":"BUMPER"},{"catalog_number":"7105878M91","name":"ARM, RIGHT HAND"},{"catalog_number":"7105877M1","name":"PIN"},{"catalog_number":"7105876M91","name":"AUCTION END"},{"catalog_number":"7105875M1","name":"PLATE"},{"catalog_number":"7105869M91","name":"SUPPORT"},{"catalog_number":"7105865M1","name":"COVER"},{"catalog_number":"7105862M91","name":"SUPPORT"},{"catalog_number":"7105861M1","name":"GASKET"},{"catalog_number":"7105848M1","name":"PLATE"},{"catalog_number":"7105844M1","name":"BRACKET"},{"catalog_number":"7105842M1","name":"BRACKET"},{"catalog_number":"7105836M1","name":"PIN"},{"catalog_number":"7105835M91","name":"TIE ROD"},{"catalog_number":"7105832M1","name":"PIN"},{"catalog_number":"7105826M91","name":"COVER"},{"catalog_number":"7105823M91","name":"SPINDLE, RH"},{"catalog_number":"7105821M91","name":"SPINDLE, LH"},{"catalog_number":"7105819M1","name":"BUSH"},{"catalog_number":"7105818M1","name":"BUSH"},{"catalog_number":"7105811M1","name":"STEERING TIE ROD"},{"catalog_number":"7105802M1","name":"STEERING TIE ROD"},{"catalog_number":"7105772M1","name":"SHAFT"},{"catalog_number":"7105771M1","name":"HUB"},{"catalog_number":"7105770M1","name":"WASHER"},{"catalog_number":"7105768M1","name":"SUPPORT"},{"catalog_number":"7105764M1","name":"COVER"},{"catalog_number":"7105763M1","name":"COVER"},{"catalog_number":"7105762M1","name":"COVER"},{"catalog_number":"7105756M91","name":"SUPPORT"},{"catalog_number":"7105751M1","name":"BAR"},{"catalog_number":"7105750M1","name":"SPRING"},{"catalog_number":"7105747M91","name":"STOP"},{"catalog_number":"7105742M1","name":"SENSOR"},{"catalog_number":"7105740M91","name":"SUPPORT"},{"catalog_number":"7105736M91","name":"LOWER HINGE"},{"catalog_number":"7105717M91","name":"FRAME"},{"catalog_number":"7105712M91","name":"WHEEL RIM"},{"catalog_number":"7105709M91","name":"WHEEL RIM"},{"catalog_number":"7105703M91","name":"PLATE"},{"catalog_number":"7105686M1","name":"RUBBER SEAL"},{"catalog_number":"7105685M91","name":"SUPPORT"},{"catalog_number":"7105683M91","name":"SHIELD"},{"catalog_number":"7105680M91","name":"SHIELD, LH"},{"catalog_number":"7105678M91","name":"IDLER FORK"},{"catalog_number":"7105677M1","name":"BLANKING PLATE"},{"catalog_number":"7105671M1","name":"FAN SHAFT"},{"catalog_number":"7105668M91","name":"BRACKET"},{"catalog_number":"7105666M91","name":"BRACKET"},{"catalog_number":"7105660M91","name":"SHIELD"},{"catalog_number":"7105657M91","name":"SUPPORT"},{"catalog_number":"7105655M1","name":"EDGE PROTECTOR"},{"catalog_number":"7105639M1","name":"EDGE PROTECTION"},{"catalog_number":"7105604M1","name":"CRANKSHAFT"},{"catalog_number":"7105598M91","name":"AUGER"},{"catalog_number":"7105596M1","name":"COVER"},{"catalog_number":"7105586M1","name":"WIRE"},{"catalog_number":"7105578M1","name":"SPACER"},{"catalog_number":"7105577M91","name":"OIL PIPE"},{"catalog_number":"7105576M91","name":"OIL PIPE"},{"catalog_number":"7105554M1","name":"FUSE 15A"},{"catalog_number":"7105553M1","name":"FUSE 10A"},{"catalog_number":"7105552M1","name":"FUSE 7,5A"},{"catalog_number":"7105551M1","name":"FUSE 5A"},{"catalog_number":"7105550M1","name":"FUSE 60A"},{"catalog_number":"7105544M1","name":"SUPPORT"},{"catalog_number":"7105540M1","name":"SUPPORT"},{"catalog_number":"7105539M1","name":"SUPPORT"},{"catalog_number":"7105538M1","name":"SUPPORT"},{"catalog_number":"7105537M1","name":"SUPPORT"},{"catalog_number":"7105536M1","name":"SUPPORT"},{"catalog_number":"7105535M91","name":"PANEL"},{"catalog_number":"7105534M1","name":"THREADED ROD"},{"catalog_number":"7105533M1","name":"BUMPER"},{"catalog_number":"7105532M1","name":"SUPPORT"},{"catalog_number":"7105530M1","name":"REDUCER"},{"catalog_number":"7105529M1","name":"T-PIECE"},{"catalog_number":"7105527M91","name":"CONCAVE"},{"catalog_number":"7105526M91","name":"HANDLE"},{"catalog_number":"7105517M1","name":"SPROCKET"},{"catalog_number":"7105516M91","name":"DRIVE KIT"},{"catalog_number":"7105505M91","name":"STRIKER"},{"catalog_number":"7105502M1","name":"PLATE"},{"catalog_number":"7105478M1","name":"BRACKET"},{"catalog_number":"7105476M1","name":"BRACKET"},{"catalog_number":"7105471M91","name":"PLATE"},{"catalog_number":"7105469M1","name":"NU.PLATE SUPPORT"},{"catalog_number":"7105467M91","name":"PLATE"},{"catalog_number":"7105464M91","name":"SUPPORT, RH"},{"catalog_number":"7105454M91","name":"HINGE"},{"catalog_number":"7105448M1","name":"BLOCK"},{"catalog_number":"7105446M91","name":"HINGE"},{"catalog_number":"7105442M91","name":"ARM"},{"catalog_number":"7105440M1","name":"RELAY"},{"catalog_number":"7105437M1","name":"SEAL"},{"catalog_number":"7105424M1","name":"SEAL"},{"catalog_number":"7105417M1","name":"SUPPORT"},{"catalog_number":"7105416M1","name":"SHIELD, LH"},{"catalog_number":"7105413M1","name":"BRACKET"},{"catalog_number":"7105410M1","name":"SHIELD, RH"},{"catalog_number":"7105408M1","name":"BRACKET"},{"catalog_number":"7105403M91","name":"REEL TUBE"},{"catalog_number":"7105402M1","name":"PLATE"},{"catalog_number":"7105401M1","name":"SPACER BAR"},{"catalog_number":"7105396M91","name":"BAR"},{"catalog_number":"7105395M91","name":"BAR"},{"catalog_number":"7105394M1","name":"BAR"},{"catalog_number":"7105387M91","name":"PROTECTION"},{"catalog_number":"7105381M91","name":"SUPPORT"},{"catalog_number":"7105378M1","name":"PIN"},{"catalog_number":"7105375M1","name":"SEAL"},{"catalog_number":"7105374M1","name":"LOCK"},{"catalog_number":"7105373M1","name":"HINGE"},{"catalog_number":"7105371M1","name":"SUPPORT"},{"catalog_number":"7105369M91","name":"SUPPORT"},{"catalog_number":"7105368M91","name":"HEADLAMP"},{"catalog_number":"7105367M1","name":"DOOR"},{"catalog_number":"7105354M1","name":"ADAPTER"},{"catalog_number":"7105348M1","name":"SUPPORT"},{"catalog_number":"7105347M1","name":"CLAMP"},{"catalog_number":"7105344M91","name":"SUPPORT, LH"},{"catalog_number":"7105338M91","name":"HOSE"},{"catalog_number":"7105336M91","name":"HOSE"},{"catalog_number":"7105329M91","name":"VARIO-DOC"},{"catalog_number":"7105324M1","name":"MOUNT"},{"catalog_number":"7105321M1","name":"CLAMP"},{"catalog_number":"7105320M1","name":"CLAMP"},{"catalog_number":"7105319M1","name":"CLAMP"},{"catalog_number":"7105318M1","name":"CLAMP"},{"catalog_number":"7105317M1","name":"CLAMP"},{"catalog_number":"7105312M1","name":"CLIP"},{"catalog_number":"7105304M1","name":"UNION"},{"catalog_number":"7105300M91","name":"ARM, LH"},{"catalog_number":"7105287M91","name":"AXLE SUPPORT"},{"catalog_number":"7105285M91","name":"FUEL FILTER"},{"catalog_number":"7105261M91","name":"INTAKE STACK"},{"catalog_number":"7105248M91","name":"OIL PIPE"},{"catalog_number":"7105246M91","name":"OIL PIPE"},{"catalog_number":"7105244M91","name":"OIL PIPE"},{"catalog_number":"7105241M91","name":"OIL PIPE"},{"catalog_number":"7105239M91","name":"OIL PIPE"},{"catalog_number":"7105237M91","name":"OIL PIPE"},{"catalog_number":"7105235M91","name":"OIL PIPE"},{"catalog_number":"7105233M91","name":"OIL PIPE"},{"catalog_number":"7105231M91","name":"OIL PIPE"},{"catalog_number":"7105197M91","name":"HYDRAULIC HOSE"},{"catalog_number":"7105195M91","name":"HYDRAULIC HOSE"},{"catalog_number":"7105191M91","name":"HYDRAULIC HOSE"},{"catalog_number":"7105190M91","name":"HYDRAULIC HOSE"},{"catalog_number":"7105189M91","name":"PROTECTIVE STRIP"},{"catalog_number":"7105188M91","name":"HYDRAULIC HOSE"},{"catalog_number":"7105162M91","name":"OIL PIPE"},{"catalog_number":"7105161M91","name":"OIL PIPE"},{"catalog_number":"7105160M91","name":"PIPE"},{"catalog_number":"7105159M91","name":"PIPE"},{"catalog_number":"7105158M91","name":"PIPE"},{"catalog_number":"7105157M91","name":"OIL PIPE"},{"catalog_number":"7105156M91","name":"OIL PIPE"},{"catalog_number":"7105155M91","name":"OIL PIPE"},{"catalog_number":"7105154M91","name":"OIL PIPE"},{"catalog_number":"7105153M91","name":"SHIELD"},{"catalog_number":"7105152M91","name":"SHIELD, RH"},{"catalog_number":"7105143M91","name":"REAR AXLE"},{"catalog_number":"7105141M91","name":"SEALS KIT"},{"catalog_number":"7105140M91","name":"HYDRAULIC, CYLIN"},{"catalog_number":"7105139M91","name":"SEALS KIT"},{"catalog_number":"7105138M91","name":"HYDRAULIC, CYLIN"},{"catalog_number":"7105133M91","name":"PLATE"},{"catalog_number":"7105112M1","name":"SPACER"},{"catalog_number":"7105094M1","name":"GUIDE"},{"catalog_number":"7105085M91","name":"SHAFT"},{"catalog_number":"7105065M1","name":"BEARING HOUSING"},{"catalog_number":"7105061M1","name":"SPROCKET"},{"catalog_number":"7105053M1","name":"COVER"},{"catalog_number":"7105051M1","name":"SPROCKET"},{"catalog_number":"7105042M1","name":"BEARING HOUSING"},{"catalog_number":"7105030M1","name":"KNIFE BAR"},{"catalog_number":"7105027M1","name":"KNIFE SECTION"},{"catalog_number":"7105021M1","name":"FINGER"},{"catalog_number":"7105020M1","name":"SHOE"},{"catalog_number":"7105019M91","name":"KNIFE BAR"},{"catalog_number":"7105018M91","name":"END"},{"catalog_number":"7105014M1","name":"BUSH"},{"catalog_number":"7105013M1","name":"MOUNTING BAR"},{"catalog_number":"7105012M91","name":"KNIFE BAR"},{"catalog_number":"7105011M91","name":"KNIFE BAR"},{"catalog_number":"7105010M91","name":"KNIFE BAR"},{"catalog_number":"7105009M91","name":"KNIFE BAR"},{"catalog_number":"7105007M1","name":"PIN"},{"catalog_number":"7104993M1","name":"BUZZER"},{"catalog_number":"7104987M91","name":"PANEL"},{"catalog_number":"7104984M1","name":"FIXING"},{"catalog_number":"7104983M91","name":"UPPER HINGE"},{"catalog_number":"7104965M1","name":"STIFFENING"},{"catalog_number":"7104960M1","name":"LEFT HAND PLATE"},{"catalog_number":"7104959M1","name":"RIGHT HAND PLATE"},{"catalog_number":"7104958M1","name":"CLOSING"},{"catalog_number":"7104956M91","name":"RIGHT HAND PLATE"},{"catalog_number":"7104953M91","name":"LEFT HAND PLATE"},{"catalog_number":"7104952M1","name":"PIN"},{"catalog_number":"7104951M91","name":"LIFT CYLINDER"},{"catalog_number":"7104933M1","name":"PLATE"},{"catalog_number":"7104932M91","name":"HARNESS"},{"catalog_number":"7104918M91","name":"REAR LIGHT"},{"catalog_number":"7104917M91","name":"WORK LAMP"},{"catalog_number":"7104916M91","name":"INDICATOR LAMP"},{"catalog_number":"7104915M91","name":"CONTOUR LIGHT"},{"catalog_number":"7104914M91","name":"HEADLAMP"},{"catalog_number":"7104913M91","name":"HEADLAMP"},{"catalog_number":"7104912M91","name":"WORKLIGHT"},{"catalog_number":"7104907M1","name":"ORIFICE"},{"catalog_number":"7104906M1","name":"ORIFICE"},{"catalog_number":"7104905M1","name":"ORIFICE"},{"catalog_number":"7104904M1","name":"VALVE"},{"catalog_number":"7104902M1","name":"VALVE"},{"catalog_number":"7104901M1","name":"VALVE"},{"catalog_number":"7104900M1","name":"VALVE"},{"catalog_number":"7104877M91","name":"ONBOARD COMPUTOR"},{"catalog_number":"7104876M91","name":"ONBOARD COMPUTOR"},{"catalog_number":"7104875M91","name":"ELECTRONIC BOX"},{"catalog_number":"7104874M91","name":"ELECTRONIC BOX"},{"catalog_number":"7104873M1","name":"PANEL"},{"catalog_number":"7104872M91","name":"PANEL"},{"catalog_number":"7104863M91","name":"LIFTING BRACKET"},{"catalog_number":"7104845M1","name":"BRACKET"},{"catalog_number":"7104841M1","name":"DECAL"},{"catalog_number":"7104839M1","name":"RESISTOR"},{"catalog_number":"7104838M91","name":"HARNESS"},{"catalog_number":"7104828M1","name":"IDLER PULLEY"},{"catalog_number":"7104813M1","name":"COIL"},{"catalog_number":"7104798M1","name":"VALVE"},{"catalog_number":"7104797M1","name":"PLUG"},{"catalog_number":"7104795M1","name":"ADAPTER"},{"catalog_number":"7104794M1","name":"ADAPTER"},{"catalog_number":"7104793M1","name":"PLUG"},{"catalog_number":"7104792M1","name":"VALVE"},{"catalog_number":"7104778M91","name":"FUEL LINE"},{"catalog_number":"7104777M1","name":"UNION"},{"catalog_number":"7104771M1","name":"ELECTRIC MOTOR"},{"catalog_number":"7104768M91","name":"HYDRAULIC HOSE"},{"catalog_number":"7104767M91","name":"HYDRAULIC HOSE"},{"catalog_number":"7104766M1","name":"EDGE PROTECTOR"},{"catalog_number":"7104764M91","name":"COMPUTER"},{"catalog_number":"7104739M91","name":"FRAME"},{"catalog_number":"7104733M91","name":"BRACKET, LH"},{"catalog_number":"7104722M91","name":"BRACKET, RH"},{"catalog_number":"7104715M1","name":"HEX SOCKET SCREW"},{"catalog_number":"7104712M1","name":"CLEVIS PIN"},{"catalog_number":"7104707M91","name":"SUPPORT"},{"catalog_number":"7104694M1","name":"SUPPORT"},{"catalog_number":"7104692M91","name":"BEAM"},{"catalog_number":"7104690M1","name":"BEAM SUPPORT"},{"catalog_number":"7104688M91","name":"COMPRESSOR"},{"catalog_number":"7104687M1","name":"PULLEY"},{"catalog_number":"7104683M91","name":"BRAKE PIPE"},{"catalog_number":"7104681M91","name":"BRAKE PIPE"},{"catalog_number":"7104678M1","name":"BRACKET"},{"catalog_number":"7104676M91","name":"COVER"},{"catalog_number":"7104673M1","name":"STAIR"},{"catalog_number":"7104666M91","name":"KIT, HARNESS"},{"catalog_number":"7104664M91","name":"KIT, MOUNTING"},{"catalog_number":"7104663M1","name":"PLATE"},{"catalog_number":"7104660M1","name":"BELT"},{"catalog_number":"7104653M1","name":"TENSIONING PIN"},{"catalog_number":"7104652M91","name":"SHIELD"},{"catalog_number":"7104651M91","name":"SHIELD"},{"catalog_number":"7104650M91","name":"GASKET KIT"},{"catalog_number":"7104649M1","name":"NU.PLATE SUPPORT"},{"catalog_number":"7104648M1","name":"ADAPTER"},{"catalog_number":"7104647M1","name":"FLAT WASHER"},{"catalog_number":"7104646M1","name":"UNION"},{"catalog_number":"7104645M1","name":"ELBOW UNION"},{"catalog_number":"7104641M91","name":"COMPRES. BRACKET"},{"catalog_number":"7104640M1","name":"O RING"},{"catalog_number":"7104639M1","name":"O RING"},{"catalog_number":"7104637M91","name":"SPREADER"},{"catalog_number":"7104633M1","name":"ANGLE"},{"catalog_number":"7104631M1","name":"COVER PLATE"},{"catalog_number":"7104630M1","name":"COVER"},{"catalog_number":"7104627M91","name":"TRAY"},{"catalog_number":"7104622M91","name":"OIL PIPE"},{"catalog_number":"7104620M91","name":"LINE"},{"catalog_number":"7104619M91","name":"COOLANT LINE"},{"catalog_number":"7104615M1","name":"LADDER"},{"catalog_number":"7104611M91","name":"OIL PIPE"},{"catalog_number":"7104608M91","name":"HYDRAULIC HOSE"},{"catalog_number":"7104607M1","name":"ELBOW UNION"},{"catalog_number":"7104605M91","name":"SHIELD, RH"},{"catalog_number":"7104603M1","name":"SHIELD, RH"},{"catalog_number":"7104600M91","name":"SUPPORT"},{"catalog_number":"7104596M91","name":"SHIELD, LH"},{"catalog_number":"7104587M91","name":"SHIELD"},{"catalog_number":"7104583M1","name":"FLOW DIVIDER"},{"catalog_number":"7104580M91","name":"SUPPORT"},{"catalog_number":"7104576M91","name":"SUPPORT"},{"catalog_number":"7104574M91","name":"AUGER"},{"catalog_number":"7104571M1","name":"SUPPORT"},{"catalog_number":"7104570M91","name":"HYDRAULIC HOSE"},{"catalog_number":"7104566M91","name":"LEFT HAND FENDER"},{"catalog_number":"7104560M91","name":"FENDER"},{"catalog_number":"7104559M1","name":"ADAPTER"},{"catalog_number":"7104555M1","name":"SUPPORT"},{"catalog_number":"7104553M1","name":"BRACKET"},{"catalog_number":"7104548M91","name":"HATCH"},{"catalog_number":"7104541M1","name":"BEARING FLANGE"},{"catalog_number":"7104535M1","name":"BRACKET"},{"catalog_number":"7104533M1","name":"SUPPORT"},{"catalog_number":"7104527M1","name":"BUSH"},{"catalog_number":"7104524M91","name":"PLATE"},{"catalog_number":"7104492M91","name":"WHEEL RIM"},{"catalog_number":"7104490M91","name":"WHEEL RIM"},{"catalog_number":"7104488M91","name":"BRACKET"},{"catalog_number":"7104483M1","name":"BRACKET"},{"catalog_number":"7104478M91","name":"HYDRAULIC HOSE"},{"catalog_number":"7104471M91","name":"HYDRAULIC HOSE"},{"catalog_number":"7104470M91","name":"HYDRAULIC HOSE"},{"catalog_number":"7104466M91","name":"HYDRAULIC HOSE"},{"catalog_number":"7104464M91","name":"OIL PIPE"},{"catalog_number":"7104462M1","name":"FITTING"},{"catalog_number":"7104461M91","name":"HYDRAULIC HOSE"},{"catalog_number":"7104460M1","name":"BRACKET"},{"catalog_number":"7104459M91","name":"HYDRAULIC HOSE"},{"catalog_number":"7104458M91","name":"HYDRAULIC HOSE"},{"catalog_number":"7104456M91","name":"CROSSMEMBER"},{"catalog_number":"7104451M91","name":"CROSSMEMBER"},{"catalog_number":"7104447M1","name":"UNION"},{"catalog_number":"7104440M91","name":"SHIELD"},{"catalog_number":"7104438M91","name":"OIL PIPE"},{"catalog_number":"7104437M91","name":"SHIELD"},{"catalog_number":"7104427M91","name":"HYDRAULIC HOSE"},{"catalog_number":"7104424M1","name":"GUIDE"},{"catalog_number":"7104420M1","name":"SPACER"},{"catalog_number":"7104416M91","name":"SEALING WASHER"},{"catalog_number":"7104413M91","name":"SUPPORT"},{"catalog_number":"7104411M1","name":"SPACER"},{"catalog_number":"7104410M1","name":"BRACKET"},{"catalog_number":"7104408M91","name":"SUPPORT"},{"catalog_number":"7104405M1","name":"HYDRAULIC HOSE"},{"catalog_number":"7104404M1","name":"VALVE"},{"catalog_number":"7104403M1","name":"PULLEY"},{"catalog_number":"7104402M91","name":"TIE ROD"},{"catalog_number":"7104401M1","name":"FLOW REGULATOR"},{"catalog_number":"7104399M1","name":"VALVE"},{"catalog_number":"7104394M1","name":"SEALING WASHER"},{"catalog_number":"7104393M1","name":"UNION"},{"catalog_number":"7104386M91","name":"PLATE"},{"catalog_number":"7104382M1","name":"GASKET"},{"catalog_number":"7104375M91","name":"LEVER"},{"catalog_number":"7104373M91","name":"LEVER"},{"catalog_number":"7104370M1","name":"SOLENOID VALVE"},{"catalog_number":"7104369M1","name":"VALVE"},{"catalog_number":"7104367M1","name":"ORIFICE"},{"catalog_number":"7104366M1","name":"COIL"},{"catalog_number":"7104365M1","name":"VALVE"},{"catalog_number":"7104364M1","name":"VALVE"},{"catalog_number":"7104363M1","name":"CHECK VALVE"},{"catalog_number":"7104362M1","name":"VALVE"},{"catalog_number":"7104361M1","name":"COIL"},{"catalog_number":"7104360M1","name":"RELIEF VALVE"},{"catalog_number":"7104359M1","name":"DISC"},{"catalog_number":"7104358M1","name":"VALVE"},{"catalog_number":"7104355M1","name":"UNION"},{"catalog_number":"7104350M1","name":"RELIEF VALVE"},{"catalog_number":"7104349M1","name":"COIL"},{"catalog_number":"7104348M1","name":"PROP STAND"},{"catalog_number":"7104346M1","name":"PLUG"},{"catalog_number":"7104345M1","name":"ORIFICE"},{"catalog_number":"7104344M1","name":"ORIFICE"},{"catalog_number":"7104342M1","name":"SOLENOID VALVE"},{"catalog_number":"7104341M1","name":"CHECK VALVE"},{"catalog_number":"7104340M1","name":"DISC"},{"catalog_number":"7104339M1","name":"SOLENOID VALVE"},{"catalog_number":"7104338M1","name":"RETURN FILTER"},{"catalog_number":"7104314M91","name":"STEER. ORBITROL"},{"catalog_number":"7104311M91","name":"VALVE BLOCK"},{"catalog_number":"7104308M91","name":"FLOW DIVIDER"},{"catalog_number":"7104307M1","name":"PIVOT"},{"catalog_number":"7104305M91","name":"BEAM"},{"catalog_number":"7104302M91","name":"HINGE"},{"catalog_number":"71043","name":"HEX SOCKET SCREW"},{"catalog_number":"7104299M91","name":"HINGE"},{"catalog_number":"7104293M91","name":"OIL PIPE"},{"catalog_number":"7104292M1","name":"PIN"},{"catalog_number":"7104282M1","name":"BAR"},{"catalog_number":"7104281M1","name":"CONNECTOR"},{"catalog_number":"7104279M1","name":"DIODE"},{"catalog_number":"7104277M1","name":"VALVE"},{"catalog_number":"7104275M91","name":"SUPPORT"},{"catalog_number":"7104270M91","name":"BOX"},{"catalog_number":"7104265M91","name":"OIL COOLER"},{"catalog_number":"7104261M91","name":"ROD"},{"catalog_number":"7104260M91","name":"SIDE, LEFT HAND"},{"catalog_number":"7104259M91","name":"HANDRAIL"},{"catalog_number":"7104247M91","name":"LADDER"},{"catalog_number":"7104246M91","name":"SIDE, LEFT HAND"},{"catalog_number":"7104240M1","name":"PLATE"},{"catalog_number":"7104235M1","name":"SPRING GUIDE"},{"catalog_number":"7104234M1","name":"PIN"},{"catalog_number":"7104233M1","name":"PIN"},{"catalog_number":"7104228M91","name":"PULLEY"},{"catalog_number":"7104226M91","name":"SUPPORT"},{"catalog_number":"7104225M1","name":"BELT"},{"catalog_number":"7104223M1","name":"DRIVE PULLEY"},{"catalog_number":"7104212M1","name":"SUPPORT"},{"catalog_number":"7104205M1","name":"PTO"},{"catalog_number":"7104198M1","name":"GASKET"},{"catalog_number":"7104197M1","name":"HYDRAULIC HOSE"},{"catalog_number":"7104175M91","name":"HYDRAULIC HOSE"},{"catalog_number":"7104162M1","name":"SUPPORT"},{"catalog_number":"7104159M1","name":"FITTING"},{"catalog_number":"7104158M1","name":"MOTOR"},{"catalog_number":"7104156M91","name":"OIL PIPE"},{"catalog_number":"7104153M1","name":"SUPPORT"},{"catalog_number":"7104152M1","name":"SUPPORT"},{"catalog_number":"7104151M1","name":"COVER"},{"catalog_number":"7104116M1","name":"HOLDER"},{"catalog_number":"7104115M1","name":"COVER, RH"},{"catalog_number":"7104111M1","name":"CATCH"},{"catalog_number":"7104108M91","name":"CATCH"},{"catalog_number":"7104106M1","name":"DEFLECTOR"},{"catalog_number":"7104105M1","name":"DEFLECTOR, RH"},{"catalog_number":"7104104M1","name":"DEFLECTOR, RH"},{"catalog_number":"7104103M1","name":"DEFLECTOR, LH"},{"catalog_number":"7104102M1","name":"DEFLECTOR, LH"},{"catalog_number":"7104098M91","name":"FRAME"},{"catalog_number":"7104092M91","name":"SIDE, RIGHT HAND"},{"catalog_number":"7104075M1","name":"PARTITION"},{"catalog_number":"7104072M1","name":"SPROCKET"},{"catalog_number":"7104067M91","name":"SIDE, RIGHT HAND"},{"catalog_number":"7104034M1","name":"HOUSING"},{"catalog_number":"7104029M1","name":"BUSH"},{"catalog_number":"710293HE1","name":"BEARING FLANGE"},{"catalog_number":"71012174","name":"BEARING"},{"catalog_number":"70998174","name":"GEAR"},{"catalog_number":"70998136","name":"SPRING"},{"catalog_number":"70998120","name":"SEAL"},{"catalog_number":"70998113","name":"THERMOSTAT"},{"catalog_number":"70998104","name":"BUSH"},{"catalog_number":"70998103","name":"BUSH"},{"catalog_number":"70998085","name":"BUSH"},{"catalog_number":"70998078","name":"BUSH"},{"catalog_number":"70998076","name":"SIEVE"},{"catalog_number":"70998010","name":"CIRCLIP"},{"catalog_number":"70997149","name":"FILTER HEAD"},{"catalog_number":"70997148","name":"FILTER HEAD"},{"catalog_number":"70997134","name":"CYLINDER HEAD"},{"catalog_number":"70993699","name":"KIT, PISTON"},{"catalog_number":"70993696","name":"PISTON"},{"catalog_number":"70993401","name":"FLANGE"},{"catalog_number":"70993357","name":"FAN"},{"catalog_number":"70993349","name":"PIPE"},{"catalog_number":"70993348","name":"PIPE"},{"catalog_number":"70993347","name":"PIPE"},{"catalog_number":"70993346","name":"PIPE"},{"catalog_number":"70993345","name":"PIPE"},{"catalog_number":"70993344","name":"PIPE"},{"catalog_number":"70993339","name":"PIPE"},{"catalog_number":"70993338","name":"PIPE"},{"catalog_number":"70993337","name":"PIPE"},{"catalog_number":"70993336","name":"PIPE"},{"catalog_number":"70993335","name":"PIPE"},{"catalog_number":"70993334","name":"PIPE"},{"catalog_number":"70993333","name":"PIPE"},{"catalog_number":"70993321","name":"PIPE"},{"catalog_number":"70993311","name":"CONNECTION"},{"catalog_number":"70993309","name":"FILLER"},{"catalog_number":"70992825","name":"COVER"},{"catalog_number":"70992757","name":"ROCKER ARM"},{"catalog_number":"70992547","name":"PIPE"},{"catalog_number":"70991809","name":"BALANCER"},{"catalog_number":"70991157","name":"COVER"},{"catalog_number":"70991042","name":"GEAR"},{"catalog_number":"70951293","name":"SCREW"},{"catalog_number":"70951067","name":"SOCKET HEAD BOLT"},{"catalog_number":"70951035","name":"SOCKET"},{"catalog_number":"70950995","name":"LOCKNUT"},{"catalog_number":"70950988","name":"NUT"},{"catalog_number":"70950987","name":"LOCKNUT"},{"catalog_number":"70950985","name":"NUT"},{"catalog_number":"70950984","name":"LOCKNUT"},{"catalog_number":"70950981","name":"HEX CAP SCREW"},{"catalog_number":"70950978","name":"LOCKNUT"},{"catalog_number":"70950977","name":"NUT"},{"catalog_number":"70950947","name":"HEX NUT"},{"catalog_number":"70950918","name":"BOLT"},{"catalog_number":"70950889","name":"HEX HEAD BOLT"},{"catalog_number":"70950880","name":"SCREW"},{"catalog_number":"70950490","name":"HEX HEAD BOLT"},{"catalog_number":"70950453","name":"HEX HEAD BOLT"},{"catalog_number":"70950450","name":"HEX HEAD BOLT"},{"catalog_number":"70950433","name":"BOLT"},{"catalog_number":"70950424","name":"HEX CAP SCREW"},{"catalog_number":"70950420","name":"HEXAGONAL BOLT"},{"catalog_number":"70950396","name":"BOLT"},{"catalog_number":"70950389","name":"HEX CAP SCREW"},{"catalog_number":"70950386","name":"HEX HEAD BOLT"},{"catalog_number":"70950382","name":"HEX CAP SCREW"},{"catalog_number":"70950376","name":"HEX CAP SCREW"},{"catalog_number":"70950279","name":"BOLT"},{"catalog_number":"70950264","name":"HEX CAP SCREW"},{"catalog_number":"70950244","name":"NUT"},{"catalog_number":"70950232","name":"WASHER"},{"catalog_number":"70950220","name":"LOCKWASHER"},{"catalog_number":"70950177","name":"BOLT"},{"catalog_number":"70950176","name":"BOLT"},{"catalog_number":"70950058","name":"HEX CAP SCREW"},{"catalog_number":"70950054","name":"BOLT"},{"catalog_number":"70950052","name":"HEX HEAD BOLT"},{"catalog_number":"70950047","name":"HEX HEAD BOLT"},{"catalog_number":"70950046","name":"HEX CAP SCREW"},{"catalog_number":"70950038","name":"HEX HEAD BOLT"},{"catalog_number":"70950034","name":"BOLT"},{"catalog_number":"70950019","name":"HEX HEAD BOLT"},{"catalog_number":"70950017","name":"HEX CAP SCREW"},{"catalog_number":"70950002","name":"HEX CAP SCREW"},{"catalog_number":"70950001","name":"WASHER"},{"catalog_number":"70940151","name":"PLATE"},{"catalog_number":"70937730","name":"SCREW"},{"catalog_number":"70937727","name":"HEX CAP SCREW"},{"catalog_number":"70937716","name":"WASHER"},{"catalog_number":"70937715","name":"LUBRICANT"},{"catalog_number":"70937714","name":"CLEVIS PIN"},{"catalog_number":"70937712","name":"CLAMP"},{"catalog_number":"70937707","name":"POP RIVET"},{"catalog_number":"70937706","name":"POP RIVET"},{"catalog_number":"70937695","name":"CLEVIS PIN"},{"catalog_number":"70937694","name":"CLEVIS PIN"},{"catalog_number":"70937691","name":"GROMMET"},{"catalog_number":"70937689","name":"NUT"},{"catalog_number":"70937685","name":"J-CLIP"},{"catalog_number":"70937684","name":"J-CLIP"},{"catalog_number":"70937683","name":"CLIP"},{"catalog_number":"70937682","name":"J-CLIP"},{"catalog_number":"70937677","name":"J-CLIP"},{"catalog_number":"70937676","name":"RETAINING RING"},{"catalog_number":"70937660","name":"SCREW"},{"catalog_number":"70937658","name":"GROMMET"},{"catalog_number":"70937650","name":"RIVET"},{"catalog_number":"70937649","name":"RIVET"},{"catalog_number":"70937646","name":"RETAINING RING"},{"catalog_number":"70937633","name":"ELBOW FITTING"},{"catalog_number":"70937630","name":"ELBOW"},{"catalog_number":"70937622","name":"FUSE 30A"}]}