{"machinery_brand_name":"Ag-Chem","parts":[{"catalog_number":"71385126","name":"CHART"},{"catalog_number":"71385125","name":"ROCKER SWITCH"},{"catalog_number":"71385124","name":"ROCKER SWITCH"},{"catalog_number":"71385110","name":"HARNESS"},{"catalog_number":"71385109","name":"HARNESS"},{"catalog_number":"71385108","name":"SP SENSR BRACKET"},{"catalog_number":"71385106","name":"HARNESS"},{"catalog_number":"71385105","name":"HARNESS"},{"catalog_number":"71385104","name":"HARNESS"},{"catalog_number":"71385102","name":"ROCKER SWITCH"},{"catalog_number":"71385100","name":"DECAL"},{"catalog_number":"71385099","name":"DECAL"},{"catalog_number":"71385088","name":"CHART"},{"catalog_number":"71385055","name":"SUPPORT"},{"catalog_number":"71385025","name":"SUPPORT"},{"catalog_number":"71385024","name":"KIT, HOSE"},{"catalog_number":"71385018","name":"ADAPTER"},{"catalog_number":"71385017","name":"STAPLE"},{"catalog_number":"71384959","name":"KIT, RING"},{"catalog_number":"71384922","name":"BRACE STRAP"},{"catalog_number":"71384917","name":"PULLEY"},{"catalog_number":"71384916","name":"SHEAVE"},{"catalog_number":"71384912","name":"STRAP BRACE"},{"catalog_number":"71384879","name":"OUTER DUAL WHEEL"},{"catalog_number":"71384878","name":"INNER DUAL WHEEL"},{"catalog_number":"71384841","name":"BRACKET"},{"catalog_number":"71384836","name":"GUIDE"},{"catalog_number":"71384817","name":"GUIDE"},{"catalog_number":"71384732","name":"DOOR"},{"catalog_number":"71384730","name":"SHIELD"},{"catalog_number":"71384728","name":"LEFT HAND SHIELD"},{"catalog_number":"71384561","name":"NUT"},{"catalog_number":"71384558","name":"MACHINE SCREW"},{"catalog_number":"71384556","name":"BLOWER"},{"catalog_number":"71384555","name":"WIRE"},{"catalog_number":"71384553","name":"TAPE"},{"catalog_number":"71384552","name":"FOAM TAPE"},{"catalog_number":"71384551","name":"FOAM"},{"catalog_number":"71384524","name":"CASE"},{"catalog_number":"71384511","name":"SHIELD"},{"catalog_number":"71384508","name":"SHIELD"},{"catalog_number":"71384465","name":"FORK WRENCH"},{"catalog_number":"71384426","name":"LEFT HAND SHIELD"},{"catalog_number":"71384414","name":"SEAL KIT"},{"catalog_number":"71384413","name":"SEALS KIT"},{"catalog_number":"71384412","name":"PISTON ROD"},{"catalog_number":"71384407","name":"PISTON ROD"},{"catalog_number":"71384406","name":"HYD CYL BARREL"},{"catalog_number":"71384401","name":"PRESSURE VALVE"},{"catalog_number":"71384394","name":"BRACKET"},{"catalog_number":"71384392","name":"BRACKET"},{"catalog_number":"71384390","name":"BRACKET"},{"catalog_number":"71384388","name":"BRACKET"},{"catalog_number":"71384383","name":"SHIELD"},{"catalog_number":"71384382","name":"LEFT HAND SHIELD"},{"catalog_number":"71384379","name":"SHIELD"},{"catalog_number":"71384378","name":"LEFT HAND SHIELD"},{"catalog_number":"71384377","name":"SHIELD"},{"catalog_number":"71384376","name":"LEFT HAND SHIELD"},{"catalog_number":"71384375","name":"HALF CLAMP"},{"catalog_number":"71384344","name":"SHEET METAL"},{"catalog_number":"71384341","name":"SHEET METAL"},{"catalog_number":"71384336","name":"BRACKET"},{"catalog_number":"71384291","name":"KIT, HOSE"},{"catalog_number":"71384285","name":"CYLINDER"},{"catalog_number":"71384281","name":"KIT, HOSE"},{"catalog_number":"71384279","name":"HOSE"},{"catalog_number":"71384278","name":"KIT, TUBE"},{"catalog_number":"71384277","name":"KIT, TUBE"},{"catalog_number":"71384272","name":"PUSH-ON RETAINER"},{"catalog_number":"71384254","name":"RAMP"},{"catalog_number":"71384253","name":"GAS FILL. DAMPER"},{"catalog_number":"71384252","name":"LEVER"},{"catalog_number":"71384251","name":"LEVER"},{"catalog_number":"71384250","name":"SHIELD"},{"catalog_number":"71384248","name":"KIT, ARM"},{"catalog_number":"71384245","name":"SUPPORT, LH"},{"catalog_number":"71384244","name":"SUPPORT, RH"},{"catalog_number":"71384237","name":"FLOOR"},{"catalog_number":"71384206","name":"BRACKET"},{"catalog_number":"71384202","name":"SHIELD"},{"catalog_number":"71384180","name":"BRACKET"},{"catalog_number":"71384179","name":"BRACKET"},{"catalog_number":"71384169","name":"SHIELD"},{"catalog_number":"71383999","name":"SUPPORT"},{"catalog_number":"71383996","name":"BRACKET"},{"catalog_number":"71383995","name":"LEFT HAND STRAP"},{"catalog_number":"71383934","name":"HAMMER KIT"},{"catalog_number":"71383933","name":"FIT.INSTRUCTION"},{"catalog_number":"71383932","name":"PADDLE KIT"},{"catalog_number":"71383930","name":"HUB"},{"catalog_number":"71383915","name":"MOUNTING"},{"catalog_number":"71383914","name":"SPEED SENSOR"},{"catalog_number":"71383913","name":"PLUG"},{"catalog_number":"71383910","name":"AIR DUCT"},{"catalog_number":"71383909","name":"BRACKET"},{"catalog_number":"71383908","name":"BRACKET"},{"catalog_number":"71383907","name":"HARNESS"},{"catalog_number":"71383906","name":"BRACKET"},{"catalog_number":"71383803","name":"PISTON ROD"},{"catalog_number":"71383802","name":"CYLINDER BARREL"},{"catalog_number":"71383785B","name":"DOOR"},{"catalog_number":"71383783","name":"SHIM"},{"catalog_number":"71383738","name":"STRAP"},{"catalog_number":"71383567","name":"STEP"},{"catalog_number":"71383499","name":"ANGLE"},{"catalog_number":"71383233","name":"AIR FILTER"},{"catalog_number":"71382985","name":"ADAPTER"},{"catalog_number":"71382983","name":"BALL BEARING"},{"catalog_number":"71382933","name":"RACE"},{"catalog_number":"71382871","name":"THREADED ROD"},{"catalog_number":"71382868","name":"SPACER TUBE"},{"catalog_number":"71382759","name":"PADDLE BLADE,RH"},{"catalog_number":"71382758","name":"PADDLE BLADE,LH"},{"catalog_number":"71382731","name":"BRACE"},{"catalog_number":"71382730","name":"HYD CYLINDER"},{"catalog_number":"71382716","name":"IDLER SPRING"},{"catalog_number":"71382694","name":"HOSE"},{"catalog_number":"71382607","name":"SENSOR DRIVE TAB"},{"catalog_number":"71382485","name":"SAFETY CHAIN"},{"catalog_number":"71382269","name":"STRAIGHT BLADE"},{"catalog_number":"71382257","name":"BUSH"},{"catalog_number":"71382256","name":"FLAT WASHER"},{"catalog_number":"71382057","name":"BALL BEARING"},{"catalog_number":"71382055","name":"SPACER"},{"catalog_number":"71382053","name":"SHEAVE"},{"catalog_number":"71381963","name":"SHEAVE"},{"catalog_number":"71381682","name":"DUST SHIELD"},{"catalog_number":"71381680","name":"ARM"},{"catalog_number":"71381522","name":"HOSE"},{"catalog_number":"71381495","name":"BRACE"},{"catalog_number":"71381343","name":"WORKLIGHT"},{"catalog_number":"71381328","name":"SUPPORT"},{"catalog_number":"71381274","name":"ELBOW"},{"catalog_number":"71381213","name":"ROLLER BEARING"},{"catalog_number":"71380935","name":"BLOWER SWITCH"},{"catalog_number":"71380905","name":"CAM COVER"},{"catalog_number":"71380596","name":"CABLE"},{"catalog_number":"71380595","name":"SUPPORT"},{"catalog_number":"71380468","name":"ROD"},{"catalog_number":"71380463","name":"PLATE"},{"catalog_number":"71380460","name":"BUSH"},{"catalog_number":"71380423","name":"SUPPORT"},{"catalog_number":"71380181","name":"KIT, TUBE"},{"catalog_number":"71380179","name":"KIT, TUBE"},{"catalog_number":"71380178","name":"KIT, TUBE"},{"catalog_number":"71380171","name":"POST"},{"catalog_number":"71380140B","name":"BACK PART"},{"catalog_number":"71380139","name":"PAN"},{"catalog_number":"71380137","name":"SHAFT"},{"catalog_number":"71380136","name":"SHAFT"},{"catalog_number":"71380135","name":"SHAFT"},{"catalog_number":"71380133","name":"SHAFT"},{"catalog_number":"71380132","name":"SHAFT"},{"catalog_number":"71380131","name":"SHAFT"},{"catalog_number":"71380114","name":"POST"},{"catalog_number":"71380106","name":"SUPPORT"},{"catalog_number":"71380043","name":"SHEAVE"},{"catalog_number":"71380028","name":"SPRING"},{"catalog_number":"71380025","name":"FINAL DRIVE"},{"catalog_number":"713800","name":"FLANGE"},{"catalog_number":"71379999","name":"SQUARE."},{"catalog_number":"71379998","name":"BRACKET"},{"catalog_number":"71379986","name":"SHIELD"},{"catalog_number":"71379903","name":"PULLEY"},{"catalog_number":"71379825","name":"SHIM"},{"catalog_number":"71379824","name":"SHIM"},{"catalog_number":"71379822","name":"ANCHOR"},{"catalog_number":"71379820","name":"SUPPORT"},{"catalog_number":"71379819","name":"ANCHOR"},{"catalog_number":"71379796","name":"ADAPTOR"},{"catalog_number":"71379795","name":"ADAPTOR"},{"catalog_number":"71379789","name":"KIT, SHOE"},{"catalog_number":"71379724","name":"MOUNTING"},{"catalog_number":"71379721","name":"CONNECTOR"},{"catalog_number":"71379719","name":"STRAP"},{"catalog_number":"71379718","name":"KNOB"},{"catalog_number":"71379701","name":"ANCHOR PLATE"},{"catalog_number":"71379694","name":"SUPPORT"},{"catalog_number":"71379652","name":"ANCHOR"},{"catalog_number":"71379631","name":"SPROCKET"},{"catalog_number":"71379627","name":"SLEEVE"},{"catalog_number":"71379626","name":"STRAP"},{"catalog_number":"71379616","name":"SPACER"},{"catalog_number":"71379610","name":"CONSOLE"},{"catalog_number":"71379608","name":"COVER"},{"catalog_number":"71379607","name":"COVER"},{"catalog_number":"71379605","name":"SHELL"},{"catalog_number":"71379601","name":"A/C COMPRESSOR"},{"catalog_number":"71379520","name":"YOKE"},{"catalog_number":"71379519","name":"KIT, SPRING"},{"catalog_number":"71379518","name":"SUPPORT"},{"catalog_number":"71379517","name":"SUPPORT"},{"catalog_number":"71379516","name":"ANCHOR"},{"catalog_number":"71379512","name":"ANCHOR"},{"catalog_number":"71379508","name":"KIT, ARM"},{"catalog_number":"71379496","name":"SENSOR"},{"catalog_number":"71379476","name":"DECAL"},{"catalog_number":"71379437","name":"PLATFORM"},{"catalog_number":"71379325","name":"KIT, VALVE"},{"catalog_number":"71379324","name":"PRESSURE VALVE"},{"catalog_number":"71379323","name":"CONTROL"},{"catalog_number":"71379322","name":"FIT.INSTRUCTION"},{"catalog_number":"71379305","name":"BRACKET"},{"catalog_number":"71379304","name":"DUST CAP"},{"catalog_number":"71379292","name":"BRACKET"},{"catalog_number":"71379291","name":"GASKET"},{"catalog_number":"71379290","name":"FILLER"},{"catalog_number":"71379289","name":"PANEL"},{"catalog_number":"71379287","name":"PANEL"},{"catalog_number":"71379286","name":"ASSIST HANDLE"},{"catalog_number":"71379285","name":"SHANK"},{"catalog_number":"71379261","name":"BRACKET, RH"},{"catalog_number":"71379260","name":"BRACKET, LH"},{"catalog_number":"71379254","name":"HANDLE"},{"catalog_number":"71379252","name":"RIGHT HAND FIN"},{"catalog_number":"71379251","name":"LEFT HAND FIN"},{"catalog_number":"71379249","name":"KNOB"},{"catalog_number":"71379226","name":"ANGLEPIECE"},{"catalog_number":"71379211","name":"PLATE"},{"catalog_number":"71379210","name":"TAILPLATE HINGE"},{"catalog_number":"71379195","name":"KIT, CONTROL"},{"catalog_number":"71379193","name":"PLATE"},{"catalog_number":"71379192","name":"LATCH"},{"catalog_number":"71379191","name":"SUPPORT"},{"catalog_number":"71379181","name":"PANEL"},{"catalog_number":"71379150R","name":"SQUARE."},{"catalog_number":"71379149R","name":"SQUARE."},{"catalog_number":"71379134","name":"DECAL"},{"catalog_number":"71379130","name":"LABEL"},{"catalog_number":"71379129","name":"LABEL"},{"catalog_number":"71379127","name":"DECAL"},{"catalog_number":"71379126","name":"DECAL"},{"catalog_number":"71379125","name":"COUNTERSHAFT"},{"catalog_number":"71379124","name":"BELT"},{"catalog_number":"71379123","name":"PULLEY"},{"catalog_number":"71379113","name":"RING"},{"catalog_number":"71379112","name":"DRUM"},{"catalog_number":"71379111","name":"CONVEYOR DRUM"},{"catalog_number":"71379106","name":"SHIELD"},{"catalog_number":"71379105","name":"BELT"},{"catalog_number":"71379103","name":"SPROCKET"},{"catalog_number":"71379025","name":"KIT"},{"catalog_number":"71378945","name":"TUBE"},{"catalog_number":"71378928","name":"DECAL"},{"catalog_number":"71378893","name":"FAN"},{"catalog_number":"71378873","name":"IDLER SPROCKET"},{"catalog_number":"71378814","name":"DECAL"},{"catalog_number":"71378711","name":"MOISTURE SENSOR"},{"catalog_number":"71378708","name":"SUPPORT BRACKET"},{"catalog_number":"71378641","name":"GUIDE"},{"catalog_number":"71378626","name":"PINION"},{"catalog_number":"71378618","name":"HANGER"},{"catalog_number":"71378613","name":"WARNING DECAL"},{"catalog_number":"71378611","name":"STRAP"},{"catalog_number":"71378609","name":"STRAP"},{"catalog_number":"71378608","name":"STRAP"},{"catalog_number":"71378607","name":"STRAP"},{"catalog_number":"71378605","name":"STRAP"},{"catalog_number":"71378604G","name":"CONVEYOR"},{"catalog_number":"71378603G","name":"CONVEYOR"},{"catalog_number":"71378579","name":"REVERSE CYL BAR"},{"catalog_number":"71378577","name":"CYLINDER BAR"},{"catalog_number":"71378531","name":"SHIELD"},{"catalog_number":"71378495","name":"SHIM"},{"catalog_number":"71378494","name":"SHIM"},{"catalog_number":"71378493","name":"SHIM"},{"catalog_number":"71378483","name":"CALIPER"},{"catalog_number":"71378395","name":"PANEL"},{"catalog_number":"71378364","name":"MASTER CYLINDER"},{"catalog_number":"71378361","name":"HYDRAULIC HOSE"},{"catalog_number":"71378323","name":"CONVEYOR"},{"catalog_number":"71378322","name":"CONVEYOR"},{"catalog_number":"71378319","name":"HARNESS"},{"catalog_number":"71378318","name":"HARNESS"},{"catalog_number":"71378317","name":"TILT SWITCH ARM"},{"catalog_number":"71378315","name":"FLIGHTING, RH"},{"catalog_number":"71378314","name":"FLIGHT"},{"catalog_number":"71378313","name":"FLIGHT"},{"catalog_number":"71378311","name":"FLIGHTING, LH"},{"catalog_number":"71378310","name":"FLIGHT"},{"catalog_number":"71378309","name":"FLIGHT"},{"catalog_number":"71378270","name":"CRANK"},{"catalog_number":"71378250","name":"TAILPLATE STRAP"},{"catalog_number":"71378183","name":"SHIELD"},{"catalog_number":"71378145","name":"STIFFENER"},{"catalog_number":"71378139","name":"SEAL"},{"catalog_number":"71378138","name":"PLATE"},{"catalog_number":"71378133","name":"SEAL"},{"catalog_number":"71378125","name":"BRACKET"},{"catalog_number":"71378122","name":"BRACKET"},{"catalog_number":"71378121","name":"BRACKET"},{"catalog_number":"71378116","name":"BRACKET"},{"catalog_number":"71378115","name":"ROCKER SWITCH"},{"catalog_number":"71378110","name":"HARNESS"},{"catalog_number":"71378109","name":"BRACKET"},{"catalog_number":"71378108","name":"HARNESS"},{"catalog_number":"71378104","name":"RELAY"},{"catalog_number":"71378041","name":"SIEVE"},{"catalog_number":"71378040","name":"SIEVE"},{"catalog_number":"71378039","name":"SIEVE"},{"catalog_number":"71378037","name":"SIEVE"},{"catalog_number":"71378013","name":"DIVIDER KIT"},{"catalog_number":"71377946","name":"RING"},{"catalog_number":"71377945","name":"SEALS KIT"},{"catalog_number":"71377941","name":"HYRAULIC COUPLER"},{"catalog_number":"71377940","name":"KIT, ROD"},{"catalog_number":"71377939","name":"SUPPORT STRAP"},{"catalog_number":"71377938","name":"UNION"},{"catalog_number":"71377925","name":"GUARD"},{"catalog_number":"71377924","name":"BOTTOM"},{"catalog_number":"71377923","name":"BOTTOM"},{"catalog_number":"71377919","name":"SPROCKET"},{"catalog_number":"71377916","name":"GUARD"},{"catalog_number":"71377915","name":"GUARD"},{"catalog_number":"71377914","name":"GUARD"},{"catalog_number":"71377901G","name":"FLIGHT"},{"catalog_number":"71377885","name":"BRACKET"},{"catalog_number":"71377868","name":"KIT, SHAFT"},{"catalog_number":"71377852","name":"HANGER"},{"catalog_number":"71377850","name":"SUPPORT, RH"},{"catalog_number":"71377779","name":"HOUSING"},{"catalog_number":"71377774G","name":"FLIGHT"},{"catalog_number":"71377770","name":"RIGHT HAND PANEL"},{"catalog_number":"71377769","name":"LEFT HAND PANEL"},{"catalog_number":"71377768","name":"RING"},{"catalog_number":"71377763","name":"PULLEY"},{"catalog_number":"71377759","name":"SHIELD"},{"catalog_number":"71377721","name":"SHIM"},{"catalog_number":"71377720","name":"SHIM"},{"catalog_number":"71377719","name":"SHIM"},{"catalog_number":"71377718","name":"SHIM"},{"catalog_number":"71377717","name":"SHIM"},{"catalog_number":"71377716","name":"SHIM"},{"catalog_number":"71377715","name":"SHIM"},{"catalog_number":"71377714","name":"SHIM"},{"catalog_number":"71377713","name":"SHIM"},{"catalog_number":"71377712","name":"SHIM"},{"catalog_number":"71377711","name":"BUSH"},{"catalog_number":"71377710","name":"HOUSING"},{"catalog_number":"71377709","name":"HOUSING"},{"catalog_number":"71377600","name":"FRAME"},{"catalog_number":"71377597","name":"FRAME"},{"catalog_number":"71377594","name":"LATERAL TILT KIT"},{"catalog_number":"71377589","name":"POST"},{"catalog_number":"71377588","name":"POST"},{"catalog_number":"71377549","name":"SHIFTER SHAFT"},{"catalog_number":"71377548","name":"SHIFTER SHAFT"},{"catalog_number":"71377547","name":"SHAFT"},{"catalog_number":"71377535","name":"BEARING CONE"},{"catalog_number":"71377534","name":"BEARING CUP"},{"catalog_number":"71377531","name":"COVER"},{"catalog_number":"71377510","name":"DECAL"},{"catalog_number":"71377444","name":"COVER"},{"catalog_number":"71377419","name":"TUBE ASSY"},{"catalog_number":"71377417","name":"HELICAL GEAR"},{"catalog_number":"71377415","name":"BEARING CARRIER"},{"catalog_number":"71377414","name":"COUNTERSHAFT"},{"catalog_number":"71377413","name":"HELICAL GEAR"},{"catalog_number":"71377411","name":"HELICAL GEAR"},{"catalog_number":"71377410","name":"BEARING HOUSING"},{"catalog_number":"71377409","name":"INPUT SHAFT"},{"catalog_number":"71377408","name":"HELICAL GEAR"},{"catalog_number":"71377407","name":"HELICAL GEAR"},{"catalog_number":"71377320","name":"SPROCKET"},{"catalog_number":"71377315","name":"DRUM"},{"catalog_number":"71377310","name":"WEAR RING"},{"catalog_number":"71377299","name":"SQUARE."},{"catalog_number":"71377298","name":"FIT.INSTRUCTION"},{"catalog_number":"71377296","name":"SQUARE."},{"catalog_number":"71377295","name":"PANEL"},{"catalog_number":"71377294","name":"PANEL"},{"catalog_number":"71377293","name":"WEARPLATE"},{"catalog_number":"71377291","name":"FILLER"},{"catalog_number":"71377290","name":"FILLER"},{"catalog_number":"71377191","name":"INSTRUCTIONS"},{"catalog_number":"71377158","name":"SHAFT"},{"catalog_number":"71377156","name":"SHAFT"},{"catalog_number":"71377155","name":"HARNESS"},{"catalog_number":"71377109","name":"IGNITION KEY"},{"catalog_number":"71376909","name":"SHAFT"},{"catalog_number":"71376907","name":"CASE"},{"catalog_number":"71376888","name":"STUD"},{"catalog_number":"71376839","name":"HYDR. HOSE"},{"catalog_number":"71376825","name":"POSITION SENSOR"},{"catalog_number":"71376823","name":"GROMMET"},{"catalog_number":"71376794","name":"MOUNTING PLATE"},{"catalog_number":"71376750","name":"BACK PART"},{"catalog_number":"71376749","name":"KIT, FRAME"},{"catalog_number":"71376744","name":"KIT, FRAME"},{"catalog_number":"71376736","name":"BACK PART"},{"catalog_number":"71376735","name":"UPPER FRAME"},{"catalog_number":"71376734","name":"UPPER FRAME"},{"catalog_number":"71376733","name":"SQUARE."},{"catalog_number":"71376732","name":"SQUARE."},{"catalog_number":"71376731","name":"SQUARE."},{"catalog_number":"71376730","name":"SQUARE."},{"catalog_number":"71376729","name":"BOTTOM"},{"catalog_number":"71376728","name":"BOTTOM"},{"catalog_number":"71376727","name":"BOTTOM"},{"catalog_number":"71376726","name":"BOTTOM"},{"catalog_number":"71376650","name":"DECAL"},{"catalog_number":"71376630","name":"SHAFT"},{"catalog_number":"71376625","name":"PAN"},{"catalog_number":"71376624","name":"UPPER FRAME"},{"catalog_number":"71376623","name":"UPPER FRAME"},{"catalog_number":"71376622","name":"SQUARE."},{"catalog_number":"71376621","name":"SQUARE."},{"catalog_number":"71376607","name":"SHAFT"},{"catalog_number":"71376570","name":"PLATE"},{"catalog_number":"71376558","name":"FIT.INSTRUCTION"},{"catalog_number":"71376508","name":"SHAFT"},{"catalog_number":"71376507","name":"SHAFT"},{"catalog_number":"71376492","name":"PLATE"},{"catalog_number":"71376446","name":"SHIELD"},{"catalog_number":"71376324","name":"SHIELD"},{"catalog_number":"71376268","name":"SHAFT"},{"catalog_number":"71376263","name":"BOTTOM"},{"catalog_number":"71376262","name":"BOTTOM"},{"catalog_number":"71376249","name":"PAD"},{"catalog_number":"71376222","name":"SUPPORT"},{"catalog_number":"71376201","name":"SPROCKET"},{"catalog_number":"71376199","name":"KIT, TUBE"},{"catalog_number":"71376198","name":"KIT, TUBE"},{"catalog_number":"71376195","name":"KIT, TUBE"},{"catalog_number":"71376194","name":"KIT, TUBE"},{"catalog_number":"71376185","name":"BRACKET"},{"catalog_number":"71376181","name":"KIT, SWITCH"},{"catalog_number":"71376170","name":"ANGLE"},{"catalog_number":"71376169","name":"ADJUSTING KNOB"},{"catalog_number":"71376158","name":"GUARD"},{"catalog_number":"71376157","name":"FILLER PLATE"},{"catalog_number":"71376154","name":"COVER BONNET"},{"catalog_number":"71376070","name":"SQUARE."},{"catalog_number":"71376069","name":"WASHER"},{"catalog_number":"71376067","name":"BRACKET"},{"catalog_number":"71376063","name":"INSTRUCTIONS"},{"catalog_number":"71376062","name":"SHIELD"},{"catalog_number":"71376061","name":"SHIELD"},{"catalog_number":"71376060","name":"BRACKET"},{"catalog_number":"71376042","name":"COVER"},{"catalog_number":"71376020","name":"KIT, TUBE"},{"catalog_number":"71376019","name":"KIT, TUBE"},{"catalog_number":"71376009","name":"POST"},{"catalog_number":"71376007","name":"POST"},{"catalog_number":"71376006","name":"SUPPORT"},{"catalog_number":"71375996","name":"GUARD"},{"catalog_number":"71375944","name":"SUPPORT BRACKET"},{"catalog_number":"71375911","name":"BIN LEVEL SENSOR"},{"catalog_number":"71375902","name":"FUSE PULLER TOOL"},{"catalog_number":"71375790","name":"BRACKET"},{"catalog_number":"71375789","name":"PLATE"},{"catalog_number":"71375788","name":"HARNESS"},{"catalog_number":"71375785","name":"WEARPLATE"},{"catalog_number":"71375772","name":"HOUSING"},{"catalog_number":"71375761","name":"BOOT"},{"catalog_number":"71375752","name":"ADAPTOR"},{"catalog_number":"71375751","name":"ADAPTOR"},{"catalog_number":"71375738","name":"EXT HARNESS"},{"catalog_number":"71375736","name":"PANEL"},{"catalog_number":"71375732","name":"FRAME"},{"catalog_number":"71375690","name":"SENSOR"},{"catalog_number":"71375689","name":"CHAIN"},{"catalog_number":"71375591G","name":"KIT, EXTENSION"},{"catalog_number":"71375590G","name":"KIT, EXTENSION"},{"catalog_number":"71375585","name":"FRAME"},{"catalog_number":"71375584","name":"FRAME"},{"catalog_number":"71375582","name":"SHAFT"},{"catalog_number":"71375581","name":"SHAFT"},{"catalog_number":"71375579","name":"SHAFT"},{"catalog_number":"71375578","name":"SHAFT"},{"catalog_number":"71375567","name":"ROD"},{"catalog_number":"71375564","name":"CRANK"},{"catalog_number":"71375563","name":"CRAMP"},{"catalog_number":"71375559","name":"PIVOT"},{"catalog_number":"71375558","name":"PIVOT"},{"catalog_number":"71375556","name":"CRANK"},{"catalog_number":"71375555","name":"LATCH"},{"catalog_number":"71375543","name":"BRACKET"},{"catalog_number":"71375539","name":"KIT, TUBE"},{"catalog_number":"71375538","name":"KIT, TUBE"},{"catalog_number":"71375536","name":"KIT, TUBE"},{"catalog_number":"71375534","name":"KIT, TUBE"},{"catalog_number":"71375531","name":"KIT, TUBE"},{"catalog_number":"71375530","name":"KIT, TUBE"},{"catalog_number":"71375528","name":"KIT, TUBE"},{"catalog_number":"71375526","name":"KIT, TUBE"},{"catalog_number":"71375522","name":"GUARD"},{"catalog_number":"71375521","name":"GUARD"},{"catalog_number":"71375520","name":"GUARD"},{"catalog_number":"71375514","name":"UPPER FRAME"},{"catalog_number":"71375512","name":"UPPER FRAME"},{"catalog_number":"71375510","name":"SQUARE."},{"catalog_number":"71375509","name":"SQUARE."},{"catalog_number":"71375508","name":"SQUARE."},{"catalog_number":"71375506","name":"BOTTOM"},{"catalog_number":"71375505","name":"BOTTOM"},{"catalog_number":"71375501","name":"BACK PART"},{"catalog_number":"71375400","name":"PAN"},{"catalog_number":"71375396","name":"KIT, FRAME"},{"catalog_number":"71375388","name":"RETAINER"},{"catalog_number":"71375379","name":"FAIRING"},{"catalog_number":"71375378","name":"UPPER FRAME"},{"catalog_number":"71375376","name":"STRIP"},{"catalog_number":"71375375","name":"SQUARE."},{"catalog_number":"71375371","name":"PLATE"},{"catalog_number":"71375359","name":"WEARPLATE"},{"catalog_number":"71375358","name":"SQUARE."},{"catalog_number":"71375354","name":"POST"},{"catalog_number":"71375353","name":"POST"},{"catalog_number":"71375335","name":"COMPRESS. SPRING"},{"catalog_number":"71375273","name":"POST"},{"catalog_number":"71375272","name":"POST"},{"catalog_number":"71375270","name":"PLATE"},{"catalog_number":"71375269","name":"FRAME"},{"catalog_number":"71375268","name":"GUIDE"},{"catalog_number":"71375267","name":"GUIDE"},{"catalog_number":"71375266","name":"HANGER"},{"catalog_number":"71375190","name":"THREADED ROD"},{"catalog_number":"71375122","name":"THREADED ROD"},{"catalog_number":"71375115","name":"PIVOT"},{"catalog_number":"71375114","name":"ARM"},{"catalog_number":"71375108","name":"SHIELD"},{"catalog_number":"71374970","name":"THRUST PLATE"},{"catalog_number":"71374962","name":"COVER"},{"catalog_number":"71374961","name":"DOWEL PIN"},{"catalog_number":"71374931","name":"HYDRAULIC HOSE"},{"catalog_number":"71374907","name":"ORIFICE KIT"},{"catalog_number":"71374905","name":"SPACER"},{"catalog_number":"71374888","name":"LEVER"},{"catalog_number":"71374885","name":"PIN"},{"catalog_number":"71374865","name":"HANDLE"},{"catalog_number":"71374863","name":"CNTRL VALVE KIT"},{"catalog_number":"71374860","name":"SHAFT"},{"catalog_number":"71374857","name":"SCREW"},{"catalog_number":"71374855","name":"COVER"},{"catalog_number":"71374852","name":"SHAFT"},{"catalog_number":"71374849","name":"RETAINER"},{"catalog_number":"71374848","name":"RETAINER"},{"catalog_number":"71374841","name":"CYL BLOCK KIT"},{"catalog_number":"71374837","name":"SHAFT"},{"catalog_number":"71374835","name":"PIN"},{"catalog_number":"71374833","name":"CAP"},{"catalog_number":"71374832","name":"PLUG"},{"catalog_number":"71374829","name":"THRUST PLATE"},{"catalog_number":"71374828","name":"VALVE PLATE"},{"catalog_number":"71374827","name":"TUBE"},{"catalog_number":"71374826","name":"HOUSING"},{"catalog_number":"71374816","name":"WEAR PAD"},{"catalog_number":"71374808","name":"CYL CLEVIS PIN"},{"catalog_number":"71374807","name":"CYL BASE PIN"},{"catalog_number":"71374803","name":"ROLLER BEARING"},{"catalog_number":"71374796","name":"SHAFT"},{"catalog_number":"71374795","name":"CAP"},{"catalog_number":"71374794","name":"SPRING"},{"catalog_number":"71374793","name":"SPOOL"},{"catalog_number":"71374792","name":"CAP"},{"catalog_number":"71374791","name":"POPPET"},{"catalog_number":"71374790","name":"SPRING"},{"catalog_number":"71374789","name":"SPRING SEAT"},{"catalog_number":"71374786","name":"COIL"},{"catalog_number":"71374785","name":"PIN"},{"catalog_number":"71374778","name":"RING"},{"catalog_number":"71374768","name":"HYDR.HOSE ASSY."},{"catalog_number":"71374710","name":"HARNESS"},{"catalog_number":"71374704","name":"MODULE"},{"catalog_number":"71374702","name":"SPACER"},{"catalog_number":"71374674","name":"PIVOT PIN COLLAR"},{"catalog_number":"71374672","name":"ROLLER TRACK"},{"catalog_number":"71374670","name":"WEAR PAD"},{"catalog_number":"71374669","name":"WEAR PAD"},{"catalog_number":"71374667","name":"ROLLER SHAFT"},{"catalog_number":"71374666","name":"ANCHOR, RH"},{"catalog_number":"71374663","name":"ANCHOR, LH"},{"catalog_number":"71374652","name":"SPRING"},{"catalog_number":"71374565","name":"CLIP"},{"catalog_number":"71374564","name":"WING NUT"},{"catalog_number":"71374445","name":"SUPPORT"},{"catalog_number":"71374436","name":"ROD"},{"catalog_number":"71374434","name":"DIVIDER"},{"catalog_number":"71374433","name":"DIVIDER"},{"catalog_number":"71374430","name":"GUIDE"},{"catalog_number":"71374428","name":"DIVIDER"},{"catalog_number":"71374427","name":"SIDE"},{"catalog_number":"71374425","name":"TETHER CABLE"},{"catalog_number":"71374398","name":"DIVIDER"},{"catalog_number":"71374396","name":"FILLER"},{"catalog_number":"71374394","name":"BRACE"},{"catalog_number":"71374391","name":"ARM"},{"catalog_number":"71374374","name":"SUPPORT"},{"catalog_number":"71374372","name":"SUPPORT"},{"catalog_number":"71374371","name":"REINFORCEMENT"},{"catalog_number":"71374362","name":"STRAP"},{"catalog_number":"71374340","name":"BEARING"},{"catalog_number":"71374262","name":"BOTTOM"},{"catalog_number":"71374261","name":"BOTTOM"},{"catalog_number":"71374231","name":"SPROCKET"},{"catalog_number":"71374220","name":"COLLAR RPR KIT"},{"catalog_number":"71374219","name":"SHIELD"},{"catalog_number":"71374218","name":"YOKE"}]}