{"machinery_brand_name":"Ag-Chem","parts":[{"catalog_number":"71412782","name":"ELBOW FITTING"},{"catalog_number":"71412781","name":"CONNECTOR"},{"catalog_number":"71412780","name":"FLOW REGULATOR"},{"catalog_number":"71412779","name":"SOLENOID"},{"catalog_number":"71412778","name":"STRAP"},{"catalog_number":"71412777","name":"TEE"},{"catalog_number":"71412774","name":"BRACKET"},{"catalog_number":"71412773","name":"SENSOR MOUNT"},{"catalog_number":"71412772","name":"SENSOR ARM"},{"catalog_number":"71412763","name":"ACTUATOR SUPPORT"},{"catalog_number":"71412760","name":"ADJ LEVER"},{"catalog_number":"71412759","name":"ADJ LEVER"},{"catalog_number":"71412756","name":"INSTRUCTIONS"},{"catalog_number":"71412755","name":"SPACER"},{"catalog_number":"71412754","name":"KIT"},{"catalog_number":"71412689","name":"CONNECTING PLATE"},{"catalog_number":"71412688","name":"SECTION SUPPORT"},{"catalog_number":"71412687","name":"SECTION SUPPORT"},{"catalog_number":"71412686","name":"ORBITAL SUPPORT"},{"catalog_number":"71412685","name":"OUTER SECTION,LH"},{"catalog_number":"71412684","name":"OUTER SECTION,LH"},{"catalog_number":"71412683","name":"OUTER SECTION,RH"},{"catalog_number":"71412682","name":"OUTER SECTION,RH"},{"catalog_number":"71412681","name":"CIRCLE SECTION,I"},{"catalog_number":"71412680","name":"CIRCLE SECTION,I"},{"catalog_number":"71412679","name":"REVERSE STOP"},{"catalog_number":"71412678","name":"REVERSE STOP"},{"catalog_number":"71412677","name":"SPACER"},{"catalog_number":"71412663","name":"SHAFT"},{"catalog_number":"71412651","name":"HEAD"},{"catalog_number":"71412640","name":"DEFLECTOR"},{"catalog_number":"71412638","name":"CHANNEL MOUNT"},{"catalog_number":"71412626","name":"HOOK"},{"catalog_number":"71412596","name":"STUD BOLT"},{"catalog_number":"71412594","name":"COUPLING KIT"},{"catalog_number":"71412590","name":"ROD END"},{"catalog_number":"71412588","name":"WIRE HARNESS"},{"catalog_number":"71412587","name":"VALVE"},{"catalog_number":"71412586","name":"VALVE BRACKET"},{"catalog_number":"71412585","name":"HYD SUPPORT"},{"catalog_number":"71412584","name":"TIE ROD TUBE"},{"catalog_number":"71412583","name":"TIE ROD"},{"catalog_number":"71412582","name":"BRACKET"},{"catalog_number":"71412581","name":"BRACKET"},{"catalog_number":"71412580","name":"CYLINDER SUPPORT"},{"catalog_number":"71412579","name":"CYLINDER SUPPORT"},{"catalog_number":"71412578","name":"STUB AXLE"},{"catalog_number":"71412577","name":"REAR AXLE"},{"catalog_number":"71412576","name":"CARRIER FRAME,RH"},{"catalog_number":"71412575","name":"HOUSING"},{"catalog_number":"71412567","name":"PLATE"},{"catalog_number":"71412566","name":"MOUNTING PLATE"},{"catalog_number":"71412548","name":"SHIELD, LH"},{"catalog_number":"71412547","name":"SHIELD"},{"catalog_number":"71412545","name":"BUMPER BRACKET"},{"catalog_number":"71412542","name":"HOUSING, RH"},{"catalog_number":"71412541","name":"BRACKET, RH"},{"catalog_number":"71412540","name":"BRACKET, LH"},{"catalog_number":"71412535","name":"HOUSING"},{"catalog_number":"71412526","name":"HINGE"},{"catalog_number":"71412525","name":"CARRIER FRAME,LH"},{"catalog_number":"71412524","name":"PIN"},{"catalog_number":"71412523","name":"SUPPORT"},{"catalog_number":"71412522","name":"SUPPORT"},{"catalog_number":"71412521","name":"JAM NUT"},{"catalog_number":"71412520","name":"HYD CYLINDER"},{"catalog_number":"71412519","name":"ROD END"},{"catalog_number":"71412518","name":"JAM NUT"},{"catalog_number":"71412517","name":"ROD END"},{"catalog_number":"71412516","name":"HYDRAULIC HOSE"},{"catalog_number":"71412515","name":"HYDRAULIC HOSE"},{"catalog_number":"71412513","name":"CAP"},{"catalog_number":"71412512","name":"CAP"},{"catalog_number":"71412511","name":"ELBOW FITTING"},{"catalog_number":"71412507","name":"ROD END"},{"catalog_number":"71412506","name":"HEX JAM NUT"},{"catalog_number":"71412498","name":"MOTOR"},{"catalog_number":"71412497","name":"MOTOR"},{"catalog_number":"71412496","name":"PIVOT SEAL KIT"},{"catalog_number":"71348218","name":"SECTION"},{"catalog_number":"71348175","name":"SECTION"},{"catalog_number":"71347910","name":"RELAY"},{"catalog_number":"71347782","name":"THRUST WASHER"},{"catalog_number":"71347775","name":"KNIFE HEAD"},{"catalog_number":"71347763","name":"PLATE"},{"catalog_number":"71347757","name":"PLATE"},{"catalog_number":"71347409","name":"PLATE"},{"catalog_number":"71347407","name":"PLATE"},{"catalog_number":"71347401","name":"PLATE"},{"catalog_number":"71347399","name":"PLATE"},{"catalog_number":"71347319","name":"GASKET"},{"catalog_number":"71347318","name":"PLATE"},{"catalog_number":"71346999","name":"CAP"},{"catalog_number":"71346998","name":"TANK"},{"catalog_number":"71346267","name":"MOUNTING PLATE"},{"catalog_number":"71346159","name":"SPACER"},{"catalog_number":"71346158","name":"CLIP"},{"catalog_number":"71346126","name":"SPACER"},{"catalog_number":"71345898","name":"SPACER"},{"catalog_number":"71345822","name":"HINGE"},{"catalog_number":"71345599","name":"SPACER"},{"catalog_number":"71345596","name":"HEX LOCKNUT"},{"catalog_number":"71345591","name":"CLIP"},{"catalog_number":"71345434","name":"TENSION SPRING"},{"catalog_number":"71345426","name":"SPRING ASSEMBLY"},{"catalog_number":"71344833","name":"SEAL"},{"catalog_number":"71344783","name":"SPREADER HUB"},{"catalog_number":"71344649","name":"SPRING PLUG"},{"catalog_number":"71344647","name":"SPRING PLUG"},{"catalog_number":"71344597","name":"PINION"},{"catalog_number":"71344592","name":"SEAL"},{"catalog_number":"71344589","name":"BALL BEARING"},{"catalog_number":"71344581","name":"SHAFT"},{"catalog_number":"71344560","name":"INSTRUCTIONS"},{"catalog_number":"71344240","name":"HOUSING"},{"catalog_number":"71344225","name":"WOBBLE DRIVE"},{"catalog_number":"71344020","name":"FLAT WASHER"},{"catalog_number":"71343344","name":"EYE BOLT"},{"catalog_number":"71343312","name":"PIN"},{"catalog_number":"71343198","name":"STRAP"},{"catalog_number":"71342768","name":"ISOLATOR MOUNT"},{"catalog_number":"71342296","name":"BUSH"},{"catalog_number":"71342217","name":"PIN"},{"catalog_number":"71342216","name":"START SWITCH"},{"catalog_number":"71341644","name":"BEARING THRUST"},{"catalog_number":"71341640","name":"WASHER"},{"catalog_number":"71341521","name":"SPACER"},{"catalog_number":"71341450","name":"PADDLE"},{"catalog_number":"71341448","name":"BACKUP PLATE"},{"catalog_number":"71341423","name":"SHAFT"},{"catalog_number":"71340705","name":"HOUSING"},{"catalog_number":"71340683","name":"CONNECTOR"},{"catalog_number":"71340645","name":"SENSOR"},{"catalog_number":"71340442","name":"SCREW"},{"catalog_number":"71340437","name":"FILTER VENT"},{"catalog_number":"71340335","name":"SENSOR"},{"catalog_number":"71339969","name":"TERMINAL"},{"catalog_number":"71339968","name":"SOCKET TERMINAL"},{"catalog_number":"71339721","name":"SPACER"},{"catalog_number":"71339673","name":"SEAL"},{"catalog_number":"71339439","name":"BRACE"},{"catalog_number":"71339424","name":"SUPPORT"},{"catalog_number":"71339238","name":"FLAT WASHER"},{"catalog_number":"71338892","name":"RAIL"},{"catalog_number":"71338799","name":"SPACER"},{"catalog_number":"71338789","name":"FLAT WASHER"},{"catalog_number":"71338588","name":"CRANKSHAFT"},{"catalog_number":"71338550","name":"VALVE"},{"catalog_number":"71338308","name":"HUB ASSEMBLY"},{"catalog_number":"71337921","name":"HUB"},{"catalog_number":"71337414","name":"BRACKET"},{"catalog_number":"71336974","name":"BEARING"},{"catalog_number":"71336386","name":"GAS SPRING"},{"catalog_number":"71335783","name":"SHAFT"},{"catalog_number":"71335690","name":"SCREW"},{"catalog_number":"71335689","name":"SCREW"},{"catalog_number":"71335672","name":"FLIGHT"},{"catalog_number":"71335581","name":"SUPPORT"},{"catalog_number":"71335425","name":"SPACER"},{"catalog_number":"71335424","name":"NUT"},{"catalog_number":"71335423","name":"PIN"},{"catalog_number":"71335420","name":"FRAME"},{"catalog_number":"71335196","name":"ARMATURE"},{"catalog_number":"71335195","name":"MAGNET"},{"catalog_number":"71335184","name":"BEARING"},{"catalog_number":"71334988","name":"LIP SEAL"},{"catalog_number":"71334986","name":"THRUST WASHER"},{"catalog_number":"71334701","name":"HOUSING"},{"catalog_number":"71334329","name":"BALL VALVE"},{"catalog_number":"71333904","name":"O RING"},{"catalog_number":"71333775","name":"BALL BEARING"},{"catalog_number":"71332796","name":"SHAFT"},{"catalog_number":"71332011","name":"FITTING"},{"catalog_number":"71330802","name":"DAMPENER ROD"},{"catalog_number":"71329624","name":"SHIELD"},{"catalog_number":"71328837","name":"PLATE"},{"catalog_number":"71328830","name":"HUB"},{"catalog_number":"71328521","name":"SPACER"},{"catalog_number":"71328520","name":"STOP"},{"catalog_number":"71328519","name":"BRACE"},{"catalog_number":"71328453","name":"PULLEY"},{"catalog_number":"71328365","name":"DUST CAP"},{"catalog_number":"71328362","name":"COUPLER"},{"catalog_number":"71328361","name":"COUPLER"},{"catalog_number":"71328300","name":"SUPPORT"},{"catalog_number":"71327984","name":"BRACKET"},{"catalog_number":"71327867","name":"SHAFT"},{"catalog_number":"71327838","name":"TUBE"},{"catalog_number":"71327569","name":"SEAL KIT"},{"catalog_number":"71327558","name":"SNAP RING"},{"catalog_number":"71327557","name":"SEAL"},{"catalog_number":"71327160","name":"SCREW"},{"catalog_number":"71326340","name":"ELBOW FITTING"},{"catalog_number":"71326336","name":"BALL JOINT"},{"catalog_number":"71325553","name":"BRACKET"},{"catalog_number":"71325502","name":"KNOB"},{"catalog_number":"71325465","name":"POPPET"},{"catalog_number":"71325325","name":"NUT"},{"catalog_number":"71325300","name":"BRACKET"},{"catalog_number":"71324872","name":"GUARD"},{"catalog_number":"71324871","name":"GUARD"},{"catalog_number":"71324692","name":"COVER"},{"catalog_number":"71324463","name":"BAR"},{"catalog_number":"71324207","name":"REFLECTOR"},{"catalog_number":"71323992","name":"SPRING"},{"catalog_number":"71323765","name":"EXTENSION"},{"catalog_number":"71323575","name":"FOAM SEAL"},{"catalog_number":"71323170","name":"PLATE"},{"catalog_number":"71323169","name":"PLATE"},{"catalog_number":"71322875","name":"FORK WRENCH"},{"catalog_number":"71322834","name":"BELT"},{"catalog_number":"71322828","name":"BELT"},{"catalog_number":"71322759","name":"SPACER"},{"catalog_number":"71322363","name":"SPACER"},{"catalog_number":"71321881","name":"SPACER"},{"catalog_number":"71321850","name":"SPACER"},{"catalog_number":"71321556","name":"FLANGE"},{"catalog_number":"71321555","name":"LINK"},{"catalog_number":"71321111","name":"FILTER"},{"catalog_number":"71321101","name":"O RING"},{"catalog_number":"71320934","name":"PULLEY,TENSIONER"},{"catalog_number":"71320929","name":"SHIELD"},{"catalog_number":"71320686","name":"SUPPORT"},{"catalog_number":"71320327","name":"COVER"},{"catalog_number":"71320326","name":"SUPPORT"},{"catalog_number":"71320323","name":"GUIDE"},{"catalog_number":"71320310","name":"SPROCKET"},{"catalog_number":"71320198","name":"SPRING"},{"catalog_number":"71319374","name":"BRACKET"},{"catalog_number":"71319240","name":"CLIP"},{"catalog_number":"71318846","name":"GEAR"},{"catalog_number":"71318842","name":"GEAR"},{"catalog_number":"71318840","name":"GEAR"},{"catalog_number":"71318610","name":"RAIL"},{"catalog_number":"71318312","name":"SHIM"},{"catalog_number":"71318052","name":"WIRE HARNESS"},{"catalog_number":"71318051","name":"WIRE HARNESS"},{"catalog_number":"71317964","name":"SUPPORT"},{"catalog_number":"71317628","name":"PLUG"},{"catalog_number":"71317411","name":"HOUSING"},{"catalog_number":"71316764","name":"BEARING"},{"catalog_number":"71316749","name":"BAT"},{"catalog_number":"71316586","name":"SPROCKET"},{"catalog_number":"71315999","name":"SHOCK ABSORBER"},{"catalog_number":"71315785","name":"BRACKET"},{"catalog_number":"71315500","name":"GUARD"},{"catalog_number":"71315489","name":"RING"},{"catalog_number":"71314999","name":"ROD END"},{"catalog_number":"71314843","name":"SHAFT"},{"catalog_number":"71314842","name":"SHAFT"},{"catalog_number":"71314833","name":"COMPRESS. SPRING"},{"catalog_number":"71314481","name":"BEARING CONE"},{"catalog_number":"71314321","name":"BRUSH HOLDER"},{"catalog_number":"71314218","name":"SPACER"},{"catalog_number":"71314073","name":"SPROCKET"},{"catalog_number":"71313444","name":"SENSOR"},{"catalog_number":"71313130","name":"IDLER"},{"catalog_number":"71312823","name":"LOCKOUT DISC"},{"catalog_number":"71312819","name":"SPACER"},{"catalog_number":"71312736","name":"SUPPORT"},{"catalog_number":"71312603","name":"SPACER"},{"catalog_number":"71312602","name":"SPACER"},{"catalog_number":"71312323","name":"CAP"},{"catalog_number":"71312257","name":"CLIP"},{"catalog_number":"71312256","name":"CLIP"},{"catalog_number":"71312176","name":"SPACER"},{"catalog_number":"71312133","name":"SHIELD"},{"catalog_number":"71312132","name":"SHIM"},{"catalog_number":"71312131","name":"SHIM"},{"catalog_number":"71312130","name":"SHIM"},{"catalog_number":"71311456","name":"STUD BOLT"},{"catalog_number":"71311024","name":"PLUG"},{"catalog_number":"71311006","name":"SEALS KIT"},{"catalog_number":"71310976","name":"SPRING CLIP"},{"catalog_number":"71310407","name":"FRONT GRILLE"},{"catalog_number":"71310379","name":"SPLINED COUPLER"},{"catalog_number":"71309768","name":"IDLER PULLEY"},{"catalog_number":"71309767","name":"IDLER PULLEY"},{"catalog_number":"71309766","name":"IDLER PULLEY"},{"catalog_number":"71309691","name":"COMPRESS. SPRING"},{"catalog_number":"71309525","name":"RIGHT HAND SHAFT"},{"catalog_number":"71309522","name":"SHAFT"},{"catalog_number":"71309521","name":"SHAFT"},{"catalog_number":"71309520","name":"LEFT HAND SHAFT"},{"catalog_number":"71309515","name":"DRIVE SHAFT"},{"catalog_number":"71309514","name":"DRIVE SHAFT"},{"catalog_number":"71309128","name":"BEARING"},{"catalog_number":"71309117","name":"BEARING SET"},{"catalog_number":"71308995","name":"BALL BEARING"},{"catalog_number":"71308984","name":"BALL BEARING"},{"catalog_number":"71308962","name":"BEARING KIT"},{"catalog_number":"71308951","name":"BEARING"},{"catalog_number":"71308770","name":"KIT, BEARING"},{"catalog_number":"71308201","name":"BUSH"},{"catalog_number":"71308156","name":"IDLER PULLEY"},{"catalog_number":"71307626","name":"TIE ROD"},{"catalog_number":"71307586","name":"SEAL"},{"catalog_number":"71307396","name":"JAM NUT, RH"},{"catalog_number":"71307305","name":"IDLER"},{"catalog_number":"71306867","name":"SHEAVE"},{"catalog_number":"71306660","name":"BALL BEARING"},{"catalog_number":"71306657","name":"BALL BEARING"},{"catalog_number":"71306314","name":"SPACER"},{"catalog_number":"71306292","name":"DECAL"},{"catalog_number":"71305916","name":"GAS SPRING"},{"catalog_number":"71305335","name":"SWITCH BOOT"},{"catalog_number":"71304625","name":"BRACKET"},{"catalog_number":"71304362","name":"BUSH"},{"catalog_number":"71304292","name":"BEARING RETAINER"},{"catalog_number":"71304271","name":"BEARING CAP"},{"catalog_number":"71304268","name":"GEAR"},{"catalog_number":"71304267","name":"RETAINING RING"},{"catalog_number":"71304266","name":"SPACER"},{"catalog_number":"71304264","name":"SHIM"},{"catalog_number":"71304263","name":"SHIM"},{"catalog_number":"71304262","name":"SHIM"},{"catalog_number":"71304261","name":"BEARING CAP"},{"catalog_number":"71304149","name":"HANDLE"},{"catalog_number":"71302969","name":"IDLER PULLEY"},{"catalog_number":"71302549","name":"GROMMET"},{"catalog_number":"71302471","name":"RETAINING RING"},{"catalog_number":"71302470","name":"RETAINING RING"},{"catalog_number":"71302469","name":"RETAINING RING"},{"catalog_number":"71302468","name":"RETAINING RING"},{"catalog_number":"71302467","name":"RETAINING RING"},{"catalog_number":"71302422","name":"RESTRICTOR"},{"catalog_number":"71302304","name":"SENSOR"},{"catalog_number":"71302302","name":"LIMIT SWITCH"},{"catalog_number":"71300509","name":"SHIFT FORK"},{"catalog_number":"71300507","name":"RANGE BOX FORK"},{"catalog_number":"71300327","name":"RETAINER"},{"catalog_number":"71285272","name":"PARTS PACK"},{"catalog_number":"71285271","name":"PARTS PACK"},{"catalog_number":"712612B","name":"BEARING FLANGE"},{"catalog_number":"712604","name":"BALL BEARING"},{"catalog_number":"712539","name":"BEARING"},{"catalog_number":"712307","name":"BEARING"},{"catalog_number":"712208","name":"BEARING CUP"},{"catalog_number":"712158HE1","name":"BEARING ASSY"},{"catalog_number":"712158","name":"BEARING"},{"catalog_number":"712151050013","name":"RR. AXLE HSG"},{"catalog_number":"712150151023","name":"CARRIER"},{"catalog_number":"712059","name":"BEARING"},{"catalog_number":"71197376","name":"U BOLT"},{"catalog_number":"71197323","name":"TENSION SPRING"},{"catalog_number":"71197194","name":"BALL BEARING"},{"catalog_number":"71197117","name":"SPACER"},{"catalog_number":"71195913","name":"BALL BEARING"},{"catalog_number":"71195640","name":"SWITCH NUT"},{"catalog_number":"71195398","name":"BLADE TERMINAL"},{"catalog_number":"71195328","name":"GEAR COUPLER"},{"catalog_number":"71195205","name":"WEIGHT"},{"catalog_number":"711952","name":"BEARING FLANGE"},{"catalog_number":"71194367","name":"SENSOR COLLAR"},{"catalog_number":"71194263","name":"BUSH"},{"catalog_number":"71193862","name":"LENS"},{"catalog_number":"71193829","name":"LOCK"},{"catalog_number":"71193828","name":"SEAL"},{"catalog_number":"71193826","name":"COVER"},{"catalog_number":"71193260","name":"SENSOR"},{"catalog_number":"71192243","name":"BEARING FLANGE"},{"catalog_number":"71191799","name":"EDGE TRIM"},{"catalog_number":"71191199","name":"DISC"},{"catalog_number":"71190960","name":"PANEL KNOB"},{"catalog_number":"71190292","name":"BEARING HOUSING"},{"catalog_number":"71189834","name":"BEARING"},{"catalog_number":"71188949","name":"SPACER"},{"catalog_number":"71188575","name":"SHIM"},{"catalog_number":"71188504","name":"COIL"},{"catalog_number":"71188503","name":"COVER"},{"catalog_number":"71188145","name":"MONITOR BRACKET"},{"catalog_number":"71187359","name":"PISTON"},{"catalog_number":"71187207","name":"SEAL"},{"catalog_number":"71186814","name":"BREATHER VENT"},{"catalog_number":"71186748","name":"SHIM"},{"catalog_number":"71186747","name":"SHIM"},{"catalog_number":"71186746","name":"SHIM"},{"catalog_number":"71186745","name":"SHIM"},{"catalog_number":"71186744","name":"SHIM"},{"catalog_number":"71186743","name":"SHIM"},{"catalog_number":"71186742","name":"SHIM"},{"catalog_number":"71186741","name":"SHIM"},{"catalog_number":"71184656","name":"SHAFT"},{"catalog_number":"71184418","name":"PLUG"},{"catalog_number":"71184415","name":"PLUG"},{"catalog_number":"71184409","name":"SPRING"},{"catalog_number":"71184401","name":"CAP"},{"catalog_number":"71184195","name":"DISC"},{"catalog_number":"71184148","name":"COVER"},{"catalog_number":"71184147","name":"HOUSING"},{"catalog_number":"71184145","name":"SQUARE KEY"},{"catalog_number":"71184144","name":"RETAINING RING"},{"catalog_number":"71184140","name":"PIN"},{"catalog_number":"71184136","name":"RING"},{"catalog_number":"71184135","name":"RETAINING RING"},{"catalog_number":"71184134","name":"RETAINING RING"},{"catalog_number":"71184133","name":"RETAINING RING"},{"catalog_number":"71184132","name":"RING"},{"catalog_number":"71184131","name":"RING"},{"catalog_number":"71184130","name":"RING"},{"catalog_number":"71184129","name":"RING"},{"catalog_number":"71184128","name":"RING"},{"catalog_number":"71183843","name":"BUSH"},{"catalog_number":"71183841","name":"SHAFT"},{"catalog_number":"71183839","name":"RETAINING RING"},{"catalog_number":"71183828","name":"PARTICLE MAGNET"},{"catalog_number":"71183757","name":"GASKET"},{"catalog_number":"71183750","name":"TUBE ASSY"},{"catalog_number":"71183747","name":"STRAINER"},{"catalog_number":"71183737","name":"MANIFOLD"},{"catalog_number":"71183735","name":"SPACER"},{"catalog_number":"71183605","name":"SWITCH"},{"catalog_number":"71183535","name":"FILTER RETAINER"},{"catalog_number":"71183530","name":"BUSH"},{"catalog_number":"71183439","name":"COVER"},{"catalog_number":"71183403","name":"HEX CAP SCREW"},{"catalog_number":"71183170","name":"BRAKE DRUM"},{"catalog_number":"71182840","name":"MOUNTING PLATE"},{"catalog_number":"71182645","name":"COUPLING"},{"catalog_number":"71182466","name":"BODY CONNECTOR"},{"catalog_number":"71182465","name":"COUPLING"},{"catalog_number":"71181443","name":"SPACER"},{"catalog_number":"71179395","name":"SHAFT COVER"},{"catalog_number":"71178962","name":"SQUARE KEY"},{"catalog_number":"71178888","name":"SPACER"},{"catalog_number":"71177930","name":"SUPPORT"},{"catalog_number":"71177386","name":"FLAT WASHER"},{"catalog_number":"71177385","name":"FLAT WASHER"},{"catalog_number":"711770","name":"BALL BEARING"},{"catalog_number":"71176964","name":"GUIDE"},{"catalog_number":"71176963","name":"ARMATURE"},{"catalog_number":"71176960","name":"ARMATURE"},{"catalog_number":"71176951","name":"POPPET"},{"catalog_number":"71176360","name":"BEARING"},{"catalog_number":"71176156","name":"BEARING"},{"catalog_number":"71175963","name":"SHIM"},{"catalog_number":"71175962","name":"SHIM"},{"catalog_number":"71175961","name":"SHIM"},{"catalog_number":"71175960","name":"CARRIER"},{"catalog_number":"71175919","name":"FLAT WASHER"},{"catalog_number":"71175918","name":"HEX NUT"},{"catalog_number":"71175259","name":"CONTROL VALVE"},{"catalog_number":"71174718","name":"SPRING"},{"catalog_number":"71174391","name":"IDLER BRACKET"},{"catalog_number":"71173857","name":"THRUST WASHER"},{"catalog_number":"71173500","name":"ANTI-SKID TAPE"},{"catalog_number":"71173328","name":"KIT, SCREW"},{"catalog_number":"71172928","name":"SPRING"},{"catalog_number":"71172702","name":"COVER"},{"catalog_number":"71172701","name":"BODY"},{"catalog_number":"71171602","name":"BRAKE"},{"catalog_number":"71171275","name":"LEVER"},{"catalog_number":"71171269","name":"ADAPTER"},{"catalog_number":"71170925","name":"SHIM"},{"catalog_number":"71170924","name":"SHIM"},{"catalog_number":"71170923","name":"SHIM"},{"catalog_number":"71170922","name":"CARRIER"},{"catalog_number":"71170390","name":"GROMMET"},{"catalog_number":"71170388","name":"VALVE STEM"},{"catalog_number":"71169242","name":"COVER"},{"catalog_number":"71169204","name":"PLUG"},{"catalog_number":"71169161","name":"SPACER"},{"catalog_number":"71169157","name":"HEX CAP SCREW"},{"catalog_number":"71169156","name":"GEAR"},{"catalog_number":"71169155","name":"GEAR"},{"catalog_number":"71169066","name":"GASKET"},{"catalog_number":"71166172","name":"SHIM"},{"catalog_number":"71166171","name":"SHIM"},{"catalog_number":"71166170","name":"SHIM"},{"catalog_number":"71166154","name":"VENT"},{"catalog_number":"71162782","name":"BEARING CUP"},{"catalog_number":"71162781","name":"BEARING CONE"},{"catalog_number":"71162681","name":"SHAFT"},{"catalog_number":"71162565","name":"LIP SEAL"},{"catalog_number":"71161396","name":"THRUST BEARING"},{"catalog_number":"71160379","name":"NUT"},{"catalog_number":"71160303","name":"OIL SEAL"},{"catalog_number":"71160085","name":"THRUST WASHER"},{"catalog_number":"71160067","name":"DETENT SPRING"},{"catalog_number":"71160055","name":"RETAINING RING"},{"catalog_number":"71160044","name":"BEARING CUP"},{"catalog_number":"71160040","name":"GEAR"},{"catalog_number":"71160022","name":"SPACER"},{"catalog_number":"71160019","name":"COLLAR"},{"catalog_number":"71160013","name":"SHIM"},{"catalog_number":"71160012","name":"SHIM"},{"catalog_number":"71160011","name":"SHIM"},{"catalog_number":"71160010","name":"RETAINER"},{"catalog_number":"71159477","name":"THRUST WASHER"},{"catalog_number":"71158394","name":"EXTENSION"},{"catalog_number":"71157144","name":"BUSH"},{"catalog_number":"71155325","name":"COMPRESS. SPRING"},{"catalog_number":"71154722","name":"BALL BEARING"},{"catalog_number":"71154718","name":"BREATHER VENT"},{"catalog_number":"71153512","name":"IDLER PULLEY"},{"catalog_number":"71151430","name":"FILTER"},{"catalog_number":"71151362","name":"J-CLIP"},{"catalog_number":"711507HE1","name":"BEARING CONE"},{"catalog_number":"711507","name":"BEARING CONE"},{"catalog_number":"71149999","name":"CHAIN"},{"catalog_number":"71149992","name":"CHAIN KIT"},{"catalog_number":"71149976","name":"CHAIN KIT"},{"catalog_number":"71149972","name":"CHAIN"},{"catalog_number":"71149971","name":"CHAIN"},{"catalog_number":"71149970","name":"CHAIN"},{"catalog_number":"71149967","name":"CHAIN"},{"catalog_number":"71149966","name":"CHAIN"},{"catalog_number":"71149964","name":"CHAIN"},{"catalog_number":"71149963","name":"CHAIN"},{"catalog_number":"71149962","name":"CHAIN"},{"catalog_number":"71149897","name":"CHAIN"},{"catalog_number":"71149896","name":"OFFSET LINK"},{"catalog_number":"71149895","name":"CONNECTING LINK"},{"catalog_number":"71149894","name":"ATTACHING LINK"},{"catalog_number":"71149472","name":"CHAIN"},{"catalog_number":"71149388","name":"ATTACHING LINK"},{"catalog_number":"71148214","name":"SHIM"},{"catalog_number":"71148120","name":"V-BELT"},{"catalog_number":"71148102","name":"GASKET KIT"},{"catalog_number":"71145679","name":"IDLER SHEAVE"},{"catalog_number":"71141320","name":"BUSH"},{"catalog_number":"71141303","name":"SPACER"},{"catalog_number":"71139987","name":"NUT"},{"catalog_number":"71138464","name":"BEARING FLANGE"},{"catalog_number":"71137124","name":"COVER"},{"catalog_number":"71137123","name":"COVER"},{"catalog_number":"71137120","name":"IDLER SPROCKET"},{"catalog_number":"71136185","name":"RING"},{"catalog_number":"71136184","name":"WASHER"},{"catalog_number":"71134082","name":"SPACER"},{"catalog_number":"71133361","name":"BEARING FLANGE"},{"catalog_number":"71131411","name":"BREATHER CAP"},{"catalog_number":"71131016","name":"SEAL"},{"catalog_number":"71130538","name":"IDLER SPACER"},{"catalog_number":"71130258","name":"BEARING FLANGE"},{"catalog_number":"71129543","name":"BOLT"},{"catalog_number":"71127532","name":"SOCKET"},{"catalog_number":"71127313","name":"BEARING FLANGE"},{"catalog_number":"71126056","name":"BEARING"},{"catalog_number":"71124585","name":"SPIDER"},{"catalog_number":"71124448","name":"YOKE"},{"catalog_number":"711242","name":"BEARING CUP"},{"catalog_number":"7112405M1","name":"COVER"},{"catalog_number":"7112404M1","name":"SEAT CUSHION"},{"catalog_number":"7112403M1","name":"BACKREST CUSHION"},{"catalog_number":"7112402M1","name":"LEVEL INDICATOR"},{"catalog_number":"7112401M1","name":"BACKREST"},{"catalog_number":"7112400M1","name":"BACKREST"},{"catalog_number":"7112398M1","name":"BACKREST COVER"},{"catalog_number":"7112394M1","name":"KNIFE BACK"},{"catalog_number":"7112393M1","name":"KNIFE BLADE"},{"catalog_number":"7112392M1","name":"CTRSNK. RIVET"},{"catalog_number":"7112373M1","name":"DEFLECTOR"},{"catalog_number":"7112372M1","name":"DEFLECTOR, RH"},{"catalog_number":"7112371M1","name":"DEFLECTOR, LH"},{"catalog_number":"7112370M1","name":"SPOUT"},{"catalog_number":"7112367M91","name":"SUPPORT"},{"catalog_number":"7112325M91","name":"PLATE"},{"catalog_number":"7112321M1","name":"SPACER"},{"catalog_number":"7112315M91","name":"COVER"},{"catalog_number":"7112311M91","name":"COVER"},{"catalog_number":"7112309M91","name":"TIE ROD"},{"catalog_number":"7112291M91","name":"IDLER ARM"},{"catalog_number":"71122510","name":"BEARING"},{"catalog_number":"7112213M91","name":"BRACKET"},{"catalog_number":"7112208M91","name":"BRIDLE"},{"catalog_number":"7112207M1","name":"BUSH"},{"catalog_number":"7112206M91","name":"PANEL"},{"catalog_number":"7112197M91","name":"SUPPORT"},{"catalog_number":"7112184M1","name":"SUPPORT"},{"catalog_number":"7112181M1","name":"PLATE"},{"catalog_number":"7112178M91","name":"REPAIR KIT"},{"catalog_number":"7112165M91","name":"SWITCH"},{"catalog_number":"7112163M91","name":"EXTENSION"},{"catalog_number":"7112153M91","name":"DIVIDER"},{"catalog_number":"7112152M1","name":"SEALS KIT"},{"catalog_number":"7112142M1","name":"BACK SHELL"},{"catalog_number":"7112139M91","name":"CYLINDER"},{"catalog_number":"7112116M91","name":"OIL TANK"},{"catalog_number":"7112093M1","name":"SUPPORT"},{"catalog_number":"7112086M1","name":"GLASS"},{"catalog_number":"7112085M1","name":"PIN"},{"catalog_number":"7112059M1","name":"CONSOLE"},{"catalog_number":"7112039M1","name":"HANDLE"},{"catalog_number":"7112038M91","name":"SWITCH"},{"catalog_number":"7112036M91","name":"SWITCH"},{"catalog_number":"7112029M91","name":"HOSE"},{"catalog_number":"7112028M91","name":"HYDRAULIC HOSE"},{"catalog_number":"7111834M91","name":"TIE ROD"},{"catalog_number":"7111826M91","name":"DIVIDER SUPPORT"},{"catalog_number":"7111811M91","name":"BELT GUIDE"},{"catalog_number":"7111798M91","name":"SIDE, LEFT HAND"},{"catalog_number":"7111790M1","name":"PIPE FITTING"},{"catalog_number":"7111789M1","name":"UNION"},{"catalog_number":"7111738M91","name":"HOUSING"},{"catalog_number":"7111703M91","name":"BRACKET"},{"catalog_number":"7111679M91","name":"FRAME"},{"catalog_number":"71116532","name":"PLATE"},{"catalog_number":"7111650M91","name":"HYDRAULIC HOSE"},{"catalog_number":"7111648M1","name":"SHAFT"}]}