{"machinery_brand_name":"Ag-Chem","parts":[{"catalog_number":"71396134","name":"PUMP SET"},{"catalog_number":"71396132","name":"INSERT"},{"catalog_number":"71396129","name":"LEVELER"},{"catalog_number":"71396127","name":"FEEDBACK LINK"},{"catalog_number":"71396124","name":"BODY"},{"catalog_number":"71396110","name":"HEAD"},{"catalog_number":"71395996","name":"SQUARE."},{"catalog_number":"71395993","name":"SHIELD"},{"catalog_number":"71395991","name":"SQUARE."},{"catalog_number":"71395989","name":"DECAL"},{"catalog_number":"71395988","name":"DECAL"},{"catalog_number":"71395987","name":"DECAL"},{"catalog_number":"71395984","name":"BRACKET"},{"catalog_number":"71395976","name":"TOP"},{"catalog_number":"71395923","name":"DEFLECTOR"},{"catalog_number":"71395922","name":"TUBE"},{"catalog_number":"71395921","name":"SHROUD"},{"catalog_number":"71395917","name":"MUFFLER"},{"catalog_number":"71395913","name":"BRACKET"},{"catalog_number":"71395906","name":"HINGE BRACKET"},{"catalog_number":"71395903","name":"SHROUD"},{"catalog_number":"71395872","name":"SPRING"},{"catalog_number":"71395866","name":"AIRFOIL CHAFFER"},{"catalog_number":"71395865","name":"CHAFFER"},{"catalog_number":"71395855","name":"REINFRCEMNT SEAL"},{"catalog_number":"71395853","name":"SEALING PLATE"},{"catalog_number":"71395848","name":"PLUNGER SWITCH"},{"catalog_number":"71395845","name":"LENS"},{"catalog_number":"71395843","name":"HEAD LIGHT"},{"catalog_number":"71395840","name":"ARM"},{"catalog_number":"71395838","name":"BRACKET"},{"catalog_number":"71395832","name":"BRACKET"},{"catalog_number":"71395830","name":"BEACON HARNESS"},{"catalog_number":"71395825","name":"COUPLING"},{"catalog_number":"71395813","name":"ARM"},{"catalog_number":"71395810","name":"BRACE"},{"catalog_number":"71395808","name":"BRACKET"},{"catalog_number":"71395805","name":"PUMP SUPPORT"},{"catalog_number":"71395799","name":"SHEAVE"},{"catalog_number":"71395789","name":"TUBE"},{"catalog_number":"71395787","name":"HOSE"},{"catalog_number":"71395781","name":"HYDRAULIC HOSE"},{"catalog_number":"71395776","name":"PLUG"},{"catalog_number":"71395773","name":"THRESHOLD"},{"catalog_number":"71395771","name":"PANEL"},{"catalog_number":"71395770","name":"DECAL, SHIFTER"},{"catalog_number":"71395769","name":"PLASTIC PRIMER"},{"catalog_number":"71395768","name":"DOOR"},{"catalog_number":"71395767","name":"PLATE"},{"catalog_number":"71395764","name":"DECAL"},{"catalog_number":"71395763","name":"HVAC BEZEL"},{"catalog_number":"71395762","name":"DECAL"},{"catalog_number":"71395761","name":"DECAL"},{"catalog_number":"71395760","name":"DECAL"},{"catalog_number":"71395759","name":"DECAL"},{"catalog_number":"71395757","name":"MF DECAL"},{"catalog_number":"71395754","name":"GROMMET"},{"catalog_number":"71395753","name":"GROMMET"},{"catalog_number":"71395750","name":"RING"},{"catalog_number":"71395749","name":"DRIVE PULLEY"},{"catalog_number":"71395746","name":"TUBE"},{"catalog_number":"71395745","name":"TUBE"},{"catalog_number":"71395744","name":"TUBE"},{"catalog_number":"71395743","name":"TUBE"},{"catalog_number":"71395728","name":"BEARING PLATE"},{"catalog_number":"71395589","name":"EXTENSION"},{"catalog_number":"71395586","name":"SQUARE."},{"catalog_number":"71395585","name":"SQUARE."},{"catalog_number":"71395583","name":"DEFLECTOR"},{"catalog_number":"71395582","name":"DEFLECTOR"},{"catalog_number":"71395576","name":"HOUSING SEAL"},{"catalog_number":"71395573","name":"SQUARE KEY"},{"catalog_number":"71395571","name":"HEX HEAD BOLT"},{"catalog_number":"71395565","name":"BRACKET"},{"catalog_number":"71395464","name":"SPROCKET"},{"catalog_number":"71395422","name":"STONE TRAP COVER"},{"catalog_number":"71395416B","name":"INSTRUCTIONS"},{"catalog_number":"71395416","name":"INSTRUCTIONS"},{"catalog_number":"71395407","name":"ANGLE, RH"},{"catalog_number":"71395390","name":"SEAL"},{"catalog_number":"71395389","name":"SEAL"},{"catalog_number":"71395388","name":"SEAL"},{"catalog_number":"71395378","name":"PANEL"},{"catalog_number":"71395376","name":"STRAP"},{"catalog_number":"71395375","name":"SHIELD"},{"catalog_number":"71395372","name":"SUPPORT"},{"catalog_number":"71395359","name":"FRAME"},{"catalog_number":"71395358","name":"FLOOR"},{"catalog_number":"71395354","name":"LATCH"},{"catalog_number":"71395353","name":"PIVOT"},{"catalog_number":"71395352","name":"GRIP"},{"catalog_number":"71395351","name":"PLATE"},{"catalog_number":"71395346","name":"BULKHEAD COVER"},{"catalog_number":"71395344","name":"PLATE"},{"catalog_number":"71395343","name":"KIT"},{"catalog_number":"71395339","name":"SQUARE ROD"},{"catalog_number":"71395338","name":"PLATE"},{"catalog_number":"71395337","name":"SHIM"},{"catalog_number":"71395336","name":"BAND"},{"catalog_number":"71395335","name":"BAND"},{"catalog_number":"71395334","name":"BAND"},{"catalog_number":"71395325","name":"ELBOW"},{"catalog_number":"71395322","name":"O-RING"},{"catalog_number":"71395316B","name":"INSTRUCTIONS"},{"catalog_number":"71395275","name":"SUPPORT"},{"catalog_number":"71395263","name":"SEPARATOR PLATE"},{"catalog_number":"71395261","name":"DAMPER PLATE"},{"catalog_number":"71395255","name":"SPIDER"},{"catalog_number":"71395252","name":"HOUSING"},{"catalog_number":"71395250","name":"STRAIGHT BLADE"},{"catalog_number":"71395249","name":"KNIFE BAR"},{"catalog_number":"71395247","name":"HOUSING"},{"catalog_number":"71395246","name":"ROTOR"},{"catalog_number":"71395245","name":"CHOPPER"},{"catalog_number":"71395244","name":"HOUSING"},{"catalog_number":"71395239","name":"CHOPPER"},{"catalog_number":"71395236","name":"CURTAIN"},{"catalog_number":"71395234","name":"BRACKET"},{"catalog_number":"71395233","name":"ANGLE"},{"catalog_number":"71395232","name":"SHAFT"},{"catalog_number":"71395229","name":"HOUSING"},{"catalog_number":"71395218","name":"BRACKET"},{"catalog_number":"71395204","name":"INTERFACE UNIT"},{"catalog_number":"71395175","name":"PIVOT"},{"catalog_number":"71395173","name":"HYDRAULIC HOSE"},{"catalog_number":"71395172","name":"HYDRAULIC HOSE"},{"catalog_number":"71395167","name":"ADAPTER BLOCK"},{"catalog_number":"71395163","name":"CONNECTING LINK"},{"catalog_number":"71395162","name":"BRAKE KIT, RH"},{"catalog_number":"71395161","name":"KIT, ADJUSTER"},{"catalog_number":"71395160","name":"WHEEL CYL KIT RH"},{"catalog_number":"71395159","name":"BACKING PLATE"},{"catalog_number":"71395158","name":"SHOE KIT"},{"catalog_number":"71395157","name":"HEX HEAD BOLT"},{"catalog_number":"71395156","name":"NUT"},{"catalog_number":"71395155","name":"SPRING WASHER"},{"catalog_number":"71395154","name":"BRAKE KIT, LH"},{"catalog_number":"71395153","name":"KIT, ADJUSTER"},{"catalog_number":"71395152","name":"SPRING KIT"},{"catalog_number":"71395151","name":"WHEEL CYL KIT LH"},{"catalog_number":"71395048","name":"KIT"},{"catalog_number":"71394970","name":"HOUSING"},{"catalog_number":"71394969","name":"REINF STRIP"},{"catalog_number":"71394967","name":"SEAL"},{"catalog_number":"71394966","name":"DOOR"},{"catalog_number":"71394960","name":"SHAFT"},{"catalog_number":"71394957","name":"PAN"},{"catalog_number":"71394933","name":"PLATE"},{"catalog_number":"71394900","name":"GUIDE"},{"catalog_number":"71394899","name":"BRACKET"},{"catalog_number":"71394898","name":"MAIN BRACKET"},{"catalog_number":"71394897","name":"GUIDE"},{"catalog_number":"71394896","name":"BRACKET, LH"},{"catalog_number":"71394894","name":"BRACKET"},{"catalog_number":"71394893","name":"SUPPORT"},{"catalog_number":"71394892","name":"COVER, RH"},{"catalog_number":"71394891","name":"SURROUND"},{"catalog_number":"71394890","name":"SEAT SUPPORT"},{"catalog_number":"71394887","name":"HINGE"},{"catalog_number":"71394885","name":"SHIM"},{"catalog_number":"71394884","name":"GROMMET"},{"catalog_number":"71394883","name":"TRIM"},{"catalog_number":"71394880","name":"PUSH/PULL CABLE"},{"catalog_number":"71394879","name":"PLATE"},{"catalog_number":"71394878","name":"PLATE"},{"catalog_number":"71394877","name":"TRIM PANEL, LH"},{"catalog_number":"71394867","name":"STRAP"},{"catalog_number":"71394865","name":"STRAP"},{"catalog_number":"71394841","name":"SEAL"},{"catalog_number":"71394833","name":"SEAL"},{"catalog_number":"71394821","name":"SPACER"},{"catalog_number":"71394800","name":"PLATE"},{"catalog_number":"71394799","name":"BRACKET"},{"catalog_number":"71394797","name":"FLANGE BEARING"},{"catalog_number":"71394792","name":"HANDLE"},{"catalog_number":"71394790","name":"TUBE"},{"catalog_number":"71394789","name":"TUBE"},{"catalog_number":"71394725","name":"CABLE"},{"catalog_number":"71394721","name":"HARNESS"},{"catalog_number":"71394716","name":"CONTROL SHAFT"},{"catalog_number":"71394712","name":"HARNESS"},{"catalog_number":"71394702","name":"BRACKET"},{"catalog_number":"71394701","name":"HEAD LIGHT"},{"catalog_number":"71394688","name":"STEP"},{"catalog_number":"71394681","name":"STEP"},{"catalog_number":"71394594","name":"SPACER"},{"catalog_number":"71394593","name":"SPACER"},{"catalog_number":"71394589","name":"END"},{"catalog_number":"71394573","name":"PLATE"},{"catalog_number":"71394571","name":"PAN"},{"catalog_number":"71394569","name":"CLEVIS"},{"catalog_number":"71394567","name":"ARM"},{"catalog_number":"71394558","name":"DECAL"},{"catalog_number":"71394548","name":"SEPARATOR PAN"},{"catalog_number":"71394544","name":"SHAFT"},{"catalog_number":"71394540","name":"BEARING BRACKET"},{"catalog_number":"71394535","name":"AUGER"},{"catalog_number":"71394534","name":"AUGER"},{"catalog_number":"71394533","name":"AUGER"},{"catalog_number":"71394525","name":"BRACKET"},{"catalog_number":"71394523","name":"BRACKET"},{"catalog_number":"71394522","name":"COVER, LH"},{"catalog_number":"71394521","name":"COVER, RH"},{"catalog_number":"71394519","name":"MID COVER"},{"catalog_number":"71394518","name":"COVER, LH"},{"catalog_number":"71394517","name":"COVER, RH"},{"catalog_number":"71394516","name":"COVER, LH"},{"catalog_number":"71394515","name":"COVER, RH"},{"catalog_number":"71394514","name":"COVER"},{"catalog_number":"71394472","name":"STEP TREAD"},{"catalog_number":"71394420","name":"BRACE"},{"catalog_number":"71394419","name":"BRACE"},{"catalog_number":"71394418","name":"CORNER"},{"catalog_number":"71394406","name":"STOP"},{"catalog_number":"71394402","name":"SHIELD"},{"catalog_number":"71394397","name":"JUMPER HARNESS"},{"catalog_number":"71394378","name":"KIT"},{"catalog_number":"71394374","name":"ANCHOR"},{"catalog_number":"71394373","name":"SUPPORT"},{"catalog_number":"71394364","name":"SQUARE."},{"catalog_number":"71394363","name":"ANCHOR"},{"catalog_number":"71394354","name":"DRIVE PULLEY"},{"catalog_number":"71394353","name":"DRIVE PULLEY"},{"catalog_number":"71394352","name":"VAR SPEED BELT"},{"catalog_number":"71394325","name":"SUPPORT"},{"catalog_number":"71394323","name":"STRAP"},{"catalog_number":"71394321","name":"TAPE"},{"catalog_number":"71394318","name":"AUGER"},{"catalog_number":"71394306","name":"GUARD"},{"catalog_number":"71394223","name":"PANEL"},{"catalog_number":"71394222","name":"PANEL"},{"catalog_number":"71394194","name":"MOWER ASSEMBLY"},{"catalog_number":"71394193","name":"KNIFE"},{"catalog_number":"71394190","name":"MOWER ASSEMBLY"},{"catalog_number":"71394189","name":"KNIFE"},{"catalog_number":"71394187","name":"KNIFE"},{"catalog_number":"71394186","name":"KNIFE"},{"catalog_number":"71394185","name":"KNIFE"},{"catalog_number":"71394184","name":"MOWER ASSEMBLY"},{"catalog_number":"71394183","name":"KNIFE"},{"catalog_number":"71394181","name":"KNIFE"},{"catalog_number":"71394180","name":"MOWER ASSEMBLY"},{"catalog_number":"71394179","name":"KNIFE"},{"catalog_number":"71394178","name":"KNIFE"},{"catalog_number":"71394177","name":"KNIFE"},{"catalog_number":"71394175","name":"DECAL"},{"catalog_number":"71394174","name":"HOSE"},{"catalog_number":"71394173","name":"HOSE"},{"catalog_number":"71394172","name":"HOSE"},{"catalog_number":"71394170","name":"HOSE"},{"catalog_number":"71394169","name":"HOSE"},{"catalog_number":"71394161","name":"HOSE"},{"catalog_number":"71394151","name":"HOSE ASSY"},{"catalog_number":"71394150","name":"TUBE ASSY"},{"catalog_number":"71394146","name":"HYDRAULIC HOSE"},{"catalog_number":"71394141","name":"HOSE"},{"catalog_number":"71394140","name":"TUBE ASSY"},{"catalog_number":"71394139","name":"HOSE"},{"catalog_number":"71394138","name":"TUBE ASSY"},{"catalog_number":"71394137","name":"HOSE"},{"catalog_number":"71394134","name":"HEX SOCKET PLUG"},{"catalog_number":"71394133","name":"UNION"},{"catalog_number":"71394132","name":"O-RING"},{"catalog_number":"71394131","name":"FLAT WASHER"},{"catalog_number":"71394130","name":"HEX SOCKET PLUG"},{"catalog_number":"71394129","name":"COMPRESS. SPRING"},{"catalog_number":"71394128","name":"BALL"},{"catalog_number":"71394127","name":"SEAL"},{"catalog_number":"71394126","name":"SPACER SHIM"},{"catalog_number":"71394108","name":"GUARD"},{"catalog_number":"71394106","name":"POST"},{"catalog_number":"71393995","name":"GRAB"},{"catalog_number":"71393994","name":"GRAB"},{"catalog_number":"71393992","name":"RAMP"},{"catalog_number":"71393987","name":"BRACKET"},{"catalog_number":"71393985","name":"SUPPORT"},{"catalog_number":"71393984","name":"RAMP"},{"catalog_number":"71393983","name":"STRAP"},{"catalog_number":"71393978","name":"STRAP"},{"catalog_number":"71393949","name":"FLEX AIR HOSE"},{"catalog_number":"71393948","name":"FLEX AIR HOSE"},{"catalog_number":"71393947","name":"HANDLE"},{"catalog_number":"71393944","name":"HINGE"},{"catalog_number":"71393943","name":"BEZEL"},{"catalog_number":"71393941","name":"BOX"},{"catalog_number":"71393940","name":"SPEAKER GRILL"},{"catalog_number":"71393939","name":"CONSOLE BEZEL"},{"catalog_number":"71393938","name":"DOOR"},{"catalog_number":"71393931","name":"THROTTLE"},{"catalog_number":"71393926","name":"JACK NUT"},{"catalog_number":"71393924","name":"FRAME"},{"catalog_number":"71393923","name":"SQUARE."},{"catalog_number":"71393921","name":"SUPPORT"},{"catalog_number":"71393919","name":"STRAP"},{"catalog_number":"71393916","name":"SEAL"},{"catalog_number":"71393913","name":"SUPPORT"},{"catalog_number":"71393912","name":"TUBE"},{"catalog_number":"71393909","name":"SUPPORT"},{"catalog_number":"71393908","name":"ANCHOR"},{"catalog_number":"71393907","name":"SUPPORT"},{"catalog_number":"71393901","name":"RETAINER"},{"catalog_number":"71393893","name":"FILTER ELEMENT"},{"catalog_number":"71393888","name":"SOCKET HEAD BOLT"},{"catalog_number":"71393887","name":"GAS SPRING MOUNT"},{"catalog_number":"71393886","name":"GAS SPRING MOUNT"},{"catalog_number":"71393885","name":"DOOR, LEFT HAND"},{"catalog_number":"71393883","name":"SEAL"},{"catalog_number":"71393881","name":"DOOR HANDLE"},{"catalog_number":"71393877","name":"TUBE"},{"catalog_number":"71393876","name":"DOOR HANDLE"},{"catalog_number":"71393875","name":"RAIL"},{"catalog_number":"71393873","name":"RAIL"},{"catalog_number":"71393870","name":"HINGE"},{"catalog_number":"71393869","name":"CHANNEL"},{"catalog_number":"71393868","name":"CHANNEL"},{"catalog_number":"71393867","name":"CORNER"},{"catalog_number":"71393854","name":"COVER"},{"catalog_number":"71393850","name":"STRAP"},{"catalog_number":"71393849","name":"TUBE, LEFT HAND"},{"catalog_number":"71393847","name":"HOSE ASSY"},{"catalog_number":"71393843","name":"HOSE"},{"catalog_number":"71393842","name":"COOLER"},{"catalog_number":"71393838","name":"SHIELD"},{"catalog_number":"71393831","name":"HANDLE"},{"catalog_number":"71393824","name":"LEAF SCREEN"},{"catalog_number":"71393822","name":"SUPPORT"},{"catalog_number":"71393818","name":"SEAL"},{"catalog_number":"71393815","name":"SUPPORT"},{"catalog_number":"71393813","name":"DOOR"},{"catalog_number":"71393812","name":"DOOR SEAL"},{"catalog_number":"71393788","name":"SHIELD"},{"catalog_number":"71393786","name":"SHIELD"},{"catalog_number":"71393784","name":"SHIELD"},{"catalog_number":"71393782","name":"BRACKET"},{"catalog_number":"71393780","name":"BRACKET"},{"catalog_number":"71393778","name":"BRACKET"},{"catalog_number":"71393776","name":"BRACKET"},{"catalog_number":"71393775","name":"SPROCKET"},{"catalog_number":"71393774","name":"SHIM"},{"catalog_number":"71393772","name":"CAP"},{"catalog_number":"71393771","name":"LOCK"},{"catalog_number":"71393764","name":"BAR"},{"catalog_number":"71393763","name":"BUSH"},{"catalog_number":"71393762","name":"FLAP"},{"catalog_number":"71393761","name":"BAR"},{"catalog_number":"71393760","name":"BRACKET"},{"catalog_number":"71393759","name":"EXTENSION"},{"catalog_number":"71393758","name":"EXTENSION"},{"catalog_number":"71393757","name":"SHIELD"},{"catalog_number":"71393756","name":"SHIELD"},{"catalog_number":"71393755","name":"BAR"},{"catalog_number":"71393754","name":"BAR"},{"catalog_number":"71393753","name":"BAR"},{"catalog_number":"71393742","name":"BRACKET"},{"catalog_number":"71393720B","name":"INSTRUCTIONS"},{"catalog_number":"71393717","name":"EXTENSION"},{"catalog_number":"71393716","name":"PLATE"},{"catalog_number":"71393713","name":"WARNING DECAL"},{"catalog_number":"71393704","name":"LIGHT"},{"catalog_number":"71393703","name":"LIGHT"},{"catalog_number":"71393695","name":"COVER"},{"catalog_number":"71393694","name":"ANGLE"},{"catalog_number":"71393671","name":"PULLEY"},{"catalog_number":"71393666","name":"COUNTERSHAFT"},{"catalog_number":"71393665","name":"COUNTERSHAFT"},{"catalog_number":"71393650","name":"SEAL"},{"catalog_number":"71393636","name":"BLADE"},{"catalog_number":"71393623","name":"THROTTLE SHAFT"},{"catalog_number":"71393620","name":"AIR FILTER SEAL"},{"catalog_number":"71393619","name":"AIR FILTER SEAL"},{"catalog_number":"71393617","name":"SEAL"},{"catalog_number":"71393616","name":"A/C LOUVER SEAL"},{"catalog_number":"71393615","name":"STIFFENER"},{"catalog_number":"71393614","name":"STIFFENER"},{"catalog_number":"71393613","name":"STIFFENER"},{"catalog_number":"71393612","name":"STIFFENER"},{"catalog_number":"71393609","name":"STABILIZER BAR"},{"catalog_number":"71393605","name":"TRIM"},{"catalog_number":"71393604","name":"HEADER TRIM, LH"},{"catalog_number":"71393601","name":"SURROUND"},{"catalog_number":"71393551","name":"SPRAY ADHESIVE"},{"catalog_number":"71393547","name":"BODY"},{"catalog_number":"71393546","name":"TUBE"},{"catalog_number":"71393543","name":"SUPPORT"},{"catalog_number":"71393540","name":"AUGER"},{"catalog_number":"71393534","name":"CHAIN"},{"catalog_number":"71393533","name":"CHAIN"},{"catalog_number":"71393532","name":"TUBE"},{"catalog_number":"71393529","name":"SUPPORT"},{"catalog_number":"71393526","name":"DOOR"},{"catalog_number":"71393524","name":"BRACKET"},{"catalog_number":"71393512","name":"FRAME"},{"catalog_number":"71393506","name":"COVER"},{"catalog_number":"71393497","name":"SHIELD"},{"catalog_number":"71393494","name":"TRIM"},{"catalog_number":"71393493","name":"PIANO HINGE"},{"catalog_number":"71393492","name":"DOOR"},{"catalog_number":"71393476","name":"LADDER"},{"catalog_number":"71393474","name":"DOOR HANDLE KEY"},{"catalog_number":"71393472","name":"SEAL"},{"catalog_number":"71393471","name":"SEAL"},{"catalog_number":"71393468","name":"BUSH"},{"catalog_number":"71393467","name":"CAP"},{"catalog_number":"71393463","name":"FILTER RETAINER"},{"catalog_number":"71393455","name":"BRACKET"},{"catalog_number":"71393440","name":"PAN EXT"},{"catalog_number":"71393439","name":"DEFLECTOR KIT"},{"catalog_number":"71393435","name":"SPREADER"},{"catalog_number":"71393429","name":"BOOT"},{"catalog_number":"71393425P","name":"TRAY"},{"catalog_number":"71393424","name":"TRAY"},{"catalog_number":"71393419","name":"SUPPORT"},{"catalog_number":"71393414","name":"STRAP"},{"catalog_number":"71393411","name":"WINDOW"},{"catalog_number":"71393410","name":"HINGE PIN"},{"catalog_number":"71393405","name":"EXTENSION"},{"catalog_number":"71393404","name":"PLATE"},{"catalog_number":"71393403","name":"PLATE"},{"catalog_number":"71393402","name":"EXTENSION"},{"catalog_number":"71393401","name":"SHIELD"},{"catalog_number":"71393394","name":"BRACKET"},{"catalog_number":"71393392","name":"GEAR"},{"catalog_number":"71393391","name":"SENSOR COLLAR"},{"catalog_number":"71393389","name":"ANTIWRAP SHLD,LH"},{"catalog_number":"71393387","name":"ANTIWRAP SHLD,RH"},{"catalog_number":"71393384","name":"CROSS SHAFT"},{"catalog_number":"71393368","name":"HARNESS"},{"catalog_number":"71393367","name":"DECAL"},{"catalog_number":"71393355","name":"ANCHOR"},{"catalog_number":"71393354","name":"LEVER"},{"catalog_number":"71393352","name":"PLATE"},{"catalog_number":"71393341","name":"INSTRUCTIONS"},{"catalog_number":"71393335","name":"PRINTED FORM"},{"catalog_number":"71393332","name":"OPERATOR MANUAL"},{"catalog_number":"71393324","name":"HANDRAIL, RH"},{"catalog_number":"71393323","name":"HANDRAIL, LH"},{"catalog_number":"71393314","name":"SUPPORT SHAFT,LH"},{"catalog_number":"71393307","name":"FILTER BRACKET"},{"catalog_number":"71393301","name":"SHIFTER PIN"},{"catalog_number":"71393295","name":"KIT"},{"catalog_number":"71393291","name":"ADAPTER"},{"catalog_number":"71393290","name":"HARNESS"},{"catalog_number":"71393287","name":"SPEAKER"},{"catalog_number":"71393285","name":"CONTROL"},{"catalog_number":"71393282","name":"MODULE"},{"catalog_number":"71393281","name":"MODULE"},{"catalog_number":"71393277","name":"CONTROL"},{"catalog_number":"71393274","name":"DIVIDER"},{"catalog_number":"71393273","name":"SEAL"},{"catalog_number":"71393269","name":"SUPPORT"},{"catalog_number":"71393268","name":"PANEL"},{"catalog_number":"71393265","name":"PANEL"},{"catalog_number":"71393264","name":"EXTENSION"},{"catalog_number":"71393263","name":"PANEL"},{"catalog_number":"71393262","name":"SHAFT"},{"catalog_number":"71393261","name":"ELEVATOR SHAFT"},{"catalog_number":"71393260","name":"SPROCKET"},{"catalog_number":"71393259","name":"SUPPORT"},{"catalog_number":"71393258","name":"SHIELD"},{"catalog_number":"71393257","name":"WINDOW TRIM SEAL"},{"catalog_number":"71393251","name":"SQUARE."},{"catalog_number":"71393236","name":"FRAME"},{"catalog_number":"71393220","name":"SHIELD"},{"catalog_number":"71393122","name":"BRACKET"},{"catalog_number":"71393121","name":"ROD"},{"catalog_number":"71393118","name":"LEVER"},{"catalog_number":"71393117","name":"BULKHEAD"},{"catalog_number":"71393107","name":"CYL BAR SHIM"},{"catalog_number":"71393104","name":"BAR"},{"catalog_number":"71393101","name":"BEATER FLIGHT"},{"catalog_number":"71392900","name":"SHIM"},{"catalog_number":"71392899","name":"SHIM"},{"catalog_number":"71392898","name":"SEAL"},{"catalog_number":"71392897","name":"RETAINING RING"},{"catalog_number":"71392896","name":"BEARING SET"},{"catalog_number":"71392895","name":"BEARING SET"},{"catalog_number":"71392894","name":"BEARING SET"},{"catalog_number":"71392892","name":"COVER PLATE"},{"catalog_number":"71392891","name":"SHIFT FORK"},{"catalog_number":"71392890","name":"SHIFT RAIL"},{"catalog_number":"71392888","name":"GEAR"},{"catalog_number":"71392887","name":"GEAR SHAFT"},{"catalog_number":"71392886","name":"GEAR CASE"},{"catalog_number":"71392882","name":"HOSE"},{"catalog_number":"71392881","name":"HOSE"},{"catalog_number":"71392879","name":"HYDRAULIC HOSE"},{"catalog_number":"71392876","name":"STEERING UNIT"},{"catalog_number":"71392875","name":"HYDRAULIC HOSE"},{"catalog_number":"71392872","name":"HOSE"},{"catalog_number":"71392870","name":"MOTOR"},{"catalog_number":"71392866","name":"VALVE HOUSING"},{"catalog_number":"71392862","name":"SHAFT SEAL"},{"catalog_number":"71392857","name":"ORIFICE SCREW"},{"catalog_number":"71392856","name":"ORIFICE SCREW"},{"catalog_number":"71392855","name":"PLUG"},{"catalog_number":"71392854","name":"ORIFICE PLUG"},{"catalog_number":"71392853","name":"SPRING"},{"catalog_number":"71392852","name":"SPOOL"},{"catalog_number":"71392847","name":"FRAME"},{"catalog_number":"71392846","name":"SHEET"},{"catalog_number":"71392843","name":"SPIDER"},{"catalog_number":"71392842","name":"SHIELD"},{"catalog_number":"71392841","name":"SHIELD"},{"catalog_number":"71392838","name":"SHIELD"},{"catalog_number":"71392837","name":"SQUARE."},{"catalog_number":"71392836","name":"SHIELD"},{"catalog_number":"71392835S","name":"SHIELD"},{"catalog_number":"71392835C","name":"SHIELD"},{"catalog_number":"71392833S","name":"SHIELD"},{"catalog_number":"71392831","name":"SHIELD"},{"catalog_number":"71392830","name":"SQUARE."},{"catalog_number":"71392828","name":"SUPPORT"},{"catalog_number":"71392788","name":"BRAKE DRUM HUB"},{"catalog_number":"71392782","name":"SPACER"},{"catalog_number":"71392781","name":"SHAFT"},{"catalog_number":"71392776","name":"DECAL"},{"catalog_number":"71392774","name":"PULLEY"},{"catalog_number":"71392773","name":"PULLEY"},{"catalog_number":"71392772","name":"SPACER"},{"catalog_number":"71392770","name":"DRIVE SHEAVE"},{"catalog_number":"71392768","name":"KIT"},{"catalog_number":"71392767","name":"TUBE"},{"catalog_number":"71392766","name":"TUBE"},{"catalog_number":"71392756","name":"SHEET METAL"},{"catalog_number":"71392754","name":"SHIELD"},{"catalog_number":"71392753","name":"SUPPORT"},{"catalog_number":"71392752","name":"SHANK"},{"catalog_number":"71392716","name":"PLATE"},{"catalog_number":"71392715","name":"NUT"},{"catalog_number":"71392714","name":"STOP"},{"catalog_number":"71392705","name":"SPACER BLOCK"},{"catalog_number":"71392703","name":"BAR"},{"catalog_number":"71392702","name":"STRAP"},{"catalog_number":"71392701","name":"FAN"},{"catalog_number":"71392700","name":"AUGER"},{"catalog_number":"71392694","name":"TIE ROD"},{"catalog_number":"71392692","name":"TIE ROD"},{"catalog_number":"71392691","name":"BEARING ASSY"},{"catalog_number":"71392690","name":"ROTOR DEFLECTOR"},{"catalog_number":"71392681","name":"AIRFOIL CHAFFER"},{"catalog_number":"71392680","name":"CHAFFER"},{"catalog_number":"71392677","name":"RISER EXTENSION"},{"catalog_number":"71392675","name":"AUGER"},{"catalog_number":"71392664","name":"PANEL"},{"catalog_number":"71392638","name":"SHAFT"},{"catalog_number":"71392637","name":"SPROCKET"},{"catalog_number":"71392636","name":"PULLEY"},{"catalog_number":"71392633","name":"SUPPORT"},{"catalog_number":"71392624","name":"CHANNEL"},{"catalog_number":"71392622","name":"CHANNEL"},{"catalog_number":"71392621","name":"CHANNEL"},{"catalog_number":"71392618","name":"CHANNEL"},{"catalog_number":"71392616","name":"FRAME"},{"catalog_number":"71392601","name":"PANEL"},{"catalog_number":"71392597","name":"PIN"},{"catalog_number":"71392596","name":"BELT"},{"catalog_number":"71392595","name":"WHEEL"},{"catalog_number":"71392594","name":"KIT"},{"catalog_number":"71392593","name":"ARM"},{"catalog_number":"71392590","name":"PLATE"},{"catalog_number":"71392588","name":"HEX CAP SCREW"},{"catalog_number":"71392581","name":"NUT"},{"catalog_number":"71392580","name":"BOLT"},{"catalog_number":"71392578","name":"BOLT"},{"catalog_number":"71392573","name":"BOLT"},{"catalog_number":"71392571","name":"BOLT"},{"catalog_number":"71392568","name":"BOLT"},{"catalog_number":"71392567","name":"BOLT"},{"catalog_number":"71392566","name":"BOLT"},{"catalog_number":"71392565","name":"BOLT"},{"catalog_number":"71392564","name":"BOLT"},{"catalog_number":"71392561","name":"BOLT"},{"catalog_number":"71392560","name":"BOLT"},{"catalog_number":"71392557","name":"SEAL"},{"catalog_number":"71392555","name":"BUSH"},{"catalog_number":"71392554","name":"BUSH"},{"catalog_number":"71392553","name":"BUSH"},{"catalog_number":"71392552","name":"SEALING PLUG"},{"catalog_number":"71392548","name":"SCREW"},{"catalog_number":"71392547","name":"SCREW"},{"catalog_number":"71392546","name":"KEY"},{"catalog_number":"71392544","name":"WASHER"},{"catalog_number":"71392543","name":"WASHER"},{"catalog_number":"71392540","name":"WASHER"},{"catalog_number":"71392539","name":"NUT"},{"catalog_number":"71392538","name":"NUT"},{"catalog_number":"71392537","name":"BOLT"},{"catalog_number":"71392535","name":"STUD BOLT"},{"catalog_number":"71392534","name":"BOLT"},{"catalog_number":"71392531","name":"BOLT"},{"catalog_number":"71392530","name":"BOLT"},{"catalog_number":"71392529","name":"BOLT"},{"catalog_number":"71392528","name":"YOKE"},{"catalog_number":"71392527","name":"TUBE"},{"catalog_number":"71392525","name":"SHIELD"},{"catalog_number":"71392524","name":"SHIELD"},{"catalog_number":"71392520","name":"CLUTCH"},{"catalog_number":"71392517","name":"LENS"},{"catalog_number":"71392516","name":"DECAL"},{"catalog_number":"71392515","name":"DECAL"}]}