{"machinery_brand_name":"Ag-Chem","parts":[{"catalog_number":"72503947","name":"RING"},{"catalog_number":"72503936","name":"PIN"},{"catalog_number":"72503926","name":"PLATE"},{"catalog_number":"72503870","name":"SEAL"},{"catalog_number":"72503372","name":"HEAD LIGHT"},{"catalog_number":"72503125","name":"DECAL"},{"catalog_number":"72502796","name":"ASHTRAY"},{"catalog_number":"72502789","name":"SEAT BELT"},{"catalog_number":"72502614","name":"ROOF LIGHT"},{"catalog_number":"72502409","name":"RUBBER"},{"catalog_number":"72501109","name":"LENS"},{"catalog_number":"72501085","name":"SLEEVE"},{"catalog_number":"72500809","name":"ARM"},{"catalog_number":"72433724","name":"KIT"},{"catalog_number":"722868","name":"WIRE"},{"catalog_number":"72258989","name":"KIT, LIGHTING"},{"catalog_number":"722355","name":"WIRE"},{"catalog_number":"72201862","name":"FUEL TANK CAP"},{"catalog_number":"72201828","name":"COUPLER"},{"catalog_number":"72163242","name":"KIT"},{"catalog_number":"72163195","name":"AEROSOL"},{"catalog_number":"72163173","name":"SOLENOID SWITCH"},{"catalog_number":"72163172","name":"DISC"},{"catalog_number":"72163081","name":"BREAKER"},{"catalog_number":"72163068","name":"UNION"},{"catalog_number":"72162995","name":"KIT"},{"catalog_number":"72162821","name":"BOOT"},{"catalog_number":"72162820","name":"PLUNGER"},{"catalog_number":"72162819","name":"KIT, SCREW"},{"catalog_number":"72162818","name":"SCREW"},{"catalog_number":"72162815","name":"SCREW"},{"catalog_number":"72162814","name":"SHOE"},{"catalog_number":"72162812","name":"INSULATOR"},{"catalog_number":"72162811","name":"INSULATOR"},{"catalog_number":"72162810","name":"KIT, CONNECTOR"},{"catalog_number":"72162809","name":"INSULATOR"},{"catalog_number":"72162808","name":"COIL"},{"catalog_number":"72162806","name":"SCREW"},{"catalog_number":"72162804","name":"KIT, BRUSH PLATE"},{"catalog_number":"72162803","name":"KIT"},{"catalog_number":"72162802","name":"SEALS KIT"},{"catalog_number":"72162801","name":"KIT, BRUSH"},{"catalog_number":"72162799","name":"FRAME"},{"catalog_number":"72162732","name":"HEX CAP SCREW"},{"catalog_number":"72162656","name":"BREAKER"},{"catalog_number":"72162088","name":"BUSH"},{"catalog_number":"72161999","name":"GLASS SPACER"},{"catalog_number":"72161967","name":"BUSH"},{"catalog_number":"72161939","name":"SHAFT"},{"catalog_number":"72161938","name":"PIN"},{"catalog_number":"72161937","name":"TUBE"},{"catalog_number":"72161936","name":"BUSH"},{"catalog_number":"72161935","name":"TUBE"},{"catalog_number":"72161921","name":"SPRING"},{"catalog_number":"72161889","name":"CLAMP"},{"catalog_number":"72161885","name":"BOLT"},{"catalog_number":"72161722","name":"BEARING"},{"catalog_number":"72161441","name":"RIGHT HAND LATCH"},{"catalog_number":"72161282","name":"WIRE"},{"catalog_number":"72161280","name":"T-BOLT CLAMP"},{"catalog_number":"72161024","name":"LOUVER"},{"catalog_number":"72161012","name":"SEAL"},{"catalog_number":"72160993","name":"HOSE CLAMP"},{"catalog_number":"72160927","name":"SPLIT SLEEVE"},{"catalog_number":"72160919","name":"RELAY"},{"catalog_number":"72160909","name":"HUB"},{"catalog_number":"72160887","name":"BUSH"},{"catalog_number":"72160831","name":"WASHER"},{"catalog_number":"72160036","name":"KEY"},{"catalog_number":"721258","name":"CONTROL KNOB"},{"catalog_number":"72116","name":"FUEL FILTER"},{"catalog_number":"72113","name":"FILTER"},{"catalog_number":"72112","name":"FILTER"},{"catalog_number":"72110547","name":"GREASE SEAL"},{"catalog_number":"72096R","name":"PUMP"},{"catalog_number":"72091","name":"FILTER"},{"catalog_number":"720870","name":"HOSE CLAMP"},{"catalog_number":"720656","name":"HOSE CLAMP"},{"catalog_number":"720649","name":"HOSE CLAMP"},{"catalog_number":"720326","name":"KNOB"},{"catalog_number":"720219","name":"HOSE CLAMP"},{"catalog_number":"7200640003","name":"FINAL DRIVE"},{"catalog_number":"7200640002","name":"FINAL DRIVE"},{"catalog_number":"7200440001","name":"KIT,DIFFERENTIAL"},{"catalog_number":"718960100410","name":"SHUTTER"},{"catalog_number":"718960100400","name":"SHUTTER"},{"catalog_number":"718960100271","name":"LEG SPRING"},{"catalog_number":"718960100062","name":"RETAINER"},{"catalog_number":"718921070171","name":"LOWER LINKAGE"},{"catalog_number":"718870060151","name":"LOWER LINKAGE"},{"catalog_number":"718870030080","name":"LOCK PLATE"},{"catalog_number":"718870030070","name":"LOCK PLATE"},{"catalog_number":"718870030060","name":"BUSH"},{"catalog_number":"718870030050","name":"BOLT"},{"catalog_number":"718860100302","name":"RETAINER"},{"catalog_number":"718860030051","name":"LIFT SHAFT"},{"catalog_number":"718860030042","name":"LIFT ARM"},{"catalog_number":"718860030032","name":"LIFT ARM"},{"catalog_number":"718860030022","name":"LIFT ARM"},{"catalog_number":"718860030012","name":"LIFT ARM"},{"catalog_number":"718160150022","name":"AXLE HOUSING"},{"catalog_number":"718150220250","name":"PISTON"},{"catalog_number":"718150220220","name":"CONTROL SLEEVE"},{"catalog_number":"718150220210","name":"SPUR GEAR"},{"catalog_number":"718150220200","name":"SPUR GEAR"},{"catalog_number":"718150220160","name":"COMPRESS. SPRING"},{"catalog_number":"718150220080","name":"OUTER DISC"},{"catalog_number":"718150152012","name":"SHAFT"},{"catalog_number":"718150151310","name":"PLANET PINION"},{"catalog_number":"718150151300","name":"PLANET PINION"},{"catalog_number":"718150151231","name":"WHEEL BOLT"},{"catalog_number":"718150151113","name":"AXLE HOUSING"},{"catalog_number":"718150151102","name":"AXLE"},{"catalog_number":"718150151033","name":"RING GEAR"},{"catalog_number":"718150150060","name":"NOZZLE"},{"catalog_number":"718150050032","name":"REAR AXLE COVER"},{"catalog_number":"718150050023","name":"RR. AXLE HSG"},{"catalog_number":"718150011031","name":"BEARING FLANGE"},{"catalog_number":"718150011030","name":"BEARING FLANGE"},{"catalog_number":"718150010020","name":"BEARING FLANGE"},{"catalog_number":"718110051024","name":"HOUSING"},{"catalog_number":"718100621020","name":"STRAP"},{"catalog_number":"718100490010","name":"SUCTION FLANGE"},{"catalog_number":"718100430310","name":"VALVE PLATE"},{"catalog_number":"718100410010","name":"OIL COLLECT PLT"},{"catalog_number":"718100320010","name":"BEARING CAP"},{"catalog_number":"718100100250","name":"BUSH"},{"catalog_number":"718100081082","name":"SHAFT"},{"catalog_number":"718100080270","name":"CIRCLIP"},{"catalog_number":"718100080110","name":"SHAFT"},{"catalog_number":"718100051021","name":"HOUSING"},{"catalog_number":"716961661030","name":"CAP"},{"catalog_number":"716961661020","name":"DUST PLUG"},{"catalog_number":"716961661010","name":"CAP"},{"catalog_number":"716961610050","name":"DUST CAP"},{"catalog_number":"716961610040","name":"DUST CAP"},{"catalog_number":"716961610020","name":"DUST CAP"},{"catalog_number":"716960100100","name":"BANJO BOLT"},{"catalog_number":"716921050010","name":"BOLT"},{"catalog_number":"716920010100","name":"LOCK PLATE"},{"catalog_number":"716890580020","name":"BANJO BOLT"},{"catalog_number":"716870040130","name":"STRIP TRIM"},{"catalog_number":"716870030030","name":"DISC"},{"catalog_number":"716870030020","name":"BOLT"},{"catalog_number":"716870030010","name":"BOLT"},{"catalog_number":"716861030121","name":"LIFT ARM"},{"catalog_number":"716861030111","name":"LIFT ARM"},{"catalog_number":"716861030020","name":"LIFT ARM"},{"catalog_number":"716861030010","name":"LIFT ARM"},{"catalog_number":"716860100300","name":"RETAINER"},{"catalog_number":"716860070020","name":"SHROUD PANEL"},{"catalog_number":"716860070011","name":"TAB WASHER"},{"catalog_number":"716860030080","name":"BOLT"},{"catalog_number":"716860030061","name":"BUSH"},{"catalog_number":"716860030050","name":"DISC"},{"catalog_number":"716860030042","name":"LIFT SHAFT"},{"catalog_number":"716860030030","name":"DISC"},{"catalog_number":"716701180100","name":"HEX HEAD BOLT"},{"catalog_number":"716701180020","name":"FITTING KEY"},{"catalog_number":"716502112120","name":"SHUTTER"},{"catalog_number":"716501900140","name":"TYPE PLATE"},{"catalog_number":"716501900010","name":"MARKING PLATE"},{"catalog_number":"716501120620","name":"SHEET METAL"},{"catalog_number":"716501120200","name":"LOCK PLATE"},{"catalog_number":"716501120110","name":"COMPENS."},{"catalog_number":"716501120100","name":"BOLT"},{"catalog_number":"716501120030","name":"LOCKING BOLT"},{"catalog_number":"716500060120","name":"SHROUD PANEL"},{"catalog_number":"716500060111","name":"COVER"},{"catalog_number":"716500060030","name":"ANGLE"},{"catalog_number":"716300170060","name":"PLUG ELEMENT"},{"catalog_number":"716200090100","name":"DISCHARGE VALVE"},{"catalog_number":"716200010010","name":"DISC"},{"catalog_number":"716161150014","name":"REAR AXLE SHAFT"},{"catalog_number":"716161050011","name":"REAR AXLE COVER"},{"catalog_number":"716160150180","name":"RING"},{"catalog_number":"716160150170","name":"BUSH"},{"catalog_number":"716152150011","name":"AXLE"},{"catalog_number":"716151220816","name":"DISC"},{"catalog_number":"716151220815","name":"DISC"},{"catalog_number":"716151220814","name":"DISC"},{"catalog_number":"716151220813","name":"DISC"},{"catalog_number":"716151220812","name":"DISC"},{"catalog_number":"716151220811","name":"DISC"},{"catalog_number":"716151220810","name":"DISC"},{"catalog_number":"716151220809","name":"DISC"},{"catalog_number":"716151220808","name":"DISC"},{"catalog_number":"716151220807","name":"DISC"},{"catalog_number":"716151220806","name":"DISC"},{"catalog_number":"716151220805","name":"DISC"},{"catalog_number":"716151220804","name":"DISC"},{"catalog_number":"716151220803","name":"DISC"},{"catalog_number":"716151220802","name":"DISC"},{"catalog_number":"716151220801","name":"DISC"},{"catalog_number":"716151220800","name":"DISC"},{"catalog_number":"716151220460","name":"COVER"},{"catalog_number":"716151220450","name":"SHIFTER SHAFT"},{"catalog_number":"716151220440","name":"SHIFTER SHAFT"},{"catalog_number":"716151220431","name":"SHIFT FORK"},{"catalog_number":"716151220421","name":"SHIFT FORK"},{"catalog_number":"716151220400","name":"LOCKING BOLT"},{"catalog_number":"716151220210","name":"THRUST WASHER"},{"catalog_number":"716151220200","name":"BUSH"},{"catalog_number":"716151220141","name":"OUTPUT SHAFT"},{"catalog_number":"716151220101","name":"SPUR GEAR"},{"catalog_number":"716151220091","name":"SPUR GEAR"},{"catalog_number":"716151220081","name":"SPUR GEAR"},{"catalog_number":"716151220071","name":"SPUR GEAR"},{"catalog_number":"716151220061","name":"SPUR GEAR"},{"catalog_number":"716151220020","name":"HOLDER"},{"catalog_number":"716151150060","name":"BRAKE CALIPER"},{"catalog_number":"716151150051","name":"SHAFT"},{"catalog_number":"716151150023","name":"RING GEAR"},{"catalog_number":"716151150010","name":"AXLE HOUSING"},{"catalog_number":"716150620060","name":"NOZZLE"},{"catalog_number":"716150220990","name":"DISC"},{"catalog_number":"716150220980","name":"DISC"},{"catalog_number":"716150220970","name":"DISC"},{"catalog_number":"716150220960","name":"DISC"},{"catalog_number":"716150220950","name":"DISC"},{"catalog_number":"716150220940","name":"DISC"},{"catalog_number":"716150220930","name":"DISC"},{"catalog_number":"716150220920","name":"DISC"},{"catalog_number":"716150220910","name":"DISC"},{"catalog_number":"716150220900","name":"DISC"},{"catalog_number":"716150220660","name":"INNER DISC"},{"catalog_number":"716150220360","name":"DISK SPRING"},{"catalog_number":"716150220310","name":"DISC"},{"catalog_number":"716150220280","name":"SPACER RING"},{"catalog_number":"716150220261","name":"BUSH"},{"catalog_number":"716150220190","name":"GUIDE BUSHING"},{"catalog_number":"716150220181","name":"LAMINATION BRCKT"},{"catalog_number":"716150220062","name":"FLANGE"},{"catalog_number":"716150220061","name":"FLANGE"},{"catalog_number":"716150220050","name":"CLUTCH BELL HSG"},{"catalog_number":"716150150500","name":"OUTER DISC"},{"catalog_number":"716150150230","name":"WHEEL BOLT"},{"catalog_number":"716150150160","name":"NOZZLE"},{"catalog_number":"716150150130","name":"NOZZLE"},{"catalog_number":"716150150080","name":"SCREW"},{"catalog_number":"716150150071","name":"PLANET PINION"},{"catalog_number":"716150150023","name":"CARRIER"},{"catalog_number":"716150070390","name":"RETAINER"},{"catalog_number":"716150070340","name":"SEAL"},{"catalog_number":"716150070300","name":"INTERM. PIECE"},{"catalog_number":"716150031060","name":"BUSH"},{"catalog_number":"716150031050","name":"BOLT"},{"catalog_number":"716150030190","name":"SHEET METAL"},{"catalog_number":"716150030180","name":"TOOTH SECTOR"},{"catalog_number":"716150030170","name":"BOLT"},{"catalog_number":"716150030160","name":"HANDLE GRIP"},{"catalog_number":"716150030140","name":"HOUSING"},{"catalog_number":"716150030081","name":"ARM BRACKET"},{"catalog_number":"716150030071","name":"ARM BRACKET"},{"catalog_number":"716150030060","name":"ROCKER"},{"catalog_number":"716150030051","name":"CLEVIS"},{"catalog_number":"716150030010","name":"RATCHET ROD"},{"catalog_number":"716150010790","name":"DISC"},{"catalog_number":"716150010780","name":"DISC"},{"catalog_number":"716150010770","name":"DISC"},{"catalog_number":"716150010760","name":"DISC"},{"catalog_number":"716150010750","name":"DISC"},{"catalog_number":"716150010740","name":"DISC"},{"catalog_number":"716150010730","name":"DISC"},{"catalog_number":"716150010720","name":"DISC"},{"catalog_number":"716150010710","name":"DISC"},{"catalog_number":"716150010700","name":"DISC"},{"catalog_number":"716150010520","name":"OUTER DISC"},{"catalog_number":"716150010510","name":"OUTER DISC"},{"catalog_number":"716150010500","name":"INNER DISC"},{"catalog_number":"716150010271","name":"DIFF SIDE GEAR"},{"catalog_number":"716150010261","name":"DIFF PINION"},{"catalog_number":"716150010251","name":"DIFF SIDE GEAR"},{"catalog_number":"716150010181","name":"THRUST WASHER"},{"catalog_number":"716150010171","name":"PISTON"},{"catalog_number":"716150010160","name":"RING"},{"catalog_number":"716150010150","name":"RING"},{"catalog_number":"716150010141","name":"CROSS BEARING"},{"catalog_number":"716150010112","name":"BEARING FLANGE"},{"catalog_number":"716150010091","name":"AXLE"},{"catalog_number":"716150010081","name":"AXLE"},{"catalog_number":"716150010023","name":"HOUSING"},{"catalog_number":"716101380021","name":"SPUR GEAR"},{"catalog_number":"716101081040","name":"SHIFT FORK"},{"catalog_number":"716101081010","name":"PISTON"},{"catalog_number":"716100600040","name":"PLATE"},{"catalog_number":"716100600030","name":"COMPRESS. SPRING"},{"catalog_number":"716100530021","name":"SHAFT"},{"catalog_number":"716100490200","name":"SUCTION FLANGE"},{"catalog_number":"716100490110","name":"COVER"},{"catalog_number":"716100490071","name":"CENTERING COVER"},{"catalog_number":"716100490033","name":"SPUR GEAR"},{"catalog_number":"716100490020","name":"SPUR GEAR"},{"catalog_number":"716100430020","name":"CONN. FLANGE"},{"catalog_number":"716100420171","name":"PROFILE RING"},{"catalog_number":"716100420160","name":"SEAL"},{"catalog_number":"716100420051","name":"RING HALF"},{"catalog_number":"716100410080","name":"CIRCLIP"},{"catalog_number":"716100410071","name":"SOCKET"},{"catalog_number":"716100410060","name":"OIL COLLECT PLT"},{"catalog_number":"716100380100","name":"IMPULSE ROTOR"},{"catalog_number":"716100380011","name":"SPUR GEAR"},{"catalog_number":"716100320130","name":"SHAFT LIP SEAL"},{"catalog_number":"716100320120","name":"DISK SPRING"},{"catalog_number":"716100320070","name":"VALVE PLUNGER"},{"catalog_number":"716100320060","name":"BOLT"},{"catalog_number":"716100320020","name":"PISTON"},{"catalog_number":"716100170301","name":"GUARD"},{"catalog_number":"716100090710","name":"CONSOLE"},{"catalog_number":"716100090211","name":"RING"},{"catalog_number":"716100080430","name":"SPUR GEAR"},{"catalog_number":"716100080390","name":"OIL COLLECT PLT"},{"catalog_number":"716100080250","name":"CIRCLIP"},{"catalog_number":"716100080110","name":"SHAFT"},{"catalog_number":"716100050070","name":"RUBBER STRIP"},{"catalog_number":"71530722","name":"KIT"},{"catalog_number":"71530397","name":"KIT, WHEEL"},{"catalog_number":"71530159","name":"KIT"},{"catalog_number":"71530154","name":"KIT"},{"catalog_number":"71530118","name":"KIT"},{"catalog_number":"71530117","name":"KIT"},{"catalog_number":"71506606","name":"SPRING WASHER"},{"catalog_number":"71505895","name":"BEARING"},{"catalog_number":"71505683","name":"SHIELD"},{"catalog_number":"71505682","name":"SHIELD"},{"catalog_number":"71505681","name":"SPACER"},{"catalog_number":"71504649","name":"MIRROR"},{"catalog_number":"71502674","name":"SPOOL"},{"catalog_number":"71500377","name":"BRONZE BUSH"},{"catalog_number":"71499183","name":"ASHTRAY"},{"catalog_number":"71487329","name":"BALL BEARING"},{"catalog_number":"71486845","name":"OFFSET LINK"},{"catalog_number":"71486821","name":"WIRING HARNESS"},{"catalog_number":"71486820","name":"WIRING HARNESS"},{"catalog_number":"71486819","name":"MAIN HARNESS"},{"catalog_number":"71486112","name":"JUMPER HARNESS"},{"catalog_number":"71486076","name":"LINEAR ACTUATOR"},{"catalog_number":"71485635","name":"ELEVATOR CHAIN"},{"catalog_number":"71484758","name":"THREADED ROD"},{"catalog_number":"71483952","name":"PIVOT"},{"catalog_number":"71483951","name":"LATCH LEVER"},{"catalog_number":"71483650","name":"T-BOLT CLAMP"},{"catalog_number":"71483553","name":"AUGER"},{"catalog_number":"71483146","name":"V-GUIDE DRAPER"},{"catalog_number":"71483144","name":"V-GUIDE DRAPER"},{"catalog_number":"71483142","name":"V-GUIDE DRAPER"},{"catalog_number":"71483140","name":"V-GUIDE DRAPER"},{"catalog_number":"71483012","name":"SHOCK ABSORBER"},{"catalog_number":"71482979","name":"CONNECTION PIECE"},{"catalog_number":"71482191","name":"PERFORATED DOOR"},{"catalog_number":"71481267","name":"EXTENSION KIT"},{"catalog_number":"71480666","name":"MAGNET"},{"catalog_number":"71480398","name":"LINEAR ACTUATOR"},{"catalog_number":"71479908","name":"PLASTIC SKID"},{"catalog_number":"71478817","name":"SCR MUFFLER"},{"catalog_number":"71478816","name":"SCR MUFFLER"},{"catalog_number":"71478776","name":"V-BELT"},{"catalog_number":"71478726","name":"STOP BRACKET, LH"},{"catalog_number":"71477100","name":"ADAPTER FITTING"},{"catalog_number":"71477099","name":"BREATHER FILTER"},{"catalog_number":"71475790","name":"STUDS"},{"catalog_number":"71475784","name":"VALVE CARTRIDGE"},{"catalog_number":"71474572","name":"SWITCH"},{"catalog_number":"71473642","name":"TANK BRACKET"},{"catalog_number":"71473641","name":"RESERVOIR"},{"catalog_number":"71473634","name":"PADDLE BLADE,RH"},{"catalog_number":"71473633","name":"PADDLE BLADE,LH"},{"catalog_number":"71473157","name":"CUP HOLDER"},{"catalog_number":"71472587","name":"ELEVATOR CHAIN"},{"catalog_number":"71472050","name":"FINAL DRIVE"},{"catalog_number":"71471964","name":"RASP BAR"},{"catalog_number":"71471278","name":"FUEL ELEMENT"},{"catalog_number":"71471098","name":"HYD CYLINDER"},{"catalog_number":"71470828","name":"SPEED SENSOR"},{"catalog_number":"71470741","name":"TRANSMISSION"},{"catalog_number":"71469703","name":"BULKHEAD PLATE"},{"catalog_number":"71469565","name":"SWITCH"},{"catalog_number":"71469494","name":"DRIVE GEAR"},{"catalog_number":"71469492","name":"DRIVE GEAR"},{"catalog_number":"71469334","name":"AUGER COVER"},{"catalog_number":"71469322","name":"DOOR"},{"catalog_number":"71468939","name":"OFFSET LINK"},{"catalog_number":"71468846","name":"LIMIT SWITCH"},{"catalog_number":"71468764","name":"ELEVATOR CHAIN"},{"catalog_number":"71468763","name":"ELEVATOR CHAIN"},{"catalog_number":"71467424","name":"BRUSH KIT"},{"catalog_number":"71465558","name":"SKID"},{"catalog_number":"71465557","name":"SKID"},{"catalog_number":"71465496","name":"WIRE HARNESS"},{"catalog_number":"71465013","name":"SIEVE"},{"catalog_number":"71465011","name":"CORN CHAFFER"},{"catalog_number":"71465010","name":"SIEVE"},{"catalog_number":"71465009","name":"CHAFFER"},{"catalog_number":"71465008","name":"SIEVE"},{"catalog_number":"71465006","name":"CHAFFER"},{"catalog_number":"71465005","name":"SIEVE"},{"catalog_number":"71465004","name":"CHAFFER"},{"catalog_number":"71464954","name":"BEARING"},{"catalog_number":"71464697","name":"LED WORK LIGHT"},{"catalog_number":"71464106","name":"EXTENSION"},{"catalog_number":"71464103","name":"EXTENSION"},{"catalog_number":"71464101","name":"SIDE HANDRAIL"},{"catalog_number":"71463985","name":"DOOR LATCH"},{"catalog_number":"71462942","name":"SEAL KIT"},{"catalog_number":"71462852","name":"LATCH"},{"catalog_number":"71462607","name":"V-GUIDE DRAPER"},{"catalog_number":"71462605","name":"V-GUIDE DRAPER"},{"catalog_number":"71462603","name":"V-GUIDE DRAPER"},{"catalog_number":"71462601","name":"V-GUIDE DRAPER"},{"catalog_number":"71462541","name":"DRIVE SHAFT"},{"catalog_number":"71462384","name":"WIRING HARNESS"},{"catalog_number":"71462279","name":"BEARING"},{"catalog_number":"71462059","name":"PLATE"},{"catalog_number":"71461857","name":"SLAT"},{"catalog_number":"71461852","name":"CHAIN"},{"catalog_number":"71461496","name":"SCRAPER"},{"catalog_number":"71461494","name":"SCRAPER"},{"catalog_number":"71461493","name":"CHAIN"},{"catalog_number":"71461337","name":"SERVICE KIT"},{"catalog_number":"71461336","name":"STOP BRACKET"},{"catalog_number":"71461333","name":"WIRE HARNESS"},{"catalog_number":"71461332","name":"ISOLATOR KIT"},{"catalog_number":"71461331","name":"DAMPER KIT"},{"catalog_number":"71461330","name":"MOUNTING BRACKET"},{"catalog_number":"71461329","name":"SEAT SUSP. KIT"},{"catalog_number":"71461328","name":"BUMPERS KIT"},{"catalog_number":"71461326","name":"SEAT SUSP. KIT"},{"catalog_number":"71461325","name":"SEAT CUSHION"},{"catalog_number":"71461324","name":"SEAT CUSHION"},{"catalog_number":"71461226","name":"HITCH"},{"catalog_number":"71461138","name":"SHIELD"},{"catalog_number":"71461093","name":"SHIELD, LH"},{"catalog_number":"71461081","name":"SENSOR SNUBBER"},{"catalog_number":"71460655","name":"V-BELT"},{"catalog_number":"71460572","name":"POSITION SENSOR"},{"catalog_number":"71460571","name":"WIRE HARNESS"},{"catalog_number":"71460561","name":"ACTUATOR"},{"catalog_number":"71460447","name":"DRIVE SPROCKET"},{"catalog_number":"71460431","name":"KNIFE HEAD"},{"catalog_number":"71460136","name":"KIT"},{"catalog_number":"71460127","name":"FRAME"},{"catalog_number":"71460124","name":"PIVOT PIN"},{"catalog_number":"71460112","name":"KIT, HAMMER"},{"catalog_number":"71459923","name":"HANDRAIL"},{"catalog_number":"71459921","name":"HANDRAIL"},{"catalog_number":"71459919","name":"DOOR FRAME"},{"catalog_number":"71459858","name":"FUSE"},{"catalog_number":"71459119","name":"MUFFLER"},{"catalog_number":"71459032","name":"RADIATOR HOSE"},{"catalog_number":"71459031","name":"RADIATOR HOSE"},{"catalog_number":"71458994","name":"GUARD"},{"catalog_number":"71458140","name":"SEAL"},{"catalog_number":"71458139","name":"THRUST WASHER"},{"catalog_number":"71458138","name":"BUSH"},{"catalog_number":"71458137","name":"SEALS KIT"},{"catalog_number":"71458136","name":"SHAFT"},{"catalog_number":"71458135","name":"SHIM KIT"},{"catalog_number":"71458134","name":"BALL BEARING"},{"catalog_number":"71458133","name":"BALL BEARING"},{"catalog_number":"71458132","name":"SEALS KIT"},{"catalog_number":"71458131","name":"SUPPORT"},{"catalog_number":"71458130","name":"SUPPORT"},{"catalog_number":"71458129","name":"SOCKET HEAD BOLT"},{"catalog_number":"71458128","name":"SOCKET HEAD BOLT"},{"catalog_number":"71458127","name":"COVER"},{"catalog_number":"71458126","name":"CAM RING"},{"catalog_number":"71458110","name":"SUPPORT"},{"catalog_number":"71457837","name":"EXTENSION"},{"catalog_number":"71457820","name":"WHEEL"},{"catalog_number":"71457819","name":"WHEEL"},{"catalog_number":"71457791","name":"SPRING"},{"catalog_number":"71457790","name":"SPRING"},{"catalog_number":"71457787","name":"SPRING"},{"catalog_number":"71457783","name":"SPRING"},{"catalog_number":"71457663","name":"BELT"},{"catalog_number":"71457656","name":"BELT"},{"catalog_number":"71457637","name":"CLUTCH BODY"},{"catalog_number":"71457636","name":"CLUTCH BODY"},{"catalog_number":"71457612","name":"SOCKET HEAD BOLT"},{"catalog_number":"71457611","name":"COVER"},{"catalog_number":"71457609","name":"SPRING CARRIER"},{"catalog_number":"71457606","name":"PISTON"},{"catalog_number":"71457605","name":"PISTON"},{"catalog_number":"71457603","name":"HYDRAULIC CLUTCH"},{"catalog_number":"71457598","name":"LAMP"},{"catalog_number":"71457576","name":"SENSOR"},{"catalog_number":"71457411","name":"ANGLE"},{"catalog_number":"71457405","name":"CORNER"},{"catalog_number":"71457311","name":"CONNECTOR CAP"},{"catalog_number":"71457310","name":"CONNECTOR"},{"catalog_number":"71457309","name":"CONNECTOR CAP"},{"catalog_number":"71457308","name":"CONNECTOR"},{"catalog_number":"71457307","name":"CAP"},{"catalog_number":"71457305","name":"CAP"},{"catalog_number":"71457303","name":"CONNECTOR CAP"},{"catalog_number":"71457302","name":"CONNECTOR CAP"},{"catalog_number":"71457301","name":"SERPENTINE BELT"},{"catalog_number":"71456833","name":"BRACKET"},{"catalog_number":"71456693","name":"SHAFT"},{"catalog_number":"71456692","name":"THROTTLE"},{"catalog_number":"71456546","name":"GPS EXT CABLE"},{"catalog_number":"71455391","name":"WARNING DECAL"},{"catalog_number":"71455390","name":"HOOD PANEL"},{"catalog_number":"71455389","name":"HOOD PANEL"},{"catalog_number":"71455370","name":"KIT"},{"catalog_number":"71455365","name":"SHAFT"},{"catalog_number":"71455100","name":"ACTUATOR"},{"catalog_number":"71455055","name":"SEAL"},{"catalog_number":"71455054","name":"SEAL"},{"catalog_number":"71455028","name":"ROD"},{"catalog_number":"71454423","name":"CORNER"},{"catalog_number":"71454337","name":"WIRING HARNESS"},{"catalog_number":"71454290","name":"SENSOR"},{"catalog_number":"71453975","name":"SENSOR"},{"catalog_number":"71453968","name":"HARNESS"},{"catalog_number":"71453960","name":"KIT"},{"catalog_number":"71453951","name":"HARNESS"},{"catalog_number":"71453905","name":"COGGED V-BELT"},{"catalog_number":"71453762","name":"BEARING CONE"},{"catalog_number":"71453761","name":"BEARING CUP"},{"catalog_number":"71453748","name":"SHAFT"},{"catalog_number":"71453735","name":"HANDLE"},{"catalog_number":"71453732","name":"ACTUATOR"},{"catalog_number":"71453731","name":"SUPPORT"},{"catalog_number":"71453730","name":"WATER VALVE"},{"catalog_number":"71453728","name":"SUPPORT"},{"catalog_number":"71453727","name":"PANEL"},{"catalog_number":"71453717","name":"BELLOW"},{"catalog_number":"71453716","name":"CABLE"},{"catalog_number":"71453715","name":"PEDAL SPRING"},{"catalog_number":"71453714","name":"SPACER"},{"catalog_number":"71453713","name":"SPACER"},{"catalog_number":"71453712","name":"SPACER"},{"catalog_number":"71453711","name":"GAS SPRING SCREW"},{"catalog_number":"71453710","name":"GAS SPRING"},{"catalog_number":"71453709","name":"SIDE LEVER"},{"catalog_number":"71453708","name":"SPRING END"},{"catalog_number":"71453707","name":"PIVOT SCREW"},{"catalog_number":"71453706","name":"GAS SPRING SCREW"},{"catalog_number":"71453705","name":"SCREW"},{"catalog_number":"71453704","name":"PIVOT SCREW"},{"catalog_number":"71453703","name":"SPRING END"},{"catalog_number":"71453702","name":"GAS SPRING"},{"catalog_number":"71453701","name":"SHAFT"},{"catalog_number":"71453629","name":"FINGER"},{"catalog_number":"71453582","name":"CONTROL VALVE"},{"catalog_number":"71453545","name":"ROCKER SWITCH"},{"catalog_number":"71453526","name":"ROCKER SWITCH"},{"catalog_number":"71453214","name":"CONNECTOR"},{"catalog_number":"71453112","name":"SEAT"},{"catalog_number":"71453105","name":"BASE PLATE"},{"catalog_number":"71453104","name":"TOP PLATE"},{"catalog_number":"71453102","name":"LATCH-LEVER KIT"},{"catalog_number":"71453100","name":"SUSPENSION KIT"},{"catalog_number":"71453099","name":"SERVICE KIT"},{"catalog_number":"71453097","name":"SERVICE KIT"},{"catalog_number":"71453096","name":"SERVICE KIT"},{"catalog_number":"71453095","name":"SERVICE KIT"},{"catalog_number":"71453094","name":"SERVICE KIT"},{"catalog_number":"71453093","name":"SERVICE KIT"},{"catalog_number":"71453092","name":"SERVICE KIT"},{"catalog_number":"71453091","name":"LUMBAR KNOB"},{"catalog_number":"71453089","name":"SEAT FRAME KIT"},{"catalog_number":"71453087","name":"CONSOLE KIT"},{"catalog_number":"71453086","name":"ADAPTER PLATE"},{"catalog_number":"71453085","name":"BACK CUSHION"},{"catalog_number":"71453084","name":"SEAT CUSHION"},{"catalog_number":"71453080","name":"SLIDE KIT"},{"catalog_number":"71453079","name":"SEAT BELT KIT"},{"catalog_number":"71453077","name":"ARMREST KIT, LH"},{"catalog_number":"71453050","name":"FINAL DRIVE"},{"catalog_number":"71453049","name":"AXLE SHAFT"},{"catalog_number":"71453047","name":"GEAR"},{"catalog_number":"71453015","name":"KIT, ACTUATOR"},{"catalog_number":"71392514","name":"DECAL"},{"catalog_number":"71392513","name":"DECAL"},{"catalog_number":"71392512","name":"CLAMP"},{"catalog_number":"71392511","name":"LOCK"},{"catalog_number":"71392510","name":"LOCK"},{"catalog_number":"71392508","name":"U BOLT"},{"catalog_number":"71392507","name":"TOOTH"},{"catalog_number":"71392506","name":"RETAINER"},{"catalog_number":"71392505","name":"TOOTH"},{"catalog_number":"71392503","name":"ROD"},{"catalog_number":"71392502","name":"SHOCK ABSORBER"},{"catalog_number":"71392501","name":"WHEEL RIM"},{"catalog_number":"71392500","name":"TUBE"},{"catalog_number":"71392498","name":"DUSTCAP"},{"catalog_number":"71392496","name":"STUD BOLT"},{"catalog_number":"71392495","name":"HUB"},{"catalog_number":"71392484","name":"GLAND"},{"catalog_number":"71392482","name":"SEALS KIT"},{"catalog_number":"71392480","name":"PISTON"},{"catalog_number":"71392478","name":"SHAFT"},{"catalog_number":"71392474","name":"CYLINDER"},{"catalog_number":"71392473","name":"SEALS KIT"},{"catalog_number":"71392472","name":"ELBOW"},{"catalog_number":"71392469","name":"IDLER"},{"catalog_number":"71392468","name":"IDLER"}]}