{"machinery_brand_name":"Ag-Chem","parts":[{"catalog_number":"71434620","name":"MOUNTING BAR"},{"catalog_number":"71434610","name":"CAB"},{"catalog_number":"71434604","name":"WEAR PLATE"},{"catalog_number":"71434590","name":"LATCH BRACKET"},{"catalog_number":"71434584","name":"PLATE LINK"},{"catalog_number":"71434583","name":"HANDLE LINK"},{"catalog_number":"71434582","name":"HANDLE"},{"catalog_number":"71434577","name":"HINGE TUBE"},{"catalog_number":"71434576","name":"HINGE"},{"catalog_number":"71434300","name":"CAM"},{"catalog_number":"71434298","name":"LATCH LINK"},{"catalog_number":"71434282","name":"AIR BOX COVER"},{"catalog_number":"71434281","name":"AIR BOX COVER"},{"catalog_number":"71434278","name":"ADAPTER"},{"catalog_number":"71434277","name":"PRE-CLEANER KIT"},{"catalog_number":"71434276","name":"PRE-CLEANER"},{"catalog_number":"71434185","name":"CAP"},{"catalog_number":"71434184","name":"HVAC"},{"catalog_number":"71434183B","name":"INSTRUCTIONS"},{"catalog_number":"71434175","name":"ADAPTER"},{"catalog_number":"71434174","name":"ADAPTER"},{"catalog_number":"71434166","name":"AXLE BEAM"},{"catalog_number":"71434151","name":"SHOE PAN"},{"catalog_number":"71434058","name":"FAN"},{"catalog_number":"71433974","name":"REFLECTOR"},{"catalog_number":"71433948","name":"OPERATORS SEAT"},{"catalog_number":"71433931","name":"ROTOR BULKHEAD"},{"catalog_number":"71433852","name":"REAR PLATE"},{"catalog_number":"71433814","name":"BRACKET"},{"catalog_number":"71433813","name":"DECAL, REFLECTOR"},{"catalog_number":"71433812","name":"FUEL HOSE"},{"catalog_number":"71433811","name":"FUEL HOSE"},{"catalog_number":"71433795","name":"HARNESS"},{"catalog_number":"71433794","name":"BRACKET"},{"catalog_number":"71433793","name":"TURN SIGNAL LAMP"},{"catalog_number":"71433792","name":"JUMPER HARNESS"},{"catalog_number":"71433791","name":"CAB MIRROR"},{"catalog_number":"71433787","name":"FLEXIBLE MEMBER"},{"catalog_number":"71433780","name":"BRACKET"},{"catalog_number":"71433778","name":"BRACKET, RH"},{"catalog_number":"71433777","name":"BRACKET"},{"catalog_number":"71433749","name":"SHIELD COVER"},{"catalog_number":"71433720","name":"GROUND WIRE"},{"catalog_number":"71433718","name":"SHIELD, LH"},{"catalog_number":"71433716","name":"DECK HARNESS"},{"catalog_number":"71433715","name":"WIRE HARNESS"},{"catalog_number":"71433712","name":"RELAY"},{"catalog_number":"71433711","name":"LIGHT"},{"catalog_number":"71433706","name":"SHIELD, RH"},{"catalog_number":"71433705","name":"SHIELD"},{"catalog_number":"71433067","name":"DRIVE FLANGE"},{"catalog_number":"71433066","name":"EXTRACTION TOOL"},{"catalog_number":"71433065","name":"EXTRACTION TOOL"},{"catalog_number":"71433019","name":"ATTACHING LINK"},{"catalog_number":"71432875","name":"HYDRAULIC HOSE"},{"catalog_number":"71432873","name":"HYDRAULIC HOSE"},{"catalog_number":"71432851","name":"HYDRAULIC MOTOR"},{"catalog_number":"71432789","name":"DECAL"},{"catalog_number":"71432725","name":"KIT, PRE CLEANER"},{"catalog_number":"71432724","name":"STACK EXTENSION"},{"catalog_number":"71432723","name":"ADAPTER"},{"catalog_number":"71432720","name":"SIDE HANDRAIL"},{"catalog_number":"71432709","name":"HANDRAIL"},{"catalog_number":"71432693","name":"DECK RAIL"},{"catalog_number":"71432690","name":"RAIL, RIGHT HAND"},{"catalog_number":"71432619","name":"V-BELT"},{"catalog_number":"71432581","name":"IDLER ARM"},{"catalog_number":"71432256","name":"BRACKET"},{"catalog_number":"71432193","name":"FLAT WASHER"},{"catalog_number":"71432189","name":"DECAL"},{"catalog_number":"71432188","name":"DECAL"},{"catalog_number":"71432186","name":"CHALLENGER DECAL"},{"catalog_number":"71432179","name":"HEX FLANGE NUT"},{"catalog_number":"71432178","name":"HEX FLANGE NUT"},{"catalog_number":"71432068","name":"SWIVEL LADDER"},{"catalog_number":"71432064","name":"BRACKET"},{"catalog_number":"71432057","name":"PIVOT BRACKET"},{"catalog_number":"71432053","name":"HANGER"},{"catalog_number":"71432051","name":"DECK PLATE"},{"catalog_number":"71431950","name":"BLOWER HOUSING"},{"catalog_number":"71431948","name":"BRACKET"},{"catalog_number":"71431947","name":"SCREEN FRAME"},{"catalog_number":"71431943","name":"TRANSIT. HOUSING"},{"catalog_number":"71431938","name":"FAN BLADE"},{"catalog_number":"71431850","name":"SOCKET HEAD BOLT"},{"catalog_number":"71431828","name":"SICKLE, RH"},{"catalog_number":"71431827","name":"SICKLE, LH"},{"catalog_number":"71431770","name":"SICKLE, LH"},{"catalog_number":"71431279","name":"KIT"},{"catalog_number":"71431275","name":"TOGGLE SWITCH"},{"catalog_number":"71431272","name":"GROUND CABLE"},{"catalog_number":"71431271","name":"DECK HARNESS"},{"catalog_number":"71431270","name":"HARNESS"},{"catalog_number":"71431268","name":"MODULE"},{"catalog_number":"71431244","name":"HARNESS"},{"catalog_number":"71431242","name":"MAIN HARNESS"},{"catalog_number":"71431240","name":"WIRE HARNESS"},{"catalog_number":"71431238","name":"ADAPTOR"},{"catalog_number":"71431234","name":"CAB HARNESS"},{"catalog_number":"71431228","name":"DUAL CLAMP TIE"},{"catalog_number":"71431211","name":"SCREW"},{"catalog_number":"71431210","name":"SHIELD FLAP"},{"catalog_number":"71431209","name":"SHIELD, RH"},{"catalog_number":"71431208","name":"SHIELD, LH"},{"catalog_number":"71431205","name":"RAIL"},{"catalog_number":"71431203","name":"RAIL, RIGHT HAND"},{"catalog_number":"71431201","name":"ANGLE"},{"catalog_number":"71431177","name":"VIDEO"},{"catalog_number":"71431069","name":"LOCK"},{"catalog_number":"71431003","name":"RING GEAR"},{"catalog_number":"71431000","name":"FOLDING LADDER"},{"catalog_number":"71430998","name":"BRACKET"},{"catalog_number":"71430997","name":"BRACKET"},{"catalog_number":"71430992","name":"LOCK"},{"catalog_number":"71430985","name":"BRACKET"},{"catalog_number":"71430931","name":"V-BELT"},{"catalog_number":"71430923","name":"RECLINER KIT"},{"catalog_number":"71430922","name":"SLIDE KIT"},{"catalog_number":"71430921","name":"FRAME KIT"},{"catalog_number":"71430918","name":"LUMBAR KIT"},{"catalog_number":"71430917","name":"ISOLATOR KIT"},{"catalog_number":"71430915","name":"ISOLATOR KIT"},{"catalog_number":"71430913","name":"BUMPER"},{"catalog_number":"71430912","name":"AIR SPRING KIT"},{"catalog_number":"71430908","name":"BOOT KIT"},{"catalog_number":"71430906","name":"SLIDE KIT"},{"catalog_number":"71430905","name":"SLIDE KIT"},{"catalog_number":"71430904","name":"FRAME KIT"},{"catalog_number":"71430902","name":"ARMREST KNOB"},{"catalog_number":"71430900","name":"ARMREST, LH"},{"catalog_number":"71430899","name":"SEAT BELT"},{"catalog_number":"71430898","name":"SEAT BELT"},{"catalog_number":"71430896","name":"LUMBAR KNOB"},{"catalog_number":"71430893","name":"RECLINER KNOB"},{"catalog_number":"71430891","name":"WIRE HARNESS"},{"catalog_number":"71430890","name":"HARNESS"},{"catalog_number":"71430889","name":"SWITCH HARNESS"},{"catalog_number":"71430888","name":"PADDLE SWITCH"},{"catalog_number":"71430886","name":"SEAT FRAME"},{"catalog_number":"71430885","name":"HEATER HARNESS"},{"catalog_number":"71430884","name":"HEATER HARNESS"},{"catalog_number":"71430883","name":"HEATER CONTROL"},{"catalog_number":"71430882","name":"HEATER SWITCH"},{"catalog_number":"71430880","name":"SEAT BOTTOM"},{"catalog_number":"71430874","name":"SICKLE SECTION"},{"catalog_number":"71430821","name":"PLATE"},{"catalog_number":"71430820","name":"PLATE"},{"catalog_number":"71430816","name":"BELT DRIVE"},{"catalog_number":"71430813","name":"DEFLECTOR"},{"catalog_number":"71430792","name":"LATCH HANDLE"},{"catalog_number":"71430786","name":"HEX HEAD BOLT"},{"catalog_number":"71430785","name":"FLAT WASHER"},{"catalog_number":"71430784","name":"HEX HEAD BOLT"},{"catalog_number":"71430777A","name":"INSTRUCTIONS"},{"catalog_number":"71430776","name":"STONE TRAP LINK"},{"catalog_number":"71430775","name":"UNIVERSAL SPOUT"},{"catalog_number":"71430774","name":"BEARING RETAINER"},{"catalog_number":"71430770","name":"EXTENSION"},{"catalog_number":"71430766","name":"HYDRAULIC TUBE"},{"catalog_number":"71430765","name":"END CAP"},{"catalog_number":"71430764","name":"SPOUT KIT"},{"catalog_number":"71430752A","name":"INSTRUCTIONS"},{"catalog_number":"71430727","name":"SEAL KIT"},{"catalog_number":"71430717","name":"SHAFT"},{"catalog_number":"71430676","name":"WHEEL BOLT"},{"catalog_number":"71430642","name":"UNLOADER GUARD"},{"catalog_number":"71430627","name":"ACCESS DOOR SEAL"},{"catalog_number":"71430626","name":"ACCESS DOOR SEAL"},{"catalog_number":"71430620","name":"STOP BRACKET"},{"catalog_number":"71430619","name":"STOP BRACKET"},{"catalog_number":"71430600","name":"BRACKET"},{"catalog_number":"71430598","name":"SHIELD, RH"},{"catalog_number":"71430596","name":"SHIELD, LH"},{"catalog_number":"71430595","name":"SIDE COVER, RH"},{"catalog_number":"71430594","name":"SHIELD, LH"},{"catalog_number":"71430593","name":"SHIELD, LH"},{"catalog_number":"71430579","name":"RAIL, LEFT HAND"},{"catalog_number":"71430576","name":"PLATFORM, LH"},{"catalog_number":"71430575","name":"FAN SHAFT"},{"catalog_number":"71430255","name":"HARNESS"},{"catalog_number":"71430210","name":"ROTARY WAND"},{"catalog_number":"71430209","name":"ROTARY WAND"},{"catalog_number":"71430200","name":"LATERAL TILT KIT"},{"catalog_number":"71430057","name":"HYDRAULIC HOSE"},{"catalog_number":"71430056","name":"HYDRAULIC HOSE"},{"catalog_number":"71429745","name":"JUMPER WIRE"},{"catalog_number":"71429737","name":"DEFLECTOR PANEL"},{"catalog_number":"71429709","name":"CHOPPER PANEL"},{"catalog_number":"71429707","name":"CHOPPER PANEL"},{"catalog_number":"71429703","name":"FIXED LADDER"},{"catalog_number":"71429697","name":"COVER, RH"},{"catalog_number":"71429696","name":"COVER, RH"},{"catalog_number":"71429695","name":"SIDE SHIELD, RH"},{"catalog_number":"71429694","name":"PLATFORM LADDER"},{"catalog_number":"71429693","name":"FLEXIBLE MEMBER"},{"catalog_number":"71429684","name":"SHIELD"},{"catalog_number":"71429683","name":"MUD SHIELD"},{"catalog_number":"71429665","name":"LATCH ROD"},{"catalog_number":"71429663","name":"LATCH"},{"catalog_number":"71429661","name":"LEVER BRACKET"},{"catalog_number":"71429659","name":"BRACKET"},{"catalog_number":"71429658","name":"BRACKET"},{"catalog_number":"71429655","name":"LADDER SUPPORT"},{"catalog_number":"71429651","name":"LADDER"},{"catalog_number":"71429629","name":"DECAL"},{"catalog_number":"71429628","name":"DECAL"},{"catalog_number":"71429627","name":"DECAL"},{"catalog_number":"71429626","name":"DECAL"},{"catalog_number":"71429625","name":"DECAL"},{"catalog_number":"71429624","name":"DECAL"},{"catalog_number":"71429623","name":"DECAL"},{"catalog_number":"71429622","name":"DECAL"},{"catalog_number":"71429300","name":"SHIELD FLAP"},{"catalog_number":"71429295","name":"LYNCH PIN"},{"catalog_number":"71429294","name":"COVER"},{"catalog_number":"71429290","name":"BRACKET, RH"},{"catalog_number":"71429289","name":"LIGHT BRACKET,LH"},{"catalog_number":"71429288","name":"BOX"},{"catalog_number":"71429287","name":"COVER"},{"catalog_number":"71429279","name":"RETAINER BAR"},{"catalog_number":"71429264","name":"SCREEN BRUSH"},{"catalog_number":"71429261","name":"SHEAR PLATE"},{"catalog_number":"71429151","name":"DOOR PANEL"},{"catalog_number":"71429087","name":"WHEEL"},{"catalog_number":"71429086","name":"TORSION SPRING,L"},{"catalog_number":"71429065","name":"WHEEL"},{"catalog_number":"71429062","name":"TORSION SPRING"},{"catalog_number":"71429049","name":"SPACER"},{"catalog_number":"71429048A","name":"FIT.INSTRUCTION"},{"catalog_number":"71429038","name":"MUFFLER"},{"catalog_number":"71429031","name":"SHROUD"},{"catalog_number":"71429030","name":"DOOR TRIM"},{"catalog_number":"71429029","name":"DEFLECTOR"},{"catalog_number":"71428962","name":"IDLER PULLEY"},{"catalog_number":"71428925","name":"SIGHT GAUGE"},{"catalog_number":"71428913","name":"HYDRAULIC PUMP"},{"catalog_number":"71428903","name":"TUBE, RIGHT HAND"},{"catalog_number":"71428902","name":"TUBE, LEFT HAND"},{"catalog_number":"71428901","name":"CHECK VALVE"},{"catalog_number":"71428897","name":"CHOPPER DOOR"},{"catalog_number":"71428875","name":"BRACKET"},{"catalog_number":"71428842","name":"SUPPORT"},{"catalog_number":"71428839","name":"SLINGER BLADE"},{"catalog_number":"71428838","name":"SLINGER BLADE"},{"catalog_number":"71428832","name":"TEE FITTING"},{"catalog_number":"71428827","name":"SHROUD"},{"catalog_number":"71428769","name":"PAN SEAL"},{"catalog_number":"71428768","name":"SEPARATOR PAN"},{"catalog_number":"71428738","name":"HOSE"},{"catalog_number":"71428737","name":"HOSE"},{"catalog_number":"71428280","name":"REST"},{"catalog_number":"71428275","name":"CUSHION"},{"catalog_number":"71428274","name":"CUSHION"},{"catalog_number":"71428273","name":"CUSHION"},{"catalog_number":"71428272","name":"CUSHION"},{"catalog_number":"71428174","name":"LOCKING PLATE"},{"catalog_number":"71428173","name":"BAR"},{"catalog_number":"71428172","name":"RIVET"},{"catalog_number":"71428171","name":"KNIFE PLATE"},{"catalog_number":"71428170","name":"ROTOR"},{"catalog_number":"71428169","name":"CURTAIN"},{"catalog_number":"71428168","name":"LOCK PLATE"},{"catalog_number":"71428167","name":"SENSOR COLLAR"},{"catalog_number":"71428166","name":"SENSOR BRACKET"},{"catalog_number":"71428165","name":"INFORMAT. DECAL"},{"catalog_number":"71428164","name":"WARNING DECAL"},{"catalog_number":"71428163","name":"CROSS BAR"},{"catalog_number":"71428162","name":"HOUSING"},{"catalog_number":"71428158","name":"RAIL, RIGHT HAND"},{"catalog_number":"71428157","name":"RAIL, LEFT HAND"},{"catalog_number":"71428156","name":"LOCK ROD"},{"catalog_number":"71428155","name":"LOCKING PLATE"},{"catalog_number":"71428154","name":"LOCKING PLATE"},{"catalog_number":"71428153","name":"LADDER EXTENSION"},{"catalog_number":"71428150","name":"HANDLE"},{"catalog_number":"71428149","name":"CHOPPER COVER"},{"catalog_number":"71428128","name":"FEEDER BLOCK"},{"catalog_number":"71428072","name":"BUSH"},{"catalog_number":"71428049","name":"PANEL"},{"catalog_number":"71428025","name":"LADDER SUPPORT"},{"catalog_number":"71428017","name":"SHIELD BRACKET"},{"catalog_number":"71428016","name":"SHIELD BRACKET"},{"catalog_number":"71427995","name":"EDGE TRIM"},{"catalog_number":"71427989","name":"ROOF"},{"catalog_number":"71427971","name":"IDLER SUPPORT"},{"catalog_number":"71427970","name":"BRACKET"},{"catalog_number":"71427966","name":"BRACKET"},{"catalog_number":"71427965","name":"EXTINGUISHER"},{"catalog_number":"71427961","name":"SHIELD"},{"catalog_number":"71427960","name":"BRACKET"},{"catalog_number":"71427957","name":"SHIELD"},{"catalog_number":"71427956","name":"SHIELD"},{"catalog_number":"71427952","name":"COVER"},{"catalog_number":"71427951","name":"SHIELD"},{"catalog_number":"71427945","name":"PART PANEL, LH"},{"catalog_number":"71427944","name":"SHIELD, LH"},{"catalog_number":"71427584","name":"LIGHT, RH"},{"catalog_number":"71427583","name":"PLACARD BRACKET"},{"catalog_number":"71427582","name":"LIGHT, LH"},{"catalog_number":"71427581","name":"U-BOLT CLAMP"},{"catalog_number":"71427580","name":"LIGHT, RH"},{"catalog_number":"71427579","name":"PIPE"},{"catalog_number":"71427576","name":"BRACKET"},{"catalog_number":"71427508","name":"SHIELD"},{"catalog_number":"71427506","name":"SHIELD"},{"catalog_number":"71427500","name":"DECAL"},{"catalog_number":"71427499","name":"DECAL"},{"catalog_number":"71427498","name":"DECAL"},{"catalog_number":"71427497","name":"DECAL"},{"catalog_number":"71427496","name":"DECAL"},{"catalog_number":"71427495","name":"DECAL"},{"catalog_number":"71427494","name":"DECAL"},{"catalog_number":"71427442","name":"PLATE COVER"},{"catalog_number":"71427436","name":"LIGHT BRACKET"},{"catalog_number":"71427428","name":"MIRROR BRACKET"},{"catalog_number":"71427409","name":"FINGER"},{"catalog_number":"71427399","name":"COUPLER SUPPORT"},{"catalog_number":"71427366","name":"PITMAN LINK"},{"catalog_number":"71427346","name":"STIFFENER"},{"catalog_number":"71427344","name":"ARM"},{"catalog_number":"71427340","name":"BELT DRIVE"},{"catalog_number":"71427337","name":"JKSHAFT SUPPORT"},{"catalog_number":"71427255","name":"V-BELT"},{"catalog_number":"71427248","name":"INFORMAT. DECAL"},{"catalog_number":"71427247","name":"FAN SPEED DECAL"},{"catalog_number":"71427245","name":"LAYOUT DECAL"},{"catalog_number":"71427244","name":"LAYOUT DECAL"},{"catalog_number":"71427243","name":"LAYOUT DECAL"},{"catalog_number":"71427242","name":"LAYOUT DECAL"},{"catalog_number":"71427241","name":"LAYOUT DECAL"},{"catalog_number":"71427206","name":"VIDEO"},{"catalog_number":"71427204","name":"SEAL"},{"catalog_number":"71427203","name":"PLATE"},{"catalog_number":"71427202","name":"KIT"},{"catalog_number":"71427195","name":"HARNESS"},{"catalog_number":"71427192","name":"EXTENSION"},{"catalog_number":"71427184","name":"SHIELD"},{"catalog_number":"71427178","name":"SEALS KIT"},{"catalog_number":"71427177","name":"SEALS KIT"},{"catalog_number":"71427167","name":"HYDRAULIC HOSE"},{"catalog_number":"71427163","name":"AIR DUCT"},{"catalog_number":"71427137","name":"COVER PLATE"},{"catalog_number":"71427134","name":"TAILBOARD"},{"catalog_number":"71427129","name":"PULL HANDLE"},{"catalog_number":"71427103","name":"COVER, RH"},{"catalog_number":"71427101","name":"COVER, LH"},{"catalog_number":"71427100","name":"ARM"},{"catalog_number":"71427099","name":"ARM"},{"catalog_number":"71427098","name":"MIRROR"},{"catalog_number":"71427096","name":"SHAKER SHAFT"},{"catalog_number":"71427077","name":"MIRROR BRACKET"},{"catalog_number":"71426985","name":"PULLEY"},{"catalog_number":"71426976","name":"CHAIN"},{"catalog_number":"71426951","name":"HANDRAIL, LH"},{"catalog_number":"71426875","name":"EXTENSION"},{"catalog_number":"71426873","name":"SEALS KIT"},{"catalog_number":"71426862","name":"BRACE"},{"catalog_number":"71426859","name":"AIR SEAL"},{"catalog_number":"71426835","name":"HARNESS COVER"},{"catalog_number":"71426832","name":"ANGLE"},{"catalog_number":"71426831","name":"ANGLE"},{"catalog_number":"71426829","name":"ANGLE"},{"catalog_number":"71426825","name":"BLOWER PANEL"},{"catalog_number":"71426824","name":"AIR DUCT"},{"catalog_number":"71426823","name":"AIR DUCT SEAL"},{"catalog_number":"71426822","name":"WIRE CLAMP"},{"catalog_number":"71426821","name":"HEATER HOSE"},{"catalog_number":"71426820","name":"BLOWER PANEL"},{"catalog_number":"71426819","name":"HEATER CORE"},{"catalog_number":"71426818","name":"HEATER HOSE"},{"catalog_number":"71426817","name":"HEX HEAD BOLT"},{"catalog_number":"71426816","name":"HEX NUT"},{"catalog_number":"71426815","name":"HEATER TUBE SEAL"},{"catalog_number":"71426814","name":"FOAM TAPE"},{"catalog_number":"71426813","name":"FOAM TAPE"},{"catalog_number":"71426812","name":"COVER SEAL"},{"catalog_number":"71426811","name":"COVER SEAL"},{"catalog_number":"71426810","name":"COVER SEAL"},{"catalog_number":"71426809","name":"COVER SEAL"},{"catalog_number":"71426808","name":"COVER SEAL"},{"catalog_number":"71426807","name":"COVER SEAL"},{"catalog_number":"71426806","name":"COVER SEAL"},{"catalog_number":"71426805","name":"FILTER DOOR"},{"catalog_number":"71426804","name":"DOOR LATCH"},{"catalog_number":"71426803","name":"COVER"},{"catalog_number":"71426760","name":"ARM SHIELD"},{"catalog_number":"71426759","name":"LATCH BRACKET"},{"catalog_number":"71426758","name":"COVER"},{"catalog_number":"71426756","name":"HINGE"},{"catalog_number":"71426752","name":"HINGE"},{"catalog_number":"71426715","name":"FOAM TAPE"},{"catalog_number":"71426714","name":"CORES CLIP"},{"catalog_number":"71426713","name":"AIR FILTER"},{"catalog_number":"71426712","name":"AIR FILTER FRAME"},{"catalog_number":"71426711","name":"VALVE BRACKET"},{"catalog_number":"71426710","name":"SEAL"},{"catalog_number":"71426709","name":"VALVE BRACKET"},{"catalog_number":"71426708","name":"DRAIN PAN"},{"catalog_number":"71426707","name":"DRAIN TUBE SEAL"},{"catalog_number":"71426706","name":"FOAM"},{"catalog_number":"71426564","name":"RING"},{"catalog_number":"71426563","name":"SEAL"},{"catalog_number":"71426560","name":"PANEL"},{"catalog_number":"71426557","name":"TENSIONER"},{"catalog_number":"71426552","name":"DEFLECTOR"},{"catalog_number":"71426551","name":"DEFLECTOR"},{"catalog_number":"71426520","name":"SUPPORT"},{"catalog_number":"71426432","name":"DRIVEN SHEAVE"},{"catalog_number":"71426396","name":"SICKLE SECTION"},{"catalog_number":"71426351","name":"SHIELD BRACKET"},{"catalog_number":"71426307","name":"SPACER"},{"catalog_number":"71426304","name":"KNIFEBACK ROLLER"},{"catalog_number":"71426288","name":"END SHIELD, RH"},{"catalog_number":"71426286","name":"END SHIELD, LH"},{"catalog_number":"71426218","name":"FLEX CUTTERBAR"},{"catalog_number":"71426179","name":"WEAR PLATE"},{"catalog_number":"71425910","name":"SEAL"},{"catalog_number":"71425893","name":"SEALS KIT"},{"catalog_number":"71425709","name":"KIT"},{"catalog_number":"71425418","name":"DOOR FRAME"},{"catalog_number":"71425416","name":"ENGINE COVER"},{"catalog_number":"71425415","name":"LATCH BRACKET"},{"catalog_number":"71425410","name":"FOIL INSULATION"},{"catalog_number":"71425404","name":"RING"},{"catalog_number":"71425400","name":"EVAPORATOR"},{"catalog_number":"71425399","name":"CASE"},{"catalog_number":"71425398","name":"FOAM"},{"catalog_number":"71425394","name":"FOAM BARRIER"},{"catalog_number":"71425393","name":"FOAM"},{"catalog_number":"71425392","name":"FOAM"},{"catalog_number":"71425391","name":"FOAM"},{"catalog_number":"71425390","name":"DECAL"},{"catalog_number":"71425389","name":"CAP"},{"catalog_number":"71425371","name":"TANK RETURN TUBE"},{"catalog_number":"71425350","name":"GPS RECEIVER"},{"catalog_number":"71425344A","name":"OPERATOR MANUAL"},{"catalog_number":"71425343B","name":"OPERATOR MANUAL"},{"catalog_number":"71425330","name":"LIGHT"},{"catalog_number":"71425326","name":"RELAY"},{"catalog_number":"71425320","name":"AUGER HOUSING"},{"catalog_number":"71425317","name":"STONE TRAP PLATE"},{"catalog_number":"71425312","name":"PLATE"},{"catalog_number":"71425273","name":"STEP"},{"catalog_number":"71425271","name":"PUSH ROD, RH"},{"catalog_number":"71425264","name":"LINEAR ACTUATOR"},{"catalog_number":"71425252","name":"FLOOR SUPPORT,RH"},{"catalog_number":"71425251","name":"FLOOR SUPPORT,LH"},{"catalog_number":"71425195","name":"CONCAVE"},{"catalog_number":"71425191","name":"CONCAVE"},{"catalog_number":"71425187","name":"CONCAVE"},{"catalog_number":"71425156","name":"AUGER HOUSING"},{"catalog_number":"71425145","name":"BRACKET"},{"catalog_number":"71425142","name":"BRACKET"},{"catalog_number":"71425141","name":"BRACKET"},{"catalog_number":"71425140","name":"ANGLE"},{"catalog_number":"71425138","name":"ROLLER BRACKET"},{"catalog_number":"71425110B","name":"OPERATOR MANUAL"},{"catalog_number":"71425050","name":"HARNESS"},{"catalog_number":"71425042","name":"CONNECTOR"},{"catalog_number":"71425041","name":"BEATER BRACKET"},{"catalog_number":"71425037","name":"JUMPER HARNESS"},{"catalog_number":"71425036","name":"WIRE HARNESS"},{"catalog_number":"71425035","name":"JUMPER HARNESS"},{"catalog_number":"71425028","name":"AMBER REFLECTOR"},{"catalog_number":"71425027","name":"GROUND STRAP"},{"catalog_number":"71425025","name":"ROCKER SWITCH"},{"catalog_number":"71425024","name":"ROCKER SWITCH"},{"catalog_number":"71425023","name":"ROCKER SWITCH"},{"catalog_number":"71425001","name":"WIRE HARNESS"},{"catalog_number":"71424994","name":"LIMIT SWITCH"},{"catalog_number":"71424991","name":"POSITIVE CABLE"},{"catalog_number":"71424990","name":"MARKER LIGHT"},{"catalog_number":"71424988","name":"PLUG"},{"catalog_number":"71424987","name":"MARKER LIGHT, LH"},{"catalog_number":"71424986","name":"MARKER LIGHT, LH"},{"catalog_number":"71424983","name":"GROMMET"},{"catalog_number":"71424982","name":"CONNECTOR PLUG"},{"catalog_number":"71424979","name":"BRACKET"},{"catalog_number":"71424978","name":"LAMP"},{"catalog_number":"71424977","name":"BRACKET"},{"catalog_number":"71424950","name":"MIRROR BRACKET"},{"catalog_number":"71424921","name":"CHALLENGER DECAL"},{"catalog_number":"71424920","name":"EMBLEM, MASSEY"},{"catalog_number":"71424919","name":"FOAM, RIGHT HAND"},{"catalog_number":"71424918","name":"FOAM, LEFT HAND"},{"catalog_number":"71424916","name":"BRACKET"},{"catalog_number":"71424915","name":"PLATE"},{"catalog_number":"71424914","name":"EDGE TRIM"},{"catalog_number":"71424909","name":"PUSH FASTENER"},{"catalog_number":"71424908","name":"SUPPORT, LH"},{"catalog_number":"71424906","name":"SUPPORT BRACKET"},{"catalog_number":"71424905","name":"SUPPORT"},{"catalog_number":"71424904","name":"DECAL, CONSOLE"},{"catalog_number":"71424903","name":"SUPPORT"},{"catalog_number":"71424902","name":"SHIELD SUPPORT,R"},{"catalog_number":"71424901","name":"SUPPORT, RH"},{"catalog_number":"71424892","name":"STRAP"},{"catalog_number":"71424891","name":"BRACKET"},{"catalog_number":"71424859","name":"SIDE SEAL"},{"catalog_number":"71424858","name":"SEAL"},{"catalog_number":"71424857","name":"SEAL"},{"catalog_number":"71424856","name":"SEAL"},{"catalog_number":"71424855","name":"SEAL"},{"catalog_number":"71424854","name":"PLATE"},{"catalog_number":"71424852","name":"SEAL"},{"catalog_number":"71424847","name":"TETHER CHANNEL"},{"catalog_number":"71424846","name":"ANGLE"},{"catalog_number":"71424840","name":"LATCH BRACKET"},{"catalog_number":"71424833","name":"SEAL"},{"catalog_number":"71424830","name":"BRACKET"},{"catalog_number":"71424829","name":"ANGLE"},{"catalog_number":"71424828","name":"WIRE"},{"catalog_number":"71424822","name":"DOOR PULL STRAP"},{"catalog_number":"71424808","name":"MUD PLATE, LH"},{"catalog_number":"71424807","name":"MUD PLATE, LH"},{"catalog_number":"71424806","name":"MUD PLATE, LH"},{"catalog_number":"71424804","name":"BRACKET"},{"catalog_number":"71424776","name":"DECAL"},{"catalog_number":"71424756","name":"GEAR SHIFT DECAL"},{"catalog_number":"71424753","name":"ACCUM DECAL"},{"catalog_number":"71424752","name":"DECAL"},{"catalog_number":"71424751","name":"DECAL"},{"catalog_number":"71424741A","name":"FIT.INSTRUCTION"},{"catalog_number":"71424734","name":"KIT, SPRING"},{"catalog_number":"71424725","name":"BEARING FLANGE"},{"catalog_number":"71424701","name":"BRACKET"},{"catalog_number":"71424698","name":"DECAL"},{"catalog_number":"71424691","name":"SHIELD"},{"catalog_number":"71424683","name":"SUPPORT BRACKET"},{"catalog_number":"71424677","name":"BELT GUIDE ROD"},{"catalog_number":"71424676","name":"GUIDE"},{"catalog_number":"71424568","name":"FEATHER SHEET"},{"catalog_number":"71424540","name":"CLIP"},{"catalog_number":"71424508","name":"SUPPORT PLATE"},{"catalog_number":"71424507","name":"SHIELD BRACKET"},{"catalog_number":"71424506","name":"BRACKET"},{"catalog_number":"71424505","name":"BRACKET"},{"catalog_number":"71424502","name":"BACKER PLATE, LH"},{"catalog_number":"71424500","name":"BRACKET"},{"catalog_number":"71424498","name":"BRACKET"},{"catalog_number":"71424497","name":"BACKER PLATE, RH"},{"catalog_number":"71424495","name":"BRACKET"},{"catalog_number":"71424494","name":"SHIELD BRACKET"},{"catalog_number":"71424492","name":"SHIELD BRACKET"},{"catalog_number":"71424491","name":"BRACKET"},{"catalog_number":"71424488","name":"STRIKER"},{"catalog_number":"71424487","name":"BRACKET"},{"catalog_number":"71424486","name":"HOSE"},{"catalog_number":"71424485","name":"HYDRAULIC HOSE"},{"catalog_number":"71424484","name":"TUBE"},{"catalog_number":"71424482","name":"SHIELD, RH"},{"catalog_number":"71424477","name":"HOSE ASSY"},{"catalog_number":"71424466","name":"SIDE RAIL, RH"},{"catalog_number":"71424465","name":"SIDE RAIL, LH"},{"catalog_number":"71424450","name":"BRACKET"},{"catalog_number":"71424449","name":"REFLECTOR PLATE"},{"catalog_number":"71424447","name":"COVER"},{"catalog_number":"71424444","name":"CHANNEL MOUNT"},{"catalog_number":"71424441","name":"SUPPORT SHIELD"},{"catalog_number":"71424431","name":"SHIELD"},{"catalog_number":"71424426","name":"SPACER"},{"catalog_number":"71424384","name":"PLATE"},{"catalog_number":"71424383","name":"PLATE"},{"catalog_number":"71424382","name":"SHIELD, LH"},{"catalog_number":"71424381","name":"SHIELD, LH"},{"catalog_number":"71424380","name":"HEX RIVET NUT"},{"catalog_number":"71424379","name":"KNIFE PLATE"},{"catalog_number":"71424375","name":"LOCK ROD"},{"catalog_number":"71424365","name":"BUSH"},{"catalog_number":"71424364","name":"FLAT WASHER"},{"catalog_number":"71424363","name":"SPACER"},{"catalog_number":"71424362","name":"DEFLECTOR, LH"},{"catalog_number":"71424361","name":"DEFLECTOR, LH"},{"catalog_number":"71424360","name":"DEFLECTOR, LH"},{"catalog_number":"71424359","name":"DEFLECTOR, LH"},{"catalog_number":"71424358","name":"CHAFF DEFLECTOR"},{"catalog_number":"71424357","name":"DEFLECTOR, RH"},{"catalog_number":"71424356","name":"DEFLECTOR, RH"},{"catalog_number":"71424355","name":"DEFLECTOR, RH"},{"catalog_number":"71424354","name":"DEFLECTOR, RH"},{"catalog_number":"71424353","name":"CHAFF DEFLECTOR"},{"catalog_number":"71424352","name":"TAILBOARD"},{"catalog_number":"71424347","name":"FLAIL KNIFE"},{"catalog_number":"71424346","name":"ROTOR"},{"catalog_number":"71424345","name":"SCREW"},{"catalog_number":"71424344","name":"RUNNER RAIL"},{"catalog_number":"71424343","name":"ACTUATOR BRACKET"},{"catalog_number":"71424342","name":"ACTUATOR BRACKET"},{"catalog_number":"71424341","name":"ANGLE"},{"catalog_number":"71424340","name":"COVER"},{"catalog_number":"71424339","name":"BEARING FLANGE"},{"catalog_number":"71424338","name":"PLATE"},{"catalog_number":"71424337","name":"GUARD"},{"catalog_number":"71424335","name":"SIDE PLATE"},{"catalog_number":"71424333","name":"LOCKING PLATE"},{"catalog_number":"71424331","name":"RUBBER PLATE"},{"catalog_number":"71424330","name":"CURTAIN"},{"catalog_number":"71424329","name":"CROSS BAR"},{"catalog_number":"71424327","name":"CHOPPER HOUSING"},{"catalog_number":"71424326","name":"ACTUATOR"}]}