{"machinery_brand_name":"Ag-Chem","parts":[{"catalog_number":"F178500030440","name":"TOGGLE"},{"catalog_number":"F178500030420","name":"AXLE CLAMP RING"},{"catalog_number":"F178500030410","name":"PULLING SPRING"},{"catalog_number":"F178500030390","name":"PLATE"},{"catalog_number":"F178500030380","name":"PLATE"},{"catalog_number":"F178500030330","name":"SUSPENS BTM PART"},{"catalog_number":"F178500030320","name":"SUSPENS TOP PART"},{"catalog_number":"F178500030310","name":"NEEDLE BEARING"},{"catalog_number":"F178500030290","name":"SHOCK ABSORBER"},{"catalog_number":"F178500030280","name":"PULLING SPRING"},{"catalog_number":"F178500030220","name":"POP RIVET"},{"catalog_number":"F178500030130","name":"STRIP TRIM"},{"catalog_number":"F178400090250","name":"RETAINING RING"},{"catalog_number":"F178400090240","name":"JOINTED BEARING"},{"catalog_number":"F178400090220","name":"DISC"},{"catalog_number":"F178400090140","name":"VALVE INSERT"},{"catalog_number":"F178400090120","name":"VALVE INSERT"},{"catalog_number":"F178400090101","name":"SHIELD CAP"},{"catalog_number":"F178400090053","name":"SEAL"},{"catalog_number":"F178309020020","name":"COVER"},{"catalog_number":"F178302080010","name":"SPIDER"},{"catalog_number":"F178302020560","name":"DISC"},{"catalog_number":"F178302020550","name":"SCRAPER BAR"},{"catalog_number":"F178302020540","name":"RETNG SHT METAL"},{"catalog_number":"F178302020530","name":"SHAFT SEAL"},{"catalog_number":"F178302020520","name":"DIFF PINION"},{"catalog_number":"F178302020510","name":"DIFF SIDE GEAR"},{"catalog_number":"F178302020500","name":"PLANET PINION"},{"catalog_number":"F178302020480","name":"THRUST WASHER"},{"catalog_number":"F178302020470","name":"SCREW"},{"catalog_number":"F178302020460","name":"BOLT"},{"catalog_number":"F178302020450","name":"CARRIER"},{"catalog_number":"F178302020440","name":"SUN GEAR"},{"catalog_number":"F178302020430","name":"LOCK PLATE"},{"catalog_number":"F178302020420","name":"RING GEAR"},{"catalog_number":"F178302020410","name":"RINGGEAR CARRIER"},{"catalog_number":"F178302020390","name":"HUB"},{"catalog_number":"F178302020380","name":"DISC"},{"catalog_number":"F178302020370","name":"HUB CARRIER"},{"catalog_number":"F178302020350","name":"JOINT COVER"},{"catalog_number":"740135M1","name":"PLATE"},{"catalog_number":"74009959","name":"CONTAINER"},{"catalog_number":"7400674901","name":"CROWNWHEEL"},{"catalog_number":"7400674801","name":"CROWNWHEEL"},{"catalog_number":"7400674203","name":"BODY"},{"catalog_number":"7400674103","name":"BODY"},{"catalog_number":"7400662802","name":"UNIVERSAL JOINT"},{"catalog_number":"7400662702","name":"UNIVERSAL JOINT"},{"catalog_number":"7400662402","name":"DOUBLE U-JOINT"},{"catalog_number":"7400662302","name":"DOUBLE U-JOINT"},{"catalog_number":"7400662201","name":"DOUBLE U-JOINT"},{"catalog_number":"7400662101","name":"DOUBLE U-JOINT"},{"catalog_number":"7400645040","name":"SHAFT"},{"catalog_number":"7400645039","name":"SHAFT"},{"catalog_number":"7400645012","name":"SHAFT"},{"catalog_number":"7400645011","name":"SHAFT"},{"catalog_number":"7400645010","name":"SHAFT"},{"catalog_number":"7400645007","name":"SPIDER"},{"catalog_number":"7400645004","name":"SPIDER"},{"catalog_number":"7400640005","name":"FINAL DRIVE"},{"catalog_number":"7400640004","name":"FINAL DRIVE"},{"catalog_number":"7400604901","name":"CROWNWHEEL"},{"catalog_number":"7400604801","name":"BRACKET"},{"catalog_number":"7400604501","name":"PLATE"},{"catalog_number":"7400602901","name":"HOUSING"},{"catalog_number":"7400602801","name":"HOUSING"},{"catalog_number":"7400470602","name":"SUPPORT"},{"catalog_number":"7400470502","name":"SUPPORT"},{"catalog_number":"7400451101","name":"KIT, BEVEL GEAR"},{"catalog_number":"7400450901","name":"KIT, BEVEL GEAR"},{"catalog_number":"7400450801","name":"KIT, BEVEL GEAR"},{"catalog_number":"7400440003","name":"KIT,DIFFERENTIAL"},{"catalog_number":"7400103601","name":"SHOCK ABSORBER"},{"catalog_number":"7400103204","name":"SUPPORT"},{"catalog_number":"7400103202","name":"SUPPORT"},{"catalog_number":"739513M91","name":"SHIM"},{"catalog_number":"739320M1","name":"SPACER"},{"catalog_number":"738633","name":"SNAPRING"},{"catalog_number":"738432","name":"TEMPERAT. SWITCH"},{"catalog_number":"738342","name":"ELBOW FITTING"},{"catalog_number":"7380678301","name":"DIFF PINION"},{"catalog_number":"737960660070","name":"CLIP"},{"catalog_number":"737960640020","name":"T-FITTING"},{"catalog_number":"737960640010","name":"T-FITTING"},{"catalog_number":"737960200110","name":"GROMMET"},{"catalog_number":"737921010060","name":"LOCK PLATE"},{"catalog_number":"737900210350","name":"MARKING PLATE"},{"catalog_number":"737900210340","name":"MARKING PLATE"},{"catalog_number":"737900210030","name":"UNIVERSAL SPOUT"},{"catalog_number":"737900160040","name":"BRACKET"},{"catalog_number":"737900160030","name":"HEADLIGHT BONNET"},{"catalog_number":"737900160020","name":"HEADLIGHT BONNET"},{"catalog_number":"737900142030","name":"SPACER PLATE"},{"catalog_number":"737900142020","name":"PLATE"},{"catalog_number":"737900142010","name":"RETAINER"},{"catalog_number":"737900140020","name":"POWER OUTLET"},{"catalog_number":"737900113121","name":"RETAINER"},{"catalog_number":"737900113120","name":"RETAINER"},{"catalog_number":"737900040410","name":"CONNECTOR"},{"catalog_number":"737900040400","name":"CONNECTOR"},{"catalog_number":"737870900040","name":"SPRING PLATE"},{"catalog_number":"737870050020","name":"BRACKET"},{"catalog_number":"737870040010","name":"BUSH"},{"catalog_number":"737860031090","name":"DISC"},{"catalog_number":"737860031020","name":"BUSH"},{"catalog_number":"737812360040","name":"BOOT"},{"catalog_number":"737812310021","name":"SWITCH PANEL"},{"catalog_number":"737812250010","name":"UNIVERSAL SPOUT"},{"catalog_number":"737812240120","name":"RETAINER"},{"catalog_number":"737812240110","name":"RETAINER"},{"catalog_number":"737812190020","name":"UNIVERSAL SPOUT"},{"catalog_number":"737812180050","name":"PLUG"},{"catalog_number":"737812180040","name":"RUBBER PLATE"},{"catalog_number":"737812180030","name":"CORRUGATED HOSE"},{"catalog_number":"737812180020","name":"RETAINER"},{"catalog_number":"737812180010","name":"COVER"},{"catalog_number":"737812170070","name":"PLUG"},{"catalog_number":"737812150010","name":"CABLE CLAMP"},{"catalog_number":"737812140360","name":"UNIVERSAL SPOUT"},{"catalog_number":"737812140100","name":"ROD"},{"catalog_number":"737812100700","name":"NETWORK"},{"catalog_number":"737812080290","name":"NETWORK"},{"catalog_number":"737812080260","name":"STORAGE COMPART."},{"catalog_number":"737812080220","name":"SPEAKER"},{"catalog_number":"737812080213","name":"FRAME PART"},{"catalog_number":"737812080212","name":"FRAME PART"},{"catalog_number":"737812080171","name":"ORIFICE"},{"catalog_number":"737812080150","name":"RADIO BRACKET"},{"catalog_number":"737812080130","name":"BUNGEE CORD"},{"catalog_number":"737812080120","name":"PLUG"},{"catalog_number":"737812080110","name":"CATCH"},{"catalog_number":"737812080100","name":"CATCH"},{"catalog_number":"737812080080","name":"FRAME"},{"catalog_number":"737812080060","name":"STORAGE COMPART."},{"catalog_number":"737812080051","name":"STORAGE COMPART."},{"catalog_number":"737812080040","name":"RADIO TRIM"},{"catalog_number":"737812080032","name":"SEALING PROFILE"},{"catalog_number":"737812070730","name":"COVER"},{"catalog_number":"737812070720","name":"STOP"},{"catalog_number":"737812070710","name":"COVER"},{"catalog_number":"737812070281","name":"AIR DUCT"},{"catalog_number":"737812070270","name":"UNIVERSAL SPOUT"},{"catalog_number":"737812070260","name":"BAND CLAMP"},{"catalog_number":"737812070170","name":"RETAINER"},{"catalog_number":"737812070120","name":"TRAY AREA"},{"catalog_number":"737812070110","name":"COVER"},{"catalog_number":"737812070040","name":"BOLT"},{"catalog_number":"737812070030","name":"BOLT"},{"catalog_number":"737812070022","name":"RETAINER"},{"catalog_number":"737812060070","name":"SLEEVE"},{"catalog_number":"737812050130","name":"SEAL"},{"catalog_number":"737812050120","name":"PLUG"},{"catalog_number":"737812030580","name":"BRACKET"},{"catalog_number":"737812030561","name":"STRIKER PIN"},{"catalog_number":"737812030560","name":"STRIKER PIN"},{"catalog_number":"737812030540","name":"PLATE"},{"catalog_number":"737812030170","name":"SOCKET HEAD BOLT"},{"catalog_number":"737812030060","name":"PAD"},{"catalog_number":"737812020150","name":"RBR. FACE PLATE"},{"catalog_number":"737812020060","name":"INSERT"},{"catalog_number":"737800600021","name":"WARNING TRIANGLE"},{"catalog_number":"737800010030","name":"STUD BOLT"},{"catalog_number":"737550030020","name":"UNIVERSAL SPOUT"},{"catalog_number":"737505410020","name":"MARKING PLATE"},{"catalog_number":"737505410010","name":"MARKING PLATE"},{"catalog_number":"737500410060","name":"MARKING PLATE"},{"catalog_number":"737500410030","name":"INSTRUCT. PLATE"},{"catalog_number":"737500410020","name":"DECAL"},{"catalog_number":"737500410011","name":"HOLDER"},{"catalog_number":"737500022620","name":"DISC"},{"catalog_number":"737380","name":"SCREW"},{"catalog_number":"737362","name":"SEALS KIT"},{"catalog_number":"737200052070","name":"RUBBER BUFFER"},{"catalog_number":"737150220040","name":"HOLDER"},{"catalog_number":"737150220020","name":"LAMINATION BRCKT"},{"catalog_number":"737150220010","name":"CLUTCH BELL HSG"},{"catalog_number":"737150150110","name":"DISC"},{"catalog_number":"737150150061","name":"BRAKE CALIPER"},{"catalog_number":"737150150051","name":"CARRIER"},{"catalog_number":"737150070061","name":"SEAL"},{"catalog_number":"737150032110","name":"SEALING RING"},{"catalog_number":"737150032050","name":"SPECIAL NUT"},{"catalog_number":"737150032030","name":"BOLT"},{"catalog_number":"737150032010","name":"RELAY SHAFT"},{"catalog_number":"737150010590","name":"DISC"},{"catalog_number":"737150010580","name":"DISC"},{"catalog_number":"737150010570","name":"DISC"},{"catalog_number":"737150010560","name":"DISC"},{"catalog_number":"737150010550","name":"DISC"},{"catalog_number":"737150010540","name":"DISC"},{"catalog_number":"737150010530","name":"DISC"},{"catalog_number":"737150010520","name":"DISC"},{"catalog_number":"737150010510","name":"DISC"},{"catalog_number":"737150010500","name":"DISC"},{"catalog_number":"737150010120","name":"RING"},{"catalog_number":"737150010110","name":"RING"},{"catalog_number":"737150010080","name":"BEARING FLANGE"},{"catalog_number":"737143M1","name":"SEAL"},{"catalog_number":"737100600010","name":"SEAL"},{"catalog_number":"737100491010","name":"CENTERING COVER"},{"catalog_number":"737100321100","name":"OUTER DISC"},{"catalog_number":"737100321060","name":"PISTON"},{"catalog_number":"737100170071","name":"BRACKET"},{"catalog_number":"737100170061","name":"ROD"},{"catalog_number":"737100170051","name":"RETNG SHT METAL"},{"catalog_number":"737100080180","name":"COVER"},{"catalog_number":"737100080110","name":"SHAFT"},{"catalog_number":"737100080080","name":"SHAFT"},{"catalog_number":"737100050012","name":"HOUSING COVER"},{"catalog_number":"736953M91","name":"KIT, BEARING"},{"catalog_number":"736952M91","name":"KIT, BEARING"},{"catalog_number":"736950M91","name":"KIT, BEARING"},{"catalog_number":"736934M91","name":"KIT, BEARING"},{"catalog_number":"736868M1","name":"PLUG"},{"catalog_number":"736864M1","name":"WASHER"},{"catalog_number":"736796M1","name":"PLUG"},{"catalog_number":"736678M1","name":"PLATE"},{"catalog_number":"736453M1","name":"COTTER"},{"catalog_number":"736045M1","name":"LEVER"},{"catalog_number":"735865M1","name":"PLUG"},{"catalog_number":"735852M1","name":"HUB"},{"catalog_number":"735743M1","name":"THRUST WASHER"},{"catalog_number":"735742M1","name":"THRUST WASHER"},{"catalog_number":"735710M1","name":"UNION"},{"catalog_number":"73528","name":"SCREW"},{"catalog_number":"7352660401","name":"SPOOL"},{"catalog_number":"7352660201","name":"VALVE BLOCK"},{"catalog_number":"7352660104","name":"ACCUMULATOR"},{"catalog_number":"7352660103","name":"ACCUMULATOR"},{"catalog_number":"7352660101","name":"ACCUMULATOR"},{"catalog_number":"7352640001","name":"KIT, SERVICE"},{"catalog_number":"7352600502","name":"TUBE"},{"catalog_number":"7352600501","name":"TUBE"},{"catalog_number":"7352600401","name":"REGULATOR"},{"catalog_number":"7352600301","name":"REGULATOR"},{"catalog_number":"7352600201","name":"STIRRUP"},{"catalog_number":"7352600101","name":"TUBE"},{"catalog_number":"735220M1","name":"SPACER"},{"catalog_number":"735171M91","name":"KIT, BEARING"},{"catalog_number":"735170M91","name":"KIT, BEARING"},{"catalog_number":"735169M91","name":"KIT, BEARING"},{"catalog_number":"735168M91","name":"KIT, BEARING"},{"catalog_number":"735111M1","name":"SPACER"},{"catalog_number":"7350661503","name":"UNIVERSAL JOINT"},{"catalog_number":"7350661501","name":"UNIVERSAL JOINT"},{"catalog_number":"7350661403","name":"UNIVERSAL JOINT"},{"catalog_number":"7350645013","name":"SHAFT"},{"catalog_number":"7350645012","name":"SHAFT"},{"catalog_number":"7350645007","name":"SPIDER"},{"catalog_number":"7350645005","name":"SHAFT"},{"catalog_number":"7350640002","name":"FINAL DRIVE"},{"catalog_number":"7350640001","name":"FINAL DRIVE"},{"catalog_number":"7350450901","name":"KIT, BEVEL GEAR"},{"catalog_number":"7350450201","name":"KIT, BEVEL GEAR"},{"catalog_number":"7350440021","name":"KIT,DIFFERENTIAL"},{"catalog_number":"7350440018","name":"KIT,DIFFERENTIAL"},{"catalog_number":"7350440017","name":"KIT,DIFFERENTIAL"},{"catalog_number":"7350440016","name":"KIT,DIFFERENTIAL"},{"catalog_number":"7350440015","name":"KIT,DIFFERENTIAL"},{"catalog_number":"7350440013","name":"KIT,DIFFERENTIAL"},{"catalog_number":"7350440011","name":"KIT,DIFFERENTIAL"},{"catalog_number":"7350440010","name":"KIT,DIFFERENTIAL"},{"catalog_number":"7350440009","name":"KIT,DIFFERENTIAL"},{"catalog_number":"7350440008","name":"KIT,DIFFERENTIAL"},{"catalog_number":"7350440007","name":"KIT,DIFFERENTIAL"},{"catalog_number":"7350440006","name":"KIT,DIFFERENTIAL"},{"catalog_number":"7350440005","name":"KIT,DIFFERENTIAL"},{"catalog_number":"7350440004","name":"KIT,DIFFERENTIAL"},{"catalog_number":"7350440003","name":"KIT,DIFFERENTIAL"},{"catalog_number":"7350440002","name":"KIT,DIFFERENTIAL"},{"catalog_number":"7350440001","name":"KIT,DIFFERENTIAL"},{"catalog_number":"7350171301","name":"HOUSING"},{"catalog_number":"7350171201","name":"HOUSING"},{"catalog_number":"7350160102","name":"RAM"},{"catalog_number":"7350101501","name":"CLEVIS PIN"},{"catalog_number":"7350101301","name":"LEVER"},{"catalog_number":"734943M1","name":"ELBOW"},{"catalog_number":"734906M1","name":"PIN"},{"catalog_number":"734905M2","name":"HUB"},{"catalog_number":"734904M1","name":"PLATE"},{"catalog_number":"734851M1","name":"JOINT"},{"catalog_number":"734849M1","name":"SHAFT"},{"catalog_number":"734749M1","name":"GEAR,CRANKSHAFT"},{"catalog_number":"734694M1","name":"STUD BOLT"},{"catalog_number":"734675M1","name":"LOCKING WIRE"},{"catalog_number":"734674M1","name":"SEAL"},{"catalog_number":"734594M1","name":"PLATE"},{"catalog_number":"734590","name":"VALVE"},{"catalog_number":"734244","name":"O-RING"},{"catalog_number":"734118M1","name":"PLATE"},{"catalog_number":"733869M1","name":"PLATE"},{"catalog_number":"733868M1","name":"CLIP"},{"catalog_number":"733824M1","name":"WASHER"},{"catalog_number":"733817M1","name":"PUSHROD"},{"catalog_number":"733812M1","name":"SPRING"},{"catalog_number":"733811M1","name":"SPRING"},{"catalog_number":"733767M1","name":"BUSH"},{"catalog_number":"733680M1","name":"LOCATOR"},{"catalog_number":"733536M1","name":"PLUG"},{"catalog_number":"733422M1","name":"WASHER"},{"catalog_number":"733365M1","name":"NUT"},{"catalog_number":"7332445007","name":"KIT, JOINT"},{"catalog_number":"733150150300","name":"PLANET PINION"},{"catalog_number":"733150150021","name":"SHAFT"},{"catalog_number":"733072M1","name":"THIMBLE"},{"catalog_number":"7330675911","name":"PIVOT"},{"catalog_number":"7330675901","name":"PIVOT"},{"catalog_number":"7330661901","name":"PLUG"},{"catalog_number":"7330645009","name":"SHAFT"},{"catalog_number":"7330605901","name":"PIVOT"},{"catalog_number":"7330605301","name":"STUD BOLT"},{"catalog_number":"7330603901","name":"COG"},{"catalog_number":"7330470401","name":"GEAR"},{"catalog_number":"7330400501","name":"O RING"},{"catalog_number":"7330103201","name":"PLUG"},{"catalog_number":"732966M1","name":"STUD BOLT"},{"catalog_number":"732914M1","name":"CLIP"},{"catalog_number":"732824M1","name":"SEAL"},{"catalog_number":"732702","name":"COUPLING"},{"catalog_number":"732318M1","name":"WASHER"},{"catalog_number":"732253","name":"WASHER"},{"catalog_number":"732233","name":"GEAR"},{"catalog_number":"732229","name":"SPACER"},{"catalog_number":"732214","name":"SEAL"},{"catalog_number":"731996M1","name":"PLUG"},{"catalog_number":"731947M1","name":"DOWEL"},{"catalog_number":"731868M1","name":"STUD BOLT"},{"catalog_number":"731662M1","name":"STUD BOLT"},{"catalog_number":"731654M1","name":"UNION"},{"catalog_number":"731568M1","name":"UNION"},{"catalog_number":"731567M1","name":"BANJO BOLT"},{"catalog_number":"731514M1","name":"UNION"},{"catalog_number":"731410M1","name":"PLUG"},{"catalog_number":"731371M1","name":"STUD BOLT"},{"catalog_number":"731368M1","name":"DOWEL"},{"catalog_number":"731352M1","name":"BANJO BOLT"},{"catalog_number":"731338M2","name":"WASHER"},{"catalog_number":"731330M1","name":"PLUG"},{"catalog_number":"731311M1","name":"STUD BOLT"},{"catalog_number":"731250M1","name":"UNION"},{"catalog_number":"731044M1","name":"CONNECTION"},{"catalog_number":"731033M1","name":"BUSH"},{"catalog_number":"7302660201","name":"PARTS PACK"},{"catalog_number":"7302660005","name":"VALVE BLOCK"},{"catalog_number":"7302602801","name":"NUT"},{"catalog_number":"7302602701","name":"REGULATOR"},{"catalog_number":"7302602601","name":"ACCUMULATOR"},{"catalog_number":"7302602101","name":"BALL"},{"catalog_number":"7302602002","name":"SCREW"},{"catalog_number":"7302602001","name":"SCREW"},{"catalog_number":"7302601901","name":"WASHER"},{"catalog_number":"7302601801","name":"SEGMENT"},{"catalog_number":"7302601602","name":"PRESSURE VALVE"},{"catalog_number":"7302601501","name":"SPOOL"},{"catalog_number":"7302601301","name":"SPOOL"},{"catalog_number":"7302601201","name":"NUT"},{"catalog_number":"7302601101","name":"SOLENOID"},{"catalog_number":"7302601001","name":"CUP SPRING"},{"catalog_number":"7302600901","name":"SCREW"},{"catalog_number":"7302600801","name":"CLAMP"},{"catalog_number":"7302600701","name":"SOLENOID"},{"catalog_number":"7302600501","name":"UNION"},{"catalog_number":"7302600401","name":"UNION"},{"catalog_number":"7302600301","name":"TAPPET PLATE"},{"catalog_number":"7302600201","name":"STIRRUP"},{"catalog_number":"7302600101","name":"TUBE"},{"catalog_number":"7302464903","name":"STEER.CYLINDER"},{"catalog_number":"7302464803","name":"STEER.CYLINDER"},{"catalog_number":"7302463402","name":"STEER.CYLINDER"},{"catalog_number":"7302461003","name":"CONNECTORS"},{"catalog_number":"7302445013","name":"SEALS KIT"},{"catalog_number":"7300645044","name":"KNUCKLE"},{"catalog_number":"7300645017","name":"KNUCKLE"},{"catalog_number":"7300640018","name":"FINAL DRIVE"},{"catalog_number":"7300640017","name":"FINAL DRIVE"},{"catalog_number":"7300640012","name":"FINAL DRIVE"},{"catalog_number":"7300640011","name":"FINAL DRIVE"},{"catalog_number":"7300604801","name":"FLANGE"},{"catalog_number":"7300604301","name":"COVER"},{"catalog_number":"7300604201","name":"HOUSING"},{"catalog_number":"7300604101","name":"HOUSING"},{"catalog_number":"7300602203","name":"CROWNWHEEL"},{"catalog_number":"7300471101","name":"BRIDLE"},{"catalog_number":"7300470702","name":"KIT, DISC"},{"catalog_number":"7300440012","name":"KIT,DIFFERENTIAL"},{"catalog_number":"7300403226","name":"SHIM"},{"catalog_number":"7300403225","name":"SHIM"},{"catalog_number":"7300403224","name":"SHIM"},{"catalog_number":"7300403223","name":"SHIM"},{"catalog_number":"7300403222","name":"SHIM"},{"catalog_number":"7300403221","name":"SHIM"},{"catalog_number":"7300403220","name":"SHIM"},{"catalog_number":"7300403219","name":"SHIM"},{"catalog_number":"7300403218","name":"SHIM"},{"catalog_number":"7300403217","name":"SHIM"},{"catalog_number":"7300403216","name":"SHIM"},{"catalog_number":"7300403215","name":"SHIM"},{"catalog_number":"7300403214","name":"SHIM"},{"catalog_number":"7300403213","name":"SHIM"},{"catalog_number":"7300403212","name":"SHIM"},{"catalog_number":"7300403211","name":"SHIM"},{"catalog_number":"7300403210","name":"SHIM"},{"catalog_number":"7300403209","name":"SHIM"},{"catalog_number":"7300403208","name":"SHIM"},{"catalog_number":"7300403207","name":"SHIM"},{"catalog_number":"7300403206","name":"SHIM"},{"catalog_number":"7300403205","name":"SHIM"},{"catalog_number":"7300403204","name":"SHIM"},{"catalog_number":"7300403203","name":"SHIM"},{"catalog_number":"7300403202","name":"SHIM"},{"catalog_number":"7300403101","name":"SPACER"},{"catalog_number":"7300402901","name":"WASHER"},{"catalog_number":"7300172501","name":"HOUSING"},{"catalog_number":"7300172401","name":"HOUSING"},{"catalog_number":"7300160101","name":"SWITCH,INDIRECT"},{"catalog_number":"7300145001","name":"JOINT/GASKET KIT"},{"catalog_number":"7300108501","name":"SPACER"},{"catalog_number":"7300108401","name":"SPACER"},{"catalog_number":"7300108301","name":"SPACER"},{"catalog_number":"7300108201","name":"SPACER"},{"catalog_number":"7300108101","name":"SPACER"},{"catalog_number":"7300108001","name":"TAPPET PLATE"},{"catalog_number":"7300107901","name":"BEARING FLANGE"},{"catalog_number":"7300107801","name":"CLEVIS PIN"},{"catalog_number":"7300106302","name":"WASHER"},{"catalog_number":"7300106201","name":"PLUG"},{"catalog_number":"7300106101","name":"DOWEL"},{"catalog_number":"7300105801","name":"CLEVIS PIN"},{"catalog_number":"7300105403","name":"CLEVIS PIN"},{"catalog_number":"7300105301","name":"BEARING FLANGE"},{"catalog_number":"7300105102","name":"GASKET"},{"catalog_number":"7300104901","name":"CLEVIS PIN"},{"catalog_number":"7300104803","name":"CLEVIS PIN"},{"catalog_number":"7300104701","name":"SEAL"},{"catalog_number":"7300104602","name":"BEARING FLANGE"},{"catalog_number":"7300104501","name":"SEAL"},{"catalog_number":"7300104401","name":"TOGGLE"},{"catalog_number":"7300104301","name":"CLEVIS PIN"},{"catalog_number":"7300104201","name":"COVER"},{"catalog_number":"7300104101","name":"SUPPORT"},{"catalog_number":"7300103902","name":"LEVER"},{"catalog_number":"7300101702","name":"COVER"},{"catalog_number":"728870030040","name":"FLANGE BUSHING"},{"catalog_number":"72835","name":"SHOULDER BOLT"},{"catalog_number":"727768","name":"GROMMET"},{"catalog_number":"727693","name":"GROMMET"},{"catalog_number":"727487","name":"GROMMET"},{"catalog_number":"727248","name":"GROMMET"},{"catalog_number":"727198","name":"GROMMET"},{"catalog_number":"726059","name":"WHEEL BOLT"},{"catalog_number":"725891030550","name":"BUSH"},{"catalog_number":"72571791","name":"ADAPTER"},{"catalog_number":"72571789D","name":"OPERATOR MANUAL"},{"catalog_number":"72571751","name":"TELEMETRY UNIT"},{"catalog_number":"72571687A","name":"OPERATOR MANUAL"},{"catalog_number":"72571686A","name":"OPERATOR MANUAL"},{"catalog_number":"72571683A","name":"OPERATOR MANUAL"},{"catalog_number":"72571681A","name":"OPERATOR MANUAL"},{"catalog_number":"72571679A","name":"OPERATOR MANUAL"},{"catalog_number":"72571678A","name":"OPERATOR MANUAL"},{"catalog_number":"72571677A","name":"OPERATOR MANUAL"},{"catalog_number":"72571675C","name":"OPERATOR MANUAL"},{"catalog_number":"72571625E","name":"OPERATOR MANUAL"},{"catalog_number":"72571622E","name":"OPERATOR MANUAL"},{"catalog_number":"72571532","name":"REMOTE ANTENNA"},{"catalog_number":"72571516","name":"PAD"},{"catalog_number":"72571514","name":"ANTENNA"},{"catalog_number":"72571496","name":"CABLE"},{"catalog_number":"72571444","name":"C1000 CONSOLE"},{"catalog_number":"72571440","name":"HARNESS"},{"catalog_number":"72571368A","name":"INSTRUCTIONS"},{"catalog_number":"72571368","name":"FIT.INSTRUCTION"},{"catalog_number":"72571363","name":"MAGNETIC MOUNT"},{"catalog_number":"72571362","name":"GPS EXT CABLE"},{"catalog_number":"72571236","name":"PROGRAM CARD"},{"catalog_number":"72571213","name":"ANTENNA"},{"catalog_number":"72571211A","name":"OPERATOR MANUAL"},{"catalog_number":"72571209","name":"REMOVAL TOOL"},{"catalog_number":"72571208","name":"GTA UPDATE KIT"},{"catalog_number":"72571206","name":"PWR SUPPLY WIRE"},{"catalog_number":"72571177","name":"WIRE HARNESS"},{"catalog_number":"72571095","name":"ADAPTER CABLE"},{"catalog_number":"72571081","name":"HARNESS"},{"catalog_number":"72571080B","name":"SHEET"},{"catalog_number":"72571079B","name":"INSTRUCTIONS"},{"catalog_number":"72571070","name":"SD (DATA) CARD"},{"catalog_number":"72571069","name":"SHELL KIT"},{"catalog_number":"72571068","name":"FOAM TAPE"},{"catalog_number":"72571032","name":"CARD"},{"catalog_number":"72571026A","name":"OPERATOR MANUAL"},{"catalog_number":"72571025B","name":"FIT.INSTRUCTION"},{"catalog_number":"72571011","name":"GTA CON I"},{"catalog_number":"72571007SE","name":"SENSOR"},{"catalog_number":"72570175","name":"KIT"},{"catalog_number":"72570170","name":"RADIO"},{"catalog_number":"72570169","name":"RADIO"},{"catalog_number":"72570168","name":"RADIO"},{"catalog_number":"72570167","name":"GPS KIT"},{"catalog_number":"72570166","name":"TOPDCK ROVER KIT"},{"catalog_number":"72570081","name":"RADIO"},{"catalog_number":"72570075","name":"STATION KIT"},{"catalog_number":"72570074","name":"RADIO"},{"catalog_number":"72570028","name":"RADIO"},{"catalog_number":"72570020","name":"RADIO"},{"catalog_number":"72570019","name":"RADIO"},{"catalog_number":"72570018","name":"RADIO"},{"catalog_number":"72570015","name":"RADIO"},{"catalog_number":"72570014","name":"RADIO"},{"catalog_number":"72570013","name":"RADIO"},{"catalog_number":"72570012","name":"RADIO"},{"catalog_number":"72528447","name":"LATCH"},{"catalog_number":"72528025","name":"PISTON"},{"catalog_number":"72528024","name":"CAM PLATE"},{"catalog_number":"72528012","name":"O RING"},{"catalog_number":"72528008","name":"RING"},{"catalog_number":"72528004","name":"COMPENSATOR"},{"catalog_number":"72526244","name":"ELBOW FITTING"},{"catalog_number":"72526160","name":"VALVE"},{"catalog_number":"72525514","name":"WARNING LIGHT"},{"catalog_number":"72525513","name":"WARNING LIGHT"},{"catalog_number":"72525468","name":"SHUTTLE VALVE"},{"catalog_number":"725200251010","name":"CONNECTING CABLE"},{"catalog_number":"72517900","name":"MOUNTING KIT"},{"catalog_number":"72517816","name":"SUPPORT"},{"catalog_number":"72517815","name":"SUPPORT"},{"catalog_number":"72517713","name":"ACCESSORY CODE"},{"catalog_number":"72517231","name":"KIT"},{"catalog_number":"72517197","name":"WHEEL RIM"},{"catalog_number":"72516678","name":"RETAINER"},{"catalog_number":"72516645","name":"BASE"},{"catalog_number":"72516644","name":"MOUNTING KIT"},{"catalog_number":"72516643","name":"FIT.INSTRUCTION"},{"catalog_number":"72516639","name":"BRACKET"},{"catalog_number":"72516583","name":"FIT.INSTRUCTION"},{"catalog_number":"72516560","name":"OIL FILTER"},{"catalog_number":"72516418","name":"CONNECTOR"},{"catalog_number":"72516417","name":"CONNECTOR"},{"catalog_number":"72516412","name":"CONNECTOR"},{"catalog_number":"72516410","name":"CONNECTOR"},{"catalog_number":"72516408","name":"SECONDARY LOCK"},{"catalog_number":"72516407","name":"METRI-PACK PLUG"},{"catalog_number":"72515309","name":"LUBRICANT"},{"catalog_number":"72514694","name":"TERMINAL"},{"catalog_number":"72514693","name":"CONNECTOR"},{"catalog_number":"72514691","name":"CABLE CLAMP"},{"catalog_number":"72514690","name":"CABLE CLAMP"},{"catalog_number":"72514689","name":"CONTACT"},{"catalog_number":"72514685","name":"RECEPTACLE"},{"catalog_number":"72514684","name":"CONNECTOR"},{"catalog_number":"72514683","name":"SOCKET"},{"catalog_number":"72514681","name":"CONNECTOR PLUG"},{"catalog_number":"72514546","name":"HEADLAMP"},{"catalog_number":"72514301","name":"WASHER"},{"catalog_number":"72514070","name":"LOCKING KIT"},{"catalog_number":"72514054","name":"SCREW"},{"catalog_number":"72512965","name":"PROTECTION"},{"catalog_number":"72512518","name":"SENDER"},{"catalog_number":"72512326","name":"KEY"},{"catalog_number":"72511906","name":"FUEL FILTER"},{"catalog_number":"72511858","name":"SEAL"},{"catalog_number":"72511856","name":"SEAL"},{"catalog_number":"72511225","name":"HUB"},{"catalog_number":"725100490020","name":"COVER"},{"catalog_number":"725100490010","name":"SPUR GEAR"},{"catalog_number":"72509675","name":"BUMPER"},{"catalog_number":"72509505","name":"CORROSIONELEMENT"},{"catalog_number":"72509365","name":"GASKET"},{"catalog_number":"72509305","name":"HIGH PRES SWITCH"},{"catalog_number":"72509073","name":"KIT, HOSE"},{"catalog_number":"72508192","name":"BALL"},{"catalog_number":"72508187","name":"SCREW"},{"catalog_number":"72508186","name":"SEALS KIT"},{"catalog_number":"72507595","name":"BEARING"},{"catalog_number":"72507408","name":"CAP PLUG"},{"catalog_number":"72507407","name":"CAP PLUG"},{"catalog_number":"72507406","name":"STEM CAP"},{"catalog_number":"72507231","name":"GAS VALVE"},{"catalog_number":"72506938","name":"BOLT"},{"catalog_number":"72506922","name":"SERVICE VALVE"},{"catalog_number":"72506771","name":"DECAL"},{"catalog_number":"72506694","name":"SERVICE VALVE"},{"catalog_number":"72506418","name":"TERMINAL COVER"},{"catalog_number":"72506402","name":"HOSE ASSY"},{"catalog_number":"72505639","name":"LATCH"},{"catalog_number":"72505386","name":"TRIM"},{"catalog_number":"72505208","name":"BULB"},{"catalog_number":"72505206","name":"CONNECTOR"},{"catalog_number":"72505204","name":"HORN"},{"catalog_number":"72504821","name":"HOSE"},{"catalog_number":"72504801","name":"CAP"},{"catalog_number":"72504799","name":"SCREW"},{"catalog_number":"72504778","name":"SCREW"},{"catalog_number":"72504774","name":"KIT, REPAIR"},{"catalog_number":"72504748","name":"PIN"},{"catalog_number":"72504717","name":"SPRING"},{"catalog_number":"72504363","name":"FOAM"},{"catalog_number":"72504036","name":"FOAM RING SEAL"},{"catalog_number":"72503986","name":"PIN"},{"catalog_number":"72503970","name":"SNAPRING"},{"catalog_number":"72503969","name":"O RING"}]}