{"machinery_brand_name":"Ag-Chem","parts":[{"catalog_number":"F020100100021","name":"COUPLING"},{"catalog_number":"F017600011010","name":"CLAMPING FIXTURE"},{"catalog_number":"F017201610010","name":"SEAL"},{"catalog_number":"F017201210110","name":"MOLDED SEAL"},{"catalog_number":"F017201090010","name":"SEALING FLANGE"},{"catalog_number":"F017200710350","name":"O-RING"},{"catalog_number":"F017200710300","name":"BOOST PIPE"},{"catalog_number":"F017200710290","name":"BOOST PIPE"},{"catalog_number":"F017200710130","name":"CAP"},{"catalog_number":"F017200610080","name":"DISC"},{"catalog_number":"F017200610070","name":"HOSE PIECE"},{"catalog_number":"F017200410190","name":"BEARING BUSHING"},{"catalog_number":"F017200410180","name":"DISC"},{"catalog_number":"F017200310470","name":"GROOV PISTN RING"},{"catalog_number":"F017200310310","name":"CONN. ROD BOLT"},{"catalog_number":"F017200310170","name":"O-RING"},{"catalog_number":"F017200210220","name":"DISC"},{"catalog_number":"F017200210210","name":"DISC"},{"catalog_number":"F017200210200","name":"SEALING WASHER"},{"catalog_number":"F017200210150","name":"MOLDED SEAL"},{"catalog_number":"F017200210030","name":"DISC"},{"catalog_number":"F016400010160","name":"COMPRESS. SPRING"},{"catalog_number":"F016400010150","name":"CENTERING RING"},{"catalog_number":"F016400010140","name":"BALL BRG. BUSHNG"},{"catalog_number":"F016400010110","name":"REGULATING SCREW"},{"catalog_number":"F016400010090","name":"ROLLER CAGE"},{"catalog_number":"F016400010080","name":"REGULATING RING"},{"catalog_number":"F016400010070","name":"ROLLER BRG. RACE"},{"catalog_number":"F016400010050","name":"SEAL"},{"catalog_number":"F015900090011","name":"POWER OUTLET"},{"catalog_number":"F015900060030","name":"RUBBER CAP"},{"catalog_number":"F015900060011","name":"STRT PUSH BUTTON"},{"catalog_number":"F015900050040","name":"SCEW CLAMP"},{"catalog_number":"F015900050030","name":"SCEW CLAMP"},{"catalog_number":"F015900040050","name":"FUSE LINK"},{"catalog_number":"F015900020480","name":"GLOW WIRE"},{"catalog_number":"F015900020421","name":"INDICATOR LIGHT"},{"catalog_number":"F015900020380","name":"GLOW PLUG RESIST"},{"catalog_number":"F015900020240","name":"SEALING WASHER"},{"catalog_number":"F015900020230","name":"SEAL"},{"catalog_number":"F015900020090","name":"INSULATOR"},{"catalog_number":"F015900020070","name":"ROUND NUT"},{"catalog_number":"F015900020060","name":"GLOW PLUG"},{"catalog_number":"F015900020050","name":"SHIELD CAP"},{"catalog_number":"F015700020030","name":"MARKING PLATE"},{"catalog_number":"F015200610130","name":"COVER PANEL"},{"catalog_number":"F015200610080","name":"CAP NUT"},{"catalog_number":"F015200610050","name":"SLIPRING"},{"catalog_number":"F015200610042","name":"SEALING RING"},{"catalog_number":"F015200210540","name":"OVAL GASKET"},{"catalog_number":"F015200090250","name":"SEAL"},{"catalog_number":"F015200090130","name":"CONTAINER"},{"catalog_number":"F015200060370","name":"SEAL"},{"catalog_number":"F015200060340","name":"FILTER BOX"},{"catalog_number":"F015200060250","name":"NOZZLE"},{"catalog_number":"F015200060160","name":"FILTER ELEMENT"},{"catalog_number":"F015200060010","name":"RUBBER SEAL RING"},{"catalog_number":"F015100070210","name":"DISC"},{"catalog_number":"F015100070200","name":"PIN"},{"catalog_number":"F015100070180","name":"LEAF SPRING"},{"catalog_number":"F015100070170","name":"PULLING SPRING"},{"catalog_number":"F015100070160","name":"PULLING SPRING"},{"catalog_number":"F014861011020","name":"MOLDED SEAL"},{"catalog_number":"F014861011010","name":"MOLDED SEAL"},{"catalog_number":"F013900020030","name":"GLASS RETNR SPRG"},{"catalog_number":"F013600010031","name":"TEROKAL CEMENT"},{"catalog_number":"F013400030090","name":"RETAINER CAP"},{"catalog_number":"F013100060010","name":"MUSHROOM BUFFER"},{"catalog_number":"F013100030060","name":"INTERLOCK SPRING"},{"catalog_number":"F010200710762","name":"DISC"},{"catalog_number":"F010200710760","name":"DISC"},{"catalog_number":"F010200710758","name":"DISC"},{"catalog_number":"F010200710756","name":"DISC"},{"catalog_number":"F010200710754","name":"DISC"},{"catalog_number":"F010200710753","name":"DISC"},{"catalog_number":"F010200710752","name":"DISC"},{"catalog_number":"F010200710750","name":"DISC"},{"catalog_number":"F010100090180","name":"LEVER BALL"},{"catalog_number":"F007900010040","name":"HEX HEAD BOLT"},{"catalog_number":"F007900010030","name":"HEX HEAD BOLT"},{"catalog_number":"F007250710020","name":"END PLATE"},{"catalog_number":"F007250710010","name":"PIPE CLAMP"},{"catalog_number":"F007250310010","name":"HEX HEAD BOLT"},{"catalog_number":"F007250210010","name":"THERMO SWITCH"},{"catalog_number":"F007200710100","name":"END PLATE"},{"catalog_number":"F007200710090","name":"PIPE CLAMP"},{"catalog_number":"F007200310070","name":"CONN. ROD BRG."},{"catalog_number":"F007200310060","name":"CONN. ROD BRG."},{"catalog_number":"F007200310050","name":"CONN. ROD BRG."},{"catalog_number":"F007200260020","name":"NUT"},{"catalog_number":"F007200210400","name":"COMPENS. RING"},{"catalog_number":"F007200210390","name":"COMPENS. RING"},{"catalog_number":"F007200210380","name":"COMPENS. RING"},{"catalog_number":"F007200210370","name":"COMPENS. RING"},{"catalog_number":"F007200210360","name":"COMPENS. RING"},{"catalog_number":"F007200210350","name":"COMPENS. RING"},{"catalog_number":"F007200210340","name":"COMPENS. RING"},{"catalog_number":"F007200210330","name":"COMPENS. RING"},{"catalog_number":"F007200210320","name":"COMPENS. RING"},{"catalog_number":"F007200210310","name":"COMPENS. RING"},{"catalog_number":"F007200210300","name":"COMPENS. RING"},{"catalog_number":"F007200210290","name":"COMPENS. RING"},{"catalog_number":"F007200210280","name":"COMPENS. RING"},{"catalog_number":"F007200210270","name":"COMPENS. RING"},{"catalog_number":"F007200210260","name":"COMPENS. RING"},{"catalog_number":"F007200210250","name":"COMPENS. RING"},{"catalog_number":"F007200210240","name":"COMPENS. RING"},{"catalog_number":"F007200210230","name":"COMPENS. RING"},{"catalog_number":"F007200210220","name":"COMPENS. RING"},{"catalog_number":"F007200210200","name":"MACHINE WASHER"},{"catalog_number":"F007200210190","name":"SOCKET HEAD BOLT"},{"catalog_number":"F007200210180","name":"SEALING COMPOUND"},{"catalog_number":"F007200210170","name":"CLAMP"},{"catalog_number":"F007200210160","name":"HOSE"},{"catalog_number":"F007200210150","name":"RETNG SHT METAL"},{"catalog_number":"F007200210110","name":"THRUST RING"},{"catalog_number":"F007200210100","name":"THRUST RING"},{"catalog_number":"F007200210080","name":"THRUST RING"},{"catalog_number":"F007200210070","name":"THRUST RING"},{"catalog_number":"F007200210060","name":"BEARING"},{"catalog_number":"F007200210050","name":"BEARING"},{"catalog_number":"F007200210040","name":"BEARING"},{"catalog_number":"F007200090090","name":"THIMBLE"},{"catalog_number":"F006200710140","name":"SEAL"},{"catalog_number":"F004900040070","name":"SEAL"},{"catalog_number":"F004900020090","name":"ADAPTING NIPPLE"},{"catalog_number":"F004900020060","name":"HEX HEAD BOLT"},{"catalog_number":"F004200710510","name":"O-RING"},{"catalog_number":"F004200710420","name":"SPACER"},{"catalog_number":"F004200710410","name":"HOSE CLIP"},{"catalog_number":"F004200710280","name":"DISC"},{"catalog_number":"F004200710270","name":"DISC"},{"catalog_number":"F004200710260","name":"DISC"},{"catalog_number":"F004200710250","name":"DISC"},{"catalog_number":"F004200710240","name":"DISC"},{"catalog_number":"F004200710230","name":"DISC"},{"catalog_number":"F004200710220","name":"DISC"},{"catalog_number":"F004200710210","name":"DISC"},{"catalog_number":"F004200710200","name":"DISC"},{"catalog_number":"F004200710190","name":"DISC"},{"catalog_number":"F004200710180","name":"DISC"},{"catalog_number":"F004200710170","name":"DISC"},{"catalog_number":"F004200710160","name":"DISC"},{"catalog_number":"F004200710150","name":"DISC"},{"catalog_number":"F004200710140","name":"DISC"},{"catalog_number":"F004200710130","name":"DISC"},{"catalog_number":"F004200710120","name":"DISC"},{"catalog_number":"F004200710110","name":"DISC"},{"catalog_number":"F004200710100","name":"DISC"},{"catalog_number":"F004200710090","name":"DISC"},{"catalog_number":"F004200710070","name":"SHIM DISC"},{"catalog_number":"F004200710060","name":"PRESSURE BOLT"},{"catalog_number":"F004200710050","name":"COMPRESS. SPRING"},{"catalog_number":"F004200710040","name":"DISC"},{"catalog_number":"F004200510120","name":"HEX HEAD BOLT"},{"catalog_number":"F004200310200","name":"BUSH"},{"catalog_number":"F004200310190","name":"LOCKING PLUG"},{"catalog_number":"F004200310090","name":"THRUST WASHER"},{"catalog_number":"F004200310050","name":"CONN. ROD BOLT"},{"catalog_number":"F004200210800","name":"HEX HEAD BOLT"},{"catalog_number":"F004200210770","name":"BUSH"},{"catalog_number":"F004200210760","name":"BUSH"},{"catalog_number":"F004200210710","name":"DISC"},{"catalog_number":"F004200210700","name":"HEX HEAD BOLT"},{"catalog_number":"F004200210680","name":"HEX HEAD BOLT"},{"catalog_number":"F004200210670","name":"LOCKING PIN"},{"catalog_number":"F004200210510","name":"BUSH"},{"catalog_number":"F004200210470","name":"PIPE CLAMP"},{"catalog_number":"F004200210430","name":"FILLER LOCK"},{"catalog_number":"F004200210390","name":"LOCKING PART"},{"catalog_number":"F004200210360","name":"COVER"},{"catalog_number":"F004200210340","name":"HEX HEAD BOLT"},{"catalog_number":"F004200210330","name":"HOSE CONNECTION"},{"catalog_number":"F004200210320","name":"SHAFT SEAL"},{"catalog_number":"F004200210180","name":"DISC"},{"catalog_number":"F004200210110","name":"SEAL"},{"catalog_number":"F004200210090","name":"GUIDE SLEEVE"},{"catalog_number":"F004200210030","name":"RETAINER"},{"catalog_number":"F004200210010","name":"RETAINER"},{"catalog_number":"F004200040240","name":"HEX HEAD BOLT"},{"catalog_number":"F004200040230","name":"HOSE CONNECTION"},{"catalog_number":"F003201510050","name":"GUIDE TUBE"},{"catalog_number":"F003201210010","name":"HEX HEAD BOLT"},{"catalog_number":"F003201100030","name":"SEAL"},{"catalog_number":"F003201100020","name":"SEAL"},{"catalog_number":"F002900020090","name":"SPEED SENSOR"},{"catalog_number":"F002900020050","name":"SOCKET CONTACT"},{"catalog_number":"F002900020040","name":"DUST PLUG"},{"catalog_number":"F002900020030","name":"SEAL"},{"catalog_number":"F002200710370","name":"DISC"},{"catalog_number":"F002200710360","name":"DISC"},{"catalog_number":"F002200710290","name":"DISC"},{"catalog_number":"F002200710040","name":"SEAL"},{"catalog_number":"F002200710030","name":"SEALING PLATE"},{"catalog_number":"F002200510060","name":"SEAL"},{"catalog_number":"F002200210650","name":"COVER"},{"catalog_number":"F002200210620","name":"HOSE CONNECTION"},{"catalog_number":"F002200210430","name":"OIL FILTER"},{"catalog_number":"F002200210390","name":"SEAL"},{"catalog_number":"F002200090190","name":"CONNECTING NUT"},{"catalog_number":"F002200090180","name":"NOZZLE"},{"catalog_number":"F002200090170","name":"NOZZLE"},{"catalog_number":"F002200050040","name":"SEAL"},{"catalog_number":"F002200040020","name":"SAFE.LOCK AGENT"},{"catalog_number":"F001200710090","name":"DINSTANCE SLEEVE"},{"catalog_number":"F001200210030","name":"LOCKING PLUG"},{"catalog_number":"F001200210020","name":"COVER"},{"catalog_number":"EAMECORRU9","name":"CORRUGATE CARTON"},{"catalog_number":"EAMECORRU7","name":"CORRUGATE CARTON"},{"catalog_number":"EAMECORRU6","name":"CORRUGATE CARTON"},{"catalog_number":"EAMECORRU5","name":"CORRUGATE CARTON"},{"catalog_number":"EAMECORRU35","name":"CORRUGATE CARTON"},{"catalog_number":"EAMECORRU34","name":"CORRUGATE CARTON"},{"catalog_number":"EAMECORRU33","name":"CORRUGATE CARTON"},{"catalog_number":"EAMECORRU31","name":"CORRUGATE CARTON"},{"catalog_number":"EAMECORRU25","name":"CORRUGATE CARTON"},{"catalog_number":"EAMECORRU20","name":"CORRUGATE CARTON"},{"catalog_number":"EAMECORRU14","name":"CORRUGATE CARTON"},{"catalog_number":"EAMECORRU12","name":"CORRUGATE CARTON"},{"catalog_number":"EAMECORRU10","name":"CORRUGATE CARTON"},{"catalog_number":"E954306000010","name":"FRONT AXLE"},{"catalog_number":"E954305000010","name":"FRONT AXLE"},{"catalog_number":"E954200111040","name":"FILTER"},{"catalog_number":"E954200111030","name":"CATALYST"},{"catalog_number":"E954200111011","name":"CATALYST"},{"catalog_number":"E954200041111","name":"FAN"},{"catalog_number":"E954200041110","name":"FAN"},{"catalog_number":"E954200011120","name":"ENGINE"},{"catalog_number":"E954200011011","name":"ENGINE"},{"catalog_number":"E954200010010","name":"ENGINE"},{"catalog_number":"E953200011120","name":"ENGINE"},{"catalog_number":"E953200011100","name":"ENGINE"},{"catalog_number":"E953200011011","name":"ENGINE"},{"catalog_number":"E953200010010","name":"ENGINE"},{"catalog_number":"E952200011120","name":"ENGINE"},{"catalog_number":"E952200011100","name":"ENGINE"},{"catalog_number":"E952200011011","name":"ENGINE"},{"catalog_number":"E952200010010","name":"ENGINE"},{"catalog_number":"E951200011120","name":"ENGINE"},{"catalog_number":"E951200011100","name":"ENGINE"},{"catalog_number":"E951200011011","name":"ENGINE"},{"catalog_number":"E951200010010","name":"ENGINE"},{"catalog_number":"E950200011120","name":"ENGINE"},{"catalog_number":"E950200011100","name":"ENGINE"},{"catalog_number":"E950200011011","name":"ENGINE"},{"catalog_number":"E950200010010","name":"ENGINE"},{"catalog_number":"E946201010500","name":"ENGINE"},{"catalog_number":"E946201010400","name":"ENGINE"},{"catalog_number":"E946201010061","name":"ENGINE"},{"catalog_number":"E946201010021","name":"ENGINE"},{"catalog_number":"E946201010011","name":"ENGINE"},{"catalog_number":"E945201110012","name":"CATALYST"},{"catalog_number":"E945201010500","name":"ENGINE"},{"catalog_number":"E945201010400","name":"ENGINE"},{"catalog_number":"E945201010100","name":"ENGINE"},{"catalog_number":"E945201010061","name":"ENGINE"},{"catalog_number":"E945201010051","name":"ENGINE"},{"catalog_number":"E945201010021","name":"ENGINE"},{"catalog_number":"E945201010011","name":"ENGINE"},{"catalog_number":"E944201010500","name":"ENGINE"},{"catalog_number":"E944201010400","name":"ENGINE"},{"catalog_number":"E944201010100","name":"ENGINE"},{"catalog_number":"E944201010061","name":"ENGINE"},{"catalog_number":"E944201010051","name":"ENGINE"},{"catalog_number":"E944201010021","name":"ENGINE"},{"catalog_number":"E944201010011","name":"ENGINE"},{"catalog_number":"E943201010500","name":"ENGINE"},{"catalog_number":"E943201010400","name":"ENGINE"},{"catalog_number":"E943201010100","name":"ENGINE"},{"catalog_number":"E943201010061","name":"ENGINE"},{"catalog_number":"E943201010051","name":"ENGINE"},{"catalog_number":"E943201010021","name":"ENGINE"},{"catalog_number":"E943201010011","name":"ENGINE"},{"catalog_number":"E942201010500","name":"ENGINE"},{"catalog_number":"E942201010400","name":"ENGINE"},{"catalog_number":"E942201010100","name":"ENGINE"},{"catalog_number":"E942201010061","name":"ENGINE"},{"catalog_number":"E942201010051","name":"ENGINE"},{"catalog_number":"E942201010021","name":"ENGINE"},{"catalog_number":"E942201010011","name":"ENGINE"},{"catalog_number":"E941201010500","name":"ENGINE"},{"catalog_number":"E941201010400","name":"ENGINE"},{"catalog_number":"E941201010100","name":"ENGINE"},{"catalog_number":"E941201010061","name":"ENGINE"},{"catalog_number":"E941201010051","name":"ENGINE"},{"catalog_number":"E941201010021","name":"ENGINE"},{"catalog_number":"E941201010011","name":"ENGINE"},{"catalog_number":"E931304000030","name":"FRONT AXLE"},{"catalog_number":"E931303120017","name":"STRG. CYL."},{"catalog_number":"E931303120016","name":"STRG. CYL."},{"catalog_number":"E931303100021","name":"TRACK ROD"},{"catalog_number":"E931303051011","name":"SPRING CYLINDER"},{"catalog_number":"E931303000030","name":"FRONT AXLE"},{"catalog_number":"E930301021010","name":"STEERING AXLE"},{"catalog_number":"E926301120011","name":"STRG. CYL."},{"catalog_number":"E926301020010","name":"STEERING AXLE"},{"catalog_number":"E916961020010","name":"VALVE BLOCK"},{"catalog_number":"E916300020010","name":"STEERING AXLE"},{"catalog_number":"E842301080010","name":"JOINTED SHAFT"},{"catalog_number":"E842300020020","name":"STEERING AXLE"},{"catalog_number":"E842201110070","name":"CATALYST"},{"catalog_number":"E842201110060","name":"FILTER"},{"catalog_number":"E842201110050","name":"DOSING MODULE"},{"catalog_number":"E842201110040","name":"CATALYST"},{"catalog_number":"E842201041020","name":"FAN"},{"catalog_number":"E842201041011","name":"FAN"},{"catalog_number":"E842201041010","name":"FAN"},{"catalog_number":"E842201010120","name":"ENGINE"},{"catalog_number":"E842201010100","name":"ENGINE"},{"catalog_number":"E842201010050","name":"ENGINE"},{"catalog_number":"E842201010010","name":"ENGINE"},{"catalog_number":"E841201010120","name":"ENGINE"},{"catalog_number":"E841201010100","name":"ENGINE"},{"catalog_number":"E841201010050","name":"ENGINE"},{"catalog_number":"E841201010010","name":"ENGINE"},{"catalog_number":"E840201010120","name":"ENGINE"},{"catalog_number":"E840201010100","name":"ENGINE"},{"catalog_number":"E840201010050","name":"ENGINE"},{"catalog_number":"E840201010010","name":"ENGINE"},{"catalog_number":"E839201010120","name":"ENGINE"},{"catalog_number":"E839201010100","name":"ENGINE"},{"catalog_number":"E839201010050","name":"ENGINE"},{"catalog_number":"E839201010010","name":"ENGINE"},{"catalog_number":"E836201011500","name":"ENGINE"},{"catalog_number":"E836201011400","name":"ENGINE"},{"catalog_number":"E836201011070","name":"ENGINE"},{"catalog_number":"E836201011061","name":"ENGINE"},{"catalog_number":"E836201011030","name":"ENGINE"},{"catalog_number":"E836201011021","name":"ENGINE"},{"catalog_number":"E836200010050","name":"ENGINE"},{"catalog_number":"E836200010010","name":"ENGINE"},{"catalog_number":"E835970020062","name":"TRANSMITTER"},{"catalog_number":"E835970020060","name":"TRANSMITTER"},{"catalog_number":"E835301080050","name":"JOINTED SHAFT"},{"catalog_number":"E835300080060","name":"JOINTED SHAFT"},{"catalog_number":"E835300050010","name":"HYD CYLINDER"},{"catalog_number":"E835300020012","name":"STEERING AXLE"},{"catalog_number":"E835201110020","name":"SUPPLY UNIT"},{"catalog_number":"E835201110012","name":"CATALYST"},{"catalog_number":"E835201011500","name":"ENGINE"},{"catalog_number":"E835201011400","name":"ENGINE"},{"catalog_number":"E835201011070","name":"ENGINE"},{"catalog_number":"E835201011061","name":"ENGINE"},{"catalog_number":"E835201011030","name":"ENGINE"},{"catalog_number":"E835201011021","name":"ENGINE"},{"catalog_number":"E835201010050","name":"ENGINE"},{"catalog_number":"E835201010010","name":"ENGINE"},{"catalog_number":"E835100420020","name":"HYDRO DAMPER"},{"catalog_number":"E835100420010","name":"HYDRO DAMPER"},{"catalog_number":"E834201011500","name":"ENGINE"},{"catalog_number":"E834201011400","name":"ENGINE"},{"catalog_number":"E834201011070","name":"ENGINE"},{"catalog_number":"E834201011061","name":"ENGINE"},{"catalog_number":"E834201011030","name":"ENGINE"},{"catalog_number":"E834201011021","name":"ENGINE"},{"catalog_number":"E834200010050","name":"ENGINE"},{"catalog_number":"E834200010010","name":"ENGINE"},{"catalog_number":"E833201011500","name":"ENGINE"},{"catalog_number":"E833201011400","name":"ENGINE"},{"catalog_number":"E833201011070","name":"ENGINE"},{"catalog_number":"E833201011061","name":"ENGINE"},{"catalog_number":"E833201011030","name":"ENGINE"},{"catalog_number":"E833201011021","name":"ENGINE"},{"catalog_number":"E833201010050","name":"ENGINE"},{"catalog_number":"E833201010010","name":"ENGINE"},{"catalog_number":"E832200010050","name":"ENGINE"},{"catalog_number":"E832200010010","name":"ENGINE"},{"catalog_number":"E822100430020","name":"TURBO CLUTCH"},{"catalog_number":"E816301080019","name":"CONST-VEL. JOINT"},{"catalog_number":"E816100430010","name":"TURBO CLUTCH"},{"catalog_number":"E743300080100","name":"CONST-VEL. JOINT"},{"catalog_number":"E743300020030","name":"STEERING AXLE"},{"catalog_number":"E743200111021","name":"DPF"},{"catalog_number":"E743200111011","name":"CATALYST"},{"catalog_number":"E743200041011","name":"FAN"},{"catalog_number":"E743200011120","name":"DIESEL ENGINE"},{"catalog_number":"E743200011102","name":"ENGINE"},{"catalog_number":"E743200011053","name":"ENGINE"},{"catalog_number":"E743200011013","name":"ENGINE"},{"catalog_number":"E742200011120","name":"DIESEL ENGINE"},{"catalog_number":"E742200011102","name":"ENGINE"},{"catalog_number":"E742200011053","name":"ENGINE"},{"catalog_number":"E742200011013","name":"ENGINE"},{"catalog_number":"E741200011120","name":"DIESEL ENGINE"},{"catalog_number":"E741200011102","name":"ENGINE"},{"catalog_number":"E741200011053","name":"ENGINE"},{"catalog_number":"E741200011013","name":"ENGINE"},{"catalog_number":"E740200011120","name":"DIESEL ENGINE"},{"catalog_number":"E740200011102","name":"ENGINE"},{"catalog_number":"E740200011053","name":"ENGINE"},{"catalog_number":"E740200011013","name":"ENGINE"},{"catalog_number":"E739200011120","name":"DIESEL ENGINE"},{"catalog_number":"E739200011102","name":"ENGINE"},{"catalog_number":"E739200011053","name":"ENGINE"},{"catalog_number":"E739200011013","name":"ENGINE"},{"catalog_number":"E738200011120","name":"DIESEL ENGINE"},{"catalog_number":"E738200011102","name":"ENGINE"},{"catalog_number":"E738200011053","name":"ENGINE"},{"catalog_number":"E738200011013","name":"ENGINE"},{"catalog_number":"E737550020010","name":"COMPRESSOR"},{"catalog_number":"E737300080030","name":"JOINTED SHAFT"},{"catalog_number":"E737300020010","name":"STEERING AXLE"},{"catalog_number":"E737200112011","name":"CATALYST"},{"catalog_number":"E737200012500","name":"ENGINE"},{"catalog_number":"E737200012400","name":"ENGINE"},{"catalog_number":"E737200012070","name":"ENGINE"},{"catalog_number":"E737200012061","name":"ENGINE"},{"catalog_number":"E737200012050","name":"ENGINE"},{"catalog_number":"E737200012030","name":"ENGINE"},{"catalog_number":"E737200012021","name":"ENGINE"},{"catalog_number":"E737200012010","name":"ENGINE"},{"catalog_number":"E736200012500","name":"ENGINE"},{"catalog_number":"E736200012400","name":"ENGINE"},{"catalog_number":"E736200012070","name":"ENGINE"},{"catalog_number":"E736200012061","name":"ENGINE"},{"catalog_number":"E736200012030","name":"ENGINE"},{"catalog_number":"E736200012021","name":"ENGINE"},{"catalog_number":"E736200012010","name":"ENGINE"},{"catalog_number":"E735200012500","name":"ENGINE"},{"catalog_number":"E735200012400","name":"ENGINE"},{"catalog_number":"E735200012070","name":"ENGINE"},{"catalog_number":"E735200012061","name":"ENGINE"},{"catalog_number":"E735200012050","name":"ENGINE"},{"catalog_number":"E735200012030","name":"ENGINE"},{"catalog_number":"E735200012021","name":"ENGINE"},{"catalog_number":"E735200012010","name":"ENGINE"},{"catalog_number":"E734200012500","name":"ENGINE"},{"catalog_number":"E734200012400","name":"ENGINE"},{"catalog_number":"E734200012070","name":"ENGINE"},{"catalog_number":"E734200012061","name":"ENGINE"},{"catalog_number":"E734200012030","name":"ENGINE"},{"catalog_number":"E734200012021","name":"ENGINE"},{"catalog_number":"E734200012010","name":"ENGINE"},{"catalog_number":"E733300020010","name":"STEERING AXLE"},{"catalog_number":"E733200012400","name":"ENGINE"},{"catalog_number":"E733200012070","name":"ENGINE"},{"catalog_number":"E733200012061","name":"ENGINE"},{"catalog_number":"E733200012030","name":"ENGINE"},{"catalog_number":"E733200012021","name":"ENGINE"},{"catalog_number":"E733200012010","name":"ENGINE"},{"catalog_number":"E732200012400","name":"ENGINE"},{"catalog_number":"E732200012070","name":"ENGINE"},{"catalog_number":"E732200012061","name":"ENGINE"},{"catalog_number":"E732200012030","name":"ENGINE"},{"catalog_number":"E732200012021","name":"ENGINE"},{"catalog_number":"E732200012010","name":"ENGINE"},{"catalog_number":"E725960020032","name":"VALVE BLOCK"},{"catalog_number":"E725100420010","name":"HYDRO DAMPER"},{"catalog_number":"E718400091020","name":"BRACKET"},{"catalog_number":"E718400091010","name":"BRACKET"},{"catalog_number":"E718301121010","name":"STRG. CYL."},{"catalog_number":"E718301021021","name":"STEERING AXLE"},{"catalog_number":"E718301021010","name":"STEERING AXLE"},{"catalog_number":"E718100100030","name":"ACTUATION"},{"catalog_number":"E716961020020","name":"VALVE BLOCK"},{"catalog_number":"E716301020011","name":"STEERING AXLE"},{"catalog_number":"E716300080010","name":"JOINTED SHAFT"},{"catalog_number":"E716300020011","name":"STEERING AXLE"},{"catalog_number":"E712300020011","name":"STEERING AXLE"},{"catalog_number":"E530200041030","name":"FAN"},{"catalog_number":"E530200041020","name":"FAN"},{"catalog_number":"E530200010200","name":"DIESEL ENGINE"},{"catalog_number":"E530200010010","name":"DIESEL ENGINE"},{"catalog_number":"E529200010200","name":"DIESEL ENGINE"},{"catalog_number":"E529200010010","name":"DIESEL ENGINE"},{"catalog_number":"E528200010200","name":"DIESEL ENGINE"},{"catalog_number":"E528200010010","name":"DIESEL ENGINE"},{"catalog_number":"E527200010200","name":"DIESEL ENGINE"},{"catalog_number":"E527200010010","name":"DIESEL ENGINE"},{"catalog_number":"E524300120012","name":"STRG. CYL."},{"catalog_number":"E524300080011","name":"JOINTED SHAFT"},{"catalog_number":"E524300020010","name":"STEERING AXLE"},{"catalog_number":"E524101000019","name":"COUPLING"},{"catalog_number":"E524100470010","name":"OIL COOLER"},{"catalog_number":"E524100430020","name":"TURBO CLUTCH"},{"catalog_number":"E524100150020","name":"OPERATING DISC"},{"catalog_number":"E514300120011","name":"STRG. CYL."},{"catalog_number":"E514300020010","name":"STEERING AXLE"},{"catalog_number":"E514100491010","name":"LUBE OIL PUMP"},{"catalog_number":"E514100471010","name":"OIL COOLER"},{"catalog_number":"E514100470010","name":"OIL COOLER"},{"catalog_number":"E514100430030","name":"TURBO CLUTCH"},{"catalog_number":"E514100080070","name":"SYNCHRONIZATION"},{"catalog_number":"E514100000049","name":"POWERSHIFT DRIVE"},{"catalog_number":"E510300020010","name":"STEERING AXLE"},{"catalog_number":"E438200110061","name":"CATALYST"},{"catalog_number":"E438200110051","name":"FILTER"},{"catalog_number":"E438200010120","name":"ENGINE"},{"catalog_number":"E438200010020","name":"ENGINE"},{"catalog_number":"E438200010010","name":"ENGINE"},{"catalog_number":"E437200010120","name":"ENGINE"},{"catalog_number":"E437200010020","name":"ENGINE"},{"catalog_number":"E437200010010","name":"ENGINE"},{"catalog_number":"E436200010120","name":"ENGINE"},{"catalog_number":"E436200010020","name":"ENGINE"},{"catalog_number":"E436200010010","name":"ENGINE"},{"catalog_number":"E435200010120","name":"ENGINE"},{"catalog_number":"E435200010020","name":"ENGINE"},{"catalog_number":"E435200010010","name":"ENGINE"},{"catalog_number":"E416300080020","name":"JOINTED SHAFT"},{"catalog_number":"E416300020011","name":"STEERING AXLE"},{"catalog_number":"E416200111010","name":"CATALYST"},{"catalog_number":"E416200010400","name":"ENGINE"},{"catalog_number":"E416200010031","name":"ENGINE"},{"catalog_number":"E415200010400","name":"ENGINE"},{"catalog_number":"E415200010031","name":"ENGINE"},{"catalog_number":"E414200010400","name":"ENGINE"},{"catalog_number":"E414200010031","name":"ENGINE"},{"catalog_number":"E413200010400","name":"ENGINE"},{"catalog_number":"E413200010031","name":"ENGINE"},{"catalog_number":"E411961020010","name":"VALVE BLOCK"},{"catalog_number":"E411301020010","name":"STEERING AXLE"},{"catalog_number":"E411300080010","name":"JOINTED SHAFT"},{"catalog_number":"E411102430010","name":"INSTALLATION KIT"},{"catalog_number":"E409301020010","name":"STEERING AXLE"},{"catalog_number":"E404960021022","name":"VALVE BLOCK"},{"catalog_number":"E404300080011","name":"JOINTED SHAFT"},{"catalog_number":"E404300020011","name":"STEERING AXLE"},{"catalog_number":"E404100420010","name":"HYDRO DAMPER"},{"catalog_number":"E402300020010","name":"STEERING AXLE"},{"catalog_number":"E395301080010","name":"DBL UNION SHAFT"},{"catalog_number":"E395301021010","name":"STEERING AXLE"},{"catalog_number":"E395300080010","name":"JOINTED SHAFT"},{"catalog_number":"E385301020200","name":"SENSOR"},{"catalog_number":"E385301020110","name":"CIRCUIT BOARD"},{"catalog_number":"E385300080010","name":"DBL UNION SHAFT"},{"catalog_number":"E385103100020","name":"PRESSURE PLATE"},{"catalog_number":"E385100430010","name":"CONV. FILL PUMP"},{"catalog_number":"E380810110020","name":"SLIDE WINDOW"},{"catalog_number":"E380810110010","name":"SLIDE WINDOW"},{"catalog_number":"E380310020030","name":"STEERING AXLE"},{"catalog_number":"E380309021010","name":"STEERING AXLE"},{"catalog_number":"E380308020030","name":"STEERING AXLE"},{"catalog_number":"E380100100030","name":"DUAL CLUTCH"},{"catalog_number":"E350300080300","name":"JOINT SHAFT"},{"catalog_number":"E350300020320","name":"STEERING AXLE"},{"catalog_number":"E350300020220","name":"STEERING AXLE"},{"catalog_number":"E350200040010","name":"FAN"},{"catalog_number":"E345500471010","name":"INSULATING MAT"},{"catalog_number":"E340300020020","name":"STEERING AXLE"},{"catalog_number":"E340200110013","name":"CATALYST"},{"catalog_number":"E340200010030","name":"ENGINE"},{"catalog_number":"E340200010021","name":"ENGINE"},{"catalog_number":"E340150030010","name":"CAM BRAKE"},{"catalog_number":"E339302080010","name":"JOINTED SHAFT"},{"catalog_number":"E339300020040","name":"STEERING AXLE"},{"catalog_number":"E339100422010","name":"HYDRO DAMPER"},{"catalog_number":"E334810130010","name":"HEATER"},{"catalog_number":"E334310020011","name":"STEERING AXLE"},{"catalog_number":"E334300080100","name":"JOINTED SHAFT"},{"catalog_number":"E334300020012","name":"STEERING AXLE"},{"catalog_number":"E329310021011","name":"STEERING AXLE"},{"catalog_number":"E325200010400","name":"ENGINE"},{"catalog_number":"E325200010030","name":"ENGINE"},{"catalog_number":"E325200010011","name":"ENGINE"},{"catalog_number":"E324200010400","name":"ENGINE"},{"catalog_number":"E324200010030","name":"ENGINE"},{"catalog_number":"E324200010011","name":"ENGINE"},{"catalog_number":"E323200010400","name":"ENGINE"},{"catalog_number":"E323200010030","name":"ENGINE"},{"catalog_number":"E323200010011","name":"ENGINE"},{"catalog_number":"E322200010030","name":"ENGINE"},{"catalog_number":"E322200010011","name":"ENGINE"},{"catalog_number":"E312300020010","name":"STEERING AXLE"},{"catalog_number":"E312103080010","name":"SYNCHRONIZATION"},{"catalog_number":"E312100101010","name":"COUPLING"},{"catalog_number":"E312100080069","name":"SPUR GEAR"},{"catalog_number":"E312100080059","name":"SPUR GEAR"},{"catalog_number":"E312100080050","name":"SYNCHRONIZATION"},{"catalog_number":"E312100080039","name":"SYNCHRONIZATION"},{"catalog_number":"E311300020010","name":"STEERING AXLE"},{"catalog_number":"E308300021010","name":"STEERING AXLE"},{"catalog_number":"E307103080010","name":"SYNCHRONIZATION"},{"catalog_number":"E307100080049","name":"SPUR GEAR"},{"catalog_number":"E307100080040","name":"SYNCHRONIZATION"},{"catalog_number":"E307100080019","name":"SPUR GEAR"},{"catalog_number":"E304300020010","name":"STEERING AXLE"},{"catalog_number":"E304200112100","name":"CATALYST"},{"catalog_number":"E295300020010","name":"STEERING AXLE"},{"catalog_number":"E291500210019","name":"SNAP FASTEN HNDL"},{"catalog_number":"E281507220020","name":"REAR WINDOW"},{"catalog_number":"E281505210028","name":"CABIN LOCK"},{"catalog_number":"E281505210018","name":"SNAP FASTEN HNDL"},{"catalog_number":"E278890140017","name":"STOP"},{"catalog_number":"E278116080148","name":"SPUR GEAR"},{"catalog_number":"E278110161011","name":"TURBO CLUTCH"},{"catalog_number":"E270310020012","name":"STEERING AXLE"},{"catalog_number":"E268100080028","name":"SPUR GEAR"},{"catalog_number":"E268100080027","name":"SPUR GEAR"},{"catalog_number":"E264310020012","name":"STEERING AXLE"},{"catalog_number":"E263200010030","name":"DIESEL ENGINE"},{"catalog_number":"E260310020012","name":"STEERING AXLE"},{"catalog_number":"E260100421010","name":"HYDRO DAMPER"},{"catalog_number":"E258514270019","name":"TURNBUCKLE"},{"catalog_number":"E246301020010","name":"STEERING AXLE"},{"catalog_number":"E236200112200","name":"CATALYST"},{"catalog_number":"E236200112100","name":"CATALYST"},{"catalog_number":"E236200042010","name":"FAN"},{"catalog_number":"E236200041020","name":"FAN"},{"catalog_number":"E236100420100","name":"VIBRATION DAMPER"}]}