{"machinery_brand_name":"Ag-Chem","parts":[{"catalog_number":"F308300100040","name":"BALL JOINT"},{"catalog_number":"F308300100030","name":"BALL JOINT"},{"catalog_number":"F308300100020","name":"BALL JOINT"},{"catalog_number":"F308300100010","name":"BALL JOINT"},{"catalog_number":"F308300021170","name":"LOCKWASHER"},{"catalog_number":"F308300021160","name":"BOLT"},{"catalog_number":"F308300021140","name":"CARRIER"},{"catalog_number":"F308300021130","name":"SUN GEAR SHAFT"},{"catalog_number":"F308300021120","name":"RING GEAR"},{"catalog_number":"F308300021110","name":"JOINT YOKE"},{"catalog_number":"F308300021100","name":"JOINT YOKE"},{"catalog_number":"F308300021090","name":"JOINT YOKE"},{"catalog_number":"F308300021080","name":"DUPLEX HINGE"},{"catalog_number":"F308300021070","name":"DUPLEX HINGE"},{"catalog_number":"F308300021060","name":"AXLE ARCH"},{"catalog_number":"F308300021050","name":"AXLE ARCH"},{"catalog_number":"F308300021030","name":"DIFF. CAGE"},{"catalog_number":"F308300021020","name":"DIFFERENTIAL"},{"catalog_number":"F308300021010","name":"KIT, BEVEL GEAR"},{"catalog_number":"F308300020080","name":"SOCKET HEAD BOLT"},{"catalog_number":"F308300020070","name":"BEARING PIN"},{"catalog_number":"F308300020060","name":"CONNECTOR"},{"catalog_number":"F308300020050","name":"COVER"},{"catalog_number":"F308300020030","name":"WIRE HARNESS"},{"catalog_number":"F308300020010","name":"AXLE ARCH"},{"catalog_number":"F308200610020","name":"INTERM. PIECE"},{"catalog_number":"F307201310010","name":"CAMSHAFT"},{"catalog_number":"F307200710040","name":"FUEL LINE"},{"catalog_number":"F307200710030","name":"FUEL LINE"},{"catalog_number":"F307200710020","name":"FUEL LINE"},{"catalog_number":"F307200710010","name":"INJECTION PUMP"},{"catalog_number":"F307200310010","name":"CRANKSHAFT"},{"catalog_number":"F307200090030","name":"TURBOCHARGER"},{"catalog_number":"F307200090020","name":"LUBE OIL LINE"},{"catalog_number":"F307200090010","name":"LUBE OIL LINE"},{"catalog_number":"F307200010010","name":"DIPSTICK"},{"catalog_number":"F297810150170","name":"CONSOLE"},{"catalog_number":"F297810150160","name":"OVAL HEAD SCREW"},{"catalog_number":"F297810150150","name":"GUIDE BUSH"},{"catalog_number":"F297810150140","name":"THRUST WASHER"},{"catalog_number":"F297810150130","name":"LOCK"},{"catalog_number":"F297810150120","name":"COVER"},{"catalog_number":"F297810150110","name":"GUIDE"},{"catalog_number":"F297810150100","name":"GUIDE"},{"catalog_number":"F297810150090","name":"HOLDER"},{"catalog_number":"F297810150080","name":"SPACER SLEEVE"},{"catalog_number":"F297810150070","name":"COMPRESS. SPRING"},{"catalog_number":"F297810150060","name":"RETAINER CAP"},{"catalog_number":"F297810150050","name":"HOLDING FIXTURE"},{"catalog_number":"F297810150040","name":"RETAINER CAP"},{"catalog_number":"F297810150030","name":"GUIDE TUBE"},{"catalog_number":"F297810150020","name":"MIRROR BRACKET"},{"catalog_number":"F297810150010","name":"MIRROR GLASS"},{"catalog_number":"F297551051290","name":"CONTROL FOIL"},{"catalog_number":"F297551051280","name":"ORIFICE"},{"catalog_number":"F297551051270","name":"COVER"},{"catalog_number":"F297551051260","name":"COVER"},{"catalog_number":"F297551051250","name":"COVER"},{"catalog_number":"F297551051240","name":"HOSE"},{"catalog_number":"F297551051230","name":"HOSE"},{"catalog_number":"F297551051220","name":"CABLE KIT"},{"catalog_number":"F297551051210","name":"CABLE KIT"},{"catalog_number":"F297551051200","name":"CABLE KIT"},{"catalog_number":"F297551051190","name":"PVC SPIRAL HOSE"},{"catalog_number":"F297551051180","name":"MAT INSULATOR"},{"catalog_number":"F297551051170","name":"MAT INSULATOR"},{"catalog_number":"F297551051160","name":"MAT INSULATOR"},{"catalog_number":"F297551051150","name":"MAT INSULATOR"},{"catalog_number":"F297551051140","name":"MAT INSULATOR"},{"catalog_number":"F297551051130","name":"RETAINER"},{"catalog_number":"F297551051120","name":"EVAPORATOR"},{"catalog_number":"F297551051110","name":"BLOWER"},{"catalog_number":"F297551051100","name":"COVER"},{"catalog_number":"F297551051090","name":"ADAPTER PLATE"},{"catalog_number":"F297551051080","name":"RETAINER"},{"catalog_number":"F297551051070","name":"RETAINER"},{"catalog_number":"F297551051060","name":"RETAINER"},{"catalog_number":"F297551051050","name":"AIR DUCT"},{"catalog_number":"F297551051040","name":"BAFFLE"},{"catalog_number":"F297551051030","name":"AIR DUCT"},{"catalog_number":"F297551051020","name":"COVER"},{"catalog_number":"F297551051010","name":"HOUSING"},{"catalog_number":"F297551050240","name":"COVER"},{"catalog_number":"F297551050220","name":"ORIFICE"},{"catalog_number":"F297551050210","name":"INSTRUCT. PLATE"},{"catalog_number":"F297551050200","name":"SHEET METAL"},{"catalog_number":"F297551050190","name":"CONTROL KNOB"},{"catalog_number":"F297551050180","name":"KNOB"},{"catalog_number":"F297551050170","name":"RETAINER"},{"catalog_number":"F297551050160","name":"COVER"},{"catalog_number":"F297551050150","name":"PLASTIC BUSHING"},{"catalog_number":"F297551050140","name":"NUT"},{"catalog_number":"F297551050130","name":"TYPE PLATE"},{"catalog_number":"F297551050100","name":"CABLE KIT"},{"catalog_number":"F297551050090","name":"UNIVERSAL SPOUT"},{"catalog_number":"F297551050080","name":"OPERATING ELEMNT"},{"catalog_number":"F297551050070","name":"CONTROL CABLE"},{"catalog_number":"F297551050060","name":"SHAFT"},{"catalog_number":"F297551050050","name":"CABLE KIT"},{"catalog_number":"F297551050040","name":"LEVER"},{"catalog_number":"F297551050030","name":"ADAPTER"},{"catalog_number":"F297551050020","name":"SHUTTER"},{"catalog_number":"F297551050010","name":"HOUSING"},{"catalog_number":"F296000002001","name":"MICROFICHE"},{"catalog_number":"F295870051010","name":"STEERING PART"},{"catalog_number":"F295870050030","name":"SPRING CLIP"},{"catalog_number":"F295870050020","name":"STEERING PART"},{"catalog_number":"F295870050010","name":"SPINDLE"},{"catalog_number":"F295860100060","name":"ADAPTER CABLE"},{"catalog_number":"F295860100050","name":"ELECTRONICS BOX"},{"catalog_number":"F295860100040","name":"ELECTRONICS BOX"},{"catalog_number":"F294550060040","name":"BASE PLATE"},{"catalog_number":"F294550060030","name":"CONSOLE"},{"catalog_number":"F294550060020","name":"CONSOLE"},{"catalog_number":"F294550060011","name":"HOUSING"},{"catalog_number":"F294550030030","name":"HOSE"},{"catalog_number":"F294550030020","name":"HOSE"},{"catalog_number":"F294550030010","name":"HOSE"},{"catalog_number":"F294500030230","name":"BACKREST"},{"catalog_number":"F294500030220","name":"BUSH"},{"catalog_number":"F294500030130","name":"SOCKET HEAD BOLT"},{"catalog_number":"F294500030110","name":"POP RIVET"},{"catalog_number":"F294500030080","name":"SUSPENS BTM PART"},{"catalog_number":"F294500030060","name":"ARMATURE"},{"catalog_number":"F294500030030","name":"PULL LOCK"},{"catalog_number":"F294200210010","name":"PIPE"},{"catalog_number":"F294100610020","name":"SEAL KIT"},{"catalog_number":"F294100610010","name":"SEAL KIT"},{"catalog_number":"F292200710140","name":"BANJO BOLT"},{"catalog_number":"F292200210070","name":"HOSE BARB"},{"catalog_number":"F292100090030","name":"BALL"},{"catalog_number":"F291880020070","name":"REPAIR KIT"},{"catalog_number":"F291880010530","name":"PIPE CLAMP"},{"catalog_number":"F291880010320","name":"PIPE BEND"},{"catalog_number":"F291880010070","name":"O-RING"},{"catalog_number":"F291860030023","name":"SHIM"},{"catalog_number":"F291860030020","name":"SHIM"},{"catalog_number":"F291500380011","name":"NODRIP TAPE"},{"catalog_number":"F291500270030","name":"PROFILE RING"},{"catalog_number":"F291500270020","name":"MIRROR GLASS"},{"catalog_number":"F291500210030","name":"BRACKET"},{"catalog_number":"F291500210020","name":"PUSH-BTN INSERT"},{"catalog_number":"F291500210010","name":"INNER PUSHER"},{"catalog_number":"F291500030650","name":"RETAINING NUT"},{"catalog_number":"F291500030600","name":"ANGLE"},{"catalog_number":"F291500030520","name":"FERRULE"},{"catalog_number":"F291500030420","name":"COVER"},{"catalog_number":"F291500030340","name":"COVER"},{"catalog_number":"F291500030230","name":"BUSH"},{"catalog_number":"F291500030100","name":"PROFILE"},{"catalog_number":"F291300020601","name":"LOCK SCREW"},{"catalog_number":"F291300020540","name":"SEAL KIT"},{"catalog_number":"F291300020250","name":"STOP SCREW"},{"catalog_number":"F291300020170","name":"DISC"},{"catalog_number":"F291200710440","name":"SEALING WASHER"},{"catalog_number":"F291200610210","name":"REPAIR KIT"},{"catalog_number":"F291200610120","name":"SEAL"},{"catalog_number":"F291200410070","name":"MACHINE WASHER"},{"catalog_number":"F291200310640","name":"SEAL"},{"catalog_number":"F291200310461","name":"COVER"},{"catalog_number":"F291200210151","name":"O-RING"},{"catalog_number":"F291200180070","name":"ADAPTER NIPPLE"},{"catalog_number":"F291200100140","name":"STUD BOLT"},{"catalog_number":"F291200010020","name":"SEAL"},{"catalog_number":"F291101990450","name":"THRUST PIECE"},{"catalog_number":"F291101990420","name":"SCREW NECK"},{"catalog_number":"F291101990110","name":"COMPRESS. SPRING"},{"catalog_number":"F291101080480","name":"SHAFT LIP SEAL"},{"catalog_number":"F291100320210","name":"RETAINING NUT"},{"catalog_number":"F291100320047","name":"DISC"},{"catalog_number":"F291100220340","name":"SHAFT LIP SEAL"},{"catalog_number":"F291100220090","name":"SHAFT SEAL"},{"catalog_number":"F291100220030","name":"SLOT ROUND NUT"},{"catalog_number":"F291100100100","name":"BANJO BOLT"},{"catalog_number":"F291100100090","name":"INTERMED SHAFT"},{"catalog_number":"F291100070070","name":"SCREW FITTING"},{"catalog_number":"F291100070060","name":"SCREEN SLEEVE"},{"catalog_number":"F291100070010","name":"DUAL TANK"},{"catalog_number":"F285881020040","name":"T-SCREWED UNION"},{"catalog_number":"F285881020030","name":"STR THREAD CONN"},{"catalog_number":"F285301020070","name":"FORK SHAFT"},{"catalog_number":"F285301020060","name":"FORK SHAFT"},{"catalog_number":"F285301020040","name":"JOINTED SHAFT"},{"catalog_number":"F285300020290","name":"SHAFT SEAL"},{"catalog_number":"F285300020281","name":"HUB CARRIER"},{"catalog_number":"F285300020080","name":"NEEDLE"},{"catalog_number":"F285201710060","name":"FUEL LINE"},{"catalog_number":"F285201710010","name":"FUEL LINE"},{"catalog_number":"F285201100080","name":"LAMELLAR RING"},{"catalog_number":"F285201100060","name":"EXHAUST HALF"},{"catalog_number":"F285201100050","name":"CRIMPED CLIP"},{"catalog_number":"F285201100041","name":"ASBESTOS-RING"},{"catalog_number":"F285201100031","name":"MOLDED SEAL"},{"catalog_number":"F285201090040","name":"TURBO BLOWER"},{"catalog_number":"F285201050010","name":"PRESSURE LINE"},{"catalog_number":"F285200310270","name":"VALVE"},{"catalog_number":"F285200310260","name":"VALVE"},{"catalog_number":"F285200310231","name":"PISTON"},{"catalog_number":"F285200310211","name":"FILTER HEAD"},{"catalog_number":"F285200310180","name":"CONN. ROD BRG."},{"catalog_number":"F285200310170","name":"CONN. ROD BRG."},{"catalog_number":"F285200310160","name":"CONN. ROD BRG."},{"catalog_number":"F285200310150","name":"CONN. ROD BRG."},{"catalog_number":"F285200310140","name":"CONN. ROD BRG."},{"catalog_number":"F285200310130","name":"SMALL-END BUSH"},{"catalog_number":"F285200310121","name":"PISTON ROD"},{"catalog_number":"F285200310100","name":"WDG-SECTION RING"},{"catalog_number":"F285200310070","name":"FLANGE BUSHING"},{"catalog_number":"F285200310050","name":"DISC"},{"catalog_number":"F285200310020","name":"SPUR GEAR"},{"catalog_number":"F285200210280","name":"VALVE SEAT RING"},{"catalog_number":"F285200210270","name":"VALVE SEAT RING"},{"catalog_number":"F285200210230","name":"POPPET"},{"catalog_number":"F285200210220","name":"VALVE SEAT RING"},{"catalog_number":"F285200210211","name":"TAPER PIECE HALF"},{"catalog_number":"F285200210200","name":"POPPET"},{"catalog_number":"F285200210180","name":"ROTO CAP"},{"catalog_number":"F285200210160","name":"VALVE GUIDE"},{"catalog_number":"F285200210110","name":"MAIN BEARING"},{"catalog_number":"F285200210100","name":"MAIN BEARING"},{"catalog_number":"F285200210080","name":"MAIN BEARING"},{"catalog_number":"F285200210070","name":"MAIN BEARING"},{"catalog_number":"F285200210050","name":"CAP NUT"},{"catalog_number":"F285200210040","name":"COMPRESS. SPRING"},{"catalog_number":"F285200210030","name":"SCREW PIECE"},{"catalog_number":"F285200011020","name":"DISC"},{"catalog_number":"F285105320020","name":"SPUR GEAR"},{"catalog_number":"F285102070010","name":"BANJO UNION"},{"catalog_number":"F285102050020","name":"MAGNETIC SYSTEM"},{"catalog_number":"F285102050010","name":"FILTER ELEMENT"},{"catalog_number":"F285100320190","name":"SHIM"},{"catalog_number":"F285100320187","name":"RING"},{"catalog_number":"F285100320174","name":"SHIM"},{"catalog_number":"F285100320173","name":"SHIM"},{"catalog_number":"F285100320164","name":"SPACER RING"},{"catalog_number":"F285100320160","name":"SPACER RING"},{"catalog_number":"F285100320090","name":"START-UP BUSH"},{"catalog_number":"F285100220010","name":"COVER"},{"catalog_number":"F285100150190","name":"NEEDLE CAGE"},{"catalog_number":"F285100150150","name":"SLOT ROUND NUT"},{"catalog_number":"F285100150100","name":"THRUST WASHER"},{"catalog_number":"F285100150070","name":"BUSH"},{"catalog_number":"F285100150060","name":"SHAFT SEAL"},{"catalog_number":"F285100100090","name":"O-RING"},{"catalog_number":"F285100100080","name":"LOCK SCREW"},{"catalog_number":"F285100100040","name":"SLEEVE SHAFT"},{"catalog_number":"F285100100030","name":"INPUT SHAFT"},{"catalog_number":"F284950030020","name":"ONE-WAY FILTER"},{"catalog_number":"F284950030010","name":"SEALING WASHER"},{"catalog_number":"F284940100020","name":"REPAIR KIT"},{"catalog_number":"F284940100010","name":"SEAL KIT"},{"catalog_number":"F284501061010","name":"SUPPORT COVER"},{"catalog_number":"F284500060020","name":"REPAIR KIT"},{"catalog_number":"F284202710100","name":"PIPE CLAMP"},{"catalog_number":"F284202710090","name":"SEALING PLATE"},{"catalog_number":"F284202710050","name":"PRESSURE LINE"},{"catalog_number":"F284202710030","name":"SEALING FRAME"},{"catalog_number":"F284201310070","name":"MIDGRIP NUT"},{"catalog_number":"F284201310060","name":"DISC"},{"catalog_number":"F284201310050","name":"SCREW NECK"},{"catalog_number":"F284201310040","name":"OIL FILTER"},{"catalog_number":"F284201310030","name":"OIL SUCTION LINE"},{"catalog_number":"F284201310020","name":"OIL GEAR PUMP"},{"catalog_number":"F284201310010","name":"LUBE OIL LINE"},{"catalog_number":"F284201160020","name":"DRIVE SHAFT"},{"catalog_number":"F284201160010","name":"DRIVE SHAFT"},{"catalog_number":"F284201011030","name":"DISC"},{"catalog_number":"F284201011020","name":"VALVE SPRING"},{"catalog_number":"F284201011010","name":"VALVE SPRING"},{"catalog_number":"F284201010020","name":"MOLDED SEAL"},{"catalog_number":"F284200181050","name":"DOUBLE BOLT"},{"catalog_number":"F284200181010","name":"FLAME GLOW PLUG"},{"catalog_number":"F284200010070","name":"HOUSING"},{"catalog_number":"F284200010060","name":"AIR CLEANER"},{"catalog_number":"F284200010010","name":"MOLDED SEAL"},{"catalog_number":"F284108090030","name":"SHIFT FORK"},{"catalog_number":"F284108080170","name":"SPUR GEAR"},{"catalog_number":"F284108080160","name":"SLIDING COUPLING"},{"catalog_number":"F284108080150","name":"PULLING SPRING"},{"catalog_number":"F284108080130","name":"SPUR GEAR"},{"catalog_number":"F284108080120","name":"SPUR GEAR"},{"catalog_number":"F284108080110","name":"CLUTCH BODY"},{"catalog_number":"F284108080100","name":"SYNCHRO RING"},{"catalog_number":"F284108080090","name":"PULLING SPRING"},{"catalog_number":"F284108080082","name":"SHIM"},{"catalog_number":"F284108080081","name":"SHIM"},{"catalog_number":"F284108080080","name":"SHIM"},{"catalog_number":"F284108080070","name":"SYNCHRO HUB"},{"catalog_number":"F284108080061","name":"SLIDING COUPLING"},{"catalog_number":"F284108080010","name":"NEEDLE CAGE"},{"catalog_number":"F284107220060","name":"SLOT ROUND NUT"},{"catalog_number":"F284107220050","name":"SPUR GEAR"},{"catalog_number":"F284107182010","name":"BEARING CAP"},{"catalog_number":"F284107180013","name":"SHIM"},{"catalog_number":"F284107180010","name":"SHIM"},{"catalog_number":"F284107080020","name":"SPUR GEAR"},{"catalog_number":"F284100220011","name":"SHAFT"},{"catalog_number":"F284100070190","name":"RETAINER VALVE"},{"catalog_number":"F284100070160","name":"SAFETY LUG"},{"catalog_number":"F284100070150","name":"RETAINING PIN"},{"catalog_number":"F284100070140","name":"REPAIR KIT"},{"catalog_number":"F284100070132","name":"REPAIR KIT"},{"catalog_number":"F284100070120","name":"RUBBER PLUG"},{"catalog_number":"F284100070100","name":"STOP WASHER"},{"catalog_number":"F284100070090","name":"GROOVED RING"},{"catalog_number":"F284100070080","name":"GROOVED RING"},{"catalog_number":"F284100070060","name":"SPRING RETAINER"},{"catalog_number":"F284100070050","name":"BLEEDER VALVE"},{"catalog_number":"F284100070020","name":"INTERM. PIECE"},{"catalog_number":"F284000002001","name":"MICROFICHE"},{"catalog_number":"F283860140020","name":"SPOOL VALVE HEAD"},{"catalog_number":"F283860140010","name":"NON-RETURN VALVE"},{"catalog_number":"F283700010050","name":"NUT"},{"catalog_number":"F283700010040","name":"DISC"},{"catalog_number":"F283700010030","name":"ROUND HEAD SCREW"},{"catalog_number":"F283201710020","name":"FUEL LINE"},{"catalog_number":"E222310021011","name":"STEERING AXLE"},{"catalog_number":"E222302120050","name":"STRG. CYL."},{"catalog_number":"E214310081100","name":"JOINTED SHAFT"},{"catalog_number":"E214310021010","name":"STEERING AXLE"},{"catalog_number":"E214301081101","name":"JOINTED SHAFT"},{"catalog_number":"E210310081100","name":"JOINTED SHAFT"},{"catalog_number":"E210310021010","name":"STEERING AXLE"},{"catalog_number":"E210301081101","name":"JOINTED SHAFT"},{"catalog_number":"E210103100040","name":"DUAL CLUTCH"},{"catalog_number":"E210103080030","name":"SYNCHRONIZATION"},{"catalog_number":"E208300020010","name":"STEERING AXLE"},{"catalog_number":"E207100100020","name":"DUAL CLUTCH"},{"catalog_number":"E207100100010","name":"DUAL CLUTCH"},{"catalog_number":"E205301020110","name":"CIRCUIT BOARD"},{"catalog_number":"E205301020010","name":"STEERING AXLE"},{"catalog_number":"E205116470020","name":"GEAR PUMP"},{"catalog_number":"E205100100020","name":"DUAL CLUTCH"},{"catalog_number":"E205100100010","name":"DUAL CLUTCH"},{"catalog_number":"E199300021010","name":"STEERING AXLE"},{"catalog_number":"E199110080040","name":"SYNCHRONIZATION"},{"catalog_number":"E199110080039","name":"SYNCHRONIZATION"},{"catalog_number":"E199110080037","name":"SPUR GEAR"},{"catalog_number":"E199110080036","name":"SPUR GEAR"},{"catalog_number":"E199110080031","name":"SYNCHRONIZATION"},{"catalog_number":"E199110080019","name":"SLIDING COUPLING"},{"catalog_number":"E199104430010","name":"TURBO CLUTCH"},{"catalog_number":"E199100080040","name":"SYNCHRONIZATION"},{"catalog_number":"E198810150019","name":"REAR-VIEW MIRROR"},{"catalog_number":"E198810120010","name":"TURN LOCK"},{"catalog_number":"E198810030039","name":"CABIN LOCK"},{"catalog_number":"E198810030019","name":"SNAP FASTEN HNDL"},{"catalog_number":"E198305020030","name":"STEERING AXLE"},{"catalog_number":"E198300020010","name":"STEERING AXLE"},{"catalog_number":"E186304020030","name":"STEERING AXLE"},{"catalog_number":"E178810150029","name":"MIRROR TOP PART"},{"catalog_number":"E178810150019","name":"MIRROR TOP PART"},{"catalog_number":"E178810150015","name":"TURNBUCKLE"},{"catalog_number":"E178309020010","name":"STEERING AXLE"},{"catalog_number":"E178302020010","name":"STEERING AXLE"},{"catalog_number":"E178100900010","name":"TURBO CLUTCH"},{"catalog_number":"E178100150019","name":"OPERATING DISC"},{"catalog_number":"E175122080040","name":"SYNCHRONIZATION"},{"catalog_number":"E175122080037","name":"SPUR GEAR"},{"catalog_number":"E175122080036","name":"SPUR GEAR"},{"catalog_number":"E175122080031","name":"SYNCHRONIZATION"},{"catalog_number":"E174301020010","name":"STEERING AXLE"},{"catalog_number":"E174300020010","name":"STEERING AXLE"},{"catalog_number":"E168304020030","name":"STEERING AXLE"},{"catalog_number":"E168302021010","name":"STEERING AXLE"},{"catalog_number":"E158305080010","name":"CONST-VEL. JOINT"},{"catalog_number":"E149300020010","name":"STEERING AXLE"},{"catalog_number":"E148300080010","name":"DBL UNION SHAFT"},{"catalog_number":"E135124081019","name":"CLUTCH BODY"},{"catalog_number":"E119300080010","name":"JOINTED SHAFT"},{"catalog_number":"E119300021010","name":"STEERING AXLE"},{"catalog_number":"E117401090010","name":"STEERING COLUMN"},{"catalog_number":"E117301020010","name":"STEERING AXLE"},{"catalog_number":"E117100430020","name":"TURBO CLUTCH"},{"catalog_number":"D63001807","name":"OPERATOR MANUAL"},{"catalog_number":"D26748068","name":"PLATE"},{"catalog_number":"C920901010010","name":"ALTERNATOR"},{"catalog_number":"C830100009000","name":"STARTER"},{"catalog_number":"C830100008000","name":"STARTER"},{"catalog_number":"C830100007000","name":"STARTER"},{"catalog_number":"C830100004000","name":"STARTER"},{"catalog_number":"C830060011000","name":"ALTERNATOR"},{"catalog_number":"C718901010010","name":"ALTERNATOR"},{"catalog_number":"C514900060040","name":"STARTER"},{"catalog_number":"C382200610020","name":"CENTRIFUGAL PUMP"},{"catalog_number":"C382200610011","name":"CENTRIFUGAL PUMP"},{"catalog_number":"C312200610010","name":"CENTRIFUGAL PUMP"},{"catalog_number":"C281200610010","name":"CENTRIFUGAL PUMP"},{"catalog_number":"C205900010011","name":"ALTERNATOR"},{"catalog_number":"C139200610110","name":"WATER PUMP"},{"catalog_number":"C000900060200","name":"STARTER"},{"catalog_number":"C000900060190","name":"STARTER"},{"catalog_number":"C000900060180","name":"STARTER"},{"catalog_number":"C000900060170","name":"STARTER"},{"catalog_number":"C000900060160","name":"STARTER"},{"catalog_number":"C000900060140","name":"STARTER"},{"catalog_number":"C000900060120","name":"STARTER"},{"catalog_number":"C000900060110","name":"STARTER"},{"catalog_number":"C000900060100","name":"STARTER"},{"catalog_number":"C000900060080","name":"STARTER"},{"catalog_number":"C000900060070","name":"STARTER"},{"catalog_number":"C000900060060","name":"STARTER"},{"catalog_number":"C000900060050","name":"STARTER"},{"catalog_number":"C000900060040","name":"STARTER"},{"catalog_number":"C000900060030","name":"STARTER"},{"catalog_number":"C000900010210","name":"ALTERNATOR"},{"catalog_number":"C000900010200","name":"ALTERNATOR"},{"catalog_number":"C000900010190","name":"ALTERNATOR"},{"catalog_number":"C000900010180","name":"ALTERNATOR"},{"catalog_number":"C000900010110","name":"ALTERNATOR"},{"catalog_number":"C000900010100","name":"ALTERNATOR"},{"catalog_number":"C000900010080","name":"ALTERNATOR"},{"catalog_number":"C000900010070","name":"ALTERNATOR"},{"catalog_number":"C000900010060","name":"ALTERNATOR"},{"catalog_number":"C000900010040","name":"ALTERNATOR"},{"catalog_number":"C000900010020","name":"ALTERNATOR"},{"catalog_number":"AL60005579","name":"GASKET KIT"},{"catalog_number":"AL5034265","name":"VALVE"},{"catalog_number":"AL5004911","name":"SCREW"},{"catalog_number":"AL5002158","name":"HEX CAP SCREW"},{"catalog_number":"AL1123676","name":"DECAL"},{"catalog_number":"AG615826","name":"PAD"},{"catalog_number":"AG427700","name":"KIT"},{"catalog_number":"ACZ000114A","name":"HIPER AG RECVR"},{"catalog_number":"ACZ000112A","name":"HIPER AG RECVR"},{"catalog_number":"ACW2383720","name":"TOP LOCK NUT"},{"catalog_number":"ACW212638A","name":"TANK HEAD UNIT"},{"catalog_number":"ACW2086770","name":"FLAT WASHER"},{"catalog_number":"ACW202459A","name":"TANK HEAD UNIT"},{"catalog_number":"ACW1793620","name":"BH CAPSCREW"},{"catalog_number":"ACW1707270","name":"HEX HEAD BOLT"},{"catalog_number":"ACW1382960","name":"FLAT WASHER"},{"catalog_number":"ACW1382950","name":"SCREW 12 POINTS"},{"catalog_number":"ACW1350680","name":"CAPSCREW"},{"catalog_number":"ACW1305780","name":"HEXAGONAL BOLT"},{"catalog_number":"ACW1076250","name":"CARRIAGE BOLT"},{"catalog_number":"ACW1076230","name":"HEX HEAD BOLT"},{"catalog_number":"ACW1076220","name":"HEX HEAD BOLT"},{"catalog_number":"ACW1064140","name":"SETSCREW"},{"catalog_number":"ACW1057930","name":"SETSCREW"},{"catalog_number":"ACW1000080","name":"STUDS"},{"catalog_number":"ACW0996350","name":"SETSCREW"},{"catalog_number":"ACW0994950","name":"HEX. FLANGE BOLT"},{"catalog_number":"ACW0988400","name":"LOCKING DISC"},{"catalog_number":"ACW0988350","name":"LOCKING DISC"},{"catalog_number":"ACW0988340","name":"LOCKING DISC"},{"catalog_number":"ACW0988110","name":"FLAT WASHER"},{"catalog_number":"ACW0937990","name":"SETSCREW"},{"catalog_number":"ACW0923610","name":"HEXAGONAL BOLT"},{"catalog_number":"ACW0913790","name":"STUD BOLT"},{"catalog_number":"ACW0884580","name":"HEXAGONAL BOLT"},{"catalog_number":"ACW0884560","name":"HEXAGONAL BOLT"},{"catalog_number":"ACW0884550","name":"HEXAGONAL BOLT"},{"catalog_number":"ACW0883780","name":"HEXAGONAL BOLT"},{"catalog_number":"ACW0863290","name":"HEX FLANGE NUT"},{"catalog_number":"ACW0863280","name":"HEX FLANGE NUT"},{"catalog_number":"ACW0863270","name":"HEX FLANGE NUT"},{"catalog_number":"ACW0863260","name":"HEX FLANGE NUT"},{"catalog_number":"ACW0863190","name":"HEX NUT"},{"catalog_number":"ACW0863180","name":"HEX NUT"},{"catalog_number":"ACW0775900","name":"HEX. FLANGE BOLT"},{"catalog_number":"ACW0775840","name":"HEX. FLANGE BOLT"},{"catalog_number":"ACW0775790","name":"HEX. FLANGE BOLT"},{"catalog_number":"ACW0775780","name":"HEX. FLANGE BOLT"},{"catalog_number":"ACW0775760","name":"HEX. FLANGE BOLT"},{"catalog_number":"ACW0775750","name":"HEX. FLANGE BOLT"},{"catalog_number":"ACW0775720","name":"HEX. FLANGE BOLT"},{"catalog_number":"ACW0775700","name":"HEX. FLANGE BOLT"},{"catalog_number":"ACW0773660","name":"HEXAGONAL BOLT"},{"catalog_number":"ACW0773630","name":"HEXAGONAL BOLT"},{"catalog_number":"ACW0773620","name":"HEXAGONAL BOLT"},{"catalog_number":"ACW0773600","name":"HEXAGONAL BOLT"},{"catalog_number":"ACW0773580","name":"HEXAGONAL BOLT"},{"catalog_number":"ACW0773570","name":"HEXAGONAL BOLT"},{"catalog_number":"ACW0773560","name":"HEXAGONAL BOLT"},{"catalog_number":"ACW0773550","name":"HEX HEAD BOLT"},{"catalog_number":"ACW0773540","name":"HEXAGONAL BOLT"},{"catalog_number":"ACW0773460","name":"HEXAGONAL BOLT"},{"catalog_number":"ACW0138710","name":"SHOE"},{"catalog_number":"ACW0138700","name":"SHOE"},{"catalog_number":"ACW0138690","name":"SPACER"},{"catalog_number":"ACW0138680","name":"SPACER"},{"catalog_number":"ACV0300470","name":"SEAL KIT"},{"catalog_number":"ACV0080640","name":"SPACING SHIM"},{"catalog_number":"ACV0080630","name":"SPACING SHIM"},{"catalog_number":"ACV0079590","name":"O-RING"},{"catalog_number":"ACV0079000","name":"CARRIER"},{"catalog_number":"ACV0078980","name":"WHEEL HUB"},{"catalog_number":"ACT002557A","name":"HARNESS"},{"catalog_number":"ACP0227410","name":"TOGGLE SWITCH"},{"catalog_number":"ACP0227280","name":"LOCK WASHER"},{"catalog_number":"ACP0227270","name":"LOCK WASHER"},{"catalog_number":"ACP0222100","name":"DEF FILTER"},{"catalog_number":"ACP0222090","name":"O-RING"},{"catalog_number":"ACP0213790","name":"SUBSCRIPTION"},{"catalog_number":"ACP0213780","name":"SUBSCRIPTION"},{"catalog_number":"ACP0213770","name":"SUBSCRIPTION"},{"catalog_number":"ACP0213750","name":"SUBSCRIPTION"},{"catalog_number":"ACP0213740","name":"SUBSCRIPTION"},{"catalog_number":"ACP0213730","name":"SUBSCRIPTION"},{"catalog_number":"ACP0213720","name":"SUBSCRIPTION"},{"catalog_number":"ACP0213710","name":"SUBSCRIPTION"},{"catalog_number":"ACP0213700","name":"SUBSCRIPTION"},{"catalog_number":"ACP0181230","name":"SUBSCRIPTION"},{"catalog_number":"ACP0180880","name":"SUBSCRIPTION"},{"catalog_number":"ACP0180870","name":"SUBSCRIPTION"},{"catalog_number":"ACP0180860","name":"SUBSCRIPTION"},{"catalog_number":"ACP0180820","name":"KIT, PISTON RING"},{"catalog_number":"ACP0180810","name":"INTAKE VALVE"},{"catalog_number":"ACP0180520","name":"SEALING PIPE"},{"catalog_number":"ACP0180510","name":"SEALING WASHER"},{"catalog_number":"ACP0153360","name":"OIL COOLER HSG"},{"catalog_number":"ACP0153340","name":"FILLER LOCK"},{"catalog_number":"ACP0153330","name":"CYLINDER HEAD"},{"catalog_number":"ACP0153320","name":"ANNULAR GEAR"},{"catalog_number":"ACP0153310","name":"COOLANT LINE"},{"catalog_number":"ACP0153300","name":"LOCKING PLUG"},{"catalog_number":"ACP0153290","name":"LOCKING PLUG"},{"catalog_number":"ACP0153280","name":"BLANKING COVER"},{"catalog_number":"ACP0153270","name":"CONNECTING WIRE"},{"catalog_number":"ACP0153260","name":"PIPE"},{"catalog_number":"ACP0153250","name":"VALVE GUIDE"},{"catalog_number":"ACP0153240","name":"VALVE COVER"},{"catalog_number":"ACP0153230","name":"TORX SCREW"},{"catalog_number":"ACP0153180","name":"HEX NUT"},{"catalog_number":"ACP0153170","name":"HEX NUT"},{"catalog_number":"ACP0153160","name":"SCREW"},{"catalog_number":"ACP0153150","name":"LUBE OIL LINE"},{"catalog_number":"ACP0153140","name":"HOSE CLIP"},{"catalog_number":"ACP0153120","name":"SEALING WASHER"},{"catalog_number":"ACP0153100","name":"SEALING WASHER"},{"catalog_number":"ACP0153090","name":"RETURN PIPE"},{"catalog_number":"ACP0153080","name":"RETURN PIPE"},{"catalog_number":"ACP0153070","name":"PIPE CLAMP"},{"catalog_number":"ACP0153060","name":"WHEEL BOX"},{"catalog_number":"ACP0153040","name":"OIL PAN"},{"catalog_number":"ACP0153030","name":"OIL SUCTION LINE"},{"catalog_number":"ACP0153020","name":"OIL RETURN LINE"},{"catalog_number":"ACP0153010","name":"OIL INFILL"},{"catalog_number":"ACP0153000","name":"CAMSHAFT"},{"catalog_number":"ACP0152990","name":"CHARGE AIR ELBOW"},{"catalog_number":"ACP0152980","name":"SOLENOID SWITCH"},{"catalog_number":"ACP0152970","name":"OVAL HEAD SCREW"},{"catalog_number":"ACP0152960","name":"OVAL HEAD SCREW"},{"catalog_number":"ACP0152950","name":"TUBE"},{"catalog_number":"ACP0152940","name":"FEMALE BEARING"},{"catalog_number":"ACP0152930","name":"FEMALE BEARING"},{"catalog_number":"ACP0152920","name":"CRANKCASE"},{"catalog_number":"ACP0152900","name":"WATER PIPE"},{"catalog_number":"ACP0152890","name":"COOLANT LINE"},{"catalog_number":"ACP0152880","name":"COOLANT LINE"},{"catalog_number":"ACP0152870","name":"FUEL LINE"},{"catalog_number":"ACP0152860","name":"COMPENSATOR"},{"catalog_number":"ACP0152840","name":"SERPENTINE BELT"},{"catalog_number":"ACP0152820","name":"HARNESS CONDUIT"},{"catalog_number":"ACP0152800","name":"WIRE HARNESS"},{"catalog_number":"ACP0152790","name":"INSULATING PLATE"},{"catalog_number":"ACP0152780","name":"HEATSHIELD"},{"catalog_number":"ACP0152770","name":"HOLDER"},{"catalog_number":"ACP0152760","name":"HOLDER"},{"catalog_number":"ACP0152750","name":"HOLDER"},{"catalog_number":"ACP0152730","name":"HOLDER"},{"catalog_number":"ACP0152720","name":"HOLDER"},{"catalog_number":"ACP0152700","name":"RETNG SHT METAL"},{"catalog_number":"ACP0152690","name":"RETNG SHT METAL"},{"catalog_number":"ACP0152680","name":"RETNG SHT METAL"},{"catalog_number":"ACP0152670","name":"RETNG SHT METAL"},{"catalog_number":"ACP0152660","name":"RETNG SHT METAL"},{"catalog_number":"ACP0152650","name":"RETNG SHT METAL"},{"catalog_number":"ACP0152640","name":"RETNG SHT METAL"},{"catalog_number":"ACP0152630","name":"RUBBER SEAL RING"},{"catalog_number":"ACP0152600","name":"BREATHER LINE"},{"catalog_number":"ACP0152590","name":"VALVE TOP"},{"catalog_number":"ACP0152580","name":"PRESS.TRANSDUCER"},{"catalog_number":"ACP0152570","name":"SEAL"},{"catalog_number":"ACP0152550","name":"SEAL"},{"catalog_number":"ACP0152540","name":"SEAL"},{"catalog_number":"ACP0152530","name":"SEAL"},{"catalog_number":"ACP0152520","name":"SEAL"},{"catalog_number":"ACP0152510","name":"SEAL"},{"catalog_number":"ACP0152500","name":"SEAL"},{"catalog_number":"ACP0152490","name":"SEALING WASHER"},{"catalog_number":"ACP0152480","name":"SEALING WASHER"},{"catalog_number":"ACP0152470","name":"BUSH"},{"catalog_number":"ACP0152460","name":"OUTLET"},{"catalog_number":"ACP0152450","name":"EXHAUST VALVE"},{"catalog_number":"ACP0152440","name":"EGR-MODULE"},{"catalog_number":"ACP0152430","name":"ADAPTER"},{"catalog_number":"ACP0152420","name":"SCREENING PLATE"},{"catalog_number":"ACP0152410","name":"EXH. TURBOCHARGE"},{"catalog_number":"ACP0152400","name":"HOSE ARCH"},{"catalog_number":"ACP0152390","name":"EXHAUST PIPE"},{"catalog_number":"ACP0152360","name":"COVER PANEL"},{"catalog_number":"A380502500020","name":"LOOP"},{"catalog_number":"A334810020020","name":"SEAL KIT"},{"catalog_number":"A295701030010","name":"FENDER"},{"catalog_number":"A210812020020","name":"SEAL KIT"},{"catalog_number":"A178860060570","name":"COVER"},{"catalog_number":"A--0000032","name":"INTERFACE SET"},{"catalog_number":"A--0000024","name":"KIT, STEERING"}]}