{"machinery_brand_name":"Ag-Chem","parts":[{"catalog_number":"F248500033140","name":"CNTRSNK CAPSCREW"},{"catalog_number":"F248500033130","name":"BACK PART"},{"catalog_number":"F248500033120","name":"ADJUST. RAIL SET"},{"catalog_number":"F248500033110","name":"CNTRSNK CAPSCREW"},{"catalog_number":"F248500033090","name":"HANDLE"},{"catalog_number":"F248500033050","name":"COVER"},{"catalog_number":"F248500033030","name":"COVER"},{"catalog_number":"F210962020080","name":"SEAL KIT"},{"catalog_number":"F210962020050","name":"SEAL KIT"},{"catalog_number":"F205500030120","name":"SOCKET HEAD BOLT"},{"catalog_number":"F205500030100","name":"POP RIVET"},{"catalog_number":"F198500030870","name":"SOCKET HEAD BOLT"},{"catalog_number":"F198500030620","name":"PIPE"},{"catalog_number":"F198500030510","name":"HOSE CLAMP"},{"catalog_number":"F198500030270","name":"PULLING SPRING"},{"catalog_number":"F186700031010","name":"FENDER"},{"catalog_number":"F184531030210","name":"PLUG"},{"catalog_number":"F178500030820","name":"FLOOR PAD"},{"catalog_number":"F178500030470","name":"BUFFER"},{"catalog_number":"F178500030460","name":"BUSH"},{"catalog_number":"F158500030010","name":"RUBBER BUFFER"},{"catalog_number":"F117501031060","name":"TORSION SPRING"},{"catalog_number":"E770002","name":"PLATE"},{"catalog_number":"E750000","name":"BOX"},{"catalog_number":"E740203","name":"BELT"},{"catalog_number":"E740034","name":"CLAMP"},{"catalog_number":"E740015","name":"SECTION"},{"catalog_number":"E740014","name":"SECTION"},{"catalog_number":"E740011","name":"SEAL"},{"catalog_number":"E721556","name":"GASKET"},{"catalog_number":"E721538","name":"TAPE"},{"catalog_number":"E721000","name":"GASKET SEALPASTE"},{"catalog_number":"E720831","name":"STICKER"},{"catalog_number":"E720714","name":"DECAL"},{"catalog_number":"E720569","name":"DECAL"},{"catalog_number":"E720565","name":"STICKER"},{"catalog_number":"E720508","name":"SIGN"},{"catalog_number":"E720504","name":"DECAL"},{"catalog_number":"E710501","name":"SEAL"},{"catalog_number":"E710500","name":"RUBBER"},{"catalog_number":"E706004","name":"BLOWER"},{"catalog_number":"E706002","name":"TYRE"},{"catalog_number":"E702553","name":"PART"},{"catalog_number":"E702043","name":"RING"},{"catalog_number":"E702027","name":"BALL"},{"catalog_number":"E702026","name":"BALL JOINT"},{"catalog_number":"E701531","name":"SOAP"},{"catalog_number":"E701074","name":"PART"},{"catalog_number":"E700588","name":"PLATE"},{"catalog_number":"E700031","name":"OIL"},{"catalog_number":"E700024","name":"GREASE"},{"catalog_number":"E700012","name":"COOLANT"},{"catalog_number":"E660587","name":"BALL JOINT"},{"catalog_number":"E660586","name":"BALL JOINT"},{"catalog_number":"E660514","name":"NUT"},{"catalog_number":"E605017","name":"LINK"},{"catalog_number":"E603013","name":"RING"},{"catalog_number":"E603005","name":"RING"},{"catalog_number":"E603002","name":"RING"},{"catalog_number":"E601601","name":"ELEMENT"},{"catalog_number":"E600547","name":"RING"},{"catalog_number":"E600335","name":"BEARING"},{"catalog_number":"E600280","name":"BEARING"},{"catalog_number":"E600278","name":"END ROD"},{"catalog_number":"E560223","name":"HOSE"},{"catalog_number":"E560201","name":"AIR TANK"},{"catalog_number":"E560198","name":"COUPLING"},{"catalog_number":"E560197","name":"ADAPTER"},{"catalog_number":"E560160","name":"CLAMP"},{"catalog_number":"E560159","name":"TANK"},{"catalog_number":"E560149","name":"TEE"},{"catalog_number":"E560148","name":"AIR HOSE"},{"catalog_number":"E560144","name":"ADAPTER"},{"catalog_number":"E560142","name":"COUPLING"},{"catalog_number":"E560141","name":"ADAPTER"},{"catalog_number":"E560140","name":"ELBOW"},{"catalog_number":"E560139","name":"ELBOW"},{"catalog_number":"E560138","name":"ADAPTER"},{"catalog_number":"E560137","name":"ADAPTER"},{"catalog_number":"E560136","name":"COUPLING"},{"catalog_number":"E560135","name":"TEE"},{"catalog_number":"E560132","name":"AIR HOSE"},{"catalog_number":"E560089","name":"COUPLING SLEEVE"},{"catalog_number":"E560079","name":"PRESSURE WASHER"},{"catalog_number":"E560061","name":"TEST COUPLER"},{"catalog_number":"E560060","name":"TESTER"},{"catalog_number":"E560038","name":"VALVE"},{"catalog_number":"E560036","name":"O RING"},{"catalog_number":"E559657","name":"GASKET"},{"catalog_number":"E559312","name":"FLANGE"},{"catalog_number":"E558740","name":"REAR LIGHT"},{"catalog_number":"E558739","name":"REAR LIGHT"},{"catalog_number":"E558082","name":"MOUNTING BRACKET"},{"catalog_number":"E552370","name":"STRIP"},{"catalog_number":"E552335","name":"SHIM"},{"catalog_number":"E552321","name":"SHIM"},{"catalog_number":"E552297","name":"BOLT"},{"catalog_number":"E552078","name":"ADAPTER FITTING"},{"catalog_number":"E552046","name":"COVER"},{"catalog_number":"E551862","name":"ISOLATOR"},{"catalog_number":"E551858","name":"ISOLATOR"},{"catalog_number":"E551398","name":"HANDLE"},{"catalog_number":"E551318","name":"STRIP"},{"catalog_number":"E551290","name":"HOSE CLAMP"},{"catalog_number":"E551127","name":"SENSOR"},{"catalog_number":"E551126","name":"MOUNTING BRACKET"},{"catalog_number":"E550652","name":"PIN"},{"catalog_number":"E550510","name":"CHAIN"},{"catalog_number":"E550500","name":"PART"},{"catalog_number":"E550281","name":"MOUNTING BRACKET"},{"catalog_number":"E530091","name":"TAPE"},{"catalog_number":"E530077","name":"COUPLING"},{"catalog_number":"E530057","name":"HOSE FITTING"},{"catalog_number":"E530053","name":"HOSE BARB"},{"catalog_number":"E530026","name":"GATE VALVE"},{"catalog_number":"E530007","name":"BALL VALVE"},{"catalog_number":"E524946","name":"COUPLING"},{"catalog_number":"E524943","name":"COUPLING"},{"catalog_number":"E524708","name":"STREET ELBOW"},{"catalog_number":"E524705","name":"STREET ELBOW"},{"catalog_number":"E524185","name":"PLUG"},{"catalog_number":"E511047","name":"VALVE STEM"},{"catalog_number":"E510200","name":"WEAR BUSHING"},{"catalog_number":"E510168","name":"HOSE"},{"catalog_number":"E506219","name":"FLOW REGULATOR"},{"catalog_number":"E506208","name":"BOLT"},{"catalog_number":"E506012","name":"LINK"},{"catalog_number":"E503020","name":"NUT"},{"catalog_number":"E502325","name":"HOSE CLAMP"},{"catalog_number":"E502321","name":"HOSE CLIP"},{"catalog_number":"E502319","name":"HOSE CLAMP"},{"catalog_number":"E502317","name":"CLAMP"},{"catalog_number":"E502210","name":"TUBE CLAMP"},{"catalog_number":"E502209","name":"CLAMP"},{"catalog_number":"E502207","name":"CLAMP"},{"catalog_number":"E502206","name":"PIPE CLAMP"},{"catalog_number":"E502204","name":"CLAMP"},{"catalog_number":"E502203","name":"CLAMP"},{"catalog_number":"E502156","name":"HOSE"},{"catalog_number":"E502091","name":"HOSE"},{"catalog_number":"E502088","name":"HOSE"},{"catalog_number":"E502082","name":"HOSE"},{"catalog_number":"E502079","name":"HOSE"},{"catalog_number":"E502078","name":"HOSE"},{"catalog_number":"E502076","name":"HOSE"},{"catalog_number":"E502074","name":"HOSE"},{"catalog_number":"E502073","name":"HOSE"},{"catalog_number":"E502062","name":"HOSE"},{"catalog_number":"E502056","name":"HOSE"},{"catalog_number":"E502043","name":"HOSE"},{"catalog_number":"E502033","name":"FUEL HOSE"},{"catalog_number":"E502027","name":"PART"},{"catalog_number":"E502026","name":"HOSE"},{"catalog_number":"E502025","name":"HOSE"},{"catalog_number":"E502017","name":"HOSE"},{"catalog_number":"E502012","name":"HOSE"},{"catalog_number":"E502010","name":"HOSE"},{"catalog_number":"E502004","name":"HOSE"},{"catalog_number":"E502002","name":"FUNNEL"},{"catalog_number":"E502001","name":"HOSE"},{"catalog_number":"E501500","name":"BLADE"},{"catalog_number":"E501284","name":"COUPLING"},{"catalog_number":"E501273","name":"QUICK COUPLER"},{"catalog_number":"E501266","name":"SEAL"},{"catalog_number":"E501247","name":"JAR"},{"catalog_number":"E501228","name":"HANDBRAKE CABLE"},{"catalog_number":"E501179","name":"HOSE"},{"catalog_number":"E501171","name":"FLANGE"},{"catalog_number":"E501159","name":"VALVE HOUSING"},{"catalog_number":"E501158","name":"HOUSING"},{"catalog_number":"E501155","name":"SPREADER"},{"catalog_number":"E501154","name":"NOZZLE"},{"catalog_number":"E501152","name":"O-RING"},{"catalog_number":"E501138","name":"HOSE BARB"},{"catalog_number":"E501135","name":"PLUG"},{"catalog_number":"E501131","name":"GAUGE"},{"catalog_number":"E501129","name":"VALVE"},{"catalog_number":"E501128","name":"PRESSURE VALVE"},{"catalog_number":"E501125","name":"COVER PLATE"},{"catalog_number":"E501123","name":"BOLT"},{"catalog_number":"E501122","name":"O-RING"},{"catalog_number":"E501121","name":"O-RING"},{"catalog_number":"E501120","name":"GASKET"},{"catalog_number":"E501117","name":"HEAD"},{"catalog_number":"E501116","name":"VALVE HEAD"},{"catalog_number":"E501114","name":"SEAL"},{"catalog_number":"E501113","name":"SEAL"},{"catalog_number":"E501112","name":"BUSH"},{"catalog_number":"E501111","name":"GUIDE BUSHING"},{"catalog_number":"E501110","name":"BLADE"},{"catalog_number":"E501107","name":"STEM"},{"catalog_number":"E501106","name":"STEM"},{"catalog_number":"E501104","name":"YOKE"},{"catalog_number":"E501100","name":"HANDLE"},{"catalog_number":"E500790","name":"BOLT"},{"catalog_number":"E500787","name":"CLAMP"},{"catalog_number":"E500784","name":"BOLT"},{"catalog_number":"E500770","name":"PLATE"},{"catalog_number":"E500767","name":"BOLT"},{"catalog_number":"E500766","name":"BOLT"},{"catalog_number":"E500765","name":"ROTOR"},{"catalog_number":"E500764","name":"ROTOR"},{"catalog_number":"E500754","name":"ROTOR"},{"catalog_number":"E500752","name":"TIP"},{"catalog_number":"E500750","name":"O-RING"},{"catalog_number":"E500749","name":"O-RING"},{"catalog_number":"E500747","name":"BOLT"},{"catalog_number":"E500739","name":"RETAINING RING"},{"catalog_number":"E500738","name":"BOLT"},{"catalog_number":"E500733","name":"O-RING"},{"catalog_number":"E500732","name":"O-RING"},{"catalog_number":"E500720","name":"DISTANCE BUSHING"},{"catalog_number":"E500716","name":"PLUG"},{"catalog_number":"E500705","name":"CLAMP"},{"catalog_number":"E500694","name":"CLAMP"},{"catalog_number":"E500693","name":"HOUSING"},{"catalog_number":"E500691","name":"AXLE"},{"catalog_number":"E500683","name":"PUMP GASKET"},{"catalog_number":"E500672","name":"CLAMP"},{"catalog_number":"E500670","name":"ROTOR"},{"catalog_number":"E500669","name":"ROTOR"},{"catalog_number":"E500664","name":"AXLE"},{"catalog_number":"E500658","name":"GEAR"},{"catalog_number":"E500648","name":"CYLINDER"},{"catalog_number":"E500643","name":"GAUGE"},{"catalog_number":"E500642","name":"STOP"},{"catalog_number":"E500641","name":"O-RING"},{"catalog_number":"E500639","name":"PUMP GASKET"},{"catalog_number":"E500635","name":"BUSH"},{"catalog_number":"E500634","name":"BOLT"},{"catalog_number":"E500633","name":"COVER"},{"catalog_number":"E500632","name":"BOLT"},{"catalog_number":"E500631","name":"CLAMP"},{"catalog_number":"E500627","name":"WASHER"},{"catalog_number":"E500620","name":"ROTOR"},{"catalog_number":"E500617","name":"TOOL"},{"catalog_number":"E500616","name":"CARRIER SEAL"},{"catalog_number":"E500615","name":"DOUBLE LIP SEAL"},{"catalog_number":"E500614","name":"RING"},{"catalog_number":"E500613","name":"WASHER"},{"catalog_number":"E500612","name":"WEAR PLATE"},{"catalog_number":"E500610","name":"SEAL"},{"catalog_number":"E500606","name":"HEX HEAD BOLT"},{"catalog_number":"E500604","name":"O-RING"},{"catalog_number":"E500601","name":"O-RING"},{"catalog_number":"E500189","name":"BREATHER VALVE"},{"catalog_number":"E500187","name":"CLAMP"},{"catalog_number":"E500186","name":"CLAMP"},{"catalog_number":"E500178","name":"HOSE"},{"catalog_number":"E500117","name":"RUBBER"},{"catalog_number":"E500111","name":"VALVE"},{"catalog_number":"E500109","name":"ELBOW"},{"catalog_number":"E500093","name":"HOSE CLAMP"},{"catalog_number":"E500092","name":"PART"},{"catalog_number":"E500059","name":"COUPLING"},{"catalog_number":"E500021","name":"HOSE CLAMP"},{"catalog_number":"E500019","name":"HOSE CLAMP"},{"catalog_number":"E500014","name":"HOSE CLIP"},{"catalog_number":"E500008","name":"FLANGE"},{"catalog_number":"E500003","name":"GATE VALVE"},{"catalog_number":"E410021","name":"TEST WIRE"},{"catalog_number":"E410020","name":"TEST WIRE"},{"catalog_number":"E402176","name":"BOARD"},{"catalog_number":"E402100","name":"CABLE"},{"catalog_number":"E402045","name":"RADAR HARNESS"},{"catalog_number":"E402035","name":"EXT HARNESS"},{"catalog_number":"E401367","name":"TUBE"},{"catalog_number":"E401366","name":"TUBE"},{"catalog_number":"E401276","name":"TUBE"},{"catalog_number":"E401275","name":"TUBE"},{"catalog_number":"E401274","name":"CAP"},{"catalog_number":"E401266","name":"PLUG-IN NIPPLE"},{"catalog_number":"E401174","name":"PLUG"},{"catalog_number":"E401083","name":"TUBE"},{"catalog_number":"E401042","name":"CABLE"},{"catalog_number":"E400988","name":"SENSOR"},{"catalog_number":"E400975","name":"CAP"},{"catalog_number":"E400961","name":"PUSH-BTN SWITCH"},{"catalog_number":"E400958","name":"PUSH-BTN SWITCH"},{"catalog_number":"E400901","name":"LED"},{"catalog_number":"E400900","name":"LED"},{"catalog_number":"E400899","name":"HOLDER"},{"catalog_number":"E400887","name":"CABLE"},{"catalog_number":"E400882","name":"CABLE END"},{"catalog_number":"E400875","name":"CABLE END"},{"catalog_number":"E400870","name":"STORAGE BOX"},{"catalog_number":"E400799","name":"RELAY"},{"catalog_number":"E400748","name":"CORE"},{"catalog_number":"E400743","name":"RAIL"},{"catalog_number":"E400735","name":"STRIP"},{"catalog_number":"E400700","name":"CABLE"},{"catalog_number":"E400676","name":"CONNECTOR"},{"catalog_number":"E400610","name":"RESISTOR"},{"catalog_number":"E400608","name":"DIODE"},{"catalog_number":"E400532","name":"INDUCTIVE SENSOR"},{"catalog_number":"E400414","name":"BRACKET"},{"catalog_number":"E400413","name":"STRAP"},{"catalog_number":"E400412","name":"STRAP"},{"catalog_number":"E400270","name":"MODULE"},{"catalog_number":"E400227","name":"HOSE PROTECTOR"},{"catalog_number":"E400210","name":"SENSOR"},{"catalog_number":"E400208","name":"PROTECTION"},{"catalog_number":"E400207","name":"PROTECTION"},{"catalog_number":"E400206","name":"PROTECTION"},{"catalog_number":"E400152","name":"MIRROR"},{"catalog_number":"E400141","name":"KEY"},{"catalog_number":"E400131","name":"WORKLIGHT"},{"catalog_number":"E400124","name":"LAMP, RH"},{"catalog_number":"E400123","name":"LIGHT, LH"},{"catalog_number":"E400107","name":"FUSE"},{"catalog_number":"E400106","name":"FUSE"},{"catalog_number":"E400105","name":"FUSE"},{"catalog_number":"E400104","name":"FUSE 15A"},{"catalog_number":"E400103","name":"FUSE 10A"},{"catalog_number":"E400101","name":"FUSE 5A"},{"catalog_number":"E400100","name":"FUSE"},{"catalog_number":"E400086","name":"SIGN"},{"catalog_number":"E400076","name":"VALVE"},{"catalog_number":"E400055","name":"SIGN"},{"catalog_number":"E400048","name":"HEADLIGHT,RH"},{"catalog_number":"E400042","name":"DECAL"},{"catalog_number":"E400035","name":"RED REFLECTOR"},{"catalog_number":"E400034","name":"SUPPORT"},{"catalog_number":"E400026","name":"LIGHT"},{"catalog_number":"E400019","name":"LIGHT"},{"catalog_number":"E400018","name":"WORKLIGHT"},{"catalog_number":"E400017","name":"ROTATING LIGHT"},{"catalog_number":"E400008","name":"REFLECTOR"},{"catalog_number":"E400005","name":"BULB"},{"catalog_number":"E400004","name":"BULB"},{"catalog_number":"E400003","name":"BULB"},{"catalog_number":"E400002","name":"BULB"},{"catalog_number":"E400000","name":"LIGHT"},{"catalog_number":"E302121","name":"NUT"},{"catalog_number":"E302115","name":"BREATHER"},{"catalog_number":"E302114","name":"BREATHER"},{"catalog_number":"E302113","name":"BREATHER"},{"catalog_number":"E302112","name":"CONNECTOR"},{"catalog_number":"E302105","name":"VALVE"},{"catalog_number":"E302104","name":"VALVE"},{"catalog_number":"E302100","name":"VALVE"},{"catalog_number":"E300122","name":"STUD BOLT"},{"catalog_number":"E300108","name":"REDUCER"},{"catalog_number":"E300096","name":"AIR FILTER"},{"catalog_number":"E300092","name":"ELBOW"},{"catalog_number":"E300059","name":"VALVE"},{"catalog_number":"E300056","name":"NUT"},{"catalog_number":"E300052","name":"AIR LINE"},{"catalog_number":"E300051","name":"AIR HOSE"},{"catalog_number":"E300024","name":"UNION"},{"catalog_number":"E300022","name":"AIR LINE"},{"catalog_number":"E300020","name":"TEE"},{"catalog_number":"E300014","name":"ELBOW"},{"catalog_number":"E300012","name":"NIPPLE"},{"catalog_number":"E300011","name":"NIPPLE"},{"catalog_number":"E300010","name":"BALANCER"},{"catalog_number":"E300008","name":"PLUG"},{"catalog_number":"E300005","name":"ELBOW"},{"catalog_number":"E300002","name":"ELBOW"},{"catalog_number":"E260042","name":"TUBE"},{"catalog_number":"E260041","name":"TUBE"},{"catalog_number":"E260039","name":"BLOCK"},{"catalog_number":"E260035","name":"DIVIDER"},{"catalog_number":"E260034","name":"PIPE CLAMP"},{"catalog_number":"E260033","name":"SWIVEL"},{"catalog_number":"E260032","name":"RING"},{"catalog_number":"E260026","name":"ELBOW"},{"catalog_number":"E260024","name":"ADAPTER"},{"catalog_number":"E250656","name":"VALVE"},{"catalog_number":"E250193","name":"HYDRAULIC MOTOR"},{"catalog_number":"E250180","name":"PUMP"},{"catalog_number":"E250166","name":"ACTIVATOR"},{"catalog_number":"E250149","name":"VALVE"},{"catalog_number":"E250119","name":"O-RING"},{"catalog_number":"E250076","name":"INDICATOR"},{"catalog_number":"E250070","name":"OIL FILTER"},{"catalog_number":"E250055","name":"OIL FILTER"},{"catalog_number":"E250032","name":"SIGHT GAUGE"},{"catalog_number":"E250019","name":"GLASS"},{"catalog_number":"E250010","name":"FILTER"},{"catalog_number":"E250005","name":"FILTER"},{"catalog_number":"E250001","name":"ELEMENT"},{"catalog_number":"E240212","name":"ADAPTER"},{"catalog_number":"E240211","name":"ADAPTER FITTING"},{"catalog_number":"E240204","name":"ADAPTER"},{"catalog_number":"E240174","name":"ADAPTER"},{"catalog_number":"E240119","name":"ELBOW"},{"catalog_number":"E240116","name":"ELBOW"},{"catalog_number":"E240114","name":"ELBOW"},{"catalog_number":"E240107","name":"HYDRAULIC PLUG"},{"catalog_number":"E233040","name":"ELECTRIC MOTOR"},{"catalog_number":"E233037","name":"COOLER"},{"catalog_number":"E233031","name":"PRIORITY VALVE"},{"catalog_number":"E231612","name":"END"},{"catalog_number":"E231603","name":"HYD CYLINDER"},{"catalog_number":"E231546","name":"HYD CYLINDER"},{"catalog_number":"E231528","name":"COIL"},{"catalog_number":"E231449","name":"VALVE"},{"catalog_number":"E231448","name":"VALVE"},{"catalog_number":"E231422","name":"ORIFICE"},{"catalog_number":"E231419","name":"O RING"},{"catalog_number":"E231395","name":"SEAL KIT"},{"catalog_number":"E231385","name":"COIL"},{"catalog_number":"E231384","name":"SOLENOID"},{"catalog_number":"E231361","name":"ORIFICE"},{"catalog_number":"E231360","name":"ORIFICE"},{"catalog_number":"E231335","name":"O RING"},{"catalog_number":"E231332","name":"O-RING"},{"catalog_number":"E231298","name":"O-RING"},{"catalog_number":"E231284","name":"O-RING"},{"catalog_number":"E231187","name":"O RING"},{"catalog_number":"E231183","name":"O-RING"},{"catalog_number":"E231138","name":"SEAL KIT"},{"catalog_number":"E231074","name":"THROTTLE"},{"catalog_number":"E231073","name":"VALVE"},{"catalog_number":"E231051","name":"SEAL KIT"},{"catalog_number":"E231012","name":"CHECK VALVE"},{"catalog_number":"E231009","name":"CHECK VALVE"},{"catalog_number":"E231002","name":"VALVE"},{"catalog_number":"E230617","name":"DRAIN PLUG"},{"catalog_number":"E230602","name":"PLUG"},{"catalog_number":"E230601","name":"BREATHER VENT"},{"catalog_number":"E230600","name":"BREATHER PLUG"},{"catalog_number":"E230573","name":"DUST CAP"},{"catalog_number":"E230563","name":"DUST CAP"},{"catalog_number":"E230562","name":"DUST CAP"},{"catalog_number":"E230561","name":"DUST PLUG"},{"catalog_number":"E230502","name":"COUPLING"},{"catalog_number":"E230220","name":"RING"},{"catalog_number":"E230124","name":"SEAL KIT"},{"catalog_number":"E230095","name":"ACCUMULATOR"},{"catalog_number":"E230094","name":"ACCUMULATOR"},{"catalog_number":"E230027","name":"MOUNTING PLATE"},{"catalog_number":"E230010","name":"VALVE"},{"catalog_number":"E220632","name":"NIPPLE"},{"catalog_number":"E220625","name":"BUSH"},{"catalog_number":"E220622","name":"BUSH"},{"catalog_number":"E220603","name":"NIPPLE"},{"catalog_number":"E220501","name":"NIPPLE"},{"catalog_number":"E220220","name":"FITTING"},{"catalog_number":"E220218","name":"FITTING"},{"catalog_number":"E220217","name":"FITTING"},{"catalog_number":"E220206","name":"FITTING"},{"catalog_number":"E220115","name":"COVER PLATE"},{"catalog_number":"E220113","name":"PILLAR"},{"catalog_number":"E220097","name":"CLAMP"},{"catalog_number":"E220087","name":"CLAMP"},{"catalog_number":"E220073","name":"PLATE"},{"catalog_number":"E220067","name":"PLATE"},{"catalog_number":"E220066","name":"WELD PLATE"},{"catalog_number":"E220060","name":"PLATE"},{"catalog_number":"E220056","name":"COVER PLATE"},{"catalog_number":"E220055","name":"PLATE"},{"catalog_number":"E220053","name":"DOUBLE CLAMP"},{"catalog_number":"E220052","name":"CLAMP"},{"catalog_number":"E220051","name":"CLAMP"},{"catalog_number":"E220049","name":"CLAMP"},{"catalog_number":"E220048","name":"COVER"},{"catalog_number":"E220045","name":"COVER"},{"catalog_number":"E220044","name":"COVER"},{"catalog_number":"E220042","name":"CLAMP"},{"catalog_number":"E220040","name":"CLAMP"},{"catalog_number":"E220038","name":"PLATE"},{"catalog_number":"E220034","name":"PLATE"},{"catalog_number":"E220033","name":"PART"},{"catalog_number":"E220029","name":"COVER PLATE"},{"catalog_number":"E220016","name":"PLATE"},{"catalog_number":"E211600","name":"PRESSURE GAUGE"},{"catalog_number":"E211060","name":"MANOMETER"},{"catalog_number":"E211016","name":"MANOMETER"},{"catalog_number":"E210215","name":"PART"},{"catalog_number":"E210211","name":"VALVE"},{"catalog_number":"E210203","name":"POINT"},{"catalog_number":"E210202","name":"FITTING"},{"catalog_number":"E210201","name":"TESTER"},{"catalog_number":"E210107","name":"ADAPTER"},{"catalog_number":"E210106","name":"PART"},{"catalog_number":"E210105","name":"TESTER"},{"catalog_number":"E210102","name":"POINT"},{"catalog_number":"E210060","name":"PRESSURE HOSE"},{"catalog_number":"E210050","name":"HOSE"},{"catalog_number":"E210040","name":"HOSE"},{"catalog_number":"E210020","name":"PRESSURE HOSE"},{"catalog_number":"E210015","name":"PRESSURE HOSE"},{"catalog_number":"E210010","name":"PRESSURE HOSE"},{"catalog_number":"E210006","name":"PRESSURE HOSE"},{"catalog_number":"E210004","name":"PRESSURE HOSE"},{"catalog_number":"E210003","name":"PRESSURE HOSE"},{"catalog_number":"E210002","name":"HOSE"},{"catalog_number":"E209012","name":"ADAPTER"},{"catalog_number":"E209008","name":"ADAPTER"},{"catalog_number":"E209004","name":"BANJO BOLT"},{"catalog_number":"E209002","name":"PART"},{"catalog_number":"E209000","name":"ADAPTER FITTING"},{"catalog_number":"E208518","name":"PART"},{"catalog_number":"E208415","name":"ADAPTER FITTING"},{"catalog_number":"E208123","name":"PART"},{"catalog_number":"E208122","name":"PART"},{"catalog_number":"E208121","name":"ADAPTER"},{"catalog_number":"E208108","name":"ADAPTER"},{"catalog_number":"E208013","name":"ADAPTER"},{"catalog_number":"E208012","name":"CONNECTOR"},{"catalog_number":"E207530","name":"TEE FITTING"},{"catalog_number":"E207512","name":"TEE FITTING"},{"catalog_number":"E207425","name":"PART"},{"catalog_number":"E207412","name":"FITTING"},{"catalog_number":"E207325","name":"ELBOW"},{"catalog_number":"E207320","name":"ELBOW"},{"catalog_number":"E207316","name":"ELBOW"},{"catalog_number":"E207312","name":"ELBOW"},{"catalog_number":"E206420","name":"ADAPTER"},{"catalog_number":"E205925","name":"ADAPTER"},{"catalog_number":"E205720","name":"CONNECTOR"},{"catalog_number":"E205225","name":"ADAPTER"},{"catalog_number":"E205125","name":"CUTTING RING"},{"catalog_number":"E205025","name":"NUT"},{"catalog_number":"E204030","name":"ADAPTER"},{"catalog_number":"E203912","name":"ADAPTER FITTING"},{"catalog_number":"E203705","name":"MULTI BOND"},{"catalog_number":"E203704","name":"SEAL"},{"catalog_number":"E203703","name":"SEAL"},{"catalog_number":"E203554","name":"O RING"},{"catalog_number":"E203553","name":"O-RING"},{"catalog_number":"E203552","name":"O-RING"},{"catalog_number":"E203551","name":"O-RING"},{"catalog_number":"E203550","name":"O RING"},{"catalog_number":"E203516","name":"SEAL"},{"catalog_number":"E203492","name":"FLANGE"},{"catalog_number":"E203487","name":"FLANGE"},{"catalog_number":"E203465","name":"PART"},{"catalog_number":"E203464","name":"HALF FLANGE"},{"catalog_number":"E203462","name":"FLANGE"},{"catalog_number":"E203461","name":"PART"},{"catalog_number":"E203452","name":"FLANGE"},{"catalog_number":"E203451","name":"PART"},{"catalog_number":"E203419","name":"PRESSURE VALVE"},{"catalog_number":"E203416","name":"PART"},{"catalog_number":"E203412","name":"VALVE"},{"catalog_number":"E203411","name":"CHECK VALVE"},{"catalog_number":"E203358","name":"ADAPTER"},{"catalog_number":"E203355","name":"REDUCER"},{"catalog_number":"E203340","name":"ADAPTER"},{"catalog_number":"E203339","name":"ADAPTER"},{"catalog_number":"E203319","name":"REDUCER"},{"catalog_number":"E203318","name":"PART"},{"catalog_number":"E203310","name":"PART"},{"catalog_number":"E203306","name":"ADAPTER"},{"catalog_number":"E203236","name":"ADAPTER"},{"catalog_number":"E203225","name":"PLUG"},{"catalog_number":"E203222","name":"PLUG"},{"catalog_number":"E203218","name":"PLUG"},{"catalog_number":"E203215","name":"PLUG"},{"catalog_number":"E203115","name":"ADAPTER"},{"catalog_number":"E203114","name":"ADAPTER"},{"catalog_number":"E203012","name":"FITTING"},{"catalog_number":"E202915","name":"PART"},{"catalog_number":"E202615","name":"TEE"},{"catalog_number":"E202612","name":"ADAPTER FITTING"},{"catalog_number":"E202528","name":"TEE FITTING"},{"catalog_number":"E202522","name":"TEE"},{"catalog_number":"E202515","name":"TEE"},{"catalog_number":"E202512","name":"TEE"},{"catalog_number":"E202510","name":"PART"},{"catalog_number":"E202415","name":"CONNECTOR"},{"catalog_number":"E202412","name":"HYD FITTING"},{"catalog_number":"E202335","name":"ELBOW"},{"catalog_number":"E202328","name":"ELBOW"},{"catalog_number":"E202322","name":"ELBOW"},{"catalog_number":"E202318","name":"ELBOW"},{"catalog_number":"E202315","name":"ELBOW"},{"catalog_number":"E202312","name":"ELBOW FITTING"},{"catalog_number":"E202310","name":"ELBOW"},{"catalog_number":"E202308","name":"ELBOW"},{"catalog_number":"E201923","name":"ADAPTER"},{"catalog_number":"E201919","name":"ADAPTER"},{"catalog_number":"E201918","name":"PART"},{"catalog_number":"E201912","name":"ELBOW"},{"catalog_number":"E201807","name":"ELBOW"},{"catalog_number":"E201615","name":"ELBOW"},{"catalog_number":"E201318","name":"ADAPTER"},{"catalog_number":"E201315","name":"ADAPTER"},{"catalog_number":"E201312","name":"FITTING"},{"catalog_number":"E201215","name":"ADAPTER"},{"catalog_number":"E201212","name":"ADAPTER"},{"catalog_number":"E201110","name":"ADAPTER"},{"catalog_number":"E200935","name":"ADAPTER"},{"catalog_number":"E200934","name":"ADAPTER FITTING"},{"catalog_number":"E200932","name":"PART"},{"catalog_number":"E200928","name":"CONNECTOR"},{"catalog_number":"E200822","name":"ADAPTER"},{"catalog_number":"E200818","name":"PART"},{"catalog_number":"E200815","name":"ADAPTER"},{"catalog_number":"E200718","name":"ADAPTER"},{"catalog_number":"E200712","name":"ADAPTER"},{"catalog_number":"E200710","name":"PART"},{"catalog_number":"E200623","name":"ADAPTER"},{"catalog_number":"E200622","name":"ADAPTER"},{"catalog_number":"E200616","name":"ADAPTER"},{"catalog_number":"E200615","name":"ADAPTER"},{"catalog_number":"E200510","name":"ADAPTER"}]}