{"machinery_brand_name":"Ag-Chem","parts":[{"catalog_number":"F718301020620","name":"AXLE ARCH"},{"catalog_number":"F718301020590","name":"STUB SHAFT"},{"catalog_number":"F718301020540","name":"JOINTED SHAFT"},{"catalog_number":"F718301020490","name":"COVER"},{"catalog_number":"F718301020470","name":"STUB SHAFT"},{"catalog_number":"F718301020440","name":"STUB SHAFT"},{"catalog_number":"F718301020430","name":"BEARING PIN"},{"catalog_number":"F718301020420","name":"CARRIER"},{"catalog_number":"F718301020360","name":"WHEEL BOLT"},{"catalog_number":"F718301020330","name":"JOINTED HOUSING"},{"catalog_number":"F718301020320","name":"JOINTED HOUSING"},{"catalog_number":"F718301020310","name":"HEX CAP SCREW"},{"catalog_number":"F718301020280","name":"KING PIN"},{"catalog_number":"F718301020180","name":"SET OF FINS"},{"catalog_number":"F718301020090","name":"DISC"},{"catalog_number":"F718301020080","name":"DISC"},{"catalog_number":"F718301020070","name":"DISC"},{"catalog_number":"F718301020060","name":"BEVEL GEAR"},{"catalog_number":"F718301020050","name":"DISC"},{"catalog_number":"F718301020040","name":"SHROUD PANEL"},{"catalog_number":"F718301020020","name":"BUSH"},{"catalog_number":"F718301020010","name":"BUSH"},{"catalog_number":"F718202970030","name":"CONNECTOR"},{"catalog_number":"F718202970010","name":"SENSOR"},{"catalog_number":"F718202900050","name":"CONNECTOR"},{"catalog_number":"F718202900040","name":"PLUG IN SLEEVE"},{"catalog_number":"F718202900030","name":"CABLE LUG"},{"catalog_number":"F718202900020","name":"SOCKET CONTACT"},{"catalog_number":"F718202710510","name":"CONTROL UNIT"},{"catalog_number":"F718202710500","name":"FUEL PUMP"},{"catalog_number":"F718202710490","name":"DISC"},{"catalog_number":"F718202710480","name":"DISC"},{"catalog_number":"F718202710470","name":"DISC"},{"catalog_number":"F718202710460","name":"DISC"},{"catalog_number":"F718202710450","name":"DISC"},{"catalog_number":"F718202710440","name":"DISC"},{"catalog_number":"F718202710430","name":"DISC"},{"catalog_number":"F718202710420","name":"DISC"},{"catalog_number":"F718202710410","name":"DISC"},{"catalog_number":"F718202710400","name":"DISC"},{"catalog_number":"F718202710390","name":"DISC"},{"catalog_number":"F718202710380","name":"DISC"},{"catalog_number":"F718202710370","name":"DISC"},{"catalog_number":"F718202710360","name":"DISC"},{"catalog_number":"F718202710350","name":"DISC"},{"catalog_number":"F718202710340","name":"DISC"},{"catalog_number":"F718202710330","name":"DISC"},{"catalog_number":"F718202710320","name":"DISC"},{"catalog_number":"F718202710310","name":"DISC"},{"catalog_number":"F718202710300","name":"DISC"},{"catalog_number":"F718202710290","name":"DISC"},{"catalog_number":"F718202710280","name":"DISC"},{"catalog_number":"F718202710270","name":"DISC"},{"catalog_number":"F718202710260","name":"DISC"},{"catalog_number":"F718202710250","name":"DISC"},{"catalog_number":"F718202710240","name":"DISC"},{"catalog_number":"F718202710230","name":"DISC"},{"catalog_number":"F718202710220","name":"DISC"},{"catalog_number":"F718202710210","name":"DISC"},{"catalog_number":"F718202710200","name":"DISC"},{"catalog_number":"F718202710190","name":"DISC"},{"catalog_number":"F718202710180","name":"DISC"},{"catalog_number":"F718202710170","name":"DISC"},{"catalog_number":"F718202710160","name":"DISC"},{"catalog_number":"F718202710150","name":"DISC"},{"catalog_number":"F718202710140","name":"DISC"},{"catalog_number":"F718202710130","name":"DISC"},{"catalog_number":"F718202710120","name":"FUEL LINE"},{"catalog_number":"F718202710100","name":"INJECTOR"},{"catalog_number":"F718202710090","name":"TORX SCREW"},{"catalog_number":"F718202710080","name":"ACTUATOR"},{"catalog_number":"F718202710050","name":"INJECTION LINE"},{"catalog_number":"F718202510030","name":"OIL DRAIN VALVE"},{"catalog_number":"F718202410020","name":"CAMSHAFT"},{"catalog_number":"F718202310070","name":"CRANKSHAFT"},{"catalog_number":"F718202310060","name":"FLYWHEEL"},{"catalog_number":"F718202310040","name":"SHAFT BUSH"},{"catalog_number":"F718202310020","name":"PISTON RING KIT"},{"catalog_number":"F718202310010","name":"PISTON"},{"catalog_number":"F718202210230","name":"CYLINDER LINER"},{"catalog_number":"F718202210220","name":"CRANKCASE"},{"catalog_number":"F718202210200","name":"COVER"},{"catalog_number":"F718202210190","name":"CYLINDER LINER"},{"catalog_number":"F718202210170","name":"HEAD GASKET"},{"catalog_number":"F718202210160","name":"HEAD GASKET"},{"catalog_number":"F718202210150","name":"HEX HEAD BOLT"},{"catalog_number":"F718202210140","name":"HEAD GASKET"},{"catalog_number":"F718202210130","name":"BREATHER PIPE"},{"catalog_number":"F718202210120","name":"WASHER HEAD BOLT"},{"catalog_number":"F718202210110","name":"LOCKING PART"},{"catalog_number":"F718202210080","name":"ADAPTER"},{"catalog_number":"F718202210060","name":"FILTER ELEMENT"},{"catalog_number":"F718202210040","name":"BUSH"},{"catalog_number":"F718202210030","name":"HEX HEAD BOLT"},{"catalog_number":"F718202180200","name":"HOSE BARB"},{"catalog_number":"F718202180190","name":"PLUS POLE"},{"catalog_number":"F718202180180","name":"FUSE"},{"catalog_number":"F718202180170","name":"SUPPLY CABLE"},{"catalog_number":"F718202180160","name":"EARTH STRAP"},{"catalog_number":"F718202180150","name":"RELAY"},{"catalog_number":"F718202180140","name":"RETAINING NUT"},{"catalog_number":"F718202180130","name":"FUSE"},{"catalog_number":"F718202180120","name":"CONNECTION SCREW"},{"catalog_number":"F718202180110","name":"SUPPLY CABLE"},{"catalog_number":"F718202180080","name":"LINE"},{"catalog_number":"F718202180070","name":"PLUS POLE"},{"catalog_number":"F718202180060","name":"ISOLATOR"},{"catalog_number":"F718202180050","name":"HOSE BARB"},{"catalog_number":"F718202180040","name":"SEAL"},{"catalog_number":"F718202180020","name":"SEAL"},{"catalog_number":"F718202180010","name":"HEAT FLANGE"},{"catalog_number":"F718202100050","name":"HEX HEAD BOLT"},{"catalog_number":"F718202100030","name":"EXHAUST MANIFOLD"},{"catalog_number":"F718202100020","name":"STUD BOLT"},{"catalog_number":"F718202090080","name":"RETURN LINE"},{"catalog_number":"F718202090070","name":"RETURN LINE"},{"catalog_number":"F718202090060","name":"HOSE CLIP"},{"catalog_number":"F718202090050","name":"FLOOR"},{"catalog_number":"F718202090040","name":"LOAD AIR LINE"},{"catalog_number":"F718202090020","name":"LUBE OIL LINE"},{"catalog_number":"F718202090010","name":"EXH. TURBOCHARGE"},{"catalog_number":"F718202060070","name":"LEVEL INDICATOR"},{"catalog_number":"F718202060060","name":"FUEL LINE"},{"catalog_number":"F718202060050","name":"HOUSING"},{"catalog_number":"F718202060030","name":"FUEL LINE"},{"catalog_number":"F718202060020","name":"RETAINER"},{"catalog_number":"F718202040060","name":"REPAIR KIT"},{"catalog_number":"F718202040050","name":"REPAIR KIT"},{"catalog_number":"F718202040040","name":"FAN BRACKET"},{"catalog_number":"F718202040030","name":"FAN BEARING"},{"catalog_number":"F718202040020","name":"REPAIR KIT"},{"catalog_number":"F718202010010","name":"BUSH"},{"catalog_number":"F718150070060","name":"HOUSING"},{"catalog_number":"F718150070050","name":"REG. PISTON"},{"catalog_number":"F718150070030","name":"SEAL"},{"catalog_number":"F718150070020","name":"CONTROL HOUSING"},{"catalog_number":"F718150070010","name":"HOUSING"},{"catalog_number":"F718100100030","name":"SEAL"},{"catalog_number":"F718100100020","name":"SECURING PART"},{"catalog_number":"F718100100010","name":"ELBOW FITTING"},{"catalog_number":"F718000001000","name":"PICTURE CATALOG."},{"catalog_number":"F717200310030","name":"PISTON ROD"},{"catalog_number":"F717200310020","name":"SMALL-END BUSH"},{"catalog_number":"F717200210060","name":"NOZZLE"},{"catalog_number":"F717200210040","name":"SCREW"},{"catalog_number":"F717200180020","name":"HEX HEAD BOLT"},{"catalog_number":"F717200180010","name":"INSULATION"},{"catalog_number":"F716974160010","name":"SWITCH LEVEL"},{"catalog_number":"F716972170010","name":"HANDLE"},{"catalog_number":"F716972160020","name":"KIT"},{"catalog_number":"F716972160010","name":"SWITCH LEVEL"},{"catalog_number":"F716970160081","name":"SWITCH"},{"catalog_number":"F716970160050","name":"CONTROL PANEL"},{"catalog_number":"F716970160040","name":"COVER"},{"catalog_number":"F716970160030","name":"MARKING PLATE"},{"catalog_number":"F716970160023","name":"SWITCH LEVEL"},{"catalog_number":"F716970070070","name":"BLANK CAP"},{"catalog_number":"F716970070040","name":"BLANK CAP"},{"catalog_number":"F716970020020","name":"SWITCH"},{"catalog_number":"F716970010020","name":"REPAIR KIT"},{"catalog_number":"F716970010010","name":"REPAIR KIT"},{"catalog_number":"F716961660060","name":"PULL LOCK"},{"catalog_number":"F716961660050","name":"PARTS KIT"},{"catalog_number":"F716961610030","name":"O-RING"},{"catalog_number":"F716961610020","name":"SUPPORTING RING"},{"catalog_number":"F716961610010","name":"DUST PLUG"},{"catalog_number":"F716961030010","name":"SEAL KIT"},{"catalog_number":"F716961020450","name":"VALVE"},{"catalog_number":"F716961020440","name":"O-RING"},{"catalog_number":"F716961020430","name":"KIT"},{"catalog_number":"F716961020410","name":"CHECK VALVE"},{"catalog_number":"F716961020400","name":"CHECK VALVE"},{"catalog_number":"F716961020370","name":"MAGNET COIL"},{"catalog_number":"F716961020350","name":"O-RING"},{"catalog_number":"F716961020340","name":"O-RING"},{"catalog_number":"F716961020330","name":"FILTER"},{"catalog_number":"F716961020310","name":"VALVE SOLENOID"},{"catalog_number":"F716961020290","name":"SPACER"},{"catalog_number":"F716961020280","name":"SEAL KIT"},{"catalog_number":"F716961020270","name":"NOZZLE"},{"catalog_number":"F716961020260","name":"NOZZLE"},{"catalog_number":"F716961020250","name":"CHECK VALVE"},{"catalog_number":"F716961020230","name":"NUT"},{"catalog_number":"F716961020190","name":"ACCUMULATOR"},{"catalog_number":"F716961020170","name":"SEAL KIT"},{"catalog_number":"F716961020150","name":"MAGNET COIL"},{"catalog_number":"F716961020140","name":"SEAL KIT"},{"catalog_number":"F716961020130","name":"VALVE"},{"catalog_number":"F716961020120","name":"SCREEN FILTER"},{"catalog_number":"F716961020070","name":"PRESS RLF VALVE"},{"catalog_number":"F716961020060","name":"O-RING"},{"catalog_number":"F716961020050","name":"PRIORITY VALVE"},{"catalog_number":"F716961020040","name":"MAGNET COIL"},{"catalog_number":"F716961020030","name":"O-RING"},{"catalog_number":"F716960660030","name":"DUST CAP"},{"catalog_number":"F716960660020","name":"SEAL KIT"},{"catalog_number":"F716951030020","name":"PARTS KIT"},{"catalog_number":"F716951030010","name":"CHECK VALVE"},{"catalog_number":"F716950030020","name":"PARTS KIT"},{"catalog_number":"F716921050060","name":"JOINTED SPINDLE"},{"catalog_number":"F716921050040","name":"SPRING CLIP"},{"catalog_number":"F716921050030","name":"JOINTED SPINDLE"},{"catalog_number":"F716921050020","name":"STEERING PART"},{"catalog_number":"F716921050010","name":"UPPER LINK HOOK"},{"catalog_number":"F716903060010","name":"STARTER"},{"catalog_number":"F716903040030","name":"HOUSING"},{"catalog_number":"F716903040010","name":"HOUSING"},{"catalog_number":"F716900070010","name":"LOCK WASHER"},{"catalog_number":"F716900060080","name":"CARBON BRUSH"},{"catalog_number":"F716900060070","name":"STARTER PINION"},{"catalog_number":"F716900060050","name":"STARTER SOLENOID"},{"catalog_number":"F716900060040","name":"CARBON BRUSH"},{"catalog_number":"F716900060030","name":"STARTER PINION"},{"catalog_number":"F716900040010","name":"STRAP"},{"catalog_number":"F716900020050","name":"GLASS LENS"},{"catalog_number":"F716900020040","name":"GLASS LENS"},{"catalog_number":"F716900020010","name":"BEAM KIT"},{"catalog_number":"F716900010080","name":"CONSOLE"},{"catalog_number":"F716900010070","name":"TEMP TRANSMITTER"},{"catalog_number":"F716900010060","name":"SUSPENSION PLATE"},{"catalog_number":"F716900010050","name":"CONSOLE"},{"catalog_number":"F716900010040","name":"BUSH"},{"catalog_number":"F716900010030","name":"V BELT SHEAVE"},{"catalog_number":"F716891480010","name":"LOCKING SYSTEM"},{"catalog_number":"F716890030020","name":"COMPRESS. SPRING"},{"catalog_number":"F716890030010","name":"CYLINDER ROD"},{"catalog_number":"F716880120010","name":"CAP"},{"catalog_number":"F716880010060","name":"KIT, CYL. HEAD"},{"catalog_number":"F716880010030","name":"SEAL"},{"catalog_number":"F716880010020","name":"WHEEL NUT"},{"catalog_number":"F716880010010","name":"SEAL KIT"},{"catalog_number":"F716872060110","name":"NUT"},{"catalog_number":"F716872060100","name":"SCREW"},{"catalog_number":"F716872060090","name":"CHAIN"},{"catalog_number":"F716872060070","name":"RING"},{"catalog_number":"F716872060060","name":"BOLT"},{"catalog_number":"F716872060050","name":"PAWL"},{"catalog_number":"F716872060040","name":"COMPRESS. SPRING"},{"catalog_number":"F716872060030","name":"BOLT"},{"catalog_number":"F716872060020","name":"INSERT STOP"},{"catalog_number":"F716872060010","name":"INSERT STOP"},{"catalog_number":"F716872050020","name":"JOINTED SPINDLE"},{"catalog_number":"F716872050010","name":"STEERING PART"},{"catalog_number":"F716870030010","name":"FORK"},{"catalog_number":"F716810021030","name":"SHIMMING PLATE"},{"catalog_number":"F716810021020","name":"HEX HEAD BOLT"},{"catalog_number":"F716810021010","name":"HEX HEAD BOLT"},{"catalog_number":"F716501160250","name":"HOOK"},{"catalog_number":"F716501160240","name":"GREASE FITTING"},{"catalog_number":"F716501160230","name":"CNTRSNK CAPSCREW"},{"catalog_number":"F716501160220","name":"LIFT ARM"},{"catalog_number":"F716501160210","name":"LIFT ARM"},{"catalog_number":"F716501160200","name":"LOCKING SYSTEM"},{"catalog_number":"F716501160190","name":"BUSH"},{"catalog_number":"F716501160180","name":"DISC"},{"catalog_number":"F716501160170","name":"SPRING CLIP"},{"catalog_number":"F716501160160","name":"BOLT"},{"catalog_number":"F716501160150","name":"RETAINING PLATE"},{"catalog_number":"F716501160140","name":"BOLT"},{"catalog_number":"F716501160130","name":"ROD HEAD"},{"catalog_number":"F716501160120","name":"LIFTING PIPE"},{"catalog_number":"F716501160110","name":"BOLT"},{"catalog_number":"F716501160100","name":"LIFT ARM"},{"catalog_number":"F716501160090","name":"LIFT ARM"},{"catalog_number":"F716501160080","name":"BOLT"},{"catalog_number":"F716501160070","name":"BOLT"},{"catalog_number":"F716501160060","name":"HOOK"},{"catalog_number":"F716501160050","name":"BOLT"},{"catalog_number":"F716501160040","name":"GAS SPRING"},{"catalog_number":"F716501160030","name":"BOLT"},{"catalog_number":"F716501160020","name":"BRACKET"},{"catalog_number":"F716501160010","name":"BASE FRAME"},{"catalog_number":"F716501031030","name":"COLLAR NUT"},{"catalog_number":"F716501031010","name":"BRACKET"},{"catalog_number":"F716501030780","name":"BACK PART EXT."},{"catalog_number":"F716501030670","name":"SUPPLY CABLE"},{"catalog_number":"F716501030590","name":"POP RIVET"},{"catalog_number":"F716501030540","name":"BRACKET"},{"catalog_number":"F716501030530","name":"BUSH"},{"catalog_number":"F716501030240","name":"SEAT PLATE"},{"catalog_number":"F716501030220","name":"ARM REST"},{"catalog_number":"F716501030020","name":"SEAT CUSHION"},{"catalog_number":"F716501030010","name":"BACKREST CUSHION"},{"catalog_number":"F716500160920","name":"BOLT"},{"catalog_number":"F716500160590","name":"BOLT"},{"catalog_number":"F716500160560","name":"LIFT ARM"},{"catalog_number":"F716500160230","name":"LIFTING PIPE"},{"catalog_number":"F716500160210","name":"RETAINING PLATE"},{"catalog_number":"F716500160180","name":"BOLT"},{"catalog_number":"F716500160170","name":"BOLT"},{"catalog_number":"F716500160120","name":"ROD END CLEVIS"},{"catalog_number":"F716500160070","name":"LIFT ARM"},{"catalog_number":"F716500160060","name":"LIFT ARM"},{"catalog_number":"F716500160050","name":"CLEVIS"},{"catalog_number":"F716500160040","name":"SPRING"},{"catalog_number":"F716500160030","name":"BRACKET"},{"catalog_number":"F716500160020","name":"BRACKET"},{"catalog_number":"F716500160010","name":"BASE FRAME"},{"catalog_number":"F716400090010","name":"STEERING UNIT"},{"catalog_number":"F716301020020","name":"WHEEL BOLT"},{"catalog_number":"F716301020010","name":"RING"},{"catalog_number":"F716300120010","name":"GUIDE BUSH"},{"catalog_number":"F716300100050","name":"NUT"},{"catalog_number":"F716300100040","name":"AXIAL JOINT"},{"catalog_number":"F716300100020","name":"BALL JOINT"},{"catalog_number":"F716300100010","name":"BALL JOINT"},{"catalog_number":"F716300050060","name":"PLATE LINK"},{"catalog_number":"F716300050050","name":"CYLINDER ROD"},{"catalog_number":"F716300050040","name":"BOLT"},{"catalog_number":"F716300050030","name":"LOCKING WIRE"},{"catalog_number":"F716300020720","name":"SHAFT SEAL"},{"catalog_number":"F716300020710","name":"BEARING PIN"},{"catalog_number":"F716300020700","name":"LOCK PLATE"},{"catalog_number":"F716300020690","name":"SENSOR"},{"catalog_number":"F716300020680","name":"AXLE ARCH"},{"catalog_number":"F716300020670","name":"SHAFT SEAL"},{"catalog_number":"F716300020660","name":"STOP SCREW"},{"catalog_number":"F716300020630","name":"BEARING PIN"},{"catalog_number":"F716300020620","name":"BEARING PIN"},{"catalog_number":"F716300020610","name":"SHIM"},{"catalog_number":"F716300020580","name":"SHIM"},{"catalog_number":"F716300020560","name":"SHIM"},{"catalog_number":"F716300020550","name":"SHIM"},{"catalog_number":"F716300020540","name":"SHIM"},{"catalog_number":"F716300020530","name":"SHIM"},{"catalog_number":"F716300020520","name":"SHIM"},{"catalog_number":"F716300020510","name":"SHIM"},{"catalog_number":"F716300020500","name":"JOINTED HOUSING"},{"catalog_number":"F716300020490","name":"JOINTED HOUSING"},{"catalog_number":"F716300020480","name":"SCREENING PLATE"},{"catalog_number":"F716300020470","name":"JOINT YOKE"},{"catalog_number":"F716300020460","name":"JOINT YOKE"},{"catalog_number":"F716300020450","name":"CROSS JOINT"},{"catalog_number":"F716300020440","name":"CENTER PIECE"},{"catalog_number":"F716300020430","name":"DUPLEX HINGE"},{"catalog_number":"F716300020420","name":"CARRIER"},{"catalog_number":"F716300020410","name":"SUN GEAR SHAFT"},{"catalog_number":"F716300020390","name":"PISTON"},{"catalog_number":"F716300020370","name":"COVER"},{"catalog_number":"F716300020360","name":"GEAR PIVOT PIN"},{"catalog_number":"F716300020350","name":"DIFF SIDE GEAR"},{"catalog_number":"F716300020340","name":"DIFF SIDE GEAR"},{"catalog_number":"F716300020333","name":"SHIM"},{"catalog_number":"F716300020332","name":"DISC"},{"catalog_number":"F716300020331","name":"DISC"},{"catalog_number":"F716300020330","name":"SHIM"},{"catalog_number":"F716300020328","name":"DISC"},{"catalog_number":"F716300020327","name":"SHIM"},{"catalog_number":"F716300020326","name":"DISC"},{"catalog_number":"F716300020325","name":"DISC"},{"catalog_number":"F716300020324","name":"DISC"},{"catalog_number":"F716300020323","name":"DISC"},{"catalog_number":"F716300020317","name":"DISC"},{"catalog_number":"F716300020316","name":"DISC"},{"catalog_number":"F716300020313","name":"DISC"},{"catalog_number":"F716300020310","name":"DISC"},{"catalog_number":"F716300020300","name":"TENSIONING PIN"},{"catalog_number":"F716300020290","name":"TENSIONING PIN"},{"catalog_number":"F716300020280","name":"DIFF. CAGE"},{"catalog_number":"F716300020270","name":"SEAL RETAINER"},{"catalog_number":"F716300020260","name":"BUSH"},{"catalog_number":"F716300020250","name":"SLOT ROUND NUT"},{"catalog_number":"F716300020240","name":"ROLLER BEARING"},{"catalog_number":"F716300020238","name":"RING"},{"catalog_number":"F716300020237","name":"RING"},{"catalog_number":"F716300020232","name":"RING"},{"catalog_number":"F716300020231","name":"RING"},{"catalog_number":"F716300020229","name":"RING"},{"catalog_number":"F716300020228","name":"RING"},{"catalog_number":"F716300020226","name":"RING"},{"catalog_number":"F716300020225","name":"RING"},{"catalog_number":"F716300020224","name":"RING"},{"catalog_number":"F716300020223","name":"RING"},{"catalog_number":"F716300020222","name":"RING"},{"catalog_number":"F716300020221","name":"RING"},{"catalog_number":"F716300020220","name":"RING"},{"catalog_number":"F716300020219","name":"RING"},{"catalog_number":"F716300020218","name":"RING"},{"catalog_number":"F716300020217","name":"RING"},{"catalog_number":"F716300020216","name":"RING"},{"catalog_number":"F716300020215","name":"RING"},{"catalog_number":"F716300020214","name":"RING"},{"catalog_number":"F716300020213","name":"RING"},{"catalog_number":"F716300020212","name":"RING"},{"catalog_number":"F716300020211","name":"RING"},{"catalog_number":"F716300020210","name":"RING"},{"catalog_number":"F716300020209","name":"RING"},{"catalog_number":"F716300020208","name":"RING"},{"catalog_number":"F716300020207","name":"RING"},{"catalog_number":"F716300020206","name":"RING"},{"catalog_number":"F716300020205","name":"RING"},{"catalog_number":"F716300020204","name":"RING"},{"catalog_number":"F716300020203","name":"RING"},{"catalog_number":"F716300020202","name":"RING"},{"catalog_number":"F716300020201","name":"RING"},{"catalog_number":"F716300020200","name":"RING"},{"catalog_number":"F716300020199","name":"RING"},{"catalog_number":"F716300020198","name":"RING"},{"catalog_number":"F716300020197","name":"RING"},{"catalog_number":"F716300020196","name":"RING"},{"catalog_number":"F716300020195","name":"RING"},{"catalog_number":"F716300020194","name":"RING"},{"catalog_number":"F716300020193","name":"RING"},{"catalog_number":"F716300020192","name":"RING"},{"catalog_number":"F716300020191","name":"RING"},{"catalog_number":"F716300020190","name":"RING"},{"catalog_number":"F716300020180","name":"ROLLER BEARING"},{"catalog_number":"F716300020173","name":"DISC"},{"catalog_number":"F716300020172","name":"DISC"},{"catalog_number":"F716300020170","name":"DISC"},{"catalog_number":"F716300020169","name":"DISC"},{"catalog_number":"F716300020168","name":"DISC"},{"catalog_number":"F716300020167","name":"DISC"},{"catalog_number":"F716300020166","name":"DISC"},{"catalog_number":"F716300020165","name":"DISC"},{"catalog_number":"F716300020164","name":"DISC"},{"catalog_number":"F716300020163","name":"DISC"},{"catalog_number":"F716300020162","name":"DISC"},{"catalog_number":"F716300020161","name":"DISC"},{"catalog_number":"F716300020160","name":"DISC"},{"catalog_number":"F716300020150","name":"KIT, BEVEL GEAR"},{"catalog_number":"F716300020130","name":"BUSH"},{"catalog_number":"F716300020120","name":"BUSH"},{"catalog_number":"F716300020110","name":"CONNECTOR"},{"catalog_number":"F716300020090","name":"AXLE ARCH"},{"catalog_number":"F716300020080","name":"AXLE ARCH"},{"catalog_number":"F716300020070","name":"BREATHER"},{"catalog_number":"F716300020060","name":"SHAFT SEAL"},{"catalog_number":"F716300020050","name":"SHAFT LIP SEAL"},{"catalog_number":"F716300020040","name":"SHAFT LIP SEAL"},{"catalog_number":"F716300020030","name":"O-RING"},{"catalog_number":"F716300020020","name":"O-RING"},{"catalog_number":"F716300020010","name":"O-RING"},{"catalog_number":"F716203710190","name":"DISC"},{"catalog_number":"F716203710180","name":"DISC"},{"catalog_number":"F716203710170","name":"DISC"},{"catalog_number":"F716203710160","name":"DISC"},{"catalog_number":"F716203710150","name":"DISC"},{"catalog_number":"F716203710140","name":"DISC"},{"catalog_number":"F716203710130","name":"DISC"},{"catalog_number":"F716203710120","name":"DISC"},{"catalog_number":"F716203710110","name":"DISC"},{"catalog_number":"F716203710100","name":"DISC"},{"catalog_number":"F716203710080","name":"DISC"},{"catalog_number":"F716203710070","name":"DISC"},{"catalog_number":"F716203710060","name":"DISC"},{"catalog_number":"F716203710050","name":"DISC"},{"catalog_number":"F716203710020","name":"DISC"},{"catalog_number":"F716203510030","name":"OIL COOLER HSG"},{"catalog_number":"F716203210010","name":"CONN. HSG"},{"catalog_number":"F716201710470","name":"PISTON"},{"catalog_number":"F716201710450","name":"FUEL LINE"},{"catalog_number":"F716201710430","name":"HEX HEAD BOLT"},{"catalog_number":"F716201710420","name":"DISTANCE BUSHING"},{"catalog_number":"F716201710410","name":"SPILL LINE"},{"catalog_number":"F716201710400","name":"WASHER HEAD BOLT"},{"catalog_number":"F716201710370","name":"NOZZLE"},{"catalog_number":"F716201710360","name":"INJECTOR"},{"catalog_number":"F716201710340","name":"COMPRESS. SPRING"},{"catalog_number":"F716201710330","name":"PRESSURE BOLT"},{"catalog_number":"F716201710320","name":"SHIM DISC"},{"catalog_number":"F716201710310","name":"NOZZLE CLAMP NUT"},{"catalog_number":"F716201710300","name":"COVER"},{"catalog_number":"F716201710270","name":"RING"},{"catalog_number":"F716201710260","name":"RING"},{"catalog_number":"F716201710230","name":"BUSH"},{"catalog_number":"F716201710220","name":"RETAINER"},{"catalog_number":"F716201710200","name":"RING FITTING"},{"catalog_number":"F716201710190","name":"RING FITTING"},{"catalog_number":"F716201710180","name":"SEALING WASHER"},{"catalog_number":"F716201710170","name":"RETAINING STRAP"},{"catalog_number":"F716201710160","name":"CLAW"},{"catalog_number":"F716201710140","name":"DISC"},{"catalog_number":"F716201710130","name":"DISC"},{"catalog_number":"F716201710120","name":"DISC"},{"catalog_number":"F716201710110","name":"INJECTION PUMP"},{"catalog_number":"F716201710100","name":"TUBING"},{"catalog_number":"F716201710090","name":"BUSH"},{"catalog_number":"F716201710050","name":"LOCK SCREW"},{"catalog_number":"F716201710040","name":"LOCK SCREW"},{"catalog_number":"F716201710030","name":"CONSOLE"},{"catalog_number":"F716201710010","name":"ADJUSTMENT ROD"},{"catalog_number":"F716201610040","name":"SAFE.LOCK AGENT"},{"catalog_number":"F716201610020","name":"INTERM. PIECE"},{"catalog_number":"F716201610010","name":"SEAL"},{"catalog_number":"F716201510250","name":"OIL PAN"},{"catalog_number":"F716201510230","name":"FILLER LOCK"},{"catalog_number":"F716201510220","name":"SEAL"},{"catalog_number":"F716201510200","name":"INTERM. PIECE"},{"catalog_number":"F716201510190","name":"RADIATOR TANK"},{"catalog_number":"F716201510180","name":"SEAL"},{"catalog_number":"F716201510170","name":"SEAL"},{"catalog_number":"F716201510160","name":"HEX HEAD BOLT"},{"catalog_number":"F716201510150","name":"HEX HEAD BOLT"},{"catalog_number":"F716201510140","name":"HOUSING COVER"},{"catalog_number":"F716201510130","name":"PROFILE SEAL"},{"catalog_number":"F716201510120","name":"SEAL"},{"catalog_number":"F716201510110","name":"SEAL"},{"catalog_number":"F716201510100","name":"PROFILE SEAL"},{"catalog_number":"F716201510090","name":"BLANK FLANGE"},{"catalog_number":"F716201510080","name":"SEALING WASHER"},{"catalog_number":"F716201510060","name":"FILLER LOCK"},{"catalog_number":"F716201510030","name":"SUCTION PIPE"},{"catalog_number":"F716201510020","name":"SEAL"},{"catalog_number":"F716201410190","name":"BUMPER"},{"catalog_number":"F716201410180","name":"ROCKER SHAFT"},{"catalog_number":"F716201410170","name":"ROCKER SHAFT"},{"catalog_number":"F716201410160","name":"CONNECTING PIECE"},{"catalog_number":"F716201410140","name":"CAMSHAFT"},{"catalog_number":"F716201410130","name":"BUMPER"},{"catalog_number":"F716201410120","name":"BUMPER"},{"catalog_number":"F716201410110","name":"TAPPET"},{"catalog_number":"F716201410100","name":"SEAL"},{"catalog_number":"F716201410080","name":"BALL PIN"},{"catalog_number":"F716201410070","name":"NUT"},{"catalog_number":"F716201410060","name":"ADJUSTING SCREW"},{"catalog_number":"F716201410050","name":"ROCKER ARM"},{"catalog_number":"F716201410040","name":"ROCKER ARM"},{"catalog_number":"F716201410030","name":"ROCKER SHAFT"},{"catalog_number":"F716201410010","name":"ROCKER ARM HSG"},{"catalog_number":"F716201310260","name":"CONN. ROD BRG."},{"catalog_number":"F716201310250","name":"CONN. ROD BRG."},{"catalog_number":"F716201310220","name":"THRUST WASHER"},{"catalog_number":"F716201310210","name":"THRUST WASHER"},{"catalog_number":"F716201310170","name":"V BELT SHEAVE"},{"catalog_number":"F716201310160","name":"HEX HEAD BOLT"},{"catalog_number":"F716201310150","name":"FLYWHEEL"},{"catalog_number":"F716201310110","name":"CONN. ROD BRG."},{"catalog_number":"F716201310100","name":"THRUST WASHER"},{"catalog_number":"F716201310090","name":"BEARING"},{"catalog_number":"F716201310080","name":"CONN. ROD BRG."},{"catalog_number":"F716201310070","name":"THRUST WASHER"},{"catalog_number":"F716201310060","name":"BEARING"},{"catalog_number":"F716201310040","name":"THREADED INSERT"},{"catalog_number":"F716201310010","name":"PISTON"},{"catalog_number":"F716201260030","name":"ENGINE STOP"},{"catalog_number":"F716201210730","name":"SUSPENSION EYE"},{"catalog_number":"F716201210720","name":"SEAL KIT"},{"catalog_number":"F716201210710","name":"SEAL KIT"},{"catalog_number":"F716201210700","name":"HEAD GASKET"},{"catalog_number":"F716201210690","name":"HEAD GASKET"},{"catalog_number":"F716201210680","name":"HEAD GASKET"},{"catalog_number":"F716201210660","name":"OUTLET VALVE"},{"catalog_number":"F716201210640","name":"CYLINDER HEAD"},{"catalog_number":"F716201210630","name":"PIPE CLAMP"},{"catalog_number":"F716201210620","name":"BREATHER LINE"},{"catalog_number":"F716201210610","name":"LOCK VALVE"},{"catalog_number":"F716201210600","name":"THIMBLE"},{"catalog_number":"F716201210590","name":"HEX HEAD BOLT"},{"catalog_number":"F716201210580","name":"FILTER ELEMENT"},{"catalog_number":"F716201210550","name":"HEAD GASKET"},{"catalog_number":"F716201210540","name":"HEAD GASKET"},{"catalog_number":"F716201210500","name":"SEAL"},{"catalog_number":"F716201210480","name":"SEAL KIT"},{"catalog_number":"F716201210440","name":"SCREW"},{"catalog_number":"F716201210430","name":"SEAL"},{"catalog_number":"F716201210420","name":"FILTER ELEMENT"},{"catalog_number":"F716201210410","name":"MOLDED SEAL"},{"catalog_number":"F716201210400","name":"SHAFT SEAL"},{"catalog_number":"F716201210350","name":"CAPSCREW"},{"catalog_number":"F716201210340","name":"CAPSCREW"},{"catalog_number":"F716201210330","name":"VALVE SEAT RING"},{"catalog_number":"F716201210310","name":"INTAKE VALVE"},{"catalog_number":"F716201210300","name":"VALVE SEAT RING"},{"catalog_number":"F716201210290","name":"VALVE GUIDE"},{"catalog_number":"F716201210270","name":"VALVE SPRING"},{"catalog_number":"F716201210260","name":"SPRING RETAINER"},{"catalog_number":"F716201210250","name":"VALVE SPRING"},{"catalog_number":"F716201210240","name":"SHAFT SEAL"},{"catalog_number":"F716201210210","name":"CORE HOLE PLUG"},{"catalog_number":"F716201210200","name":"VALVE COVER"},{"catalog_number":"F716201210190","name":"FASTENING SCREW"},{"catalog_number":"F716201210180","name":"NOZZLE"},{"catalog_number":"F716201210170","name":"SUSPENSION EYE"},{"catalog_number":"F716201210160","name":"COVER"},{"catalog_number":"F716201210140","name":"RBR.-JACKET CORD"},{"catalog_number":"F716201210130","name":"BREATHER PIPE"},{"catalog_number":"F716201210090","name":"SEAL"},{"catalog_number":"F716201210070","name":"COOLING JET"},{"catalog_number":"F716201210060","name":"BEARING BUSHING"},{"catalog_number":"F716201210050","name":"BEARING BUSHING"},{"catalog_number":"F716201210040","name":"CYLINDER LINER"},{"catalog_number":"F716201210030","name":"HEX HEAD BOLT"},{"catalog_number":"F716201210010","name":"PLUG"},{"catalog_number":"F716201180060","name":"FLAME GLOW PLUG"},{"catalog_number":"F716201180050","name":"SCREW NECK"},{"catalog_number":"F716201180040","name":"FUEL LINE"},{"catalog_number":"F716201180030","name":"RETAINER"},{"catalog_number":"F716201180020","name":"FUEL LINE"},{"catalog_number":"F716201180010","name":"DOUBLE BOLT"},{"catalog_number":"F716201100080","name":"HEX HEAD BOLT"},{"catalog_number":"F716201100070","name":"SEAL"},{"catalog_number":"F716201100060","name":"SEAL"},{"catalog_number":"F716201100050","name":"HEX HEAD BOLT"},{"catalog_number":"F716201100030","name":"EXHAUST PIPE"},{"catalog_number":"F716201100020","name":"SEAL"},{"catalog_number":"F716201100010","name":"SEAL"},{"catalog_number":"F716201090090","name":"RETURN LINE"},{"catalog_number":"F716201090080","name":"LUBE OIL LINE"},{"catalog_number":"F716201090050","name":"EXH. TURBOCHARGE"}]}