{"machinery_brand_name":"Ag-Chem","parts":[{"catalog_number":"F934201090210","name":"RING HOSE NIPPLE"},{"catalog_number":"F934201090200","name":"RETURN LINE"},{"catalog_number":"F934201090190","name":"COMPENSATOR"},{"catalog_number":"F934201090181","name":"HOSE"},{"catalog_number":"F934201090170","name":"SEALING WASHER"},{"catalog_number":"F934201090160","name":"GASKETS"},{"catalog_number":"F934201090120","name":"STUD BOLT"},{"catalog_number":"F934201090110","name":"SLEEVE"},{"catalog_number":"F934201090100","name":"SEAL"},{"catalog_number":"F934201090090","name":"COMPENSATOR"},{"catalog_number":"F934201090080","name":"DISC"},{"catalog_number":"F934201090050","name":"LUBE OIL LINE"},{"catalog_number":"F934201090040","name":"EXH. TURBOCHARGE"},{"catalog_number":"F934201090030","name":"HEX HEAD BOLT"},{"catalog_number":"F934201090020","name":"SEAL"},{"catalog_number":"F934201060220","name":"RETAINER"},{"catalog_number":"F934201060210","name":"FUEL LINE"},{"catalog_number":"F934201060200","name":"FUEL LINE"},{"catalog_number":"F934201060180","name":"PIPE CLAMP"},{"catalog_number":"F934201060170","name":"FUEL LINE"},{"catalog_number":"F934201060160","name":"FUEL PUMP"},{"catalog_number":"F934201060140","name":"FUEL LINE"},{"catalog_number":"F934201060120","name":"FUEL LINE"},{"catalog_number":"F934201060100","name":"FUEL LINE"},{"catalog_number":"F934201060070","name":"FUEL LINE"},{"catalog_number":"F934201060060","name":"FUEL LINE"},{"catalog_number":"F934201060030","name":"SEAL"},{"catalog_number":"F934201060010","name":"FILTER BOX"},{"catalog_number":"F934201050040","name":"HOSE CLIP"},{"catalog_number":"F934201050030","name":"NOZZLE"},{"catalog_number":"F934201050020","name":"COOLANT LINE"},{"catalog_number":"F934201050010","name":"THIMBLE"},{"catalog_number":"F934201040290","name":"REPAIR KIT"},{"catalog_number":"F934201040280","name":"TENSION ROLLER"},{"catalog_number":"F934201040270","name":"TENSION ROLLER"},{"catalog_number":"F934201040250","name":"REPAIR KIT"},{"catalog_number":"F934201040240","name":"TENSION ROLLER"},{"catalog_number":"F934201040230","name":"REPAIR KIT"},{"catalog_number":"F934201040200","name":"IDLER PULLEY"},{"catalog_number":"F934201040190","name":"HEX HEAD BOLT"},{"catalog_number":"F934201040180","name":"SCREW"},{"catalog_number":"F934201040170","name":"SLEEVE SHAFT"},{"catalog_number":"F934201040160","name":"BEARING"},{"catalog_number":"F934201040150","name":"DISC"},{"catalog_number":"F934201040140","name":"DISC"},{"catalog_number":"F934201040120","name":"V BELT SHEAVE"},{"catalog_number":"F934201040090","name":"BALL BEARING"},{"catalog_number":"F934201040080","name":"RETNG SHT METAL"},{"catalog_number":"F934201040060","name":"CONSOLE"},{"catalog_number":"F934201040050","name":"HEX HEAD BOLT"},{"catalog_number":"F934201040040","name":"IDLER PULLEY"},{"catalog_number":"F934201040020","name":"SERPENTINE BELT"},{"catalog_number":"F934201040010","name":"SERPENTINE BELT"},{"catalog_number":"F931970220030","name":"KEY CASE"},{"catalog_number":"F931970220020","name":"RELAY"},{"catalog_number":"F931970160150","name":"OPERATING ELEMNT"},{"catalog_number":"F931970160130","name":"OPERATING ELEMNT"},{"catalog_number":"F931970160101","name":"OPERATING ELEMNT"},{"catalog_number":"F931970160090","name":"COMFORT MODULE"},{"catalog_number":"F931970160080","name":"COMFORT MODULE"},{"catalog_number":"F931970160071","name":"COMFORT MODULE"},{"catalog_number":"F931970160052","name":"COMFORT MODULE"},{"catalog_number":"F931970160051","name":"COMFORT MODULE"},{"catalog_number":"F931970160042","name":"COMFORT MODULE"},{"catalog_number":"F931970160041","name":"COMFORT MODULE"},{"catalog_number":"F931970160020","name":"SHIFT LEVER"},{"catalog_number":"F931970160011","name":"SHIFT LEVER"},{"catalog_number":"F931970010020","name":"KIT"},{"catalog_number":"F931970010010","name":"KIT"},{"catalog_number":"F931962031107","name":"CONTROL VALVE"},{"catalog_number":"F931962031040","name":"PARTS KIT"},{"catalog_number":"F931962030150","name":"PARTS KIT"},{"catalog_number":"F931962030110","name":"SEAL KIT"},{"catalog_number":"F931962030107","name":"CONTROL VALVE"},{"catalog_number":"F931962030090","name":"PARTS KIT"},{"catalog_number":"F931962030070","name":"SEAL KIT"},{"catalog_number":"F931962030060","name":"SEAL KIT"},{"catalog_number":"F931962030050","name":"PARTS KIT"},{"catalog_number":"F931962030010","name":"CHANGE VALVE"},{"catalog_number":"F931962026108","name":"DIRECTIONAL VALV"},{"catalog_number":"F931962026010","name":"PRESS RLF VALVE"},{"catalog_number":"F716201090040","name":"SEAL"},{"catalog_number":"F716201090030","name":"FASTENING SCREW"},{"catalog_number":"F716201090020","name":"LOAD AIR LINE"},{"catalog_number":"F716201090010","name":"FLOOR"},{"catalog_number":"F716201060110","name":"COVER"},{"catalog_number":"F716201060100","name":"RETAINER"},{"catalog_number":"F716201060090","name":"HAND PUMP"},{"catalog_number":"F716201060080","name":"SEAL"},{"catalog_number":"F716201060070","name":"FILTER BOX"},{"catalog_number":"F716201060060","name":"CLIP HALF"},{"catalog_number":"F716201060050","name":"CLIP HALF"},{"catalog_number":"F716201060040","name":"PIPE CLAMP"},{"catalog_number":"F716201060030","name":"HEX HEAD BOLT"},{"catalog_number":"F716201060020","name":"FUEL LINE"},{"catalog_number":"F716201060010","name":"FUEL FILTER"},{"catalog_number":"F716201050030","name":"SEAL"},{"catalog_number":"F716201050020","name":"OUTLET STUD"},{"catalog_number":"F716201040130","name":"DISC"},{"catalog_number":"F716201040120","name":"HEX HEAD BOLT"},{"catalog_number":"F716201040090","name":"REPAIR KIT"},{"catalog_number":"F716201040070","name":"COVER"},{"catalog_number":"F716201040060","name":"IDLER PULLEY"},{"catalog_number":"F716201040050","name":"V BELT SHEAVE"},{"catalog_number":"F716201040040","name":"DISC"},{"catalog_number":"F716201040030","name":"SLEEVE SHAFT"},{"catalog_number":"F716201020110","name":"BOWDEN CABLE"},{"catalog_number":"F716201020100","name":"BOWDEN CABLE"},{"catalog_number":"F716201010040","name":"COVER PANEL"},{"catalog_number":"F716201010030","name":"BUSH"},{"catalog_number":"F716201010010","name":"TORX SCREW"},{"catalog_number":"F716200710130","name":"LOCK WASHER"},{"catalog_number":"F716200710110","name":"CASTER"},{"catalog_number":"F716200710060","name":"SEALING WASHER"},{"catalog_number":"F716200710050","name":"O-RING"},{"catalog_number":"F716200710040","name":"NOZZLE"},{"catalog_number":"F716200710030","name":"INJECTOR"},{"catalog_number":"F716200710020","name":"REGULATOR"},{"catalog_number":"F716200710010","name":"FUEL PUMP"},{"catalog_number":"F716200510020","name":"OIL FILTER"},{"catalog_number":"F716200410010","name":"LOCKING PLUG"},{"catalog_number":"F716200210010","name":"SEAL"},{"catalog_number":"F716200060030","name":"RUBBER SEAL RING"},{"catalog_number":"F716200040020","name":"V-BELT"},{"catalog_number":"F716200010010","name":"CONN. HSG"},{"catalog_number":"F716150200110","name":"SEAL KIT"},{"catalog_number":"F716150200100","name":"SEAL KIT"},{"catalog_number":"F716150200080","name":"TORX SCREW"},{"catalog_number":"F716150200070","name":"PISTON"},{"catalog_number":"F716150200060","name":"SCREW"},{"catalog_number":"F716150200050","name":"SOCKET HEAD BOLT"},{"catalog_number":"F716150200040","name":"SOCKET HEAD BOLT"},{"catalog_number":"F716150200030","name":"SEALING WASHER"},{"catalog_number":"F716150200020","name":"COMPRESS. SPRING"},{"catalog_number":"F716150200010","name":"O-RING"},{"catalog_number":"F716150120010","name":"BOWDEN CABLE"},{"catalog_number":"F716100600070","name":"O-RING"},{"catalog_number":"F716100600060","name":"O-RING"},{"catalog_number":"F716100600050","name":"SUPPORTING RING"},{"catalog_number":"F716100600030","name":"CHAIN"},{"catalog_number":"F716100600020","name":"HAIR COTTER PIN"},{"catalog_number":"F716100600010","name":"LEVER ROD"},{"catalog_number":"F716100490130","name":"WHEEL PUMP"},{"catalog_number":"F716100490060","name":"WHEEL PUMP"},{"catalog_number":"F716100490040","name":"SOCKET HEAD BOLT"},{"catalog_number":"F716100490010","name":"WHEEL PUMP"},{"catalog_number":"F712870051130","name":"CYLINDER ROD"},{"catalog_number":"F712870051110","name":"GUIDE BUSH"},{"catalog_number":"F712870051080","name":"OPENING LEVER"},{"catalog_number":"F712870051070","name":"CYLINDER ROD"},{"catalog_number":"F712870051060","name":"CYLINDER COVER"},{"catalog_number":"F712870051050","name":"SEAL KIT"},{"catalog_number":"F712870051040","name":"PISTON SEAL"},{"catalog_number":"F712870051030","name":"PISTON"},{"catalog_number":"F712870051010","name":"RETAINER"},{"catalog_number":"F712301020250","name":"CARRIER"},{"catalog_number":"F712301020210","name":"DISC"},{"catalog_number":"F712301020200","name":"DISC"},{"catalog_number":"F712301020180","name":"AXLE ARCH"},{"catalog_number":"F712301020150","name":"HOUSING"},{"catalog_number":"F712301020140","name":"TAPER ROLLER BRG"},{"catalog_number":"F712301020100","name":"STUB SHAFT"},{"catalog_number":"F712301020070","name":"SHAFT"},{"catalog_number":"F712301020060","name":"BEARING PIN"},{"catalog_number":"F712301020040","name":"JOINTED SHAFT"},{"catalog_number":"F712301020010","name":"BEVEL GEAR"},{"catalog_number":"F712300020130","name":"BEARING PIN"},{"catalog_number":"F712300020120","name":"LOCK PLATE"},{"catalog_number":"F712300020110","name":"SENSOR"},{"catalog_number":"F712300020100","name":"AXLE ARCH"},{"catalog_number":"F712300020090","name":"JOINT YOKE"},{"catalog_number":"F712300020080","name":"CROSS JOINT"},{"catalog_number":"F712300020070","name":"DUPLEX HINGE"},{"catalog_number":"F712300020060","name":"JOINTED HOUSING"},{"catalog_number":"F712300020050","name":"JOINTED HOUSING"},{"catalog_number":"F712300020040","name":"AXLE ARCH"},{"catalog_number":"F712300020030","name":"AXLE ARCH"},{"catalog_number":"F712300020020","name":"KIT, BEVEL GEAR"},{"catalog_number":"F712201710290","name":"SPACER"},{"catalog_number":"F712201210060","name":"COVER PLUG"},{"catalog_number":"F712201210050","name":"COVER STRIP"},{"catalog_number":"F712201210040","name":"COVER STRIP"},{"catalog_number":"F712201210030","name":"FASTENING SCREW"},{"catalog_number":"F712201210020","name":"SEAL"},{"catalog_number":"F712201210010","name":"VALVE COVER"},{"catalog_number":"F712201180010","name":"FUEL LINE"},{"catalog_number":"F712201090060","name":"EXH. TURBOCHARGE"},{"catalog_number":"F712201090050","name":"CHARGE AIR ELBOW"},{"catalog_number":"F712201090040","name":"SEAL"},{"catalog_number":"F712201090030","name":"LOAD AIR LINE"},{"catalog_number":"F712201090020","name":"INTERM. PIECE"},{"catalog_number":"F712201090010","name":"SEAL"},{"catalog_number":"F652201052020","name":"SWITCH"},{"catalog_number":"F530871509050","name":"SCREW"},{"catalog_number":"F530871509030","name":"ROD END CLEVIS"},{"catalog_number":"F530871509020","name":"SECURING PLATE"},{"catalog_number":"F530871509010","name":"RELEASE LEVER"},{"catalog_number":"F530811330360","name":"HANDLE"},{"catalog_number":"F530811330350","name":"SEAT CUSHION"},{"catalog_number":"F530811330340","name":"SEAT CUSHION"},{"catalog_number":"F530811330330","name":"BACKREST CUSHION"},{"catalog_number":"F530811330320","name":"SEAT CUSHION"},{"catalog_number":"F530811330300","name":"SEAT CUSHION"},{"catalog_number":"F530811330290","name":"BACKREST CUSHION"},{"catalog_number":"F530811330230","name":"SEAT CUSHION"},{"catalog_number":"F530811330220","name":"BACKREST CUSHION"},{"catalog_number":"F530811150030","name":"DISCONN. POINT"},{"catalog_number":"F530200710710","name":"COVER GASKET"},{"catalog_number":"F530200710700","name":"BLANKING COVER"},{"catalog_number":"F524960720060","name":"RETAINER CAP"},{"catalog_number":"F524960720050","name":"CABLE KIT"},{"catalog_number":"F524960720040","name":"CONSOLE"},{"catalog_number":"F524960720030","name":"TOGGLE SWITCH"},{"catalog_number":"F524960720020","name":"HANDLE"},{"catalog_number":"F524960720010","name":"MUSHROOM HANDLE"},{"catalog_number":"F524900060060","name":"STARTER"},{"catalog_number":"F524900060040","name":"PINION"},{"catalog_number":"F524900060030","name":"STARTER SOLENOID"},{"catalog_number":"F524900060020","name":"INTERM. FLANGE"},{"catalog_number":"F524900010120","name":"CAPACITOR"},{"catalog_number":"F524900010110","name":"PARTS KIT"},{"catalog_number":"F524900010100","name":"PARTS KIT"},{"catalog_number":"F524900010090","name":"FIELD GOVERNOR"},{"catalog_number":"F524900010080","name":"BUSH"},{"catalog_number":"F524900010070","name":"RETAINER"},{"catalog_number":"F524900010060","name":"V BELT SHEAVE"},{"catalog_number":"F524900010050","name":"FAN"},{"catalog_number":"F524900010040","name":"ALTERNATOR"},{"catalog_number":"F524900010030","name":"SPACER"},{"catalog_number":"F524900010020","name":"ALTERNATOR MOUNT"},{"catalog_number":"F524900010010","name":"V BELT SHEAVE"},{"catalog_number":"F524893580160","name":"LABEL"},{"catalog_number":"F524893580150","name":"LEVER"},{"catalog_number":"F524893580140","name":"SCREW"},{"catalog_number":"F524893580110","name":"SEALING WASHER"},{"catalog_number":"F524893580090","name":"COUPLER PLUG"},{"catalog_number":"F524893580050","name":"COUPLER FITTING"},{"catalog_number":"F524893580020","name":"SHUTTER"},{"catalog_number":"F524893570030","name":"PISTON"},{"catalog_number":"F524893570010","name":"CYLINDER ROD"},{"catalog_number":"F524893060070","name":"LOCKWASHER"},{"catalog_number":"F524893060050","name":"BOLT"},{"catalog_number":"F524893060040","name":"THREADED PIECE"},{"catalog_number":"F524893060030","name":"PISTON"},{"catalog_number":"F524893060020","name":"BEARING BUSHING"},{"catalog_number":"F524893060010","name":"CYLINDER ROD"},{"catalog_number":"F524880010200","name":"MANIFOLD PASSAGE"},{"catalog_number":"F524880010190","name":"SEAL"},{"catalog_number":"F524880010180","name":"SEAL"},{"catalog_number":"F524880010170","name":"SEALING RINGS"},{"catalog_number":"F524880010160","name":"SEAL"},{"catalog_number":"F524880010150","name":"SEAL"},{"catalog_number":"F524880010140","name":"OIL RETURN LINE"},{"catalog_number":"F524880010130","name":"HOSE"},{"catalog_number":"F524880010120","name":"OIL RETURN LINE"},{"catalog_number":"F524880010110","name":"OIL PRESS. LINE"},{"catalog_number":"F524880010090","name":"PIPE CLAMP"},{"catalog_number":"F524880010080","name":"SUCTION LINE"},{"catalog_number":"F524880010060","name":"MANIFOLD PASSAGE"},{"catalog_number":"F524880010050","name":"DISTANCE BUSHING"},{"catalog_number":"F524880010040","name":"RETAINER"},{"catalog_number":"F524880010030","name":"BRACKET"},{"catalog_number":"F524880010020","name":"V BELT SHEAVE"},{"catalog_number":"F524880010010","name":"AIR PRESSER"},{"catalog_number":"F524810131150","name":"O-RING"},{"catalog_number":"F524810131140","name":"O-RING"},{"catalog_number":"F524810131130","name":"WIRE HARNESS"},{"catalog_number":"F524810131120","name":"RETAINER"},{"catalog_number":"F524810131110","name":"FLAME SENSOR"},{"catalog_number":"F524810131100","name":"CAP"},{"catalog_number":"F524810131090","name":"HARNESS"},{"catalog_number":"F524810131080","name":"GLOW PLUG"},{"catalog_number":"F524810131070","name":"TEMP TRANSMITTER"},{"catalog_number":"F524810131060","name":"OVERHEAT SWITCH"},{"catalog_number":"F524810131050","name":"RESISTOR"},{"catalog_number":"F524810131040","name":"CAP"},{"catalog_number":"F524810131030","name":"ENGINE BONNET"},{"catalog_number":"F524810131020","name":"CONSOLE"},{"catalog_number":"F524810131010","name":"WATER PUMP"},{"catalog_number":"F524810030010","name":"SNAP FASTEN HNDL"},{"catalog_number":"F524550060100","name":"CONDENSER"},{"catalog_number":"F524500451020","name":"SCREW NECK"},{"catalog_number":"F524500451010","name":"SEAL KIT"},{"catalog_number":"F524500450020","name":"SEAL KIT"},{"catalog_number":"F524500420010","name":"BUFFER"},{"catalog_number":"F524500160080","name":"PTO PROTECTION"},{"catalog_number":"F524500160070","name":"DISC"},{"catalog_number":"F524500160060","name":"LIFTING PIPE"},{"catalog_number":"F524500160030","name":"DISC"},{"catalog_number":"F524500160020","name":"BOLT"},{"catalog_number":"F524500160010","name":"BASE FRAME"},{"catalog_number":"F524500033170","name":"SWING ARM"},{"catalog_number":"F524500033140","name":"BACKREST CUSHION"},{"catalog_number":"F524500033130","name":"SEAT CUSHION"},{"catalog_number":"F524500033120","name":"COVER"},{"catalog_number":"F524500033110","name":"COVER"},{"catalog_number":"F524500033040","name":"SEAT PLATE"},{"catalog_number":"F524500033030","name":"ADJ. SPINDLE"},{"catalog_number":"F524500033020","name":"LUMBAR SUPPORT"},{"catalog_number":"F524500033010","name":"BACK PART"},{"catalog_number":"F524500032210","name":"DAMPER"},{"catalog_number":"F524500032200","name":"NUT"},{"catalog_number":"F524500032190","name":"BUSH"},{"catalog_number":"F524500032180","name":"STAR KNOB"},{"catalog_number":"F524500032170","name":"LUMBAR SUPPORT"},{"catalog_number":"F524500032160","name":"ARM REST"},{"catalog_number":"F524500032150","name":"ARM REST"},{"catalog_number":"F524500032140","name":"SEAT CUSHION"},{"catalog_number":"F524500032130","name":"BACKREST CUSHION"},{"catalog_number":"F524500032120","name":"ADJ. SPINDLE"},{"catalog_number":"F524500032110","name":"BUFFER"},{"catalog_number":"F524500032090","name":"COVER"},{"catalog_number":"F524500032080","name":"SPRING BEARING"},{"catalog_number":"F524500032070","name":"BOLT"},{"catalog_number":"F524500032060","name":"SWING ARM"},{"catalog_number":"F524500032050","name":"DRIVER"},{"catalog_number":"F524500032030","name":"BACK PART"},{"catalog_number":"F524500032020","name":"SEAT CUSHION"},{"catalog_number":"F524500032010","name":"BACKREST CUSHION"},{"catalog_number":"F524300100110","name":"BALL JOINT"},{"catalog_number":"F524300100100","name":"BALL JOINT"},{"catalog_number":"F524300100070","name":"AXIAL JOINT"},{"catalog_number":"F524300100040","name":"SEALING CUP"},{"catalog_number":"F524300100020","name":"CASTLE NUT"},{"catalog_number":"F524300050020","name":"CYLINDER BARREL"},{"catalog_number":"F524300050010","name":"CYLINDER ROD"},{"catalog_number":"F524300020030","name":"PISTON"},{"catalog_number":"F524300020020","name":"STUB SHAFT"},{"catalog_number":"F524300020010","name":"STUB SHAFT"},{"catalog_number":"F524200900010","name":"OIL COOLER INSRT"},{"catalog_number":"F524200710240","name":"SPRING RETAINER"},{"catalog_number":"F524200710230","name":"DRAFT ROD"},{"catalog_number":"F524200710220","name":"INJECTION PUMP"},{"catalog_number":"F524200710210","name":"SOLENOID"},{"catalog_number":"F524200710200","name":"JACK"},{"catalog_number":"F524200710190","name":"MOUNTING FLANGE"},{"catalog_number":"F524200710170","name":"PIPE CLAMP"},{"catalog_number":"F524200710160","name":"INJECTION LINE"},{"catalog_number":"F524200710150","name":"CLAMP"},{"catalog_number":"F524200710140","name":"INJECTION LINE"},{"catalog_number":"F524200710120","name":"THERMO SWITCH"},{"catalog_number":"F524200710110","name":"STARTING AID"},{"catalog_number":"F524200710100","name":"REGULATOR ROD"},{"catalog_number":"F524200710090","name":"BOLT"},{"catalog_number":"F524200710080","name":"CLEVIS"},{"catalog_number":"F524200710070","name":"AIR LINE"},{"catalog_number":"F524200710050","name":"INJECTION PUMP"},{"catalog_number":"F524200610070","name":"COVER"},{"catalog_number":"F524200610050","name":"V BELT SHEAVE"},{"catalog_number":"F524200610040","name":"IMPELLER"},{"catalog_number":"F524200610030","name":"WATER PUMP BRG."},{"catalog_number":"F524200610020","name":"WATER PUMP"},{"catalog_number":"F524200610010","name":"SEAL"},{"catalog_number":"F524200510220","name":"CLIP"},{"catalog_number":"F524200510210","name":"OIL PAN"},{"catalog_number":"F524200510200","name":"RETAINER"},{"catalog_number":"F524200510180","name":"HOSE"},{"catalog_number":"F524200510170","name":"OIL FILLER NECK"},{"catalog_number":"F524200510160","name":"GUIDE TUBE"},{"catalog_number":"F524200510150","name":"DIPSTICK"},{"catalog_number":"F524200510140","name":"PIPE CLAMP"},{"catalog_number":"F524200510100","name":"RETAINER"},{"catalog_number":"F524200510090","name":"SEAL"},{"catalog_number":"F524200510080","name":"OIL SUCTION LINE"},{"catalog_number":"F524200510070","name":"SEAL"},{"catalog_number":"F524200510060","name":"INTERM. FLANGE"},{"catalog_number":"F524200510050","name":"SEAL"},{"catalog_number":"F524200510040","name":"OIL FILLER NECK"},{"catalog_number":"F524200510030","name":"OIL DEFLECTOR"},{"catalog_number":"F524200410080","name":"TORX SCREW"},{"catalog_number":"F524200410070","name":"ROCKER SHAFT"},{"catalog_number":"F524200410040","name":"SOCKET HEAD BOLT"},{"catalog_number":"F524200410030","name":"NOZZLE"},{"catalog_number":"F524200410020","name":"ROCKER ARM SUPP"},{"catalog_number":"F524200410010","name":"CAMSHAFT"},{"catalog_number":"F524200310190","name":"COLLAR HEX BOLT"},{"catalog_number":"F524200310180","name":"CYLINDER PIN"},{"catalog_number":"F524200310170","name":"SOCKET HEAD BOLT"},{"catalog_number":"F524200310160","name":"SOCKET HEAD BOLT"},{"catalog_number":"F524200310150","name":"WDG-SECTION RING"},{"catalog_number":"F524200310140","name":"PISTON"},{"catalog_number":"F524200310130","name":"DYNAMIC BALANCER"},{"catalog_number":"F524200310100","name":"RING GEAR"},{"catalog_number":"F524200310090","name":"FLYWHEEL"},{"catalog_number":"F524200310051","name":"V BELT SHEAVE"},{"catalog_number":"F524200310040","name":"VIBRATION DAMPER"},{"catalog_number":"F524200310030","name":"SPRAYER RING"},{"catalog_number":"F524200310020","name":"RING GEAR"},{"catalog_number":"F524200310010","name":"CRANKSHAFT"},{"catalog_number":"F524200260070","name":"CONTROL CABLE"},{"catalog_number":"F524200260060","name":"PULLING SPRING"},{"catalog_number":"F524200260050","name":"DUO-CLIP"},{"catalog_number":"F524200260040","name":"DISC"},{"catalog_number":"F524200260030","name":"BUSH"},{"catalog_number":"F524200260020","name":"CABLE SHEAVE"},{"catalog_number":"F524200260010","name":"RETAINER"},{"catalog_number":"F524200210590","name":"JOINT CARRIER"},{"catalog_number":"F524200210580","name":"STOP"},{"catalog_number":"F524200210570","name":"THRUST WASHER"},{"catalog_number":"F524200210560","name":"SEAL"},{"catalog_number":"F524200210550","name":"TUBULAR STRUT"},{"catalog_number":"F524200210540","name":"SHAFT SEAL"},{"catalog_number":"F524200210530","name":"BEARING WASHER"},{"catalog_number":"F524200210520","name":"BEARING BUSHING"},{"catalog_number":"F524200210510","name":"BEARING BUSHING"},{"catalog_number":"F524200210490","name":"LUBRICATION LINE"},{"catalog_number":"F524200210480","name":"ADAPTER NIPPLE"},{"catalog_number":"F524200210460","name":"SEAL"},{"catalog_number":"F524200210450","name":"THRUST WASHER"},{"catalog_number":"F524200210430","name":"FLYWHEEL HOUSING"},{"catalog_number":"F524200210420","name":"STUD BOLT"},{"catalog_number":"F524200210410","name":"BANJO BOLT"},{"catalog_number":"F524200210380","name":"OIL SEPRTR VALVE"},{"catalog_number":"F524200210370","name":"BREATHER PIPE"},{"catalog_number":"F524200210350","name":"HOUSING"},{"catalog_number":"F524200210330","name":"SUSPENSION EYE"},{"catalog_number":"F524200210320","name":"SUSPENSION EYE"},{"catalog_number":"F524200210290","name":"INTERM. FLANGE"},{"catalog_number":"F524200210280","name":"DISC"},{"catalog_number":"F524200210270","name":"STOP"},{"catalog_number":"F524200210260","name":"STOP"},{"catalog_number":"F524200210250","name":"ECCENTRIC BOLT"},{"catalog_number":"F524200210230","name":"TUBULAR STRUT"},{"catalog_number":"F524200210220","name":"BEARING BUSHING"},{"catalog_number":"F524200210210","name":"CARRIER"},{"catalog_number":"F524200210190","name":"SOCKET HEAD BOLT"},{"catalog_number":"F524200210180","name":"SEAL KIT"},{"catalog_number":"F524200210160","name":"HEAD GASKET"},{"catalog_number":"F524200210150","name":"VALVE GUIDE"},{"catalog_number":"F524200210140","name":"VALVE GUIDE"},{"catalog_number":"F524200210130","name":"VALVE GUIDE"},{"catalog_number":"F524200210120","name":"VALVE GUIDE"},{"catalog_number":"F524200210110","name":"RETAINER"},{"catalog_number":"F524200210100","name":"SEAL"},{"catalog_number":"F524200210090","name":"COVER"},{"catalog_number":"F524200210080","name":"FLYWHEEL HOUSING"},{"catalog_number":"F524200210060","name":"COVER"},{"catalog_number":"F524200210011","name":"CRANKCASE"},{"catalog_number":"F524200180030","name":"FUEL LINE"},{"catalog_number":"F524200180020","name":"FUEL LINE"},{"catalog_number":"F524200180010","name":"FUEL LINE"},{"catalog_number":"F524200100060","name":"EXHAUST MANIFOLD"},{"catalog_number":"F524200100050","name":"RETAINER"},{"catalog_number":"F524200100030","name":"STUD BOLT"},{"catalog_number":"F524200100020","name":"SCREENING PLATE"},{"catalog_number":"F524200100010","name":"EXHAUST MANIFOLD"},{"catalog_number":"F524200091010","name":"CAP"},{"catalog_number":"F524200090310","name":"CLIP"},{"catalog_number":"F524200090290","name":"OIL PRESS. LINE"},{"catalog_number":"F524200090270","name":"INSUL. TUBING"},{"catalog_number":"F524200090260","name":"INTAKE MANIFOLD"},{"catalog_number":"F524200090250","name":"RETAINER"},{"catalog_number":"F524200090240","name":"ANGLE"},{"catalog_number":"F524200090230","name":"HOSE"},{"catalog_number":"F524200090220","name":"AIR INTAKE PORT"},{"catalog_number":"F524200090210","name":"OIL RETURN LINE"},{"catalog_number":"F524200090200","name":"OIL RETURN LINE"},{"catalog_number":"F524200090181","name":"OIL PRESS. LINE"},{"catalog_number":"F524200090160","name":"FLANGE"},{"catalog_number":"F524200090150","name":"HEX HEAD BOLT"},{"catalog_number":"F524200090130","name":"HEX HEAD BOLT"},{"catalog_number":"F524200090120","name":"HEX HEAD BOLT"},{"catalog_number":"F524200090110","name":"EXHAUST MANIFOLD"},{"catalog_number":"F524200090100","name":"EXH. TURBOCHARGE"},{"catalog_number":"F524200090090","name":"PIPE CLAMP"},{"catalog_number":"F524200090080","name":"PIPE"},{"catalog_number":"F524200090070","name":"HOSE"},{"catalog_number":"F524200090060","name":"MANIFOLD"},{"catalog_number":"F524200090050","name":"SEAL"},{"catalog_number":"F524200090040","name":"COVER"},{"catalog_number":"F524200090030","name":"UNIVERSAL SPOUT"},{"catalog_number":"F524200090020","name":"RETNG SHT METAL"},{"catalog_number":"F524200090010","name":"INTAKE MANIFOLD"},{"catalog_number":"F524200061190","name":"FUEL CAP"},{"catalog_number":"F524200061170","name":"LEAKAGE OIL LINE"},{"catalog_number":"F524200061160","name":"FUEL LINE"},{"catalog_number":"F524200061150","name":"FUEL LINE"},{"catalog_number":"F524200061140","name":"RETAINER"},{"catalog_number":"F524200061130","name":"RETAINER"},{"catalog_number":"F524200061120","name":"SCREW NECK"},{"catalog_number":"F524200061110","name":"CONNECTING PART"},{"catalog_number":"F524200061100","name":"UNION"},{"catalog_number":"F524200061080","name":"LEAKAGE OIL LINE"},{"catalog_number":"F524200061070","name":"LEAKAGE OIL LINE"},{"catalog_number":"F524200061060","name":"SCREW NECK"},{"catalog_number":"F524200061040","name":"FUEL LINE"},{"catalog_number":"F524200061030","name":"HAND PUMP"},{"catalog_number":"F524200061020","name":"FUEL LINE"},{"catalog_number":"F524200061010","name":"HOSE"},{"catalog_number":"F524200050050","name":"WATER PIPE"},{"catalog_number":"F524200050030","name":"TORX SCREW"},{"catalog_number":"F524200050020","name":"INTERM. FLANGE"},{"catalog_number":"F524200040290","name":"V BELT SHEAVE"},{"catalog_number":"F524200040280","name":"NILOS RING"},{"catalog_number":"F524200040270","name":"DISC"},{"catalog_number":"F524200040250","name":"ECCENTRIC BOLT"},{"catalog_number":"F524200040240","name":"RETNG SHT METAL"},{"catalog_number":"F524200040230","name":"SOCKET HEAD BOLT"},{"catalog_number":"F524200040220","name":"SEAL"},{"catalog_number":"F524200040210","name":"LEVER"},{"catalog_number":"F524200040200","name":"HEX HEAD BOLT"},{"catalog_number":"F524200040190","name":"LEVER"},{"catalog_number":"F524200040160","name":"V-BELT"},{"catalog_number":"F524200040140","name":"BOLT"},{"catalog_number":"F524200040130","name":"RETNG SHT METAL"},{"catalog_number":"F524200040070","name":"TENSION ROLLER"},{"catalog_number":"F524200040060","name":"HUB"},{"catalog_number":"F524200040050","name":"HUB"},{"catalog_number":"F524200040040","name":"FAN"},{"catalog_number":"F524200040030","name":"HUB"},{"catalog_number":"F524200040020","name":"COUPLING"},{"catalog_number":"F524200040010","name":"BEARING"},{"catalog_number":"F524200020250","name":"BALL JOINT"},{"catalog_number":"F524200020240","name":"RETAINER"},{"catalog_number":"F524200020220","name":"CONNECTOR BODY"},{"catalog_number":"F524200020210","name":"SLEEVE"},{"catalog_number":"F524200020200","name":"BEARING PLATE"},{"catalog_number":"F524200020190","name":"CONNECTING PART"},{"catalog_number":"F524200020180","name":"CLIP"},{"catalog_number":"F524200020170","name":"LOCATING SYSTEM"},{"catalog_number":"F524200020160","name":"ADJUSTING DEVICE"},{"catalog_number":"F524200020150","name":"FOOT PLATE"},{"catalog_number":"F524200020140","name":"BASEPLATE"},{"catalog_number":"F524200020130","name":"FLOOR PANEL"},{"catalog_number":"F524200020120","name":"ADJUSTING SCREW"},{"catalog_number":"F524200020110","name":"BOLT"},{"catalog_number":"F524200020100","name":"BOLT"},{"catalog_number":"F524200020090","name":"BOLT"},{"catalog_number":"F524200020080","name":"BELL CRANK"},{"catalog_number":"F524200020070","name":"CLAMPING YOKE"},{"catalog_number":"F524200020060","name":"SLEEVE"},{"catalog_number":"F524200020050","name":"BEARING BUSHING"},{"catalog_number":"F524200020040","name":"TORSION SPRING"},{"catalog_number":"F524200020030","name":"NUT"},{"catalog_number":"F524200020020","name":"SEALING NUT"},{"catalog_number":"F524200020010","name":"BOWDEN CABLE"},{"catalog_number":"F524101070130","name":"SPACER SHIM"},{"catalog_number":"F524101070120","name":"MASTER CYLINDER"},{"catalog_number":"F524101070110","name":"HYD BOOSTER"},{"catalog_number":"F524101070090","name":"SEAL KIT"},{"catalog_number":"F524101070080","name":"WEDGE"},{"catalog_number":"F524101070060","name":"CYL HEAD PART"},{"catalog_number":"F524101070030","name":"SET OF GASKETS"},{"catalog_number":"F524101070020","name":"REPAIR KIT"},{"catalog_number":"F524100200020","name":"SOCKET HEAD BOLT"},{"catalog_number":"F524100200010","name":"SOCKET HEAD BOLT"},{"catalog_number":"F524100100010","name":"REPAIR KIT"},{"catalog_number":"F524100070050","name":"OPERATING CYL."},{"catalog_number":"F524000002001","name":"MICROFICHE"},{"catalog_number":"F522200710010","name":"INJECTION PUMP"},{"catalog_number":"F522200090030","name":"HEX HEAD BOLT"},{"catalog_number":"F522200090020","name":"EXHAUST MANIFOLD"},{"catalog_number":"F522200090010","name":"EXH. TURBOCHARGE"},{"catalog_number":"F520200710010","name":"INJECTION PUMP"},{"catalog_number":"F515900040010","name":"UNIVERSAL SPOUT"},{"catalog_number":"F515900010030","name":"SCREW"},{"catalog_number":"F515900010020","name":"CARBON BRUSH"},{"catalog_number":"F515900010010","name":"REGULATOR"},{"catalog_number":"F515890083100","name":"SHAFT CASING"},{"catalog_number":"F515200900100","name":"OIL COOLER"},{"catalog_number":"F515200900040","name":"SCREW PIECE"},{"catalog_number":"F515200900030","name":"SCREW PIECE"},{"catalog_number":"F515200900020","name":"SCREW PIECE"},{"catalog_number":"F515200900010","name":"SCREW PIECE"},{"catalog_number":"F515200410010","name":"MUSHROOM TAPPET"},{"catalog_number":"F515200310020","name":"FLYWHEEL"},{"catalog_number":"F515200310010","name":"VIBRATION DAMPER"},{"catalog_number":"F515200100040","name":"GUARD GRID"},{"catalog_number":"F515200100030","name":"GUARD GRID"},{"catalog_number":"F515200090030","name":"HOLDER"},{"catalog_number":"F515200090020","name":"EXH. TURBOCHARGE"},{"catalog_number":"F515200090010","name":"COVER"},{"catalog_number":"F515200060010","name":"VALVE"},{"catalog_number":"F515200010010","name":"SHAFT SEAL"},{"catalog_number":"F515100200010","name":"SOCKET HEAD BOLT"},{"catalog_number":"F515100100380","name":"EXTERNAL DISC"},{"catalog_number":"F515100100370","name":"DISC BRACKET"},{"catalog_number":"F515100100360","name":"DISK SPRING"},{"catalog_number":"F515100100350","name":"COUPLING"},{"catalog_number":"F515100100340","name":"SHIM"},{"catalog_number":"F515100100330","name":"DISC"},{"catalog_number":"F515100100320","name":"DISC"},{"catalog_number":"F515100100310","name":"DISC"},{"catalog_number":"F515100100300","name":"SHIM"},{"catalog_number":"F515100100290","name":"SHIM"},{"catalog_number":"F515100100280","name":"DISC"},{"catalog_number":"F515100100270","name":"SHIM"},{"catalog_number":"F515100100260","name":"SHIM"},{"catalog_number":"F515100100250","name":"DISC"},{"catalog_number":"F515100100240","name":"SHIM"},{"catalog_number":"F515100100230","name":"SHIM"},{"catalog_number":"F515100100220","name":"SHIM"},{"catalog_number":"F515100100210","name":"SHIM"},{"catalog_number":"F515100100200","name":"SHIM"},{"catalog_number":"F515100100190","name":"SHIM"},{"catalog_number":"F515100100180","name":"SHIM"},{"catalog_number":"F515100100170","name":"SHIM"},{"catalog_number":"F515100100160","name":"DISC"},{"catalog_number":"F515100100150","name":"DISC"},{"catalog_number":"F515100100140","name":"SHIM"}]}