{"machinery_brand_name":"Ag-Chem","parts":[{"catalog_number":"G295870051010","name":"CONTROL ARM"},{"catalog_number":"G295860030010","name":"HOIST RAM"},{"catalog_number":"G295701021013","name":"ADJUSTMENT WHEEL"},{"catalog_number":"G295300020140","name":"JOINTED SHAFT"},{"catalog_number":"G295300020090","name":"JOINTED SHAFT"},{"catalog_number":"G295300020010","name":"AXLE ARCH"},{"catalog_number":"G294900110010","name":"WORKLIGHT"},{"catalog_number":"G294810140010","name":"BLOWER BOX"},{"catalog_number":"G294500904020","name":"LAP BELT"},{"catalog_number":"G294100610040","name":"TRLR BRAKE VALVE"},{"catalog_number":"G294100610030","name":"TRLR BRAKE VALVE"},{"catalog_number":"G293810460010","name":"CONTROL CONSOLE"},{"catalog_number":"G285940010010","name":"WHEEL PUMP"},{"catalog_number":"G285860100140","name":"POTENTIOMETER"},{"catalog_number":"G285860030011","name":"HYD CYLINDER"},{"catalog_number":"G284940100010","name":"SEMI-ROTARY PUMP"},{"catalog_number":"G284501060070","name":"TRAILER HITCH"},{"catalog_number":"G283700010018","name":"ADJUSTMENT WHEEL"},{"catalog_number":"G282700010018","name":"ADJUSTMENT WHEEL"},{"catalog_number":"G282400120020","name":"STRG. CYL."},{"catalog_number":"G281940010010","name":"WHEEL PUMP"},{"catalog_number":"G281920010011","name":"HYD CYLINDER"},{"catalog_number":"G281900020020","name":"LIGHT SWITCH"},{"catalog_number":"G281860020030","name":"HYD CYLINDER"},{"catalog_number":"G281704020043","name":"ADJUSTMENT WHEEL"},{"catalog_number":"G281704020033","name":"ADJUSTMENT WHEEL"},{"catalog_number":"G281700011033","name":"ADJUSTMENT WHEEL"},{"catalog_number":"G281500260010","name":"BLOWER SWITCH"},{"catalog_number":"G281500020010","name":"FRONT GRILLE"},{"catalog_number":"G281202170010","name":"ENGINE BRAKE"},{"catalog_number":"G281100200040","name":"CONTROL CABLE"},{"catalog_number":"G280700020023","name":"ADJUSTMENT WHEEL"},{"catalog_number":"G280700010043","name":"ADJUSTMENT WHEEL"},{"catalog_number":"G280200090040","name":"INTAKE MANIFOLD"},{"catalog_number":"G279100070100","name":"MSTR BRK CYL"},{"catalog_number":"G278941100010","name":"WHEEL PUMP"},{"catalog_number":"G278890510010","name":"FAST ACT VALVE"},{"catalog_number":"G278871061040","name":"OPERATING CABLE"},{"catalog_number":"G278871061030","name":"SPACER"},{"catalog_number":"G278870030031","name":"CRANK"},{"catalog_number":"G278861030020","name":"VALVE"},{"catalog_number":"G278860030030","name":"PRESSURE GAUGE"},{"catalog_number":"G278701012018","name":"ADJUSTMENT WHEEL"},{"catalog_number":"G278701011018","name":"ADJUSTMENT WHEEL"},{"catalog_number":"G278400120020","name":"STRG. CYL."},{"catalog_number":"G278201090011","name":"AIR FILTER"},{"catalog_number":"G278128200010","name":"CONTROL CABLE"},{"catalog_number":"G278116200020","name":"CONTROL CABLE"},{"catalog_number":"G275950010020","name":"METERING VALVE"},{"catalog_number":"G275700012033","name":"ADJUSTMENT WHEEL"},{"catalog_number":"G275505900030","name":"ROTARY SWITCH"},{"catalog_number":"G275505900020","name":"BLOWER"},{"catalog_number":"G275302080050","name":"DRIVE SHAFT"},{"catalog_number":"G275300060031","name":"ADJUSTING MEMBER"},{"catalog_number":"G270920070050","name":"CONTROL ARM"},{"catalog_number":"G270920070040","name":"CONTROL ARM"},{"catalog_number":"G270920020010","name":"HYD CYLINDER"},{"catalog_number":"G270870041030","name":"ROD"},{"catalog_number":"G270870031020","name":"LIFT BRACE"},{"catalog_number":"G270870031010","name":"LIFT BRACE"},{"catalog_number":"G270860031060","name":"CARRIER"},{"catalog_number":"G270860031050","name":"CARRIER"},{"catalog_number":"G270860031032","name":"BRACKET"},{"catalog_number":"G270860031020","name":"HOIST RAM"},{"catalog_number":"G270860031010","name":"HOIST RAM"},{"catalog_number":"G270400090011","name":"STEERING UNIT"},{"catalog_number":"G268870030050","name":"SPINDLE HEAD"},{"catalog_number":"G268307080010","name":"JOINTED SHAFT"},{"catalog_number":"G260970160153","name":"OPERATING ELEMNT"},{"catalog_number":"G260970160143","name":"OPERATING ELEMNT"},{"catalog_number":"G260970160133","name":"OPERATING ELEMNT"},{"catalog_number":"G260970160066","name":"CONTROL"},{"catalog_number":"G260970070083","name":"ELECTRONICS BOX"},{"catalog_number":"G260970070082","name":"ELECTRONICS BOX"},{"catalog_number":"G260970070069","name":"ELECTRONICS BOX"},{"catalog_number":"G260970070041","name":"OPERATING ELEMNT"},{"catalog_number":"G260960620010","name":"COUPLER FITTING"},{"catalog_number":"G260960101020","name":"COUPLER FITTING"},{"catalog_number":"G260960100020","name":"COUPLER FITTING"},{"catalog_number":"G260960031123","name":"VALVE"},{"catalog_number":"G260960031122","name":"VALVE"},{"catalog_number":"G260960031121","name":"VALVE"},{"catalog_number":"G260960031103","name":"DIRECTIONAL VALV"},{"catalog_number":"G260960023031","name":"END PLATE"},{"catalog_number":"G260960023021","name":"STARTING PLATE"},{"catalog_number":"G260960022253","name":"VALVE"},{"catalog_number":"G260960022251","name":"VALVE"},{"catalog_number":"G260960022243","name":"VALVE"},{"catalog_number":"G260960022242","name":"VALVE"},{"catalog_number":"G260960022233","name":"VALVE"},{"catalog_number":"G260960022113","name":"VALVE BLOCK"},{"catalog_number":"G260960022081","name":"STARTING PLATE"},{"catalog_number":"G260960022073","name":"DIRECTIONAL VALV"},{"catalog_number":"G260960022061","name":"END PLATE"},{"catalog_number":"G260960022051","name":"END PLATE"},{"catalog_number":"G260960022043","name":"DIRECTIONAL VALV"},{"catalog_number":"G260960022033","name":"DIRECTIONAL VALV"},{"catalog_number":"G260960022021","name":"STARTING PLATE"},{"catalog_number":"G260950250010","name":"OIL TEMP CNTRL"},{"catalog_number":"G260950030070","name":"TRLR BRAKE VALVE"},{"catalog_number":"G260950030060","name":"TRLR BRAKE VALVE"},{"catalog_number":"G260950030050","name":"TRLR BRAKE VALVE"},{"catalog_number":"G260950030031","name":"TRLR BRAKE VALVE"},{"catalog_number":"G260950030020","name":"CHANGE VALVE"},{"catalog_number":"G260941100010","name":"WHEEL PUMP"},{"catalog_number":"G260941010011","name":"PISTON PUMP"},{"catalog_number":"G260940010012","name":"WHEEL PUMP"},{"catalog_number":"G260900020131","name":"STALK SWITCH"},{"catalog_number":"G260900020122","name":"STALK SWITCH"},{"catalog_number":"G260900020070","name":"HEADLIGHT"},{"catalog_number":"G260900020060","name":"TAIL LIGHT"},{"catalog_number":"G260900020030","name":"SWITCH"},{"catalog_number":"G260870162100","name":"BOWDEN CABLE"},{"catalog_number":"G260870162020","name":"SUPPORT"},{"catalog_number":"G260870140050","name":"VALVE BLOCK"},{"catalog_number":"G260870140022","name":"OPERATING ELEMNT"},{"catalog_number":"G260870040010","name":"JOINT SHAFT"},{"catalog_number":"G260860102010","name":"SENSOR"},{"catalog_number":"G260860101010","name":"OPERATING ELEMNT"},{"catalog_number":"G260860060050","name":"VENT. FILTER"},{"catalog_number":"G260860060031","name":"BOOST PIPE"},{"catalog_number":"G260860060020","name":"COMPRESS. FLANGE"},{"catalog_number":"G260810200010","name":"INTERIOR LIGHT"},{"catalog_number":"G260810020020","name":"LOCKING KIT"},{"catalog_number":"G260700011018","name":"WHEEL RIM"},{"catalog_number":"G260550030040","name":"NOZZLE"},{"catalog_number":"G260550030030","name":"NOZZLE"},{"catalog_number":"G260550001140","name":"POTENTIOMETER"},{"catalog_number":"G260550001121","name":"SENSOR"},{"catalog_number":"G260550001101","name":"OPERATING ELEMNT"},{"catalog_number":"G260550001100","name":"OPERATING ELEMNT"},{"catalog_number":"G260500070060","name":"BOLT"},{"catalog_number":"G260500070040","name":"BOLT"},{"catalog_number":"G260500070020","name":"BOLT"},{"catalog_number":"G260401090010","name":"STEERING UNIT"},{"catalog_number":"G260400090021","name":"STEERING UNIT"},{"catalog_number":"G260400081116","name":"STEERING COLUMN"},{"catalog_number":"G260310160101","name":"SPLITTER"},{"catalog_number":"G260310151201","name":"VALVE DISC"},{"catalog_number":"G260310050040","name":"HYD CYLINDER"},{"catalog_number":"G260300010051","name":"AXLE BEARING"},{"catalog_number":"G260300010040","name":"AXLE BEARING"},{"catalog_number":"G260200090010","name":"AIR FILTER"},{"catalog_number":"G260200060130","name":"FUEL TANK"},{"catalog_number":"G260200060050","name":"LEVEL INDICATOR"},{"catalog_number":"G260200040100","name":"VISCOUS COUPLING"},{"catalog_number":"G260200040010","name":"FAN"},{"catalog_number":"G260200020143","name":"ACCELERATE PEDAL"},{"catalog_number":"G260200020142","name":"ACCELERATE PEDAL"},{"catalog_number":"G260150720010","name":"CHECK VALVE"},{"catalog_number":"G260150600023","name":"VALVE BLOCK"},{"catalog_number":"G260150070101","name":"BRAKE BOOSTER"},{"catalog_number":"G260150070100","name":"BRAKE"},{"catalog_number":"G260150030100","name":"HAND BRAKE CABLE"},{"catalog_number":"G260100600100","name":"PRESS RLF VALVE"},{"catalog_number":"G260100600022","name":"VALVE BLOCK"},{"catalog_number":"G260100600011","name":"VALVE BLOCK"},{"catalog_number":"G260100530011","name":"REGULATOR"},{"catalog_number":"G260100492040","name":"SEAL KIT"},{"catalog_number":"G260100492030","name":"SUCTION FILTER"},{"catalog_number":"G260100492010","name":"GEAR PUMP"},{"catalog_number":"G260100411010","name":"PINION SHAFT"},{"catalog_number":"G258872051061","name":"UPPER LINK HOOK"},{"catalog_number":"G258715010013","name":"ADJUSTMENT WHEEL"},{"catalog_number":"G258514212030","name":"FIXING DEVICE"},{"catalog_number":"G258301080020","name":"JOINTED SHAFT"},{"catalog_number":"G255700011028","name":"ADJUSTMENT WHEEL"},{"catalog_number":"G253920020010","name":"LIFT CYLINDER"},{"catalog_number":"G253880020010","name":"TRLR CNTRL VALVE"},{"catalog_number":"G253810400011","name":"STEER. ORBITROL"},{"catalog_number":"G250800540011","name":"JOINTED SHAFT"},{"catalog_number":"G250400031010","name":"TRACK ROD"},{"catalog_number":"G250300010020","name":"HITCH PIN"},{"catalog_number":"G247890905010","name":"2-WAY VALVE"},{"catalog_number":"G247890903020","name":"HYD CYLINDER"},{"catalog_number":"G247890903010","name":"HYD CYLINDER"},{"catalog_number":"G247890902010","name":"HYD CYLINDER"},{"catalog_number":"G247890530030","name":"HYD CYLINDER"},{"catalog_number":"G247890530020","name":"FRAME"},{"catalog_number":"G247890511050","name":"PRESS RLF VALVE"},{"catalog_number":"G247890511010","name":"VALVE BLOCK"},{"catalog_number":"G247890073010","name":"SAFETY VALVE"},{"catalog_number":"G247890030030","name":"LYNCH PIN"},{"catalog_number":"G247811030040","name":"DOOR"},{"catalog_number":"G247700014028","name":"ADJUSTMENT WHEEL"},{"catalog_number":"G247700012013","name":"ADJUSTMENT WHEEL"},{"catalog_number":"G247700011018","name":"ADJUSTMENT WHEEL"},{"catalog_number":"G247700010023","name":"ADJUSTMENT WHEEL"},{"catalog_number":"G247700010018","name":"ADJUSTMENT WHEEL"},{"catalog_number":"G246921070021","name":"CONTROL ARM"},{"catalog_number":"G246921070011","name":"CONTROL ARM"},{"catalog_number":"G246921010010","name":"HYD CYLINDER"},{"catalog_number":"G246920010010","name":"HYD CYLINDER"},{"catalog_number":"G246900020050","name":"HEADLIGHT"},{"catalog_number":"G246900020030","name":"LIGHT"},{"catalog_number":"G246900020020","name":"LIGHT"},{"catalog_number":"G246890901010","name":"HYD CYLINDER"},{"catalog_number":"G246880020020","name":"CONTROL VALVE"},{"catalog_number":"G246880020010","name":"AIR PRESSER"},{"catalog_number":"G246880010020","name":"ROLLER"},{"catalog_number":"G246870031011","name":"LIFT BRACE"},{"catalog_number":"G246860150010","name":"OIL COOLER"},{"catalog_number":"G246860101022","name":"ELECTRONICS BOX"},{"catalog_number":"G246860101010","name":"OPERATING ELEMNT"},{"catalog_number":"G246860100030","name":"CONTROL VALVE"},{"catalog_number":"G246860100010","name":"OPERATING ELEMNT"},{"catalog_number":"G246860030010","name":"HOIST RAM"},{"catalog_number":"G246810220010","name":"MOUNTING PART"},{"catalog_number":"G246700010013","name":"ADJUSTMENT WHEEL"},{"catalog_number":"G246600130010","name":"COUPLER PLUG"},{"catalog_number":"G246500914010","name":"LAP BELT"},{"catalog_number":"G246500912010","name":"ARM REST"},{"catalog_number":"G246500911010","name":"ARM REST"},{"catalog_number":"G246500908010","name":"ARM REST"},{"catalog_number":"G246500907010","name":"ARM REST"},{"catalog_number":"G246500160050","name":"REMOTE CONTROL"},{"catalog_number":"G246301020450","name":"JOINTED SHAFT"},{"catalog_number":"G246301020420","name":"JOINTED SHAFT"},{"catalog_number":"G246301020320","name":"SET OF FINS"},{"catalog_number":"G246301020310","name":"HOUSING"},{"catalog_number":"G246301020180","name":"JOINTED SHAFT"},{"catalog_number":"G246301020170","name":"STUB SHAFT"},{"catalog_number":"G246301020140","name":"STUB SHAFT"},{"catalog_number":"G246301020060","name":"PARTS PACK"},{"catalog_number":"G246301020010","name":"BEVEL GEAR"},{"catalog_number":"G246300120011","name":"STRG. CYL."},{"catalog_number":"G246300070010","name":"ADJUSTING MEMBER"},{"catalog_number":"G246300060010","name":"ADJUSTING MEMBER"},{"catalog_number":"G246105070120","name":"FIXED CALIPER"},{"catalog_number":"G246101091020","name":"SHIFT LEVER"},{"catalog_number":"G246100150010","name":"WHL BRAKING CYL."},{"catalog_number":"G246100070050","name":"EXPANSION TANK"},{"catalog_number":"G238894100011","name":"HYD CYLINDER"},{"catalog_number":"G238891030013","name":"HYD CYLINDER"},{"catalog_number":"G238870030050","name":"BOLT"},{"catalog_number":"G238860030021","name":"PISTON"},{"catalog_number":"G238717011018","name":"ADJUSTMENT WHEEL"},{"catalog_number":"G238210050010","name":"RADIATOR CORE"},{"catalog_number":"G238200011031","name":"BOWDEN CABLE"},{"catalog_number":"G238106320020","name":"RELEASE FORK"},{"catalog_number":"G236880020021","name":"TRLR CNTRL VALVE"},{"catalog_number":"G236870200010","name":"HYD CYLINDER"},{"catalog_number":"G236860060110","name":"BOOST PIPE"},{"catalog_number":"G236810460041","name":"OPERATING ELEMNT"},{"catalog_number":"G236810460031","name":"OPERATING ELEMNT"},{"catalog_number":"G236810460022","name":"OPERATING ELEMNT"},{"catalog_number":"G236810460012","name":"ELECTRONIC BOX"},{"catalog_number":"G236810450050","name":"CAP"},{"catalog_number":"G236810450010","name":"PUSH BUTTON"},{"catalog_number":"G236810440070","name":"BLINKER RELAY"},{"catalog_number":"G236810440060","name":"WORKLIGHT"},{"catalog_number":"G236810440050","name":"INDICATOR LAMP"},{"catalog_number":"G236810440040","name":"WORKLIGHT"},{"catalog_number":"G236810440030","name":"WORKLIGHT"},{"catalog_number":"G236810400011","name":"STEER. ORBITROL"},{"catalog_number":"G236810360020","name":"STEERING COLUMN"},{"catalog_number":"G236810360010","name":"STEERING COLUMN"},{"catalog_number":"G236810290100","name":"VALVE"},{"catalog_number":"G236810130240","name":"FUEL FILTER"},{"catalog_number":"G236810130230","name":"FUEL PUMP"},{"catalog_number":"G236200102100","name":"PROFILE CLIP"},{"catalog_number":"G236200062020","name":"TANK"},{"catalog_number":"G236200040102","name":"VALVE BLOCK"},{"catalog_number":"G231941010010","name":"WHEEL PUMP"},{"catalog_number":"G231861030010","name":"BOLT"},{"catalog_number":"G231702011023","name":"ADJUSTMENT WHEEL"},{"catalog_number":"G231401030022","name":"TRACK ROD"},{"catalog_number":"G231401030012","name":"TRACK ROD"},{"catalog_number":"G231201010023","name":"BOWDEN CABLE"},{"catalog_number":"G231101410010","name":"PINION SHAFT"},{"catalog_number":"G230860051030","name":"SHIFT LEVER"},{"catalog_number":"G230300010010","name":"COVER"},{"catalog_number":"G225860010021","name":"HYDRAULIC PUMP"},{"catalog_number":"G225500060020","name":"DOUBLE BOLT"},{"catalog_number":"G222920050010","name":"CONTROL ARM"},{"catalog_number":"G222903040990","name":"DISCONN. POINT"},{"catalog_number":"G222903040710","name":"DISCONN. POINT"},{"catalog_number":"G222903040700","name":"DISCONN. POINT"},{"catalog_number":"G222903040650","name":"DISCONN. POINT"},{"catalog_number":"G222903040580","name":"DISCONN. POINT"},{"catalog_number":"G222903040570","name":"DISCONN. POINT"},{"catalog_number":"G222903040510","name":"DISCONN. POINT"},{"catalog_number":"G222890580010","name":"MULTICOUPLING"},{"catalog_number":"G222812070060","name":"COVER"},{"catalog_number":"G222812021200","name":"ROOF UPPER PART"},{"catalog_number":"G222812020401","name":"COVER PLATE"},{"catalog_number":"G222502021010","name":"SIDE PLATE"},{"catalog_number":"G222502020060","name":"SIDE PLATE"},{"catalog_number":"G222302120210","name":"BALL JOINT"},{"catalog_number":"G222302120200","name":"BALL JOINT"},{"catalog_number":"G214940011010","name":"WHEEL PUMP"},{"catalog_number":"G214940010010","name":"WHEEL PUMP"},{"catalog_number":"G214902040830","name":"DISCONN. POINT"},{"catalog_number":"G214902040780","name":"DISCONN. POINT"},{"catalog_number":"G214902040740","name":"DISCONN. POINT"},{"catalog_number":"G214902040660","name":"DISCONN. POINT"},{"catalog_number":"G214902040570","name":"DISCONN. POINT"},{"catalog_number":"G214902040520","name":"DISCONN. POINT"},{"catalog_number":"G214502020500","name":"SIDE PLATE"},{"catalog_number":"G214502020200","name":"COVER"},{"catalog_number":"G214502020160","name":"LOWER PART"},{"catalog_number":"G214502020150","name":"LOWER PART"},{"catalog_number":"G214502020141","name":"LOWER PART"},{"catalog_number":"G214502020060","name":"SIDE PLATE"},{"catalog_number":"G214301010010","name":"AXLE BEARING"},{"catalog_number":"G210973010014","name":"INSTR. CLUSTER"},{"catalog_number":"G210972070025","name":"OPERATING ELEMNT"},{"catalog_number":"G210972070018","name":"OPERATING ELEMNT"},{"catalog_number":"G210972020030","name":"INDUCT TRANSDUCR"},{"catalog_number":"G210972020022","name":"SENSOR"},{"catalog_number":"G210972020021","name":"SENSOR"},{"catalog_number":"G210963020203","name":"ELECTRONICS BOX"},{"catalog_number":"G210963020100","name":"VALVE DISC"},{"catalog_number":"G210962600011","name":"COUPLER PLUG"},{"catalog_number":"G210962150011","name":"COUPLER PLUG"},{"catalog_number":"G210962140013","name":"COUPLER FITTING"},{"catalog_number":"G210962101030","name":"CONTAINER"},{"catalog_number":"G210962101020","name":"FLAP COVER"},{"catalog_number":"G210962101012","name":"COUPLER FITTING"},{"catalog_number":"G210962024060","name":"STARTING PLATE"},{"catalog_number":"G210962024050","name":"END PLATE"},{"catalog_number":"G210962022016","name":"VALVE ACTUATOR"},{"catalog_number":"G210962021030","name":"END PLATE"},{"catalog_number":"G210962020110","name":"STARTING PLATE"},{"catalog_number":"G210962020091","name":"DIRECTIONAL VALV"},{"catalog_number":"G210962020080","name":"STARTING PLATE"},{"catalog_number":"G210962020070","name":"END PLATE"},{"catalog_number":"G210962020052","name":"PRE-CONTROL UNIT"},{"catalog_number":"G210962020042","name":"DIRECTIONAL VALV"},{"catalog_number":"G210962020017","name":"SWITCH LEVEL"},{"catalog_number":"G210952251020","name":"REG. CARTRIDGE"},{"catalog_number":"G210952251010","name":"OIL TEMP CNTRL"},{"catalog_number":"G210952250020","name":"OIL TEMP CNTRL"},{"catalog_number":"G210952030021","name":"TRLR BRAKE VALVE"},{"catalog_number":"G210952030012","name":"TRLR BRAKE VALVE"},{"catalog_number":"G210940100010","name":"WHEEL PUMP"},{"catalog_number":"G210940010010","name":"WHEEL PUMP"},{"catalog_number":"G210920050010","name":"CONTROL ARM"},{"catalog_number":"G210903040900","name":"DISCONN. POINT"},{"catalog_number":"G210903040880","name":"DISCONN. POINT"},{"catalog_number":"G210903040860","name":"DISCONN. POINT"},{"catalog_number":"G210903040720","name":"DISCONN. POINT"},{"catalog_number":"G210903040700","name":"DISCONN. POINT"},{"catalog_number":"G210903040670","name":"DISCONN. POINT"},{"catalog_number":"G210903040580","name":"DISCONN. POINT"},{"catalog_number":"G210903040540","name":"DISCONN. POINT"},{"catalog_number":"G210903040530","name":"DISCONN. POINT"},{"catalog_number":"G210903020010","name":"PRESSURE SWITCH"},{"catalog_number":"G210902113012","name":"WORKLIGHT"},{"catalog_number":"G210902111010","name":"PRESSURE SWITCH"},{"catalog_number":"G210902040930","name":"DISCONN. POINT"},{"catalog_number":"G210902040920","name":"DISCONN. POINT"},{"catalog_number":"G210902040910","name":"DISCONN. POINT"},{"catalog_number":"G210902040860","name":"DISCONN. POINT"},{"catalog_number":"G210902040840","name":"DISCONN. POINT"},{"catalog_number":"G210902040790","name":"DISCONN. POINT"},{"catalog_number":"G210902040510","name":"DISCONN. POINT"},{"catalog_number":"G210902040040","name":"CONNECTOR"},{"catalog_number":"G210902040030","name":"CAP"},{"catalog_number":"G210902020040","name":"STARTER SWITCH"},{"catalog_number":"G210902020020","name":"STALK SWITCH"},{"catalog_number":"G210902020012","name":"PRESSURE SWITCH"},{"catalog_number":"G210902010010","name":"DYNAMO GENERATOR"},{"catalog_number":"G210871160210","name":"BOWDEN CABLE"},{"catalog_number":"G210871140034","name":"OPERATING ELEMNT"},{"catalog_number":"G210871050010","name":"TOP LINK"},{"catalog_number":"G210861100070","name":"DISPLACE. SENSOR"},{"catalog_number":"G210861100060","name":"CONNECTOR"},{"catalog_number":"G210861100053","name":"ELECTRONICS BOX"},{"catalog_number":"G210861100042","name":"CONTROL VALVE"},{"catalog_number":"G210861100032","name":"OPERATING ELEMNT"},{"catalog_number":"G210861061030","name":"BREATHER PIPE"},{"catalog_number":"G210861061010","name":"VENT. FILTER"},{"catalog_number":"G210812230010","name":"SPEAKER"},{"catalog_number":"G210812150090","name":"MIRROR BRACKET"},{"catalog_number":"G210812150080","name":"MIRROR BRACKET"},{"catalog_number":"G210812150030","name":"MIRROR"},{"catalog_number":"G210812140300","name":"BLOWER"},{"catalog_number":"G210812130280","name":"FUEL DOSING PUMP"},{"catalog_number":"G210812130150","name":"NOZZLE"},{"catalog_number":"G210812130100","name":"HEATING DEVICE"},{"catalog_number":"G210812021200","name":"ROOF UPPER PART"},{"catalog_number":"G210812020401","name":"COVER PLATE"},{"catalog_number":"G210802900010","name":"BOLT"},{"catalog_number":"G210802290050","name":"MIRROR"},{"catalog_number":"G210552030071","name":"NOZZLE"},{"catalog_number":"G210552030061","name":"NOZZLE"},{"catalog_number":"G210552030050","name":"COOLANT HOSE"},{"catalog_number":"G210552030040","name":"COOLANT HOSE"},{"catalog_number":"G210552030030","name":"COOLANT HOSE"},{"catalog_number":"G210552030020","name":"COOLANT HOSE"},{"catalog_number":"G210503120010","name":"ADJ. DRAWBAR"},{"catalog_number":"G210502040010","name":"TOOL BOX"},{"catalog_number":"G210502020160","name":"LOWER PART"},{"catalog_number":"G210502020150","name":"LOWER PART"},{"catalog_number":"G210502020141","name":"LOWER PART"},{"catalog_number":"G210502020061","name":"FRONT GRILLE"},{"catalog_number":"G210403090010","name":"STEERING UNIT"},{"catalog_number":"G210402090060","name":"STEERING COLUMN"},{"catalog_number":"G210402090040","name":"PRIORITY VALVE"},{"catalog_number":"G210402090030","name":"STEERING UNIT"},{"catalog_number":"G210402070010","name":"STEERING WHEEL"},{"catalog_number":"G210310051050","name":"HYD CYLINDER"},{"catalog_number":"G210310051031","name":"HYD CYLINDER"},{"catalog_number":"G210310021010","name":"SCREW"},{"catalog_number":"G210202090100","name":"AIR FILTER"},{"catalog_number":"G210202061030","name":"FUEL TANK"},{"catalog_number":"G210202061020","name":"FUEL LVL. SENSOR"},{"catalog_number":"G210202060011","name":"FUEL TANK"},{"catalog_number":"G210202020100","name":"BOWDEN CABLE"},{"catalog_number":"G210106070131","name":"OPERATING CYL."},{"catalog_number":"G210106070121","name":"OPERATING CYL."},{"catalog_number":"G210106070110","name":"CONNECTING VALVE"},{"catalog_number":"G210106070100","name":"DRUM BRAKE"},{"catalog_number":"G210103470100","name":"CHECK VALVE"},{"catalog_number":"G210103350012","name":"OPERATING CYL."},{"catalog_number":"G210103320020","name":"DISK SPRING"},{"catalog_number":"G210103150011","name":"OPERATING DISC"},{"catalog_number":"G210103100120","name":"CLUTCH ACT. CYL."},{"catalog_number":"G210103100100","name":"CLUTCH MSTR CYL."},{"catalog_number":"G210103070180","name":"BLEEDER VALVE"},{"catalog_number":"G210103070130","name":"EXPANSION TANK"},{"catalog_number":"G210103070121","name":"OPERATING CYL."},{"catalog_number":"G210103070111","name":"OPERATING CYL."},{"catalog_number":"G210103070100","name":"MSTR BRK CYL"},{"catalog_number":"G208300120110","name":"CYLINDER ROD"},{"catalog_number":"G208300120020","name":"STRG. CYL."},{"catalog_number":"G208300020350","name":"JOINTED SHAFT"},{"catalog_number":"G208300020320","name":"JOINTED SHAFT"},{"catalog_number":"G208300020240","name":"CROSS PIN"},{"catalog_number":"G208300020230","name":"STUB SHAFT"},{"catalog_number":"G208300020210","name":"STUB SHAFT"},{"catalog_number":"G208300020190","name":"JOINTED SHAFT"},{"catalog_number":"G208300020180","name":"JOINTED SHAFT"},{"catalog_number":"G208300020170","name":"STUB SHAFT"},{"catalog_number":"G208300020140","name":"STUB SHAFT"},{"catalog_number":"G208300020010","name":"AXLE ARCH"},{"catalog_number":"G207300081020","name":"JOINTED SHAFT"},{"catalog_number":"G207200260021","name":"STOP CABLE"},{"catalog_number":"G207100900010","name":"CONTROL CABLE"},{"catalog_number":"G205962023020","name":"VALVE"},{"catalog_number":"G205962022010","name":"VALVE"},{"catalog_number":"G205960760030","name":"END PLATE"},{"catalog_number":"G205960760020","name":"CONNECTOR PLATE"},{"catalog_number":"G205960760010","name":"END PLATE"},{"catalog_number":"G205960700050","name":"CONNECTOR PLATE"},{"catalog_number":"G205960024011","name":"VALVE"},{"catalog_number":"G205960023011","name":"VALVE"},{"catalog_number":"G205960022010","name":"FLOW REGULATOR"},{"catalog_number":"G205960020010","name":"VALVE"},{"catalog_number":"G205951300010","name":"CONTROL VALVE"},{"catalog_number":"G205920010010","name":"HYD CYLINDER"},{"catalog_number":"G205900900010","name":"POWER OUTLET"},{"catalog_number":"G205880020030","name":"ACTUATION"},{"catalog_number":"G205880020010","name":"CONTROL VALVE"},{"catalog_number":"G205870161011","name":"HYD CYLINDER"},{"catalog_number":"G205870121011","name":"COUPLING"},{"catalog_number":"G205870121010","name":"COUPLING"},{"catalog_number":"G205870041010","name":"CYLINDER"},{"catalog_number":"G205860070012","name":"LOAD BOLT"},{"catalog_number":"G205860061010","name":"VENT. FILTER"},{"catalog_number":"G205860030030","name":"RETAINER"},{"catalog_number":"G205860030010","name":"HYD CYLINDER"},{"catalog_number":"G205812901040","name":"CAP"},{"catalog_number":"G205812901030","name":"GUIDE ARM"},{"catalog_number":"G205812901020","name":"WIPER BEARING"},{"catalog_number":"G205812901010","name":"ADAPTER"},{"catalog_number":"G205812170030","name":"WIPER ARM"},{"catalog_number":"G205812170021","name":"WIPER MOTOR"},{"catalog_number":"G205812132030","name":"SMALL PARTS KIT"},{"catalog_number":"G205812131170","name":"HEATING DEVICE"},{"catalog_number":"G205812130160","name":"CONTROL SWITCH"},{"catalog_number":"G205812130150","name":"FUEL DOSING PUMP"},{"catalog_number":"G205812130140","name":"RELAY"},{"catalog_number":"G205812130130","name":"CONTROL UNIT"},{"catalog_number":"G205810901010","name":"MODIFICATION KIT"},{"catalog_number":"G205810130010","name":"NOZZLE TOP"},{"catalog_number":"G205810120010","name":"RADIO BRACKET"},{"catalog_number":"G205810050010","name":"BACK PANEL"},{"catalog_number":"G205800901010","name":"BOLT"},{"catalog_number":"G205701022023","name":"ADJUSTMENT WHEEL"},{"catalog_number":"G205701021023","name":"ADJUSTMENT WHEEL"},{"catalog_number":"G205700013018","name":"ADJUSTMENT WHEEL"},{"catalog_number":"G205700010800","name":"ADJUSTMENT WHEEL"},{"catalog_number":"G205500911010","name":"LUMBAR SUPPORT"},{"catalog_number":"G205500906010","name":"TRAILER HITCH"},{"catalog_number":"G205500032030","name":"LAP BELT"},{"catalog_number":"G205500020010","name":"LOCK"},{"catalog_number":"G205400090060","name":"STEERING UNIT"},{"catalog_number":"G205400090030","name":"PRIORITY VALVE"},{"catalog_number":"G205301081020","name":"JOINTED SHAFT"},{"catalog_number":"G205301020710","name":"ROLLER CAGE"},{"catalog_number":"G205301020700","name":"ROLLER CAGE"},{"catalog_number":"G205301020500","name":"SENSOR"},{"catalog_number":"G205301020470","name":"JOINTED SHAFT"},{"catalog_number":"G205301020440","name":"JOINTED SHAFT"},{"catalog_number":"G205301020410","name":"BEVEL GEAR"},{"catalog_number":"G205301020370","name":"JOINTED SHAFT"},{"catalog_number":"G205301020360","name":"JOINTED SHAFT"},{"catalog_number":"G205301020320","name":"TAPER ROLLER BRG"},{"catalog_number":"G205301020290","name":"STUB SHAFT"},{"catalog_number":"G205301020170","name":"WHEEL HUB"},{"catalog_number":"G205301020160","name":"SPRING CONTACT"},{"catalog_number":"G205301020120","name":"CARRIER"},{"catalog_number":"G205301020100","name":"PINION GEAR SET"},{"catalog_number":"G205301020090","name":"AXLE INSERT"},{"catalog_number":"G205301020050","name":"AXLE ARCH"},{"catalog_number":"G205301020020","name":"KING PIN"},{"catalog_number":"G205300120020","name":"CYLINDER ROD"},{"catalog_number":"G205300120010","name":"STRG. CYL."},{"catalog_number":"G205200260021","name":"STOP CABLE"},{"catalog_number":"G205200220013","name":"ELECTRONICS BOX"},{"catalog_number":"G205200091020","name":"AIR FILTER"},{"catalog_number":"G205101070100","name":"PRESSURE SENSOR"},{"catalog_number":"G205100900010","name":"CONTROL CABLE"},{"catalog_number":"G205100350040","name":"ANGLE JOINT"},{"catalog_number":"G205100350030","name":"ANGLE JOINT"},{"catalog_number":"G199961900010","name":"FLAP COVER"},{"catalog_number":"G199960700100","name":"PRESS RLF VALVE"},{"catalog_number":"G199952130010","name":"CIRCUIT CONN."},{"catalog_number":"G199920900011","name":"CYLINDER"},{"catalog_number":"G199893901011","name":"HYD CYLINDER"},{"catalog_number":"G199893900011","name":"HYD CYLINDER"},{"catalog_number":"G199893020010","name":"DOUBLE PLUG"},{"catalog_number":"G199882020100","name":"CHECK VALVE"},{"catalog_number":"G199880010010","name":"AIR PRESSER"},{"catalog_number":"G199870052020","name":"BRACKET"},{"catalog_number":"G199870031020","name":"CRANK LIFT STRUT"},{"catalog_number":"G199860101020","name":"SLIP CONTROL"},{"catalog_number":"G199860101010","name":"OPERATING ELEMNT"},{"catalog_number":"G199860100050","name":"OPERATING ELEMNT"},{"catalog_number":"G199860030010","name":"HYD CYLINDER"},{"catalog_number":"G199700021013","name":"ADJUSTMENT WHEEL"},{"catalog_number":"G199552020100","name":"COMPRESSOR"},{"catalog_number":"G199551020021","name":"TENSION ROLLER"},{"catalog_number":"G199500120020","name":"HITCH PIN"},{"catalog_number":"G199500120010","name":"DRAFT ROD"},{"catalog_number":"G199302010010","name":"AXLE BEARING"},{"catalog_number":"G199301100052","name":"AXIAL TIE ROD"},{"catalog_number":"G199301100012","name":"AXIAL TIE ROD"},{"catalog_number":"G199204090010","name":"RAIN CAP"},{"catalog_number":"G199204050020","name":"COLLER LOCKING"},{"catalog_number":"G199204050010","name":"RADIATOR"},{"catalog_number":"G199204010020","name":"THERMOSTAT"},{"catalog_number":"G199201090020","name":"AIR FILTER"},{"catalog_number":"G199201040011","name":"VISCOUS COUPLING"},{"catalog_number":"G199200090010","name":"AIR FILTER"},{"catalog_number":"G199200060010","name":"TUBING"},{"catalog_number":"G199110470010","name":"PRESSURE SWITCH"},{"catalog_number":"G199110100040","name":"LIFTING MAGNET"},{"catalog_number":"G199110080101","name":"TAPER ROLLER BRG"},{"catalog_number":"G199104490017","name":"LUBE OIL PUMP"},{"catalog_number":"G199104360041","name":"MULTI SER SOLEND"},{"catalog_number":"G199104360020","name":"JOINT SHAFT"},{"catalog_number":"G199100490012","name":"LUBE OIL PUMP"},{"catalog_number":"G199100410031","name":"MAIN SHAFT"},{"catalog_number":"G199100410011","name":"MAIN SHAFT"},{"catalog_number":"G199100080020","name":"SPUR GEAR"},{"catalog_number":"G199100080010","name":"SPUR GEAR"},{"catalog_number":"G198950130010","name":"CIRCUIT CONN."},{"catalog_number":"G198902020011","name":"INSTR. CLUSTER"},{"catalog_number":"G198870051030","name":"UPPER LINK HOOK"},{"catalog_number":"G198863030010","name":"HYD CYLINDER"},{"catalog_number":"G198810151010","name":"REAR-VIEW MIRROR"},{"catalog_number":"G198810140020","name":"SQUARE NOZZLE"},{"catalog_number":"G198810140010","name":"NOZZLE TOP"},{"catalog_number":"G198700016018","name":"ADJUSTMENT WHEEL"},{"catalog_number":"G198550070010","name":"TEMP. CNTRL"},{"catalog_number":"G198550020011","name":"TENSION ROLLER"},{"catalog_number":"G198404900011","name":"LEVER"},{"catalog_number":"G198401092010","name":"SERVOSTAT"},{"catalog_number":"G198304100052","name":"AXIAL TIE ROD"},{"catalog_number":"G198304100012","name":"AXIAL TIE ROD"},{"catalog_number":"G198300120020","name":"CYLINDER ROD"},{"catalog_number":"G198300120011","name":"STRG. CYL."},{"catalog_number":"G198300100070","name":"AXIAL TIE ROD"},{"catalog_number":"G198300100030","name":"AXIAL TIE ROD"},{"catalog_number":"G198300080010","name":"DBL UNION SHAFT"},{"catalog_number":"G198201050020","name":"COLLER LOCKING"},{"catalog_number":"G198200913010","name":"EXTENSION TUBE"},{"catalog_number":"G198200912010","name":"EXH. WEATHER CAP"},{"catalog_number":"G198200260021","name":"STOP CABLE"},{"catalog_number":"G198200171010","name":"ENGINE BRAKE"},{"catalog_number":"G198200100010","name":"EXH. WEATHER CAP"},{"catalog_number":"G198200060010","name":"TUBING"},{"catalog_number":"G198200050020","name":"RADIATOR"},{"catalog_number":"G198104072100","name":"FIXED CALIPER"},{"catalog_number":"G198104070500","name":"FIXED CALIPER"},{"catalog_number":"G198100490012","name":"LUBE OIL PUMP"},{"catalog_number":"G198100360070","name":"JOINTED BEARING"},{"catalog_number":"G198100350010","name":"CONTROL CABLE"},{"catalog_number":"G198100100030","name":"CLUTCH MSTR CYL."},{"catalog_number":"G198100080020","name":"SPUR GEAR"},{"catalog_number":"G198100080010","name":"SPUR GEAR"},{"catalog_number":"G192970901011","name":"TRANSFORMER"},{"catalog_number":"G192892901010","name":"HYD CYLINDER"},{"catalog_number":"G192204172010","name":"ENGINE BRAKE"},{"catalog_number":"G186960900010","name":"END PLATE"},{"catalog_number":"G186953130010","name":"CIRCUIT CONN."},{"catalog_number":"G186893550110","name":"DIRECTIONAL VALV"}]}