{"machinery_brand_name":"Ag-Chem","parts":[{"catalog_number":"G186893510010","name":"SPLITTER"},{"catalog_number":"G186862070013","name":"LOAD BOLT"},{"catalog_number":"G186862030010","name":"CNTRL ARM HOLDER"},{"catalog_number":"G186861902010","name":"EXPANSION TANK"},{"catalog_number":"G186861901010","name":"HYD CYLINDER"},{"catalog_number":"G186861900010","name":"HYD CYLINDER"},{"catalog_number":"G186860175060","name":"HYD CYLINDER"},{"catalog_number":"G186860175010","name":"PRESS RLF VALVE"},{"catalog_number":"G186552050020","name":"EVAPORATOR"},{"catalog_number":"G186503900010","name":"LYNCH PIN"},{"catalog_number":"G186502900020","name":"GAS SPRING"},{"catalog_number":"G186401090190","name":"HOSE"},{"catalog_number":"G186401090180","name":"TRANSDUCER CYL."},{"catalog_number":"G186401090170","name":"STEERING COLUMN"},{"catalog_number":"G186301080010","name":"DBL UNION SHAFT"},{"catalog_number":"G186207050010","name":"RADIATOR"},{"catalog_number":"G186207040010","name":"VISCOUS COUPLING"},{"catalog_number":"G186205050010","name":"RADIATOR"},{"catalog_number":"G186200171010","name":"ENGINE BRAKE"},{"catalog_number":"G186200170010","name":"ENGINE BRAKE"},{"catalog_number":"G186200101020","name":"EXH. WEATHER CAP"},{"catalog_number":"G186200091020","name":"CYCL.AIR CLEANER"},{"catalog_number":"G186200091010","name":"AIR FILTER"},{"catalog_number":"G186200060030","name":"TUBING"},{"catalog_number":"G186200050010","name":"RADIATOR"},{"catalog_number":"G186126490010","name":"LUBE OIL PUMP"},{"catalog_number":"G186126080010","name":"TAPER ROLLER BRG"},{"catalog_number":"G183860010011","name":"WHEEL PUMP"},{"catalog_number":"G182703021048","name":"ADJUSTMENT WHEEL"},{"catalog_number":"G178960022011","name":"VALVE"},{"catalog_number":"G178960021011","name":"VALVE"},{"catalog_number":"G178940010020","name":"COVER"},{"catalog_number":"G178920070060","name":"BOLT"},{"catalog_number":"G178894530010","name":"HYD CYLINDER"},{"catalog_number":"G178894510010","name":"PRESS RLF VALVE"},{"catalog_number":"G178860060090","name":"CATCH"},{"catalog_number":"G178860060030","name":"FILTER ELEMENT"},{"catalog_number":"G178860030110","name":"HYD MAIN CNTRL"},{"catalog_number":"G178860030030","name":"STOP"},{"catalog_number":"G178810150010","name":"MIRROR BRACKET"},{"catalog_number":"G178810130020","name":"BLOWER"},{"catalog_number":"G178810130010","name":"BLOWER"},{"catalog_number":"G178810120110","name":"BUILT-IN CASE"},{"catalog_number":"G178810050050","name":"GRIP"},{"catalog_number":"G178701024028","name":"ADJUSTMENT WHEEL"},{"catalog_number":"G178701023013","name":"ADJUSTMENT WHEEL"},{"catalog_number":"G178600140011","name":"HYD CYLINDER"},{"catalog_number":"G178600047030","name":"BALL JOINT"},{"catalog_number":"G178600047020","name":"BALL JOINT"},{"catalog_number":"G178600040030","name":"ROCKER ARM LEVER"},{"catalog_number":"G178600040020","name":"ROCKER ARM LEVER"},{"catalog_number":"G178500913111","name":"HITCH PIN"},{"catalog_number":"G178500060080","name":"ENVELOPE"},{"catalog_number":"G178500060070","name":"TRAILER HITCH"},{"catalog_number":"G178500060011","name":"LOCKING SYSTEM"},{"catalog_number":"G178500020060","name":"BOLT"},{"catalog_number":"G178500020011","name":"MESH PANEL"},{"catalog_number":"G178302080011","name":"JOINTED SHAFT"},{"catalog_number":"G178300120030","name":"PISTON"},{"catalog_number":"G178300120011","name":"STRG. CYL."},{"catalog_number":"G178300110050","name":"BOLT"},{"catalog_number":"G178300010051","name":"AXLE BEARING"},{"catalog_number":"G178300010040","name":"AXLE BEARING"},{"catalog_number":"G178300010030","name":"AXLE BEARING"},{"catalog_number":"G178300010020","name":"AXLE BEARING"},{"catalog_number":"G178200060010","name":"FUEL CAP"},{"catalog_number":"G178156470010","name":"THREADED CONN."},{"catalog_number":"G178138350010","name":"CONTROL CABLE"},{"catalog_number":"G178109433030","name":"OUTER WHEEL"},{"catalog_number":"G178109432030","name":"OUTER WHEEL"},{"catalog_number":"G178109080010","name":"SPUR GEAR"},{"catalog_number":"G178109070110","name":"MSTR BRK CYL"},{"catalog_number":"G178109070060","name":"BRAKE PEDAL"},{"catalog_number":"G178109070050","name":"BRAKE PEDAL"},{"catalog_number":"G178100410010","name":"MAIN SHAFT"},{"catalog_number":"G178100200050","name":"CONTROL CABLE"},{"catalog_number":"G178100200040","name":"CONTROL CABLE"},{"catalog_number":"G178100200020","name":"COUPLING"},{"catalog_number":"G178100100061","name":"CLUTCH ACT. CYL."},{"catalog_number":"G178100080010","name":"SPUR GEAR"},{"catalog_number":"G175920900011","name":"CYLINDER"},{"catalog_number":"G175890905020","name":"FUSE"},{"catalog_number":"G175890905010","name":"HYD CYLINDER"},{"catalog_number":"G175890904010","name":"HYD CYLINDER"},{"catalog_number":"G175890510100","name":"VALVE"},{"catalog_number":"G175890510070","name":"PRESS RLF VALVE"},{"catalog_number":"G175890510050","name":"CHECK VALVE"},{"catalog_number":"G175890510040","name":"PRESS RLF VALVE"},{"catalog_number":"G175890510021","name":"VALVE BLOCK"},{"catalog_number":"G175890510010","name":"VALVE BLOCK"},{"catalog_number":"G175890071060","name":"2-WAY VALVE"},{"catalog_number":"G175890071050","name":"SAFETY VALVE"},{"catalog_number":"G175202060010","name":"FUEL TANK"},{"catalog_number":"G175200101010","name":"EXH. WEATHER CAP"},{"catalog_number":"G175112410030","name":"MAIN SHAFT"},{"catalog_number":"G175112410010","name":"MAIN SHAFT"},{"catalog_number":"G170893900010","name":"PRESS RLF VALVE"},{"catalog_number":"G170892530030","name":"HYD CYLINDER"},{"catalog_number":"G170892510010","name":"PRESS RLF VALVE"},{"catalog_number":"G170892020011","name":"SPRING STUD"},{"catalog_number":"G170400091020","name":"STEERING SPINDLE"},{"catalog_number":"G170400090030","name":"STEERING COLUMN"},{"catalog_number":"G168303100052","name":"AXIAL TIE ROD"},{"catalog_number":"G168303100012","name":"AXIAL TIE ROD"},{"catalog_number":"G168300100060","name":"AXIAL TIE ROD"},{"catalog_number":"G168300100020","name":"AXIAL TIE ROD"},{"catalog_number":"G168205091020","name":"CYCL.AIR CLEANER"},{"catalog_number":"G168205090010","name":"AIR FILTER"},{"catalog_number":"G168100410010","name":"MAIN SHAFT"},{"catalog_number":"G167860030030","name":"STOP"},{"catalog_number":"G167700010018","name":"ADJUSTMENT WHEEL"},{"catalog_number":"G167400010050","name":"SERVOSTAT"},{"catalog_number":"G166940010010","name":"WHEEL PUMP"},{"catalog_number":"G166401120030","name":"BALL JOINT"},{"catalog_number":"G166101904010","name":"CONTROL CABLE"},{"catalog_number":"G165300062030","name":"RING"},{"catalog_number":"G162901040021","name":"ELECTRIC SYSTEM"},{"catalog_number":"G162901040010","name":"RETAINER"},{"catalog_number":"G162202090010","name":"AIR FILTER"},{"catalog_number":"G162202051010","name":"RADIATOR"},{"catalog_number":"G158920010010","name":"HYD CYLINDER"},{"catalog_number":"G158892100010","name":"HYD CYLINDER"},{"catalog_number":"G158300120030","name":"PISTON"},{"catalog_number":"G158300060010","name":"ADJUSTING MEMBER"},{"catalog_number":"G158109151100","name":"TAPER ROLLER BRG"},{"catalog_number":"G158100150020","name":"WHL BRAKING CYL."},{"catalog_number":"G156308120120","name":"STRG. CYL."},{"catalog_number":"G156308020460","name":"STUB SHAFT"},{"catalog_number":"G156308020410","name":"STUB SHAFT"},{"catalog_number":"G156308020080","name":"MUDGUARD PLATE"},{"catalog_number":"G156308020030","name":"DIFF BVL GEARSET"},{"catalog_number":"G155940010010","name":"WHEEL PUMP"},{"catalog_number":"G155302120210","name":"BALL JOINT"},{"catalog_number":"G155302120200","name":"BALL JOINT"},{"catalog_number":"G155302120160","name":"BALL JOINT"},{"catalog_number":"G155302120150","name":"BALL JOINT"},{"catalog_number":"G155302120130","name":"CYLINDER ROD"},{"catalog_number":"G155302120120","name":"STRG. CYL."},{"catalog_number":"G155302020460","name":"STUB SHAFT"},{"catalog_number":"G155302020420","name":"STUB SHAFT"},{"catalog_number":"G155302020410","name":"STUB SHAFT"},{"catalog_number":"G155302020080","name":"SET OF FINS"},{"catalog_number":"G155302020070","name":"DIFF. GEAR WHEEL"},{"catalog_number":"G155302020030","name":"BEVEL GEAR"},{"catalog_number":"G155302010021","name":"AXLE BEARING"},{"catalog_number":"G155103900010","name":"CONTROL CABLE"},{"catalog_number":"G152109070110","name":"MSTR BRK CYL"},{"catalog_number":"G150107320021","name":"CONTROL RING"},{"catalog_number":"G149940010010","name":"WHEEL PUMP"},{"catalog_number":"G149880010020","name":"AIR PRESSER"},{"catalog_number":"G149870040021","name":"SUPPORT"},{"catalog_number":"G149870040011","name":"SUPPORT"},{"catalog_number":"G149860030160","name":"CYLINDER COVER"},{"catalog_number":"G149810130170","name":"HEATING DEVICE"},{"catalog_number":"G149810130050","name":"FRONT NOZZLE"},{"catalog_number":"G149810130030","name":"NOZZLE"},{"catalog_number":"G149810070080","name":"FENDER"},{"catalog_number":"G149550070010","name":"PRESSURE SWITCH"},{"catalog_number":"G149550060010","name":"CONDENSER"},{"catalog_number":"G149500450010","name":"SPRING ACCUM."},{"catalog_number":"G149500200070","name":"BOLT"},{"catalog_number":"G149500130010","name":"COVER BONNET"},{"catalog_number":"G149200100010","name":"EXHAUST PIPE"},{"catalog_number":"G149200060030","name":"FUEL TANK"},{"catalog_number":"G149200060021","name":"FUEL LVL. SENSOR"},{"catalog_number":"G149200060012","name":"FUEL LVL. SENSOR"},{"catalog_number":"G149200010100","name":"LIFTING MAGNET"},{"catalog_number":"G149200010030","name":"VIBRATION DAMPER"},{"catalog_number":"G149100360030","name":"LIGHT STRIP"},{"catalog_number":"G149100200020","name":"CONTROL CABLE"},{"catalog_number":"G149100030010","name":"HAND BRAKE CABLE"},{"catalog_number":"G148200060011","name":"FUEL LVL. SENSOR"},{"catalog_number":"G148106240010","name":"JOINTED SHAFT"},{"catalog_number":"G146308120130","name":"CYLINDER ROD"},{"catalog_number":"G146308120120","name":"STRG. CYL."},{"catalog_number":"G146308020410","name":"STUB SHAFT"},{"catalog_number":"G145860050040","name":"SLIDING VALVE"},{"catalog_number":"G145860050020","name":"END PLATE"},{"catalog_number":"G145700014023","name":"ADJUSTMENT WHEEL"},{"catalog_number":"G145700013013","name":"ADJUSTMENT WHEEL"},{"catalog_number":"G145700011068","name":"ADJUSTMENT WHEEL"},{"catalog_number":"G145700011023","name":"ADJUSTMENT WHEEL"},{"catalog_number":"G145500062010","name":"DOUBLE BOLT"},{"catalog_number":"G145404120021","name":"STRG. CYL."},{"catalog_number":"G145400030011","name":"TRACK ROD"},{"catalog_number":"G145105900010","name":"CONTROL CABLE"},{"catalog_number":"G144940012010","name":"WHEEL PUMP"},{"catalog_number":"G144400030011","name":"TRACK ROD"},{"catalog_number":"G139861030010","name":"TRANSDUCER BOLT"},{"catalog_number":"G139604130010","name":"THROTTLE VALVE"},{"catalog_number":"G139103070020","name":"BANDBRAKE"},{"catalog_number":"G139103070010","name":"BANDBRAKE"},{"catalog_number":"G138804200130","name":"DOOR"},{"catalog_number":"G138506060040","name":"TENSION BOLT"},{"catalog_number":"G138204101010","name":"EXH. WEATHER CAP"},{"catalog_number":"G138204010050","name":"BOWDEN CABLE"},{"catalog_number":"G135954130010","name":"MULTITUBE CONN."},{"catalog_number":"G135606030020","name":"FUSE"},{"catalog_number":"G131601041040","name":"KNIFE BALL JOINT"},{"catalog_number":"G131601041020","name":"ROCKER ARM LEVER"},{"catalog_number":"G131601040080","name":"BALL JOINT"},{"catalog_number":"G131208010020","name":"BOWDEN CABLE"},{"catalog_number":"G119300100050","name":"AXIAL TIE ROD"},{"catalog_number":"G119300100010","name":"AXIAL TIE ROD"},{"catalog_number":"G118870030021","name":"LIFT BRACE"},{"catalog_number":"G117972010026","name":"INSTR. CLUSTER"},{"catalog_number":"G117972010010","name":"PRESSURE SWITCH"},{"catalog_number":"G117970010010","name":"DIGITAL DISPLAY"},{"catalog_number":"G117961030012","name":"CONTROL VALVE"},{"catalog_number":"G117961021025","name":"DIRECTIONAL VALV"},{"catalog_number":"G117961020050","name":"PRESS RLF VALVE"},{"catalog_number":"G117961020033","name":"CONNECTOR PLATE"},{"catalog_number":"G117951250020","name":"OIL TEMP CNTRL"},{"catalog_number":"G117951130030","name":"VALVE"},{"catalog_number":"G117941010011","name":"WHEEL PUMP"},{"catalog_number":"G117940011010","name":"WHEEL PUMP"},{"catalog_number":"G117921070021","name":"CONTROL ARM"},{"catalog_number":"G117921070011","name":"CONTROL ARM"},{"catalog_number":"G117921020010","name":"CYLINDER"},{"catalog_number":"G117920031011","name":"BALL VALVE"},{"catalog_number":"G117902020060","name":"PRESSURE SWITCH"},{"catalog_number":"G117902020050","name":"PRESSURE SWITCH"},{"catalog_number":"G117902020020","name":"IGNITION SWITCH"},{"catalog_number":"G117902020010","name":"IGNITION SWITCH"},{"catalog_number":"G117901021070","name":"PRESSURE SWITCH"},{"catalog_number":"G117900111010","name":"PRESSURE SWITCH"},{"catalog_number":"G117900020013","name":"BLINKER RELAY"},{"catalog_number":"G117891070030","name":"VALVE BLOCK"},{"catalog_number":"G117891070021","name":"VALVE BLOCK"},{"catalog_number":"G117891060010","name":"HYD CYLINDER"},{"catalog_number":"G117891030040","name":"HOIST"},{"catalog_number":"G117891030030","name":"CYLINDER"},{"catalog_number":"G117881020010","name":"PRESS. INDIC."},{"catalog_number":"G117880020020","name":"THREADED CONN."},{"catalog_number":"G117880010020","name":"TENSION ROLLER"},{"catalog_number":"G117870050010","name":"CONTROL ARM"},{"catalog_number":"G117870030021","name":"LIFT BRACE"},{"catalog_number":"G117862100301","name":"CIRCUIT BOARD"},{"catalog_number":"G117862100200","name":"CIRCUIT BOARD"},{"catalog_number":"G117862100043","name":"ELECTRONICS BOX"},{"catalog_number":"G117862060260","name":"FILTER ELEMENT"},{"catalog_number":"G117861030160","name":"CYLINDER COVER"},{"catalog_number":"G117861030110","name":"HYD MAIN CNTRL"},{"catalog_number":"G117811130010","name":"INTAKE CONDUIT"},{"catalog_number":"G117811030030","name":"HINGE"},{"catalog_number":"G117811030020","name":"HINGE"},{"catalog_number":"G117810150011","name":"MIRROR BRACKET"},{"catalog_number":"G117810030290","name":"LOCK"},{"catalog_number":"G117810030270","name":"LOCK"},{"catalog_number":"G117810030080","name":"SNAP FASTEN HNDL"},{"catalog_number":"G117552030040","name":"COOLANT HOSE"},{"catalog_number":"G117552030030","name":"COOLANT HOSE"},{"catalog_number":"G117552030021","name":"COOLANT HOSE"},{"catalog_number":"G117552030011","name":"COOLANT HOSE"},{"catalog_number":"G117551020111","name":"COMPRESSOR"},{"catalog_number":"G117501070200","name":"BOLT"},{"catalog_number":"G117501041020","name":"COVER PANEL"},{"catalog_number":"G117501041010","name":"TOOL BOX"},{"catalog_number":"G117501020151","name":"FRONT GRILLE"},{"catalog_number":"G117500020080","name":"SIDE COVERING"},{"catalog_number":"G117500020070","name":"SIDE COVERING"},{"catalog_number":"G117500020061","name":"SIDE COVERING"},{"catalog_number":"G117500020050","name":"SIDE COVERING"},{"catalog_number":"G117401091010","name":"SERVOSTAT"},{"catalog_number":"G117401090020","name":"SERVOSTAT"},{"catalog_number":"G117300120010","name":"STRG. CYL."},{"catalog_number":"G117300010010","name":"AXLE BEARING"},{"catalog_number":"G117202170010","name":"BOWDEN CABLE"},{"catalog_number":"G117202050100","name":"COOLER"},{"catalog_number":"G117202040100","name":"VISCOUS COUPLING"},{"catalog_number":"G117201060011","name":"FUEL LVL. SENSOR"},{"catalog_number":"G117201050100","name":"COOLER"},{"catalog_number":"G117201040100","name":"VISCOUS COUPLING"},{"catalog_number":"G117201020010","name":"BOWDEN CABLE"},{"catalog_number":"G117200250110","name":"ENG. PRE-HEATER"},{"catalog_number":"G117200100031","name":"PROFILE CLIP"},{"catalog_number":"G117200090200","name":"AIR FILTER"},{"catalog_number":"G117200060040","name":"FUEL TANK"},{"catalog_number":"G117200060020","name":"FUEL LVL. SENSOR"},{"catalog_number":"G117200050200","name":"COOLER"},{"catalog_number":"G117200050120","name":"COLLER LOCKING"},{"catalog_number":"G117200050110","name":"EXPANSION TANK"},{"catalog_number":"G117200040110","name":"VISCOUS COUPLING"},{"catalog_number":"G117200020010","name":"BOWDEN CABLE"},{"catalog_number":"G117108600020","name":"CONTROL VALVE"},{"catalog_number":"G117108350121","name":"CONTROL CABLE"},{"catalog_number":"G117108350010","name":"OPERATING CYL."},{"catalog_number":"G117108200020","name":"CONTROL CABLE"},{"catalog_number":"G117108100100","name":"CLUTCH ACT. CYL."},{"catalog_number":"G117105070100","name":"MSTR BRK CYL"},{"catalog_number":"G117100351011","name":"CONTROL CABLE"},{"catalog_number":"G117100101100","name":"CLUTCH ACT. CYL."},{"catalog_number":"G013861030070","name":"BOLT"},{"catalog_number":"G013830010010","name":"WEDGE"},{"catalog_number":"G013820010040","name":"GUIDE BOLT"},{"catalog_number":"G001990201030","name":"SET OF FINS"},{"catalog_number":"G001990201020","name":"SET OF FINS"},{"catalog_number":"G001990201010","name":"KIT, RING"},{"catalog_number":"G001990200990","name":"KIT, WASHER"},{"catalog_number":"G001990200970","name":"WASHER SET"},{"catalog_number":"G001990200951","name":"CROWN WHEEL KIT"},{"catalog_number":"G001990200940","name":"WASHER SET"},{"catalog_number":"G001990200900","name":"WASHER SET"},{"catalog_number":"G001990200890","name":"WASHER SET"},{"catalog_number":"G001990200880","name":"WASHER SET"},{"catalog_number":"G001990200840","name":"WASHER SET"},{"catalog_number":"G001990200820","name":"WASHER SET"},{"catalog_number":"G001990200810","name":"SHIMS"},{"catalog_number":"G001990200780","name":"SHIMS"},{"catalog_number":"G001990200740","name":"WASHER SET"},{"catalog_number":"G001990200720","name":"WASHER SET"},{"catalog_number":"G001990200660","name":"WASHER SET"},{"catalog_number":"G001990200650","name":"WASHER SET"},{"catalog_number":"G001990200610","name":"SET OF FINS"},{"catalog_number":"G001990200600","name":"SET OF FINS"},{"catalog_number":"G001990200590","name":"SET OF FINS"},{"catalog_number":"G001990200580","name":"WASHER SET"},{"catalog_number":"G001990200560","name":"SET OF FINS"},{"catalog_number":"G001990200550","name":"WASHER SET"},{"catalog_number":"G001990200540","name":"WASHER SET"},{"catalog_number":"G001990200520","name":"WASHER SET"},{"catalog_number":"G001990200510","name":"WASHER SET"},{"catalog_number":"G001990200500","name":"WASHER SET"},{"catalog_number":"G001990200440","name":"CIRCLIP SET"},{"catalog_number":"G001990200420","name":"SET OF FINS"},{"catalog_number":"G001990200400","name":"WASHER SET"},{"catalog_number":"G001990200390","name":"ORIFICE KIT"},{"catalog_number":"G001990200380","name":"PISTON KIT"},{"catalog_number":"G001990200370","name":"SET OF FINS"},{"catalog_number":"G001990200360","name":"WASHER SET"},{"catalog_number":"G001990200350","name":"WASHER SET"},{"catalog_number":"G001990200340","name":"WASHER SET"},{"catalog_number":"G001990200320","name":"SET OF FINS"},{"catalog_number":"G001990200310","name":"WASHER SET"},{"catalog_number":"G001990200300","name":"WASHER SET"},{"catalog_number":"G001990200290","name":"WASHER SET"},{"catalog_number":"G001990200280","name":"WASHER SET"},{"catalog_number":"G001990200270","name":"WASHER SET"},{"catalog_number":"G001990200260","name":"KEYED BUSHING"},{"catalog_number":"G001990200250","name":"WASHER SET"},{"catalog_number":"G001990200240","name":"SET OF FINS"},{"catalog_number":"G001990200230","name":"SET OF FINS"},{"catalog_number":"G001990200220","name":"WASHER SET"},{"catalog_number":"G001990200210","name":"WASHER SET"},{"catalog_number":"G001990200200","name":"WASHER SET"},{"catalog_number":"G001990200170","name":"WASHER SET"},{"catalog_number":"G001990200160","name":"STRIP TRIM"},{"catalog_number":"G001990200130","name":"WASHER SET"},{"catalog_number":"G001990200100","name":"WASHER SET"},{"catalog_number":"G001990200090","name":"WASHER SET"},{"catalog_number":"G001990200080","name":"CIRCLIP SET"},{"catalog_number":"G001990200070","name":"RETNG. RING SET"},{"catalog_number":"G001990200060","name":"RETNG. RING SET"},{"catalog_number":"G001990200050","name":"WASHER SET"},{"catalog_number":"G001990200040","name":"WASHER SET"},{"catalog_number":"G001990200030","name":"CONST-VEL. JOINT"},{"catalog_number":"G001990200020","name":"WASHER SET"},{"catalog_number":"G001990200010","name":"KIT, REPAIR"},{"catalog_number":"G001990011500","name":"KIT, SEAL"},{"catalog_number":"G001990011490","name":"KIT, SEAL"},{"catalog_number":"G001990011460","name":"SEAL KIT"},{"catalog_number":"G001990011450","name":"KIT, SEAL"},{"catalog_number":"G001990011440","name":"SEAL KIT"},{"catalog_number":"G001990011410","name":"SEAL KIT"},{"catalog_number":"G001990011400","name":"KIT, SEAL"},{"catalog_number":"G001990011390","name":"SEAL KIT"},{"catalog_number":"G001990011380","name":"SEAL KIT"},{"catalog_number":"G001990011370","name":"KIT, SEAL"},{"catalog_number":"G001990011360","name":"KIT, SEAL"},{"catalog_number":"G001990011350","name":"KIT, SEAL"},{"catalog_number":"G001990011340","name":"KIT, SEAL"},{"catalog_number":"G001990011330","name":"SEAL KIT"},{"catalog_number":"G001990011320","name":"KIT, SEAL"},{"catalog_number":"G001990011300","name":"SEAL KIT"},{"catalog_number":"G001990011290","name":"SEAL KIT"},{"catalog_number":"G001990011280","name":"KIT, SEAL"},{"catalog_number":"G001990011260","name":"KIT, SEAL"},{"catalog_number":"G001990011250","name":"SEAL KIT"},{"catalog_number":"G001990011240","name":"SEAL KIT"},{"catalog_number":"G001990011220","name":"SEAL KIT"},{"catalog_number":"G001990011210","name":"KIT, SEAL"},{"catalog_number":"G001990011200","name":"SEAL KIT"},{"catalog_number":"G001990011190","name":"KIT, SEAL"},{"catalog_number":"G001990011180","name":"SEAL KIT"},{"catalog_number":"G001990011170","name":"KIT, SEAL"},{"catalog_number":"G001990011160","name":"KIT, SEAL"},{"catalog_number":"G001990011140","name":"SEAL KIT"},{"catalog_number":"G001990011130","name":"KIT, SEAL"},{"catalog_number":"G001990011120","name":"KIT, SEAL"},{"catalog_number":"G001990011110","name":"KIT, SEAL"},{"catalog_number":"G001990011100","name":"KIT, SEAL"},{"catalog_number":"G001990011090","name":"KIT, SEAL"},{"catalog_number":"G001990011080","name":"KIT, SEAL"},{"catalog_number":"G001990011070","name":"SEAL KIT"},{"catalog_number":"G001990011050","name":"KIT, SEAL"},{"catalog_number":"G001990011040","name":"KIT, SEAL"},{"catalog_number":"G001990011030","name":"SEAL KIT"},{"catalog_number":"G001990011020","name":"SEAL KIT"},{"catalog_number":"G001990011010","name":"SEAL KIT"},{"catalog_number":"G001990010990","name":"SEAL KIT"},{"catalog_number":"G001990010980","name":"SEAL KIT"},{"catalog_number":"G001990010970","name":"SEAL KIT"},{"catalog_number":"G001990010960","name":"SEAL KIT"},{"catalog_number":"G001990010950","name":"SEAL KIT"},{"catalog_number":"G001990010940","name":"SEAL KIT"},{"catalog_number":"G001990010930","name":"SEAL KIT"},{"catalog_number":"G001990010910","name":"SEAL KIT"},{"catalog_number":"G001990010900","name":"SEAL KIT"},{"catalog_number":"G001990010890","name":"SEAL KIT"},{"catalog_number":"G001990010880","name":"SEAL KIT"},{"catalog_number":"G001990010870","name":"SEAL KIT"},{"catalog_number":"G001990010860","name":"SEAL KIT"},{"catalog_number":"G001990010850","name":"ATTACHMENT SEAL"},{"catalog_number":"G001990010840","name":"ATTACHMENT SEAL"},{"catalog_number":"G001990010830","name":"ATTACHMENT SEAL"},{"catalog_number":"G001990010820","name":"ATTACHMENT SEAL"},{"catalog_number":"G001990010810","name":"ATTACHMENT SEAL"},{"catalog_number":"G001990010790","name":"ATTACHMENT SEAL"},{"catalog_number":"G001990010780","name":"ATTACHMENT SEAL"},{"catalog_number":"G001990010770","name":"SEAL KIT"},{"catalog_number":"G001990010760","name":"SEAL KIT"},{"catalog_number":"G001990010750","name":"SEAL KIT"},{"catalog_number":"G001990010740","name":"SEAL KIT"},{"catalog_number":"G001990010730","name":"SEAL KIT"},{"catalog_number":"G001990010720","name":"SEAL KIT"},{"catalog_number":"G001990010710","name":"SEAL KIT"},{"catalog_number":"G001990010700","name":"SEAL KIT"},{"catalog_number":"G001990010690","name":"SEAL KIT"},{"catalog_number":"G001990010670","name":"SEAL KIT"},{"catalog_number":"G001990010660","name":"SEAL KIT"},{"catalog_number":"G001990010650","name":"SEAL KIT"},{"catalog_number":"G001990010640","name":"SEAL KIT"},{"catalog_number":"G001990010630","name":"SEAL KIT"},{"catalog_number":"G001990010620","name":"SEAL KIT"},{"catalog_number":"G001990010610","name":"SEAL KIT"},{"catalog_number":"G001990010590","name":"SEAL KIT"},{"catalog_number":"G001990010580","name":"SEAL KIT"},{"catalog_number":"G001990010570","name":"SEAL KIT"},{"catalog_number":"G001990010270","name":"SEAL KIT"},{"catalog_number":"G001990010260","name":"SEAL KIT"},{"catalog_number":"G001990010250","name":"SEAL KIT"},{"catalog_number":"G001990010240","name":"SEAL KIT"},{"catalog_number":"G001990010230","name":"SEAL KIT"},{"catalog_number":"G001990010210","name":"SEAL KIT"},{"catalog_number":"G001990010200","name":"SEAL KIT"},{"catalog_number":"G001990010150","name":"SEAL KIT"},{"catalog_number":"G001990010140","name":"SEAL KIT"},{"catalog_number":"G001990010130","name":"SEAL KIT"},{"catalog_number":"G001990010120","name":"SEAL KIT"},{"catalog_number":"G001990010090","name":"SEAL KIT"},{"catalog_number":"G001990010080","name":"SEAL KIT"},{"catalog_number":"G001990010060","name":"SEAL KIT"},{"catalog_number":"G001990010030","name":"SEAL KIT"},{"catalog_number":"G001990010020","name":"SEAL KIT"},{"catalog_number":"G001990010010","name":"SEAL KIT"},{"catalog_number":"F954960300030","name":"ORIFICE"},{"catalog_number":"F954960300020","name":"PRESS.COMPENSAT."},{"catalog_number":"F954960300010","name":"SEAL KIT"},{"catalog_number":"F954900040210","name":"KIT, REPAIR"},{"catalog_number":"F954900040200","name":"KIT, REPAIR"},{"catalog_number":"F954900040190","name":"RETNG SHT METAL"},{"catalog_number":"F954900040180","name":"HOLDER"},{"catalog_number":"F954900040170","name":"HOLDER"},{"catalog_number":"F954900040160","name":"HOLDER"},{"catalog_number":"F954900040150","name":"HOLDER"},{"catalog_number":"F954900040140","name":"HOLDER"},{"catalog_number":"F954900040130","name":"HOLDER"},{"catalog_number":"F954900040120","name":"HOLDER"},{"catalog_number":"F954900040110","name":"HOLDER"},{"catalog_number":"F954900040100","name":"HOLDER"},{"catalog_number":"F954900040090","name":"HOLDER"},{"catalog_number":"F954900040080","name":"HOLDER"},{"catalog_number":"F954900040070","name":"HOLDER"},{"catalog_number":"F954900040060","name":"HOLDER"},{"catalog_number":"F954900040050","name":"CLIP"},{"catalog_number":"F954900040040","name":"RETAINING STRAP"},{"catalog_number":"F954900040030","name":"MOUNTING ANGLE"},{"catalog_number":"F954900040020","name":"RETAINING STRAP"},{"catalog_number":"F954900010010","name":"V BELT SHEAVE"},{"catalog_number":"F954871507040","name":"CLEVIS PIN"},{"catalog_number":"F954871507030","name":"BOLT"},{"catalog_number":"F954871507020","name":"BLANK HOLDER"},{"catalog_number":"F954871507010","name":"PIN AND CHAIN"},{"catalog_number":"F954307220040","name":"COVER"},{"catalog_number":"F954307220030","name":"HOUSING"},{"catalog_number":"F954307220020","name":"HOUSING"},{"catalog_number":"F954307220010","name":"WHEEL HUB"},{"catalog_number":"F954307051050","name":"PLATE"},{"catalog_number":"F954305220040","name":"SPACER BUSHING"},{"catalog_number":"F954305220010","name":"HOUSING"},{"catalog_number":"F954305210050","name":"SCREW"},{"catalog_number":"F954305210040","name":"SEALING WASHER"},{"catalog_number":"F954305210030","name":"SCREW"},{"catalog_number":"F954305200060","name":"DISC"},{"catalog_number":"F954305200050","name":"SOCKET HEAD BOLT"},{"catalog_number":"F954305200040","name":"CYLINDER PIN"},{"catalog_number":"F954305200030","name":"ROD SEAL"},{"catalog_number":"F954305200010","name":"PISTON"},{"catalog_number":"F954305190060","name":"KIT, WASHER"},{"catalog_number":"F954305190050","name":"SOCKET HEAD BOLT"},{"catalog_number":"F954305190040","name":"KIT, WASHER"},{"catalog_number":"F954305190030","name":"KIT, WASHER"},{"catalog_number":"F954305190020","name":"KIT, BEVEL GEAR"},{"catalog_number":"F954305190010","name":"KIT, WASHER"},{"catalog_number":"F954305120040","name":"GUIDE BUSH"},{"catalog_number":"F954305120030","name":"SEAL KIT"},{"catalog_number":"F954305050030","name":"SPRING CYLINDER"},{"catalog_number":"F954301220330","name":"BUSH"},{"catalog_number":"F954301220300","name":"IMPULSE ROTOR"},{"catalog_number":"F954301220290","name":"O-RING"},{"catalog_number":"F954301220280","name":"INTERM. BUSH"},{"catalog_number":"F954301220270","name":"SENSOR"},{"catalog_number":"F954301220260","name":"COVER"},{"catalog_number":"F954301220250","name":"HOLDER"},{"catalog_number":"F954301220240","name":"HOSE CLAMP"},{"catalog_number":"F954301220230","name":"BUSH"},{"catalog_number":"F954301220220","name":"O RING"},{"catalog_number":"F954301220210","name":"SPACER RING"},{"catalog_number":"F954301220190","name":"DISC"},{"catalog_number":"F954301220180","name":"DISC"},{"catalog_number":"F954301220170","name":"DISC"},{"catalog_number":"F954301220160","name":"DISC"},{"catalog_number":"F954301220150","name":"DISC"},{"catalog_number":"F954301220140","name":"DISC"},{"catalog_number":"F954301220130","name":"DISC"},{"catalog_number":"F954301220120","name":"DISC"},{"catalog_number":"F954301220110","name":"DISC"},{"catalog_number":"F954301220100","name":"CORRUGATED PIPE"},{"catalog_number":"F954301220090","name":"JOINTED SHAFT"},{"catalog_number":"F954301220070","name":"CIRCLIP"},{"catalog_number":"F954301220060","name":"BUSH"},{"catalog_number":"F954301220050","name":"CIRCLIP"},{"catalog_number":"F954301220040","name":"HOUSING"},{"catalog_number":"F954301220020","name":"WHEEL HUB"},{"catalog_number":"F954301220010","name":"CARRIER"},{"catalog_number":"F954301051070","name":"SEAL KIT"},{"catalog_number":"F954301051060","name":"RING"},{"catalog_number":"F954301051050","name":"HOSE CLAMP"},{"catalog_number":"F954301051040","name":"WISHBONE, LH"},{"catalog_number":"F954301051030","name":"WISHBONE, RH"},{"catalog_number":"F954301051010","name":"PLATE"},{"catalog_number":"F954300231020","name":"SEAL KIT"},{"catalog_number":"F954300231010","name":"O-RING"},{"catalog_number":"F954200710070","name":"THREADED BUSH"},{"catalog_number":"F954200710060","name":"VOLTAG REGULATOR"},{"catalog_number":"F954200710050","name":"CLIP"},{"catalog_number":"F954200710040","name":"INJECTION LINE"},{"catalog_number":"F954200710030","name":"INJECTION LINE"},{"catalog_number":"F954200710020","name":"INJECTOR"},{"catalog_number":"F954200710010","name":"FUEL LINE"},{"catalog_number":"F954200610060","name":"WATER PUMP"},{"catalog_number":"F954200610050","name":"HOUSING"},{"catalog_number":"F954200610040","name":"HOSE CONNECTION"},{"catalog_number":"F954200610030","name":"WATER PUMP"},{"catalog_number":"F954200610020","name":"SUPPORT PANEL"},{"catalog_number":"F954200610010","name":"HOUSING"},{"catalog_number":"F954200510110","name":"LOCK WASHER"},{"catalog_number":"F954200510100","name":"THROTTLE"},{"catalog_number":"F954200510090","name":"O-RING"},{"catalog_number":"F954200510080","name":"O-RING"},{"catalog_number":"F954200510070","name":"WATER PIPE"},{"catalog_number":"F954200510060","name":"PIN BRACKET"},{"catalog_number":"F954200510050","name":"WATER PIPE"},{"catalog_number":"F954200510040","name":"HOUSING GASKET"},{"catalog_number":"F954200510030","name":"OIL COOLER HSG"},{"catalog_number":"F954200510010","name":"OIL FILTER"},{"catalog_number":"F954200410060","name":"CAMSHAFT"},{"catalog_number":"F954200410050","name":"BRIDGE"},{"catalog_number":"F954200410030","name":"ROCKER ARM"},{"catalog_number":"F954200410020","name":"ROCKER ARM"},{"catalog_number":"F954200410010","name":"ROCKER ARM SUPP"},{"catalog_number":"F954200310090","name":"PISTON PIN"},{"catalog_number":"F954200310080","name":"KIT, PISTON RING"},{"catalog_number":"F954200310070","name":"PISTON"},{"catalog_number":"F954200310060","name":"CONROD BEARING"},{"catalog_number":"F954200310050","name":"CONROD BEARING"},{"catalog_number":"F954200310020","name":"KIT, PISTON RING"},{"catalog_number":"F954200210340","name":"HOLDER"},{"catalog_number":"F954200210330","name":"DATA CARD"},{"catalog_number":"F954200210320","name":"DATA CARD"},{"catalog_number":"F954200210310","name":"DATA CARD"},{"catalog_number":"F954200210300","name":"DATA CARD"},{"catalog_number":"F954200210290","name":"HEAT SHIELD"},{"catalog_number":"F954200210280","name":"CRANKSHAFT"},{"catalog_number":"F954200210270","name":"CLIP"},{"catalog_number":"F954200210260","name":"BRACE"},{"catalog_number":"F954200210250","name":"HARNESS"},{"catalog_number":"F954200210240","name":"SOCKET HEAD BOLT"},{"catalog_number":"F954200210230","name":"RETNG SHT METAL"},{"catalog_number":"F954200210210","name":"ROLL PIN"},{"catalog_number":"F954200210200","name":"PLUG SCREW"},{"catalog_number":"F954200210190","name":"STRAP PLATE"},{"catalog_number":"F954200210180","name":"HEAD GASKET"},{"catalog_number":"F954200210170","name":"HEAD GASKET"},{"catalog_number":"F954200210160","name":"CYLINDER HEAD"},{"catalog_number":"F954200210130","name":"COVER"},{"catalog_number":"F954200210110","name":"CYLINDER HEAD"},{"catalog_number":"F954200210090","name":"VALVE SEAT RING"},{"catalog_number":"F954200210080","name":"EXHAUST VALVE"},{"catalog_number":"F954200210070","name":"VALVE SEAT RING"}]}