{"machinery_brand_name":"Ag-Chem","parts":[{"catalog_number":"H199110901020","name":"LINE"},{"catalog_number":"H199110901010","name":"LINE"},{"catalog_number":"H199110900020","name":"PRESSURE LINE"},{"catalog_number":"H199110900010","name":"PRESSURE LINE"},{"catalog_number":"H199110620020","name":"PRESSURE LINE"},{"catalog_number":"H199110620011","name":"PRESSURE LINE"},{"catalog_number":"H199110470080","name":"HOSE LINE"},{"catalog_number":"H199110470070","name":"OIL LINE"},{"catalog_number":"H199110470060","name":"OIL LINE"},{"catalog_number":"H199110470030","name":"PRESSURE LINE"},{"catalog_number":"H199110470010","name":"PRESSURE LINE"},{"catalog_number":"H199110300030","name":"DRIVER"},{"catalog_number":"H199110300020","name":"LEVER"},{"catalog_number":"H199110300010","name":"ROD"},{"catalog_number":"H199110200030","name":"LINE"},{"catalog_number":"H199110200020","name":"SHIFTER RAIL"},{"catalog_number":"H199110150120","name":"BRAKE CAM"},{"catalog_number":"H199110150110","name":"BRAKE CAM"},{"catalog_number":"H199110100020","name":"SPRING ACCUM."},{"catalog_number":"H199110080040","name":"NEEDLE RIM"},{"catalog_number":"H199110080030","name":"NEEDLE RIM"},{"catalog_number":"H199110080020","name":"NEEDLE RIM"},{"catalog_number":"H199110080010","name":"COVER"},{"catalog_number":"H199110010010","name":"OIL LINE"},{"catalog_number":"H199106080100","name":"BALL BEARING"},{"catalog_number":"H199106080060","name":"SHIFT LEVER"},{"catalog_number":"H199106080050","name":"LEVER"},{"catalog_number":"H199106080031","name":"ROD"},{"catalog_number":"H199106080020","name":"SLIDER"},{"catalog_number":"H199106080010","name":"DRIVE SHAFT"},{"catalog_number":"H199104902020","name":"PRESSURE LINE"},{"catalog_number":"H199104620090","name":"PRESSURE LINE"},{"catalog_number":"H199104620080","name":"PRESSURE LINE"},{"catalog_number":"H199104620030","name":"PRESSURE LINE"},{"catalog_number":"H199104490070","name":"THREADED STUD"},{"catalog_number":"H199104490060","name":"THREADED STUD"},{"catalog_number":"H199104490031","name":"LEAKAGE OIL LINE"},{"catalog_number":"H199104490020","name":"SUCTION LINE"},{"catalog_number":"H199104420020","name":"CLUTCH DISC"},{"catalog_number":"H199104360021","name":"SHIFTER SHAFT"},{"catalog_number":"H199104360010","name":"LEVER"},{"catalog_number":"H199104220040","name":"BALL BEARING"},{"catalog_number":"H199104220020","name":"BALL BEARING"},{"catalog_number":"H199104080020","name":"OIL PIPE"},{"catalog_number":"H199104080010","name":"LEVER"},{"catalog_number":"H199100490010","name":"SUCTION LINE"},{"catalog_number":"H199100480030","name":"DIPSTICK"},{"catalog_number":"H199100480025","name":"DIPSTICK"},{"catalog_number":"H199100480011","name":"OIL INFILL"},{"catalog_number":"H199100470221","name":"OIL LINE"},{"catalog_number":"H199100470200","name":"OIL LINE"},{"catalog_number":"H199100470134","name":"OIL LINE"},{"catalog_number":"H199100470120","name":"OIL LINE"},{"catalog_number":"H199100470111","name":"OIL LINE"},{"catalog_number":"H199100470100","name":"OIL LINE"},{"catalog_number":"H199100470040","name":"OIL SUPPLY RING"},{"catalog_number":"H199100470030","name":"LUBE OIL LINE"},{"catalog_number":"H199100470020","name":"LUBE OIL LINE"},{"catalog_number":"H199100470010","name":"LUBE OIL LINE"},{"catalog_number":"H199100150100","name":"BRAKE SHOE"},{"catalog_number":"H199100030021","name":"THREADED ROD"},{"catalog_number":"H199100030015","name":"LEVER"},{"catalog_number":"H198960950020","name":"REVERSING LEVER"},{"catalog_number":"H198960950010","name":"CARRIER"},{"catalog_number":"H198960920020","name":"RETAINER"},{"catalog_number":"H198960910011","name":"REVERSING LEVER"},{"catalog_number":"H198960900020","name":"REVERSING LEVER"},{"catalog_number":"H198960900011","name":"BOX"},{"catalog_number":"H198950160030","name":"LEVER"},{"catalog_number":"H198950160020","name":"CARRIER"},{"catalog_number":"H198905040200","name":"CABLE KIT"},{"catalog_number":"H198905040030","name":"CABLE KIT"},{"catalog_number":"H198904150010","name":"SOLENOID SWITCH"},{"catalog_number":"H198904040210","name":"CABLE KIT"},{"catalog_number":"H198904040091","name":"CABLE KIT"},{"catalog_number":"H198904040070","name":"CABLE KIT"},{"catalog_number":"H198904040040","name":"CABLE KIT"},{"catalog_number":"F954200210060","name":"LID"},{"catalog_number":"F954200210050","name":"SEAL KIT"},{"catalog_number":"F954200210040","name":"COOLING JET"},{"catalog_number":"F954200210030","name":"CYLINDER LINER"},{"catalog_number":"F954200210020","name":"FEMALE BEARING"},{"catalog_number":"F954200210010","name":"CRANKCASE"},{"catalog_number":"F954200190010","name":"COOLER"},{"catalog_number":"F954200180020","name":"WIRE"},{"catalog_number":"F954200180010","name":"WIRE"},{"catalog_number":"F954200110100","name":"HOUSING"},{"catalog_number":"F954200110080","name":"PIPE"},{"catalog_number":"F954200110050","name":"SEAL"},{"catalog_number":"F954200110040","name":"VALVE,PORTAGREAS"},{"catalog_number":"F954200100130","name":"EXHAUST ELBOW"},{"catalog_number":"F954200100110","name":"HEATSHIELD"},{"catalog_number":"F954200100080","name":"STEEL RING"},{"catalog_number":"F954200100070","name":"SEAL"},{"catalog_number":"F954200100060","name":"SEAL RING"},{"catalog_number":"F954200100050","name":"EXHAUST ELBOW"},{"catalog_number":"F954200100040","name":"CONNECTING PIECE"},{"catalog_number":"F954200100020","name":"INSULATING PLATE"},{"catalog_number":"F954200100010","name":"HEAT PROTECTION"},{"catalog_number":"F954200090830","name":"RETURN LINE"},{"catalog_number":"F954200090820","name":"FITTING COMPOUND"},{"catalog_number":"F954200090800","name":"SEALING WASHER"},{"catalog_number":"F954200090790","name":"LEAD"},{"catalog_number":"F954200090780","name":"HOSE LINE"},{"catalog_number":"F954200090770","name":"COOLANT LINE"},{"catalog_number":"F954200090760","name":"OUTLET"},{"catalog_number":"F954200090750","name":"INLET"},{"catalog_number":"F954200090740","name":"RETURN LINE"},{"catalog_number":"F954200090730","name":"EXH. TURBOCHARGE"},{"catalog_number":"F954200090720","name":"COOLANT LINE"},{"catalog_number":"F954200090710","name":"SEAL"},{"catalog_number":"F954200090700","name":"LUBE OIL LINE"},{"catalog_number":"F954200090690","name":"ADJUSTEMENT ENG."},{"catalog_number":"F954200090680","name":"STUD BOLT"},{"catalog_number":"F954200090660","name":"O-RING"},{"catalog_number":"F954200090650","name":"NUT"},{"catalog_number":"F954200090630","name":"HOLDER"},{"catalog_number":"F954200090620","name":"HOLDER"},{"catalog_number":"F954200090610","name":"PIPE CLAMP"},{"catalog_number":"F954200090600","name":"SOCKET"},{"catalog_number":"F954200090590","name":"COOLANT LINE"},{"catalog_number":"F954200090580","name":"COOLANT LINE"},{"catalog_number":"F954200090570","name":"HOLDER"},{"catalog_number":"F954200090560","name":"SEALING WASHER"},{"catalog_number":"F954200090540","name":"SEAL"},{"catalog_number":"F954200090530","name":"COOLANT LINE"},{"catalog_number":"F954200090520","name":"CONNECTING PART"},{"catalog_number":"F954200090510","name":"NOZZLE"},{"catalog_number":"F954200090500","name":"RETNG SHT METAL"},{"catalog_number":"F954200090480","name":"VALVE"},{"catalog_number":"F954200090440","name":"SEALING WASHER"},{"catalog_number":"F954200090430","name":"WATER PIPE"},{"catalog_number":"F954200090420","name":"RETNG SHT METAL"},{"catalog_number":"F954200090410","name":"ADAPTER"},{"catalog_number":"F954200090386","name":"EGR-MODULE"},{"catalog_number":"F954200090370","name":"CONNECTION HOSE"},{"catalog_number":"F954200090360","name":"CONNECTION HOSE"},{"catalog_number":"F954200090350","name":"JOINT TUBE"},{"catalog_number":"F954200090340","name":"PIPE CLAMP"},{"catalog_number":"F954200090330","name":"HOLDER"},{"catalog_number":"F954200090320","name":"UNION"},{"catalog_number":"F954200090310","name":"ADAPTER"},{"catalog_number":"F954200090300","name":"RETURN LINE"},{"catalog_number":"F954200090290","name":"RETURN LINE"},{"catalog_number":"F954200090280","name":"OIL LINE"},{"catalog_number":"F954200090270","name":"LUBE OIL LINE"},{"catalog_number":"F954200090260","name":"RETURN LINE"},{"catalog_number":"F954200090250","name":"EXH. TURBOCHARGE"},{"catalog_number":"F954200090240","name":"SEALING WASHER"},{"catalog_number":"F954200090230","name":"HOSE CLIP"},{"catalog_number":"F954200090220","name":"CONNECTION HOSE"},{"catalog_number":"F954200090210","name":"JOINT TUBE"},{"catalog_number":"F954200090200","name":"JOINT TUBE"},{"catalog_number":"F954200090180","name":"ACTUATOR"},{"catalog_number":"F954200090170","name":"NOZZLE"},{"catalog_number":"F954200090140","name":"HEAT PROTECTION"},{"catalog_number":"F954200090130","name":"PRESSURE LINE"},{"catalog_number":"F954200090120","name":"SEAL"},{"catalog_number":"F954200090110","name":"HOSE CLIP"},{"catalog_number":"F954200090100","name":"SOCKET"},{"catalog_number":"F954200090090","name":"PIPE"},{"catalog_number":"F954200090080","name":"HEAT PROTECTION"},{"catalog_number":"F954200090070","name":"HOLDER"},{"catalog_number":"F954200090060","name":"CONSOLE"},{"catalog_number":"F954200090050","name":"STUD BOLT"},{"catalog_number":"F954200090040","name":"HEX HEAD BOLT"},{"catalog_number":"F954200090030","name":"SEAL"},{"catalog_number":"F954200090020","name":"LOAD AIR LINE"},{"catalog_number":"F954200090010","name":"CHARGE AIR ELBOW"},{"catalog_number":"F954200061010","name":"FUEL TANK"},{"catalog_number":"F954200060110","name":"SCREW CAP"},{"catalog_number":"F954200060100","name":"HOLDER"},{"catalog_number":"F954200060090","name":"SEALING WASHER"},{"catalog_number":"F954200060080","name":"INJECTION PIPE"},{"catalog_number":"F954200060070","name":"HOLDER"},{"catalog_number":"F954200060060","name":"FUEL LINE"},{"catalog_number":"F954200060050","name":"NOZZLE"},{"catalog_number":"F954200060040","name":"SEALING WASHER"},{"catalog_number":"F954200060030","name":"FUEL LINE"},{"catalog_number":"F954200060020","name":"BANJO BOLT"},{"catalog_number":"F954200060010","name":"FUEL LINE"},{"catalog_number":"F954200051050","name":"PLATE"},{"catalog_number":"F954200051040","name":"FLAT HEAD SCREW"},{"catalog_number":"F954200051030","name":"WASHER"},{"catalog_number":"F954200051020","name":"HEX NUT"},{"catalog_number":"F954200051010","name":"HEX HEAD BOLT"},{"catalog_number":"F954200041070","name":"SENSOR"},{"catalog_number":"F954200041060","name":"VISCOUS COUPLING"},{"catalog_number":"F954200041050","name":"REPAIR KIT"},{"catalog_number":"F954200041030","name":"HEX HEAD BOLT"},{"catalog_number":"F954200041020","name":"VISCO FAN"},{"catalog_number":"F954200041010","name":"VISCOUS COUPLING"},{"catalog_number":"F954200040032","name":"V BELT SHEAVE"},{"catalog_number":"F954200040020","name":"V-BELT"},{"catalog_number":"F954200040010","name":"V-BELT"},{"catalog_number":"F954150070040","name":"KIT, REPAIR"},{"catalog_number":"F954150070030","name":"KIT, REPAIR"},{"catalog_number":"F954150070020","name":"KIT, REPAIR"},{"catalog_number":"F954150070010","name":"KIT, REPAIR"},{"catalog_number":"F954100490010","name":"TORX HEAD SCREW"},{"catalog_number":"F946900060010","name":"CONNECTING WIRE"},{"catalog_number":"F946900040400","name":"RETAINER"},{"catalog_number":"F946900040390","name":"WIRE HARNESS"},{"catalog_number":"F946900040380","name":"RETAINER"},{"catalog_number":"F946900040360","name":"WIRE HARNESS"},{"catalog_number":"F946900040350","name":"RETAINER"},{"catalog_number":"F946900040340","name":"RETAINER"},{"catalog_number":"F946900040330","name":"RELAY"},{"catalog_number":"F946900040310","name":"RETAINER"},{"catalog_number":"F946900040300","name":"RETAINER"},{"catalog_number":"F946900040290","name":"RETAINER"},{"catalog_number":"F946900040280","name":"RETAINER"},{"catalog_number":"F946900040270","name":"RETAINER"},{"catalog_number":"F946900040260","name":"RETAINER"},{"catalog_number":"F946900040250","name":"BUSH"},{"catalog_number":"F946900040240","name":"RETAINER"},{"catalog_number":"F946900040230","name":"RETAINER"},{"catalog_number":"F946900040210","name":"RETAINER"},{"catalog_number":"F946900040200","name":"RETAINER"},{"catalog_number":"F946900040190","name":"RETAINER"},{"catalog_number":"F946900040180","name":"RETAINER"},{"catalog_number":"F946900040170","name":"RETAINER"},{"catalog_number":"F946900040160","name":"RETAINER"},{"catalog_number":"F946900040150","name":"RETAINER"},{"catalog_number":"F946900040140","name":"SOCKET HEAD BOLT"},{"catalog_number":"F946900040130","name":"DISC"},{"catalog_number":"F946900040120","name":"PIPE CLAMP"},{"catalog_number":"F946900040110","name":"CONNECTOR"},{"catalog_number":"F946900040100","name":"CONNECTOR"},{"catalog_number":"F946900040090","name":"CONNECTOR"},{"catalog_number":"F946900040080","name":"CONNECTOR"},{"catalog_number":"F946900040070","name":"CONNECTOR"},{"catalog_number":"F946900040060","name":"HOLDER"},{"catalog_number":"F946900040050","name":"RETAINING STRAP"},{"catalog_number":"F946900040040","name":"RETAINING STRAP"},{"catalog_number":"F946900040030","name":"CONNECTOR"},{"catalog_number":"F946900040020","name":"CONNECTOR"},{"catalog_number":"F946201710250","name":"INJECTOR"},{"catalog_number":"F946201710240","name":"INJECTION LINE"},{"catalog_number":"F946201710230","name":"INJECTION LINE"},{"catalog_number":"F946201710220","name":"INJECTION LINE"},{"catalog_number":"F946201710210","name":"HIGH-PRESS. PUMP"},{"catalog_number":"F946201710200","name":"INJECTOR"},{"catalog_number":"F946201710190","name":"INJECTION LINE"},{"catalog_number":"F946201710180","name":"INJECTION LINE"},{"catalog_number":"F946201710140","name":"SEALING WASHER"},{"catalog_number":"F946201710130","name":"METERING UNIT"},{"catalog_number":"F946201710100","name":"SPACER PIECE"},{"catalog_number":"F946201710030","name":"TUBE"},{"catalog_number":"F946201610030","name":"SCREW NECK"},{"catalog_number":"F946201610020","name":"SCREW NECK"},{"catalog_number":"F946201610010","name":"HOUSING"},{"catalog_number":"F946201510210","name":"RELIEF VALVE"},{"catalog_number":"F946201510200","name":"SEAL"},{"catalog_number":"F946201510190","name":"FLANGE"},{"catalog_number":"F946201510180","name":"OIL COOLER HSG"},{"catalog_number":"F946201510170","name":"CAM TRACK"},{"catalog_number":"F946201510150","name":"COVER"},{"catalog_number":"F946201510140","name":"SEAL"},{"catalog_number":"F946201510130","name":"COVER"},{"catalog_number":"F946201510120","name":"BALANCE PIPE"},{"catalog_number":"F946201510110","name":"CLOSING PLATE"},{"catalog_number":"F946201510100","name":"SEAL"},{"catalog_number":"F946201510060","name":"SEALING WASHER"},{"catalog_number":"F946201510040","name":"VALVE SEAT"},{"catalog_number":"F946201510030","name":"SCREW"},{"catalog_number":"F946201510020","name":"BLANK FLANGE"},{"catalog_number":"F946201410050","name":"ROCKER ARM SUPP"},{"catalog_number":"F946201410040","name":"ADJUSTING SCREW"},{"catalog_number":"F946201410030","name":"ROCKER ARM"},{"catalog_number":"F946201410020","name":"ROCKER ARM"},{"catalog_number":"F946201410010","name":"CAMSHAFT"},{"catalog_number":"F946201310240","name":"SOCKET HEAD BOLT"},{"catalog_number":"F946201310230","name":"THRUST WASHER"},{"catalog_number":"F946201310220","name":"SOCKET HEAD BOLT"},{"catalog_number":"F946201310210","name":"PISTON"},{"catalog_number":"F946201310190","name":"THRUST WASHER"},{"catalog_number":"F946201310180","name":"PISTON RING KIT"},{"catalog_number":"F946201310150","name":"V BELT SHEAVE"},{"catalog_number":"F946201310140","name":"VIBRATION DAMPER"},{"catalog_number":"F946201310130","name":"BEARING"},{"catalog_number":"F946201310120","name":"BEARING"},{"catalog_number":"F946201310110","name":"BEARING"},{"catalog_number":"F946201310080","name":"CONN. ROD BRG."},{"catalog_number":"F946201310070","name":"CONN. ROD BRG."},{"catalog_number":"F946201310060","name":"CONN. ROD BRG."},{"catalog_number":"F946201310040","name":"LOCKWASHER"},{"catalog_number":"F946201310020","name":"SMALL-END BUSH"},{"catalog_number":"F946201310010","name":"PISTON ROD"},{"catalog_number":"F946201210250","name":"SEAL KIT"},{"catalog_number":"F946201210230","name":"SHAFT SEAL"},{"catalog_number":"F946201210220","name":"CYLINDER HEAD"},{"catalog_number":"F946201210210","name":"RETURN LINE"},{"catalog_number":"F946201210200","name":"INTAKE VALVE"},{"catalog_number":"F946201210190","name":"VALVE SEAT RING"},{"catalog_number":"F946201210180","name":"VALVE GUIDE"},{"catalog_number":"F946201210170","name":"SHAFT SEAL"},{"catalog_number":"F946201210150","name":"COVER"},{"catalog_number":"F946201210140","name":"LOCK VALVE"},{"catalog_number":"F946201210120","name":"COVER"},{"catalog_number":"F946201210110","name":"HEAD GASKET"},{"catalog_number":"F946201210100","name":"HEAD GASKET"},{"catalog_number":"F946201210090","name":"SUSPENSION PLATE"},{"catalog_number":"F946201210080","name":"HEX HEAD BOLT"},{"catalog_number":"F946201210070","name":"SHAFT SEAL"},{"catalog_number":"F946201210060","name":"END COVER"},{"catalog_number":"F946201210050","name":"CORE HOLE PLUG"},{"catalog_number":"F946201210040","name":"COOLING JET"},{"catalog_number":"F946201210030","name":"CYLINDER LINER"},{"catalog_number":"F946201210020","name":"CRANKCASE"},{"catalog_number":"F946201210010","name":"SEALING WASHER"},{"catalog_number":"F946201180030","name":"SHIELD CAP"},{"catalog_number":"F946201180020","name":"ELECTRIC WIRING"},{"catalog_number":"F946201180010","name":"ELECTRIC WIRING"},{"catalog_number":"F946201100060","name":"DISTANCE BUSHING"},{"catalog_number":"F946201100050","name":"EXH COLLECT PIPE"},{"catalog_number":"F946201100010","name":"SEAL"},{"catalog_number":"F946201090410","name":"SENSOR"},{"catalog_number":"F946201090400","name":"LOAD AIR LINE"},{"catalog_number":"F946201090390","name":"REGULATING VALVE"},{"catalog_number":"F946201090370","name":"RETNG SHT METAL"},{"catalog_number":"F946201090360","name":"SCREENING PLATE"},{"catalog_number":"F946201090340","name":"EXH. TURBOCHARGE"},{"catalog_number":"F946201090330","name":"O-RING"},{"catalog_number":"F946201090320","name":"SCREENING PLATE"},{"catalog_number":"F946201090210","name":"SENSOR"},{"catalog_number":"F946201090200","name":"LUBE OIL LINE"},{"catalog_number":"F946201090190","name":"RETURN LINE"},{"catalog_number":"F946201090160","name":"HOUSING"},{"catalog_number":"F946201090080","name":"MOUTING BRACKET"},{"catalog_number":"F946201090050","name":"RETURN LINE"},{"catalog_number":"F946201090030","name":"SCREENING PLATE"},{"catalog_number":"F946201090020","name":"SPACER"},{"catalog_number":"F946201090010","name":"SCREENING PLATE"},{"catalog_number":"F946201060180","name":"FUEL PUMP"},{"catalog_number":"F946201060170","name":"FUEL LINE"},{"catalog_number":"F946201060160","name":"FUEL LINE"},{"catalog_number":"F946201060150","name":"BRACKET"},{"catalog_number":"F946201060130","name":"SEALING WASHER"},{"catalog_number":"F946201060110","name":"FUEL LINE"},{"catalog_number":"F946201060100","name":"FUEL PUMP"},{"catalog_number":"F946201060090","name":"SCREW NECK"},{"catalog_number":"F946201060080","name":"RETNG SHT METAL"},{"catalog_number":"F946201060060","name":"PIPE UNION"},{"catalog_number":"F946201060050","name":"FUEL LINE"},{"catalog_number":"F946201060030","name":"FUEL LINE"},{"catalog_number":"F946201060020","name":"FUEL LINE"},{"catalog_number":"F946201040020","name":"V-BELT"},{"catalog_number":"F946201040010","name":"V-BELT"},{"catalog_number":"F945970170010","name":"SEAL"},{"catalog_number":"F945970010010","name":"PROTECTIVE FILM"},{"catalog_number":"F945900060010","name":"WIRE"},{"catalog_number":"F945870061010","name":"FORK"},{"catalog_number":"F945870030020","name":"FORK"},{"catalog_number":"F945500070100","name":"PIN AND CHAIN"},{"catalog_number":"F945500070090","name":"BLANK HOLDER"},{"catalog_number":"F945500070080","name":"SHT. METAL COVER"},{"catalog_number":"F945500070070","name":"STIRRUP"},{"catalog_number":"F945500070060","name":"GUIDE"},{"catalog_number":"F945500070050","name":"LEVER"},{"catalog_number":"F945500070020","name":"BOLT"},{"catalog_number":"F945500070010","name":"BOLT"},{"catalog_number":"F945201710050","name":"O RING"},{"catalog_number":"F945201710040","name":"CLIP"},{"catalog_number":"F945201710030","name":"INJECTION LINE"},{"catalog_number":"F945201710020","name":"INJECTION LINE"},{"catalog_number":"F945201710010","name":"PRESSURE TANK"},{"catalog_number":"F945201610010","name":"BALL"},{"catalog_number":"F945201210020","name":"HOSE CLIP"},{"catalog_number":"F945201100010","name":"SCREW"},{"catalog_number":"F945201090010","name":"RETURN LINE"},{"catalog_number":"F942201710020","name":"INJECTOR"},{"catalog_number":"F942201710010","name":"INJECTOR"},{"catalog_number":"F934900060090","name":"STARTER"},{"catalog_number":"F934900060080","name":"RETAINER"},{"catalog_number":"F934900060070","name":"CONNECTING WIRE"},{"catalog_number":"F934900060060","name":"STARTER"},{"catalog_number":"F934900060050","name":"RETAINING NUT"},{"catalog_number":"F934900060040","name":"RETAINER CAP"},{"catalog_number":"F934900060030","name":"CONNECTING WIRE"},{"catalog_number":"F934900060020","name":"CONNECTING WIRE"},{"catalog_number":"F934900040240","name":"WIRE HARNESS"},{"catalog_number":"F934900040230","name":"RETAINING STRAP"},{"catalog_number":"F934900040220","name":"CONNECTOR"},{"catalog_number":"F934900040210","name":"CONNECTOR"},{"catalog_number":"F934900040200","name":"CONNECTOR"},{"catalog_number":"F934900040190","name":"CONNECTOR"},{"catalog_number":"F934900040180","name":"CONNECTOR"},{"catalog_number":"F934900040170","name":"CONNECTOR"},{"catalog_number":"F934900040160","name":"CONNECTOR"},{"catalog_number":"F934900040150","name":"CONNECTOR"},{"catalog_number":"F934900040140","name":"WIRE HARNESS"},{"catalog_number":"F934900040130","name":"RETAINER"},{"catalog_number":"F934900040100","name":"RETAINER"},{"catalog_number":"F934900040090","name":"RETAINER"},{"catalog_number":"F934900040020","name":"RETAINING STRAP"},{"catalog_number":"F934900010030","name":"V BELT SHEAVE"},{"catalog_number":"F934900010020","name":"HEX HEAD BOLT"},{"catalog_number":"F934201710250","name":"O RING"},{"catalog_number":"F934201710240","name":"CABLE LUG"},{"catalog_number":"F934201710230","name":"HIGH-PRESS. PUMP"},{"catalog_number":"F934201710220","name":"NUT"},{"catalog_number":"F934201710200","name":"COVER"},{"catalog_number":"F934201710180","name":"INJECTION LINE"},{"catalog_number":"F934201710170","name":"INJECTION LINE"},{"catalog_number":"F934201710160","name":"FUEL LINE"},{"catalog_number":"F934201710150","name":"PRESSURE TANK"},{"catalog_number":"F934201710140","name":"CABLE KIT"},{"catalog_number":"F934201710130","name":"UNION SCREW"},{"catalog_number":"F934201710120","name":"SEALING WASHER"},{"catalog_number":"F934201710110","name":"TORX SCREW"},{"catalog_number":"F934201710100","name":"CLAMPING CLAW"},{"catalog_number":"F934201710090","name":"COVER"},{"catalog_number":"F934201710080","name":"SEAL"},{"catalog_number":"F934201710070","name":"ROD FILTER"},{"catalog_number":"F934201710060","name":"SEAL"},{"catalog_number":"F934201710050","name":"SEAL"},{"catalog_number":"F934201710040","name":"BOOST PIPE"},{"catalog_number":"F934201710030","name":"INJECTOR"},{"catalog_number":"F934201610170","name":"SEAL"},{"catalog_number":"F934201610160","name":"SUPPORT PLATE"},{"catalog_number":"F934201610150","name":"INTERM. PIECE"},{"catalog_number":"F934201610140","name":"SEAL"},{"catalog_number":"F934201610120","name":"OUTLET STUD"},{"catalog_number":"F934201610110","name":"WATER PUMP"},{"catalog_number":"F934201610100","name":"RETNG SHT METAL"},{"catalog_number":"F934201610020","name":"SEAL"},{"catalog_number":"F934201610010","name":"SEAL"},{"catalog_number":"F934201510460","name":"SEALING PLUG"},{"catalog_number":"F934201510450","name":"VALVE"},{"catalog_number":"F934201510440","name":"OIL COOLER"},{"catalog_number":"F934201510430","name":"HEX HEAD BOLT"},{"catalog_number":"F934201510420","name":"HEX HEAD BOLT"},{"catalog_number":"F934201510410","name":"SEAL"},{"catalog_number":"F934201510400","name":"BLANK FLANGE"},{"catalog_number":"F934201510390","name":"SEAL"},{"catalog_number":"F934201510380","name":"OIL COOLER HSG"},{"catalog_number":"F934201510370","name":"OIL PAN"},{"catalog_number":"F934201510350","name":"SEALING WASHER"},{"catalog_number":"F934201510340","name":"SEALING WASHER"},{"catalog_number":"F934201510330","name":"SEAL"},{"catalog_number":"F934201510320","name":"OIL FILTER"},{"catalog_number":"F934201510290","name":"SEALING WASHER"},{"catalog_number":"F934201510280","name":"BALANCE PIPE"},{"catalog_number":"F934201510270","name":"SEAL"},{"catalog_number":"F934201510260","name":"HEX HEAD BOLT"},{"catalog_number":"F934201510250","name":"HEX HEAD BOLT"},{"catalog_number":"F934201510240","name":"LOCK PLATE"},{"catalog_number":"F934201510230","name":"SLEEVE"},{"catalog_number":"F934201510220","name":"SPRING"},{"catalog_number":"F934201510210","name":"HOLDING SCREW"},{"catalog_number":"F934201510200","name":"VALVE PLUNGER"},{"catalog_number":"F934201510160","name":"VALVE SEAT"},{"catalog_number":"F934201510150","name":"SPRING"},{"catalog_number":"F934201510140","name":"VALVE PLUNGER"},{"catalog_number":"F934201510130","name":"SEAL"},{"catalog_number":"F934201510120","name":"SCREW NECK"},{"catalog_number":"F934201510110","name":"THREADED BUSH"},{"catalog_number":"F934201510070","name":"BUSH"},{"catalog_number":"F934201510060","name":"SEAL"},{"catalog_number":"F934201510050","name":"STRAINER"},{"catalog_number":"F934201510040","name":"HEX HEAD BOLT"},{"catalog_number":"F934201510030","name":"SEAL"},{"catalog_number":"F934201510020","name":"HEX HEAD BOLT"},{"catalog_number":"F934201410290","name":"ROLLER TAPPET"},{"catalog_number":"F934201410280","name":"ROCKER ARM SUPP"},{"catalog_number":"F934201410270","name":"ROCKER SHAFT"},{"catalog_number":"F934201410260","name":"ROCKER ARM"},{"catalog_number":"F934201410250","name":"ROLLER TAPPET"},{"catalog_number":"F934201410240","name":"ROCKER ARM"},{"catalog_number":"F934201410220","name":"ROCKER SHAFT"},{"catalog_number":"F934201410120","name":"BRIDGE"},{"catalog_number":"F934201410110","name":"BUMPER"},{"catalog_number":"F934201410090","name":"COMPRESS. SPRING"},{"catalog_number":"F934201410080","name":"ADJUSTING SCREW"},{"catalog_number":"F934201410050","name":"ROCKER ARM SUPP"},{"catalog_number":"F934201410040","name":"BUSH"},{"catalog_number":"F934201310290","name":"PISTON"},{"catalog_number":"F934201310280","name":"HEX HEAD BOLT"},{"catalog_number":"F934201310270","name":"TORX SCREW"},{"catalog_number":"F934201310260","name":"VIBRATION DAMPER"},{"catalog_number":"F934201310250","name":"SPIRAL PIN"},{"catalog_number":"F934201310240","name":"SCREW"},{"catalog_number":"F934201310230","name":"FLYWHEEL"},{"catalog_number":"F934201310220","name":"CRANKSHAFT"},{"catalog_number":"F934201310210","name":"THREADED INSERT"},{"catalog_number":"F934201310200","name":"SHAFT BUSH"},{"catalog_number":"F934201310180","name":"TENSIONING PIN"},{"catalog_number":"F934201310170","name":"FLYWHEEL"},{"catalog_number":"F934201310160","name":"V BELT SHEAVE"},{"catalog_number":"F934201310150","name":"VIBRATION DAMPER"},{"catalog_number":"F934201310140","name":"BEARING"},{"catalog_number":"F934201310130","name":"BEARING"},{"catalog_number":"F934201310120","name":"BEARING"},{"catalog_number":"F934201310090","name":"GEAR WHEEL"},{"catalog_number":"F934201310080","name":"CRANKSHAFT"},{"catalog_number":"F934201310070","name":"CONN. ROD BRG."},{"catalog_number":"F934201310060","name":"CONN. ROD BRG."},{"catalog_number":"F934201310050","name":"CONN. ROD BRG."},{"catalog_number":"F934201310040","name":"SMALL-END BUSH"},{"catalog_number":"F934201310030","name":"PISTON ROD"},{"catalog_number":"F934201310020","name":"PISTON RING KIT"},{"catalog_number":"F934201210850","name":"SPEED SENSOR"},{"catalog_number":"F934201210840","name":"WHEEL BOX"},{"catalog_number":"F934201210830","name":"SPEED SENSOR"},{"catalog_number":"F934201210820","name":"CRANKCASE"},{"catalog_number":"F934201210810","name":"LOCKING PLUG"},{"catalog_number":"F934201210800","name":"CYLINDER HEAD"},{"catalog_number":"F934201210790","name":"VALVE COVER"},{"catalog_number":"F934201210750","name":"BALL"},{"catalog_number":"F934201210730","name":"WHEEL BOX"},{"catalog_number":"F934201210710","name":"BALL"},{"catalog_number":"F934201210700","name":"VALVE SEAT RING"},{"catalog_number":"F934201210680","name":"PIPE CLAMP"},{"catalog_number":"F934201210650","name":"RETURN LINE"},{"catalog_number":"F934201210640","name":"HEX HEAD BOLT"},{"catalog_number":"F934201210630","name":"SCREENING PLATE"},{"catalog_number":"F934201210620","name":"CONN. HSG"},{"catalog_number":"F934201210610","name":"SEAL"},{"catalog_number":"F934201210600","name":"OUTLET VALVE"},{"catalog_number":"F934201210590","name":"INTAKE VALVE"},{"catalog_number":"F934201210580","name":"SLEEVE"},{"catalog_number":"F934201210570","name":"SEALING COMPOUND"},{"catalog_number":"F934201210560","name":"COVER"},{"catalog_number":"F934201210520","name":"SEAL KIT"},{"catalog_number":"F934201210510","name":"HEAD GASKET"},{"catalog_number":"F934201210500","name":"HEAD GASKET"},{"catalog_number":"F934201210490","name":"CAPSCREW"},{"catalog_number":"F934201210480","name":"CAPSCREW"},{"catalog_number":"F934201210470","name":"BUSH"},{"catalog_number":"F934201210460","name":"VALVE SEAT RING"},{"catalog_number":"F934201210420","name":"COMPRESS. SPRING"},{"catalog_number":"F934201210410","name":"SLEEVE"},{"catalog_number":"F934201210400","name":"COVER"},{"catalog_number":"F934201210380","name":"FILLER LOCK"},{"catalog_number":"F934201210370","name":"SCREW"},{"catalog_number":"F934201210350","name":"SPACER"},{"catalog_number":"F934201210340","name":"SUSPENSION PLATE"},{"catalog_number":"F934201210320","name":"COVER"},{"catalog_number":"F934201210310","name":"DISC"},{"catalog_number":"F934201210290","name":"HEX HEAD BOLT"},{"catalog_number":"F934201210280","name":"HEX HEAD BOLT"},{"catalog_number":"F934201210270","name":"SEAL"},{"catalog_number":"F934201210260","name":"HEX HEAD BOLT"},{"catalog_number":"F934201210250","name":"HEX HEAD BOLT"},{"catalog_number":"F934201210240","name":"HEX HEAD BOLT"},{"catalog_number":"F934201210230","name":"HEX HEAD BOLT"},{"catalog_number":"F934201210220","name":"HEX HEAD BOLT"},{"catalog_number":"F934201210210","name":"SPEED SENSOR"},{"catalog_number":"F934201210200","name":"SEAL"},{"catalog_number":"F934201210190","name":"BOLT"},{"catalog_number":"F934201210170","name":"SEAL"},{"catalog_number":"F934201210160","name":"HEX HEAD BOLT"},{"catalog_number":"F934201210140","name":"ADAPTER"},{"catalog_number":"F934201210130","name":"SEALING WASHER"},{"catalog_number":"F934201210110","name":"RUBBER HOSE"},{"catalog_number":"F934201210100","name":"PIPE CLAMP"},{"catalog_number":"F934201210080","name":"COOLING JET"},{"catalog_number":"F934201210070","name":"CYLINDER LINER"},{"catalog_number":"F934201210060","name":"BEARING BUSHING"},{"catalog_number":"F934201210050","name":"BEARING BUSHING"},{"catalog_number":"F934201210030","name":"ADAPTER BUSH"},{"catalog_number":"F934201210020","name":"SCREW"},{"catalog_number":"F934201210010","name":"SEAL"},{"catalog_number":"F934201180080","name":"SUPPLY CABLE"},{"catalog_number":"F934201180070","name":"LINE"},{"catalog_number":"F934201180060","name":"NEGATIVE POLE"},{"catalog_number":"F934201180050","name":"SHIELD FLAP"},{"catalog_number":"F934201180040","name":"SUPPLY CABLE"},{"catalog_number":"F934201180030","name":"RETAINING STRAP"},{"catalog_number":"F934201180010","name":"LINE"},{"catalog_number":"F934201100320","name":"DISTANCE BUSHING"},{"catalog_number":"F934201100310","name":"LOCKING PLUG"},{"catalog_number":"F934201100300","name":"STUD BOLT"},{"catalog_number":"F934201100290","name":"SHUT-OFF FLAP"},{"catalog_number":"F934201100280","name":"ADJUSTING ROD"},{"catalog_number":"F934201100270","name":"TUBING"},{"catalog_number":"F934201100260","name":"HOUSING"},{"catalog_number":"F934201100240","name":"SCREENING PLATE"},{"catalog_number":"F934201100220","name":"BUSH"},{"catalog_number":"F934201100210","name":"RETAINER"},{"catalog_number":"F934201100200","name":"RETAINER"},{"catalog_number":"F934201100190","name":"CNTRLLING DEVICE"},{"catalog_number":"F934201100160","name":"TUBING"},{"catalog_number":"F934201100120","name":"SPACER BUSHING"},{"catalog_number":"F934201100110","name":"NUT"},{"catalog_number":"F934201100100","name":"STUD BOLT"},{"catalog_number":"F934201100090","name":"HEX HEAD BOLT"},{"catalog_number":"F934201100080","name":"EXHAUST PIPE"},{"catalog_number":"F934201100070","name":"SEAL"},{"catalog_number":"F934201100050","name":"EXHAUST PIPE"},{"catalog_number":"F934201100040","name":"SEAL"},{"catalog_number":"F934201100030","name":"SEALING WASHER"},{"catalog_number":"F934201100020","name":"LAMELLAR RING"},{"catalog_number":"F934201090280","name":"SEAL"},{"catalog_number":"F934201090270","name":"LUBE OIL LINE"},{"catalog_number":"F934201090250","name":"LOAD AIR LINE"},{"catalog_number":"F934201090240","name":"RETURN LINE"},{"catalog_number":"F934201090230","name":"DOUBLE CLIP"},{"catalog_number":"F934201090220","name":"SEAL"}]}