{"machinery_brand_name":"Ag-Chem","parts":[{"catalog_number":"H334890072350","name":"PRESSURE HOSE"},{"catalog_number":"H334890072340","name":"BOOST PIPE"},{"catalog_number":"H334890072330","name":"BOOST PIPE"},{"catalog_number":"H334890072310","name":"BOOST PIPE"},{"catalog_number":"H334890072230","name":"PRESSURE LINE"},{"catalog_number":"H334890072210","name":"PRESSURE LINE"},{"catalog_number":"H334890072190","name":"BOOST PIPE"},{"catalog_number":"H334890072180","name":"BOOST PIPE"},{"catalog_number":"H334890072170","name":"PRESSURE LINE"},{"catalog_number":"H334890072160","name":"PRESSURE LINE"},{"catalog_number":"H334890072150","name":"PRESSURE LINE"},{"catalog_number":"H334890072140","name":"PRESSURE LINE"},{"catalog_number":"H334890072130","name":"PRESSURE HOSE"},{"catalog_number":"H334890072010","name":"BASEPLATE"},{"catalog_number":"H334890011400","name":"RETAINER"},{"catalog_number":"H334890011160","name":"SUPPORT BRACE"},{"catalog_number":"H334890011150","name":"SUPPORT BRACE"},{"catalog_number":"H334890011140","name":"SUPPORT BRACE"},{"catalog_number":"H334890011130","name":"SUPPORT BRACE"},{"catalog_number":"H334890011090","name":"SUPPORT BRACE"},{"catalog_number":"H334890011080","name":"SUPPORT BRACE"},{"catalog_number":"H334890011070","name":"SUPPORT BRACE"},{"catalog_number":"H334890011021","name":"CONSOLE"},{"catalog_number":"H334890011011","name":"CONSOLE"},{"catalog_number":"H334880030150","name":"BOOST PIPE"},{"catalog_number":"H334880030140","name":"BOOST PIPE"},{"catalog_number":"H334880030130","name":"BOOST PIPE"},{"catalog_number":"H334880030120","name":"BOOST PIPE"},{"catalog_number":"H334880030111","name":"BOOST PIPE"},{"catalog_number":"H334880030100","name":"BOOST PIPE"},{"catalog_number":"H334880030080","name":"RETAINER"},{"catalog_number":"H334880020040","name":"HYDRAULIC TUBE"},{"catalog_number":"H334880020030","name":"CONSOLE"},{"catalog_number":"H334880020010","name":"BY PASS"},{"catalog_number":"H334870060300","name":"BEARING"},{"catalog_number":"H334870060020","name":"CONTROL ARM"},{"catalog_number":"H334870060010","name":"CONTROL ARM"},{"catalog_number":"H334870040020","name":"PUSH ROD"},{"catalog_number":"H334870040010","name":"SHUTTER"},{"catalog_number":"H334860100030","name":"CONTROL PANEL"},{"catalog_number":"H334860100010","name":"CONTROL PANEL"},{"catalog_number":"H334860060700","name":"SUCTION FLANGE"},{"catalog_number":"H334860060600","name":"FILTER RETAINER"},{"catalog_number":"H334860060130","name":"SUCTION FLANGE"},{"catalog_number":"H334860060110","name":"RETAINER"},{"catalog_number":"H334860060080","name":"BOOST PIPE"},{"catalog_number":"H334860060070","name":"BOOST PIPE"},{"catalog_number":"H334860060060","name":"PIPE"},{"catalog_number":"H334860060050","name":"PIPE"},{"catalog_number":"H334860060030","name":"OIL INFILL"},{"catalog_number":"H334860060020","name":"DIPSTICK"},{"catalog_number":"H334810250030","name":"PIPE"},{"catalog_number":"H334810220020","name":"SEAL"},{"catalog_number":"H334810220010","name":"SEAL"},{"catalog_number":"H334810180010","name":"WIPER BLADE"},{"catalog_number":"H334810140090","name":"FILTER"},{"catalog_number":"H334810140081","name":"FILTER"},{"catalog_number":"H334810140070","name":"FILTER"},{"catalog_number":"H334810130071","name":"PULL"},{"catalog_number":"H334810100010","name":"RETAINER"},{"catalog_number":"H334810080010","name":"ROOF TRIM"},{"catalog_number":"H334810060050","name":"COVER PANEL"},{"catalog_number":"H334810050201","name":"SEAL"},{"catalog_number":"H334810040210","name":"SEAL"},{"catalog_number":"H334810040051","name":"GAS SPRING"},{"catalog_number":"H334810030410","name":"SEAL"},{"catalog_number":"H334810030400","name":"SEAL"},{"catalog_number":"H334810030201","name":"GAS SPRING"},{"catalog_number":"H334810030171","name":"DOOR HANDLE"},{"catalog_number":"H334810030150","name":"HINGE"},{"catalog_number":"H334810030140","name":"HINGE"},{"catalog_number":"H334810030071","name":"DOOR HANDLE"},{"catalog_number":"H334810030050","name":"HINGE"},{"catalog_number":"H334810030040","name":"HINGE"},{"catalog_number":"H334810020500","name":"HINGE"},{"catalog_number":"H334810020180","name":"RETAINER"},{"catalog_number":"H334810020160","name":"RETAINER"},{"catalog_number":"H334810020100","name":"ROOF"},{"catalog_number":"H334810010370","name":"RETAINER"},{"catalog_number":"H334810010360","name":"RETAINER"},{"catalog_number":"H334810010050","name":"WINDOW GLASS"},{"catalog_number":"H334810010040","name":"WINDOW GLASS"},{"catalog_number":"H334700050010","name":"BAND CLAMP"},{"catalog_number":"H334700033040","name":"RETAINER"},{"catalog_number":"H334700033030","name":"RETAINER"},{"catalog_number":"H334700033021","name":"BRACE"},{"catalog_number":"H334700033011","name":"BRACE"},{"catalog_number":"H334700031060","name":"RETAINER"},{"catalog_number":"H334700031050","name":"RETAINER"},{"catalog_number":"H334700031022","name":"BRACE"},{"catalog_number":"H334700031012","name":"BRACE"},{"catalog_number":"H334700012900","name":"DISC WHEEL"},{"catalog_number":"H334700011019","name":"DISC WHEEL"},{"catalog_number":"H334700010018","name":"WHEEL RIM"},{"catalog_number":"H334550080500","name":"MESH PANEL"},{"catalog_number":"H334550080100","name":"COVER PANEL"},{"catalog_number":"H334500420570","name":"MUDGUARD STAY"},{"catalog_number":"H334500201020","name":"BEARING"},{"catalog_number":"H334500201010","name":"BEARING"},{"catalog_number":"H334500200061","name":"FRAME BRACKET"},{"catalog_number":"H334500200050","name":"HOLDING FIXTURE"},{"catalog_number":"H334500200010","name":"CARRIER"},{"catalog_number":"H334500170100","name":"SUPPORT"},{"catalog_number":"H334500170090","name":"CARRIER PLATE"},{"catalog_number":"H334500170060","name":"BATTERY ENVELOPE"},{"catalog_number":"H334500170050","name":"BRACKET"},{"catalog_number":"H334500170041","name":"BRACKET"},{"catalog_number":"H334500030010","name":"SEAT CONSOLE"},{"catalog_number":"H334400090010","name":"RETAINER"},{"catalog_number":"H334310160190","name":"BOOST PIPE"},{"catalog_number":"H334310160180","name":"BOOST PIPE"},{"catalog_number":"H334310160170","name":"BOOST PIPE"},{"catalog_number":"H334310160160","name":"BOOST PIPE"},{"catalog_number":"H334310160150","name":"BOOST PIPE"},{"catalog_number":"H334310160110","name":"BOOST PIPE"},{"catalog_number":"H334310160101","name":"RETURN PIPE"},{"catalog_number":"H334310160100","name":"RETURN PIPE"},{"catalog_number":"H334310160060","name":"BOOST PIPE"},{"catalog_number":"H334310160040","name":"BOOST PIPE"},{"catalog_number":"H334310160020","name":"BOOST PIPE"},{"catalog_number":"H334310160010","name":"BOOST PIPE"},{"catalog_number":"H334310080020","name":"LEVER"},{"catalog_number":"H334300130040","name":"PRESSURE HOSE"},{"catalog_number":"H334300130020","name":"BOOST PIPE"},{"catalog_number":"H334300130010","name":"BOOST PIPE"},{"catalog_number":"H334300080200","name":"PROFILE SHAFT"},{"catalog_number":"H334300080100","name":"SHIELD PIPE"},{"catalog_number":"H334200100070","name":"TRIM PANEL"},{"catalog_number":"H334200100060","name":"EXHAUST PIPE"},{"catalog_number":"H334200100050","name":"MANIFOLD"},{"catalog_number":"H334200100040","name":"SCREENING PLATE"},{"catalog_number":"H334200100031","name":"TRIM PANEL"},{"catalog_number":"H334200100021","name":"CONSOLE"},{"catalog_number":"H334200060250","name":"TOOLBOX LID"},{"catalog_number":"H334200060060","name":"RETAINER"},{"catalog_number":"H334200060030","name":"FUEL TANK"},{"catalog_number":"H334150730060","name":"BOOST PIPE"},{"catalog_number":"H334150730050","name":"BOOST PIPE"},{"catalog_number":"H334150730040","name":"RETURN PIPE"},{"catalog_number":"H334150730030","name":"BOOST PIPE"},{"catalog_number":"H334150730020","name":"RETURN PIPE"},{"catalog_number":"H334150720190","name":"BOOST PIPE"},{"catalog_number":"H334150720180","name":"BOOST PIPE"},{"catalog_number":"H334150720170","name":"RETAINER"},{"catalog_number":"H334150720160","name":"RETAINER"},{"catalog_number":"H334150720141","name":"PRESSURE HOSE"},{"catalog_number":"H334150720081","name":"PRESSURE HOSE"},{"catalog_number":"H334150720070","name":"BOOST PIPE"},{"catalog_number":"H334150720050","name":"RETURN PIPE"},{"catalog_number":"H334150720010","name":"RETURN LINE"},{"catalog_number":"H334150150012","name":"AXLE HOUSING"},{"catalog_number":"H334150032010","name":"SPRING CARRIER"},{"catalog_number":"H334150031030","name":"HAND LEVER"},{"catalog_number":"H334100510100","name":"RETAINER"},{"catalog_number":"H334100510080","name":"BOOST PIPE"},{"catalog_number":"H334100510070","name":"BOOST PIPE"},{"catalog_number":"H334100510060","name":"RETURN PIPE"},{"catalog_number":"H334100510030","name":"RETURN PIPE"},{"catalog_number":"H334100491130","name":"PIPE"},{"catalog_number":"H334100491120","name":"SUCTION PIPE"},{"catalog_number":"H334100491110","name":"SUCTION PIPE"},{"catalog_number":"H334100491100","name":"SUCTION PIPE"},{"catalog_number":"H334100491090","name":"BOOST PIPE"},{"catalog_number":"H334100491080","name":"BOOST PIPE"},{"catalog_number":"H334100491050","name":"PIPE"},{"catalog_number":"H334100491010","name":"PRESSURE HOSE"},{"catalog_number":"H334100090020","name":"RETAINER"},{"catalog_number":"H329900040050","name":"CABLE KIT"},{"catalog_number":"H329900040040","name":"CABLE KIT"},{"catalog_number":"H329890030130","name":"CAPSCREW"},{"catalog_number":"H329890030120","name":"SUPPORT PIPE"},{"catalog_number":"H329890030110","name":"SUPPORT PIPE"},{"catalog_number":"H329890011020","name":"SUPPORT BRACE"},{"catalog_number":"H329890011010","name":"SUPPORT BRACE"},{"catalog_number":"H329890010040","name":"CONSOLE"},{"catalog_number":"H329890010030","name":"CONSOLE"},{"catalog_number":"H329870040010","name":"ROD"},{"catalog_number":"H329860030010","name":"HITCH BRACKET"},{"catalog_number":"H329700050110","name":"INTERM. PIECE"},{"catalog_number":"H329700050100","name":"INTERM. PIECE"},{"catalog_number":"H329700030020","name":"MUDGRD RETAINER"},{"catalog_number":"H329700030010","name":"MUDGRD RETAINER"},{"catalog_number":"H329500200020","name":"BEARING"},{"catalog_number":"H329500200010","name":"BEARING"},{"catalog_number":"H327950160010","name":"BOOST PIPE"},{"catalog_number":"H327890010040","name":"CONSOLE"},{"catalog_number":"H327890010030","name":"CONSOLE"},{"catalog_number":"H327880030200","name":"LINE"},{"catalog_number":"H327880030120","name":"LINE"},{"catalog_number":"H327880030110","name":"LINE"},{"catalog_number":"H327880030060","name":"LINE"},{"catalog_number":"H327880030050","name":"LINE"},{"catalog_number":"H327880030040","name":"LINE"},{"catalog_number":"H327880030030","name":"LINE"},{"catalog_number":"H327880030020","name":"LINE"},{"catalog_number":"H327880030010","name":"LINE"},{"catalog_number":"H327880020021","name":"RETAINER"},{"catalog_number":"H327880010020","name":"PRESSURE LINE"},{"catalog_number":"H327880010010","name":"PRESSURE LINE"},{"catalog_number":"H327500021010","name":"SIDE PLATE"},{"catalog_number":"H327310160150","name":"BOOST PIPE"},{"catalog_number":"H327310160140","name":"BOOST PIPE"},{"catalog_number":"H327310160130","name":"BOOST PIPE"},{"catalog_number":"H327310160120","name":"BOOST PIPE"},{"catalog_number":"H327310160111","name":"BOOST PIPE"},{"catalog_number":"H327310160101","name":"BOOST PIPE"},{"catalog_number":"H327310160010","name":"RETAINER"},{"catalog_number":"H327100901020","name":"BOOST PIPE"},{"catalog_number":"H327100901010","name":"RETURN PIPE"},{"catalog_number":"H312970120020","name":"THERMO SWITCH"},{"catalog_number":"H312970070010","name":"SENSOR"},{"catalog_number":"H312970020020","name":"PRESSURE SENSOR"},{"catalog_number":"H312970010010","name":"CABLE KIT"},{"catalog_number":"H312960750010","name":"REVERSING LEVER"},{"catalog_number":"H312960700020","name":"REVERSING LEVER"},{"catalog_number":"H312960700010","name":"SUPPORT"},{"catalog_number":"H312960610010","name":"RETURN PIPE"},{"catalog_number":"H312960190010","name":"BOOST PIPE"},{"catalog_number":"H312960180010","name":"BOOST PIPE"},{"catalog_number":"H312960160010","name":"BOOST PIPE"},{"catalog_number":"H312960131020","name":"BOOST PIPE"},{"catalog_number":"H312960131010","name":"BOOST PIPE"},{"catalog_number":"G816810170020","name":"WIPER ARM"},{"catalog_number":"G816810150033","name":"MIRROR"},{"catalog_number":"G816810140080","name":"SQUARE NOZZLE"},{"catalog_number":"G816810130090","name":"BLOWER"},{"catalog_number":"G816810130080","name":"NOZZLE TOP"},{"catalog_number":"G816810130071","name":"NOZZLE"},{"catalog_number":"G816810080020","name":"MESH PANEL"},{"catalog_number":"G816810070010","name":"MUDGUARD LINING"},{"catalog_number":"G816810050060","name":"WINDOW"},{"catalog_number":"G816810040100","name":"HINGE"},{"catalog_number":"G816810040050","name":"FRONT WINDOW"},{"catalog_number":"G816810030180","name":"HINGE"},{"catalog_number":"G816810030170","name":"HINGE"},{"catalog_number":"G816810030132","name":"HINGE"},{"catalog_number":"G816810030100","name":"LOCK"},{"catalog_number":"G816810030090","name":"PUSH BUTTON"},{"catalog_number":"G816810030080","name":"SNAP FASTEN HNDL"},{"catalog_number":"G816810030070","name":"LOCK"},{"catalog_number":"G816810030032","name":"HINGE"},{"catalog_number":"G816810020020","name":"HINGE"},{"catalog_number":"G816700211013","name":"ADJUSTMENT WHEEL"},{"catalog_number":"G816550050010","name":"EVAPORATOR"},{"catalog_number":"G816500200030","name":"SPRING BRACKET"},{"catalog_number":"G816500071020","name":"HITCH PIN"},{"catalog_number":"G816500040010","name":"TOOL"},{"catalog_number":"G816400091010","name":"REVERSING VALVE"},{"catalog_number":"G816400090030","name":"PRIORITY VALVE"},{"catalog_number":"G816301160010","name":"VALVE BLOCK"},{"catalog_number":"G816301080010","name":"JOINTED SHAFT"},{"catalog_number":"G816301050020","name":"SUPPORT ARM"},{"catalog_number":"G816301050010","name":"SPRING CYLINDER"},{"catalog_number":"G816300120020","name":"CYLINDER ROD"},{"catalog_number":"G816300120010","name":"STRG. CYL."},{"catalog_number":"G816300100041","name":"AXIAL TIE ROD"},{"catalog_number":"G816300100031","name":"AXIAL TIE ROD"},{"catalog_number":"G816300020820","name":"SEALING WASHER"},{"catalog_number":"G816300020810","name":"AXIAL THRUST BRG"},{"catalog_number":"G816300020750","name":"SENSOR"},{"catalog_number":"G816300020710","name":"PINION GEAR SET"},{"catalog_number":"G816300020700","name":"ROLLER KIT"},{"catalog_number":"G816300020170","name":"TAPER ROLLER BRG"},{"catalog_number":"G816300020160","name":"TAPER ROLLER BRG"},{"catalog_number":"G816300020110","name":"WHEEL HUB"},{"catalog_number":"G816300020101","name":"HUB CARRIER"},{"catalog_number":"G816300020091","name":"HUB CARRIER"},{"catalog_number":"G816300020060","name":"DIFFERENT. GROUP"},{"catalog_number":"G816300020050","name":"HOUSING"},{"catalog_number":"G816300020040","name":"JOINTED SHAFT"},{"catalog_number":"G816300020030","name":"JOINTED SHAFT"},{"catalog_number":"G816300020011","name":"AXLE ARCH"},{"catalog_number":"G816200250210","name":"HEATER ELEMENT"},{"catalog_number":"G816200180020","name":"FLAME GLOW PLUG"},{"catalog_number":"G816200180010","name":"MANIFOLD HEATER"},{"catalog_number":"G816200170040","name":"DIRECTIONAL VALV"},{"catalog_number":"G816200170030","name":"ACTUAT.CYLINDER"},{"catalog_number":"G816200170020","name":"ENGINE BRAKE"},{"catalog_number":"G816200170010","name":"FOOT SWITCH"},{"catalog_number":"G816200100020","name":"PROFILE CLIP"},{"catalog_number":"G816200100010","name":"EXH. WEATHER CAP"},{"catalog_number":"G816200090030","name":"AIR FILTER"},{"catalog_number":"G816200060030","name":"FUEL TANK"},{"catalog_number":"G816200060012","name":"FUEL LVL. SENSOR"},{"catalog_number":"G816200040011","name":"VISCOUS COUPLING"},{"catalog_number":"G816200022021","name":"CABLE"},{"catalog_number":"G816200022012","name":"CABLE"},{"catalog_number":"G816100610010","name":"TRLR BRAKE VALVE"},{"catalog_number":"G743960200010","name":"BOOST PIPE"},{"catalog_number":"G743940100010","name":"PRESSURE HOSE"},{"catalog_number":"G743920030030","name":"PRESSURE HOSE"},{"catalog_number":"G743920030020","name":"PIPE"},{"catalog_number":"G743920030010","name":"PIPE"},{"catalog_number":"G743900020070","name":"SWITCH"},{"catalog_number":"G743880140010","name":"AIR DRIER"},{"catalog_number":"G743880080670","name":"BULKHEAD UNION"},{"catalog_number":"G743880080590","name":"STR THREAD CONN"},{"catalog_number":"G743880080580","name":"STR THREAD CONN"},{"catalog_number":"G743880080490","name":"T-SCREWED UNION"},{"catalog_number":"G743880080470","name":"T-THREADED CONN."},{"catalog_number":"G743880080460","name":"T-JOINT"},{"catalog_number":"G743880080451","name":"T-JOINT"},{"catalog_number":"G743880080450","name":"T-JOINT"},{"catalog_number":"G743880080441","name":"T-THREADED CONN."},{"catalog_number":"G743880080430","name":"T-THREADED CONN."},{"catalog_number":"G743880080421","name":"T-THREADED CONN."},{"catalog_number":"G743880080410","name":"T-THREADED CONN."},{"catalog_number":"G743880080200","name":"THREADED CONN."},{"catalog_number":"G743880080190","name":"THREADED CONN."},{"catalog_number":"G743880080180","name":"ELBOW UNION"},{"catalog_number":"G743880080170","name":"THREADED CONN."},{"catalog_number":"G743880080160","name":"THREADED CONN."},{"catalog_number":"G743880080131","name":"THREADED CONN."},{"catalog_number":"G743880080130","name":"THREADED CONN."},{"catalog_number":"G743880080120","name":"THREADED CONN."},{"catalog_number":"G743880020010","name":"TRLR CNTRL VALVE"},{"catalog_number":"G743870200250","name":"PRESSURE HOSE"},{"catalog_number":"G743870200160","name":"THREE POINT LINK"},{"catalog_number":"G743870200150","name":"THREE POINT LINK"},{"catalog_number":"G743870200040","name":"LIFT BRACE"},{"catalog_number":"G743810460151","name":"ARMREST"},{"catalog_number":"G743810460150","name":"ARMREST"},{"catalog_number":"G743810460121","name":"ARMREST"},{"catalog_number":"G743810460041","name":"CENT.ELECTRIC"},{"catalog_number":"G743810460017","name":"ELECTRONICS BOX"},{"catalog_number":"G743810460016","name":"ELECTRONICS BOX"},{"catalog_number":"G743810460015","name":"ELECTRONICS BOX"},{"catalog_number":"G743810460014","name":"ELECTRONICS BOX"},{"catalog_number":"G743810460012","name":"ELECTRONICS BOX"},{"catalog_number":"G743810290100","name":"HAND BRAKE VALVE"},{"catalog_number":"G743810230020","name":"SPEAKER"},{"catalog_number":"G743810170010","name":"COVERING"},{"catalog_number":"G743810150020","name":"MIRROR"},{"catalog_number":"G743810150010","name":"MIRROR"},{"catalog_number":"G743700010900","name":"ADJUSTMENT WHEEL"},{"catalog_number":"G743550030090","name":"REFRIGERANT LINE"},{"catalog_number":"G743550030080","name":"REFRIGERANT LINE"},{"catalog_number":"G743500200051","name":"ROCKER"},{"catalog_number":"G743300130010","name":"PIPE"},{"catalog_number":"G743300050030","name":"SWING ARM"},{"catalog_number":"G743200170010","name":"ENGINE BRAKE"},{"catalog_number":"G743200105101","name":"MUFFLER"},{"catalog_number":"G743200101111","name":"END PIPE"},{"catalog_number":"G743200101101","name":"END PIPE"},{"catalog_number":"G743200101100","name":"END PIPE"},{"catalog_number":"G743200091030","name":"AIR INTAKE HOSE"},{"catalog_number":"G743200090010","name":"AIR FILTER"},{"catalog_number":"G743200060041","name":"FUEL TANK"},{"catalog_number":"G743200051021","name":"COOLER"},{"catalog_number":"G743150150080","name":"OPERATING DISC"},{"catalog_number":"G743150150071","name":"OPERATING DISC"},{"catalog_number":"G743150070131","name":"PISTON"},{"catalog_number":"G743150070110","name":"BRAKE"},{"catalog_number":"G740810460091","name":"ARMREST"},{"catalog_number":"G740810460090","name":"ARMREST"},{"catalog_number":"G740810460061","name":"ARMREST"},{"catalog_number":"G737970160086","name":"ARMREST"},{"catalog_number":"G737970160085","name":"ARMREST"},{"catalog_number":"G737970160076","name":"ARMREST"},{"catalog_number":"G737970160075","name":"ARMREST"},{"catalog_number":"G737970070041","name":"ELECTRONICS BOX"},{"catalog_number":"G737970070038","name":"ELECTRONIC BOX"},{"catalog_number":"G737970070037","name":"ELECTRONIC BOX"},{"catalog_number":"G737970070036","name":"ELECTRONIC BOX"},{"catalog_number":"G737960240010","name":"SCREW NECK"},{"catalog_number":"G737960220010","name":"COUPLER FITTING"},{"catalog_number":"G737960200020","name":"SCREW NECK"},{"catalog_number":"G737960200010","name":"COUPLER FITTING"},{"catalog_number":"G737960140010","name":"SCREW NECK"},{"catalog_number":"G737960110010","name":"COUPLER FITTING"},{"catalog_number":"G737960031011","name":"CONTROL VALVE"},{"catalog_number":"G737960031010","name":"CONTROL VALVE"},{"catalog_number":"G737960030011","name":"CONTROL VALVE"},{"catalog_number":"G737960030010","name":"CONTROL VALVE"},{"catalog_number":"G737960020090","name":"ACCUMULATOR"},{"catalog_number":"G737960020071","name":"END PLATE"},{"catalog_number":"G737960020061","name":"END PLATE"},{"catalog_number":"G737960020052","name":"END PLATE"},{"catalog_number":"G737960020051","name":"END PLATE"},{"catalog_number":"G737960020041","name":"END PLATE"},{"catalog_number":"G737960020032","name":"DIRECTIONAL VALV"},{"catalog_number":"G737960020030","name":"DIRECTIONAL VALV"},{"catalog_number":"G737960020013","name":"VALVE BLOCK"},{"catalog_number":"G737960020012","name":"VALVE BLOCK"},{"catalog_number":"G737950250110","name":"ADJ T-THRD CONN"},{"catalog_number":"G737950250100","name":"SCREW NECK"},{"catalog_number":"G737950030011","name":"TRLR BRAKE VALVE"},{"catalog_number":"G737950010130","name":"SCREW NECK"},{"catalog_number":"G737950010120","name":"BULKHEAD UNION"},{"catalog_number":"G737950010100","name":"BULKHEAD UNION"},{"catalog_number":"G737940101020","name":"WHEEL PUMP"},{"catalog_number":"G737921050020","name":"TOP LINK"},{"catalog_number":"G737921050013","name":"RETAINER"},{"catalog_number":"G737921050011","name":"RETAINER"},{"catalog_number":"G737921031010","name":"VALVE"},{"catalog_number":"G737921030020","name":"PRESSURE LINE"},{"catalog_number":"G737921030011","name":"PRESSURE LINE"},{"catalog_number":"G737921020011","name":"CYLINDER"},{"catalog_number":"G737921010010","name":"BOLT"},{"catalog_number":"G737900117020","name":"WORKLIGHT"},{"catalog_number":"G737900117010","name":"WORKLIGHT"},{"catalog_number":"G737900111011","name":"WORKLIGHT"},{"catalog_number":"G737900110030","name":"WORKLIGHT"},{"catalog_number":"G737900110021","name":"WORKLIGHT"},{"catalog_number":"G737900110020","name":"WORKLIGHT"},{"catalog_number":"G737900110011","name":"WORKLIGHT"},{"catalog_number":"G737900020250","name":"CENT.ELECTRIC"},{"catalog_number":"G737900020219","name":"CENT.ELECTRIC"},{"catalog_number":"G737900020217","name":"CENT.ELECTRIC"},{"catalog_number":"G737900020130","name":"TAIL LIGHT"},{"catalog_number":"G737900020120","name":"REAR BRAKE LAMP"},{"catalog_number":"G737900020113","name":"OPERATING ELEMNT"},{"catalog_number":"G737900020112","name":"OPERATING ELEMNT"},{"catalog_number":"G737900020080","name":"SWITCH"},{"catalog_number":"G737900020070","name":"DIR. INDIC. LAMP"},{"catalog_number":"G737900020050","name":"DIR. INDIC. LAMP"},{"catalog_number":"G737890580011","name":"PRESS RLF VALVE"},{"catalog_number":"G737890580010","name":"PRESS RLF VALVE"},{"catalog_number":"G737880020030","name":"TRLR CNTRL VALVE"},{"catalog_number":"G737880020010","name":"CHECK VALVE"},{"catalog_number":"G737870060022","name":"CONTROL ARM"},{"catalog_number":"G737870060012","name":"CONTROL ARM"},{"catalog_number":"G737870051010","name":"HYD CYLINDER"},{"catalog_number":"G737870041010","name":"ROD"},{"catalog_number":"G737870040011","name":"ROD"},{"catalog_number":"G737870030020","name":"LIFT BRACE"},{"catalog_number":"G737870030011","name":"LIFT BRACE"},{"catalog_number":"G737860062120","name":"RETURN FILTER"},{"catalog_number":"G737860062112","name":"FUEL LVL. SENSOR"},{"catalog_number":"G737860062100","name":"RETURN FILTER"},{"catalog_number":"G737860031011","name":"HYD CYLINDER"},{"catalog_number":"G737812360033","name":"CARRIER"},{"catalog_number":"G737812360023","name":"CARRIER"},{"catalog_number":"G737812360011","name":"STEERING COLUMN"},{"catalog_number":"G737812350030","name":"LAP BELT"},{"catalog_number":"G737812310021","name":"CARRIER"},{"catalog_number":"G737812230020","name":"SPEAKER"},{"catalog_number":"G737812175011","name":"WIPER MOTOR"},{"catalog_number":"G737812160211","name":"SUN VISOR"},{"catalog_number":"G737812151020","name":"MIRROR"},{"catalog_number":"G737812151010","name":"MIRROR BRACKET"},{"catalog_number":"G737812145104","name":"OPERATING ELEMNT"},{"catalog_number":"G737812145030","name":"HOUSING"},{"catalog_number":"G737812145022","name":"HOUSING"},{"catalog_number":"G737812140107","name":"CONTROL PANEL"},{"catalog_number":"G737812140104","name":"CONTROL PANEL"},{"catalog_number":"G737812140060","name":"SENSOR"},{"catalog_number":"G737812100610","name":"INTERIOR MIRROR"},{"catalog_number":"G737812070040","name":"NOZZLE"},{"catalog_number":"G737812040050","name":"WINDSCREEN"},{"catalog_number":"G737812030080","name":"LOCK"},{"catalog_number":"G737812030061","name":"LOCK"},{"catalog_number":"G737812030050","name":"HINGE"},{"catalog_number":"G737812030040","name":"HINGE"},{"catalog_number":"G737812030030","name":"HINGE"},{"catalog_number":"G737812030020","name":"HINGE"},{"catalog_number":"G737700020900","name":"ADJUSTMENT WHEEL"},{"catalog_number":"G737550030042","name":"REFRIGERANT LINE"},{"catalog_number":"G737550030032","name":"REFRIGERANT LINE"},{"catalog_number":"G737550030021","name":"COOLANT HOSE"},{"catalog_number":"G737550030012","name":"REFRIGERANT LINE"},{"catalog_number":"G737500900100","name":"BOWDEN CABLE"},{"catalog_number":"G737500201110","name":"AIR SPRING"},{"catalog_number":"G737500201100","name":"AIR SPRING"},{"catalog_number":"G737500200031","name":"SUSPENS. ELEMENT"},{"catalog_number":"G737400130011","name":"STEERING UNIT"},{"catalog_number":"G737300160110","name":"ACCUMULATOR"},{"catalog_number":"G737300160100","name":"ACCUMULATOR"},{"catalog_number":"G737300160030","name":"SCREW NECK"},{"catalog_number":"G737300160021","name":"PRESSURE LINE"},{"catalog_number":"G737300160011","name":"PRESSURE LINE"},{"catalog_number":"G737300130033","name":"BOOST PIPE"},{"catalog_number":"G737300130021","name":"PRESSURE LINE"},{"catalog_number":"G737300050031","name":"SWING ARM"},{"catalog_number":"G737300050010","name":"HYD CYLINDER"},{"catalog_number":"G737200720021","name":"HOSE PIECE"},{"catalog_number":"G737200720020","name":"HOSE PIECE"},{"catalog_number":"G737200720011","name":"HOSE LINE"},{"catalog_number":"G737200172010","name":"ENGINE BRAKE"},{"catalog_number":"G737200112102","name":"ADBL./DEF SENSOR"},{"catalog_number":"G737200112100","name":"LEVEL INDICATOR"},{"catalog_number":"G737200102150","name":"EXHAUST MUFFLER"},{"catalog_number":"G737200102140","name":"EXHAUST MUFFLER"},{"catalog_number":"G737200092010","name":"AIR FILTER"},{"catalog_number":"G737200062031","name":"FUEL TANK"},{"catalog_number":"G737200062022","name":"FUEL LVL. SENSOR"},{"catalog_number":"G737200062021","name":"FUEL LVL. SENSOR"},{"catalog_number":"G737200052020","name":"SUCTION HOSE"},{"catalog_number":"G737150742100","name":"SCREW NECK"},{"catalog_number":"G737150720280","name":"BEARING"},{"catalog_number":"G737150720120","name":"SCREW NECK"},{"catalog_number":"G737150720110","name":"BULKHEAD UNION"},{"catalog_number":"G737150720100","name":"BULKHEAD UNION"},{"catalog_number":"G737150070100","name":"CONNECTING VALVE"},{"catalog_number":"G737150032100","name":"HAND-BRAKE VALVE"},{"catalog_number":"G737150031150","name":"HAND-BRAKE VALVE"},{"catalog_number":"G737150031141","name":"SPRING BRK CYL"},{"catalog_number":"G737150031120","name":"ACCUMULATOR"},{"catalog_number":"G737100970012","name":"CONTROL"},{"catalog_number":"G737100510010","name":"SCREW NECK"},{"catalog_number":"G733400130011","name":"STEERING UNIT"},{"catalog_number":"G733400090020","name":"STEERING UNIT"},{"catalog_number":"G733300130020","name":"PRESSURE LINE"},{"catalog_number":"G733300130010","name":"PRESSURE LINE"},{"catalog_number":"G731201060210","name":"FUEL CAP"},{"catalog_number":"G731201060200","name":"PREFILTER"},{"catalog_number":"G731201060170","name":"PREFILTER"},{"catalog_number":"G731201060150","name":"HEATER CORE"},{"catalog_number":"G731201060130","name":"CONTROL UNIT"},{"catalog_number":"G731201060100","name":"DIRECTIONAL VALV"},{"catalog_number":"G731201060090","name":"CLIP"},{"catalog_number":"G731201060080","name":"FUEL PUMP"},{"catalog_number":"G731201060070","name":"FILTER"},{"catalog_number":"G731201060040","name":"FUEL LVL. SENSOR"},{"catalog_number":"G731201060021","name":"FUEL TANK"},{"catalog_number":"G728870040030","name":"ROD"},{"catalog_number":"G728870030030","name":"LIFT BRACE"},{"catalog_number":"G728500164201","name":"BEARING"},{"catalog_number":"G725970210042","name":"ELECTRONICS BOX"},{"catalog_number":"G725970210040","name":"ELECTRONICS BOX"},{"catalog_number":"G725970190040","name":"PRESSURE SWITCH"},{"catalog_number":"G725970190020","name":"SENSOR"},{"catalog_number":"G725970190015","name":"ELECTRONICS BOX"},{"catalog_number":"G725970160011","name":"MAIN SWITCH"},{"catalog_number":"G725970070041","name":"ELECTRONICS BOX"},{"catalog_number":"G725970070033","name":"CONTROL PANEL"},{"catalog_number":"G725970070023","name":"CONTROL PANEL"},{"catalog_number":"G725940011010","name":"PISTON PUMP"},{"catalog_number":"G725901020010","name":"DIR. INDIC. LAMP"},{"catalog_number":"G725900040010","name":"BATTERY CLAMP"},{"catalog_number":"G725900020051","name":"STALK SWITCH"},{"catalog_number":"G725900020040","name":"PRESSURE SWITCH"},{"catalog_number":"G725900020030","name":"RELAY"},{"catalog_number":"G725900020022","name":"SWITCH"},{"catalog_number":"G725891600040","name":"CONNECTOR"},{"catalog_number":"G725891600031","name":"OPERATING ELEMNT"},{"catalog_number":"G725891590010","name":"VALVE SOLENOID"},{"catalog_number":"G725891580021","name":"PRESS RLF VALVE"},{"catalog_number":"G725891580010","name":"MULTICOUPLING"},{"catalog_number":"G725891552041","name":"MULTICOUPLING"},{"catalog_number":"G725891552030","name":"MULTICOUPLING"},{"catalog_number":"G725891551010","name":"COUPLER FITTING"},{"catalog_number":"G725891550010","name":"REVERSING VALVE"},{"catalog_number":"G725891540120","name":"BOLT"},{"catalog_number":"G725891492040","name":"VALVE BLOCK"},{"catalog_number":"G725891480020","name":"TINE"},{"catalog_number":"G725891080020","name":"2-WAY VALVE"},{"catalog_number":"G725891080011","name":"MULTICOUPLING"},{"catalog_number":"G725891080010","name":"MULTICOUPLING"},{"catalog_number":"G725891071130","name":"VALVE BLOCK"},{"catalog_number":"G725891071040","name":"VALVE BLOCK"},{"catalog_number":"G725891071030","name":"VALVE BLOCK"},{"catalog_number":"G725891071020","name":"VALVE BLOCK"},{"catalog_number":"G725891070060","name":"SAFETY VALVE"},{"catalog_number":"G725891070020","name":"VALVE BLOCK"},{"catalog_number":"G725891030180","name":"BOLT"},{"catalog_number":"G725891030170","name":"BOLT"},{"catalog_number":"G725891030030","name":"CYLINDER"},{"catalog_number":"G725891030012","name":"CYLINDER"},{"catalog_number":"G725891030011","name":"CYLINDER"},{"catalog_number":"G725880010011","name":"AIR PRESSER"},{"catalog_number":"G725810151040","name":"MIRROR"},{"catalog_number":"G725810151030","name":"MIRROR"},{"catalog_number":"G725810151020","name":"MIRROR BRACKET"},{"catalog_number":"G725810151010","name":"MIRROR BRACKET"},{"catalog_number":"G725500071040","name":"BOLT"},{"catalog_number":"G725400130020","name":"VALVE BLOCK"},{"catalog_number":"G725400130012","name":"DIRECTIONAL VALV"},{"catalog_number":"G725400090011","name":"STEERING COLUMN"},{"catalog_number":"G725300050040","name":"SWING ARM"},{"catalog_number":"G725300050031","name":"SWING ARM"},{"catalog_number":"G725300050010","name":"HYD CYLINDER"},{"catalog_number":"G725200170020","name":"ENGINE BRAKE"},{"catalog_number":"G725200101100","name":"PROFILE CLIP"},{"catalog_number":"G725200101020","name":"PROFILE CLIP"},{"catalog_number":"G725200101010","name":"PROFILE CLIP"},{"catalog_number":"G725200090020","name":"AIR FILTER"},{"catalog_number":"G725200060100","name":"PREFILTER"},{"catalog_number":"G725200060050","name":"FUEL TANK"},{"catalog_number":"G725200010010","name":"CONTROL UNIT"},{"catalog_number":"G718970190510","name":"RADIO INST. KIT"},{"catalog_number":"G718970190450","name":"RADIO INST. KIT"},{"catalog_number":"G718970190330","name":"RADIO INST. KIT"},{"catalog_number":"G718970190150","name":"SENSOR"},{"catalog_number":"G718970190110","name":"ELECTRONICS BOX"},{"catalog_number":"G718970190082","name":"ELECTRONICS BOX"},{"catalog_number":"G718970190030","name":"INSTALLATION KIT"},{"catalog_number":"G718970190011","name":"RETAINER"},{"catalog_number":"G718970160032","name":"LEVER"},{"catalog_number":"G718970071066","name":"ELECTRONIC BOX"},{"catalog_number":"G718970071045","name":"ELECTRONIC BOX"},{"catalog_number":"G718970071042","name":"ELECTRONICS BOX"},{"catalog_number":"G718970071015","name":"CONTROL PANEL"},{"catalog_number":"G718970070022","name":"ELECTRONICS BOX"},{"catalog_number":"G718970010147","name":"TERMINAL"},{"catalog_number":"G718970010137","name":"TERMINAL"},{"catalog_number":"G718970010090","name":"MAGNET HOLDER"},{"catalog_number":"G718970010065","name":"INSTR. CLUSTER"},{"catalog_number":"G718970010030","name":"CAMERA"},{"catalog_number":"G718960640010","name":"TAB CONNECTOR"}]}