{"machinery_brand_name":"Ag-Chem","parts":[{"catalog_number":"H281500020040","name":"SIDE PLATE"},{"catalog_number":"H281400090030","name":"BEARING"},{"catalog_number":"H281300060011","name":"STEERING KNUCKLE"},{"catalog_number":"H281200100061","name":"MUFFLER"},{"catalog_number":"H281200100030","name":"EXHAUST PIPE"},{"catalog_number":"H281200100011","name":"MUFFLER"},{"catalog_number":"H281200060170","name":"FUEL LINE"},{"catalog_number":"H281200060160","name":"FUEL LINE"},{"catalog_number":"H281104070010","name":"BRACKET"},{"catalog_number":"H281100200030","name":"RETNG. BRG."},{"catalog_number":"H281100050011","name":"DIPSTICK"},{"catalog_number":"H278950130020","name":"PREFILTER"},{"catalog_number":"H278920050010","name":"SPINDLE"},{"catalog_number":"H278920010040","name":"BEARING PIN"},{"catalog_number":"H278901040040","name":"CABLE KIT"},{"catalog_number":"H278901040020","name":"CABLE KIT"},{"catalog_number":"H278901040010","name":"CABLE KIT"},{"catalog_number":"H278871060030","name":"CARRIER"},{"catalog_number":"H278871060020","name":"CONTROL ARM"},{"catalog_number":"H278871060010","name":"CONTROL ARM"},{"catalog_number":"H278871040011","name":"ROD"},{"catalog_number":"H278871030060","name":"BRACE"},{"catalog_number":"H278871030050","name":"PIPE"},{"catalog_number":"H278870030050","name":"CRANK"},{"catalog_number":"H278870030020","name":"SPINDLE"},{"catalog_number":"H278870030010","name":"BRACE"},{"catalog_number":"H278861060050","name":"ANGLE"},{"catalog_number":"H278861030020","name":"LIFT ARM"},{"catalog_number":"H278861030010","name":"LIFT ARM"},{"catalog_number":"H278701040020","name":"FENDER"},{"catalog_number":"H278701040010","name":"FENDER"},{"catalog_number":"H278501240020","name":"COVER"},{"catalog_number":"H278302060011","name":"STEERING ARM"},{"catalog_number":"H278203060010","name":"FUEL LINE"},{"catalog_number":"H278201101010","name":"EXH COLLECT PIPE"},{"catalog_number":"H278201100030","name":"EXHAUST PIPE"},{"catalog_number":"H278201100020","name":"EXHAUST BOX"},{"catalog_number":"H278201060050","name":"FUEL LINE"},{"catalog_number":"H278201060040","name":"FUEL LINE"},{"catalog_number":"H278201060030","name":"FUEL LINE"},{"catalog_number":"H278201060020","name":"FUEL LINE"},{"catalog_number":"H278201060010","name":"FUEL LINE"},{"catalog_number":"H278201010020","name":"CONTROL CABLE"},{"catalog_number":"H278116160010","name":"OUTPUT SHAFT"},{"catalog_number":"H278116071210","name":"REPLENISH LINE"},{"catalog_number":"H278111100010","name":"CLUTCH CARRIER"},{"catalog_number":"H278110051010","name":"COVER"},{"catalog_number":"H275908140010","name":"CONSOLE"},{"catalog_number":"H275904180030","name":"RETAINER"},{"catalog_number":"H275904180010","name":"RETAINER"},{"catalog_number":"H275904040040","name":"CABLE KIT"},{"catalog_number":"H275904040020","name":"CABLE KIT"},{"catalog_number":"H275900040060","name":"STARTER LINE"},{"catalog_number":"H275900040050","name":"CABLE KIT"},{"catalog_number":"H275900020010","name":"REAR LAMP HOLDER"},{"catalog_number":"H275870040030","name":"CATCH"},{"catalog_number":"H275870040020","name":"CATCH"},{"catalog_number":"H275860060020","name":"TANK"},{"catalog_number":"H275820020030","name":"CATCH HOOK"},{"catalog_number":"H275800520031","name":"STEERING PART"},{"catalog_number":"H275800520021","name":"BOOM"},{"catalog_number":"H275800520010","name":"JOINTED SPINDLE"},{"catalog_number":"H275505210110","name":"DOOR"},{"catalog_number":"H275500220010","name":"FRAME"},{"catalog_number":"H275500210060","name":"FRAME"},{"catalog_number":"H275500210040","name":"HINGE HALF"},{"catalog_number":"H275500210010","name":"HINGE HALF"},{"catalog_number":"H275400030021","name":"TRACK ROD TUBE"},{"catalog_number":"H275300071020","name":"STEERING ARM"},{"catalog_number":"H275300070031","name":"STEERING KNUCKLE"},{"catalog_number":"H275300070020","name":"STEERING ARM"},{"catalog_number":"H275300061020","name":"STEERING ARM"},{"catalog_number":"H275300060040","name":"SEAL"},{"catalog_number":"H275300060031","name":"STEERING KNUCKLE"},{"catalog_number":"H275300060020","name":"STEERING ARM"},{"catalog_number":"H275203100010","name":"EXHAUST"},{"catalog_number":"H275203010020","name":"OIL LINE"},{"catalog_number":"H275201010020","name":"CONTROL CABLE"},{"catalog_number":"H275200180020","name":"LINE"},{"catalog_number":"H275200100020","name":"END PIPE"},{"catalog_number":"H275200100010","name":"EXHAUST"},{"catalog_number":"H275200090020","name":"INTAKE HOSE"},{"catalog_number":"H275200090010","name":"RETAINER"},{"catalog_number":"H275200010060","name":"FLANGE BRG. HSG"},{"catalog_number":"H275200010050","name":"ROPE GUIDE"},{"catalog_number":"H275200010031","name":"FLYWHEEL"},{"catalog_number":"H275200010020","name":"CONTROL CABLE"},{"catalog_number":"H275113200020","name":"COUPLING"},{"catalog_number":"H275100030150","name":"ROD HEAD"},{"catalog_number":"H275100030132","name":"BANDBRAKE"},{"catalog_number":"H275100030122","name":"BANDBRAKE"},{"catalog_number":"H270950160080","name":"PRESSURE HOSE"},{"catalog_number":"H270950160070","name":"PRESSURE HOSE"},{"catalog_number":"H270950160050","name":"BOOST PIPE"},{"catalog_number":"H270950160040","name":"RETURN PIPE"},{"catalog_number":"H270950160030","name":"RETURN PIPE"},{"catalog_number":"H270950160020","name":"BOOST PIPE"},{"catalog_number":"H270950160010","name":"BOOST PIPE"},{"catalog_number":"H270920070050","name":"BOLT"},{"catalog_number":"H270920070040","name":"BOLT"},{"catalog_number":"H270920070012","name":"FRAME"},{"catalog_number":"H270920050020","name":"CNTRL ARM HOLDER"},{"catalog_number":"H270920050012","name":"RETAINER"},{"catalog_number":"H270920030120","name":"BOOST PIPE"},{"catalog_number":"H270920030110","name":"RETURN LINE"},{"catalog_number":"H270920030102","name":"RETAINER"},{"catalog_number":"H270920030080","name":"PRESSURE HOSE"},{"catalog_number":"H270920030070","name":"PRESSURE HOSE"},{"catalog_number":"H270920030040","name":"RETURN PIPE"},{"catalog_number":"H270920030030","name":"BOOST PIPE"},{"catalog_number":"H270920030010","name":"BOOST PIPE"},{"catalog_number":"H270920010080","name":"CROSSMEMBER"},{"catalog_number":"H270920010071","name":"RETAINER"},{"catalog_number":"H270920010061","name":"RETAINER"},{"catalog_number":"H270920010051","name":"FRAME"},{"catalog_number":"H270920010041","name":"FRAME"},{"catalog_number":"H270920010021","name":"FRAME"},{"catalog_number":"H270920010011","name":"FRAME"},{"catalog_number":"H270880090010","name":"RETAINER"},{"catalog_number":"H270880030151","name":"BOOST PIPE"},{"catalog_number":"H270880030140","name":"BOOST PIPE"},{"catalog_number":"H270880030130","name":"BOOST PIPE"},{"catalog_number":"H270880030120","name":"BOOST PIPE"},{"catalog_number":"H270880030111","name":"BOOST PIPE"},{"catalog_number":"H270880030100","name":"BOOST PIPE"},{"catalog_number":"H270880010041","name":"BELT GUIDE"},{"catalog_number":"H270880010032","name":"BOOST PIPE"},{"catalog_number":"H270870062021","name":"CONTROL ARM"},{"catalog_number":"H270870062020","name":"CONTROL ARM"},{"catalog_number":"H270870062011","name":"CONTROL ARM"},{"catalog_number":"H270870062010","name":"CONTROL ARM"},{"catalog_number":"H270870061021","name":"CONTROL ARM"},{"catalog_number":"H270870061011","name":"CONTROL ARM"},{"catalog_number":"H270870060021","name":"CONTROL ARM"},{"catalog_number":"H270870060011","name":"CONTROL ARM"},{"catalog_number":"H270870041030","name":"CATCH"},{"catalog_number":"H270870041020","name":"CATCH"},{"catalog_number":"H270870041010","name":"SHUTTER"},{"catalog_number":"H270860072012","name":"BRACKET"},{"catalog_number":"H270860031040","name":"BEARING"},{"catalog_number":"H270860031030","name":"BEARING"},{"catalog_number":"H270860031012","name":"LIFT ARM"},{"catalog_number":"H270810220020","name":"SEAL"},{"catalog_number":"H270810220010","name":"SEAL"},{"catalog_number":"H270810080010","name":"ROOF TRIM"},{"catalog_number":"H270810030170","name":"DOOR HANDLE"},{"catalog_number":"H270810020210","name":"ROOF UPPER PART"},{"catalog_number":"H270810020201","name":"ROOF UPPER PART"},{"catalog_number":"H270810020101","name":"ROOF LOWER PART"},{"catalog_number":"H270800630011","name":"BRAKE LEVER SUPP"},{"catalog_number":"H270800330050","name":"HOLDER"},{"catalog_number":"H270700050010","name":"BAND CLAMP"},{"catalog_number":"H270700010900","name":"DISC WHEEL"},{"catalog_number":"H270500420920","name":"ROCKER PANEL"},{"catalog_number":"H270500420910","name":"ROCKER PANEL"},{"catalog_number":"H270500420560","name":"MUDGUARD STAY"},{"catalog_number":"H270500200100","name":"CARRIER"},{"catalog_number":"H270500200080","name":"RETAINER"},{"catalog_number":"H270500200070","name":"RETAINER"},{"catalog_number":"H270500200061","name":"CONSOLE"},{"catalog_number":"H270500200051","name":"CONSOLE"},{"catalog_number":"H270300110022","name":"INTERM. SUPP"},{"catalog_number":"H270300110021","name":"INTERM. SUPP"},{"catalog_number":"H268890070010","name":"PIPE CONNECTION"},{"catalog_number":"H268870071010","name":"CARRIER"},{"catalog_number":"H268870040010","name":"CATCH"},{"catalog_number":"H268870030010","name":"BRACE"},{"catalog_number":"H268861030020","name":"CARRIER"},{"catalog_number":"H268860121021","name":"PIPE CONNECTION"},{"catalog_number":"H268860121011","name":"PIPE CONNECTION"},{"catalog_number":"H268860050010","name":"SHIFT LEVER"},{"catalog_number":"H268860030020","name":"LIFT ARM"},{"catalog_number":"H268860030010","name":"LIFT ARM"},{"catalog_number":"H268709050010","name":"MUDGRD EXT."},{"catalog_number":"H268708021018","name":"WHEEL RIM"},{"catalog_number":"H268306010010","name":"COLLAR"},{"catalog_number":"H268200100020","name":"EXHAUST PIPE"},{"catalog_number":"H268101320020","name":"SHIFTER RAIL"},{"catalog_number":"H268101320010","name":"LEVER"},{"catalog_number":"H268100070021","name":"ROD"},{"catalog_number":"H268100011020","name":"RETNG SHT METAL"},{"catalog_number":"H268100011010","name":"OIL LUBE PIPE"},{"catalog_number":"H264810220020","name":"SEAL"},{"catalog_number":"H264810220010","name":"SEAL"},{"catalog_number":"H264810060020","name":"SUPPORT PLATE"},{"catalog_number":"H260970070030","name":"RETNG SHT METAL"},{"catalog_number":"H260960640020","name":"BOOST PIPE"},{"catalog_number":"H260960640010","name":"BOOST PIPE"},{"catalog_number":"H260960630030","name":"RETURN PIPE"},{"catalog_number":"H260960630020","name":"RETURN PIPE"},{"catalog_number":"H260960630010","name":"RETURN PIPE"},{"catalog_number":"H260960620070","name":"RETURN PIPE"},{"catalog_number":"H260960620060","name":"RETURN PIPE"},{"catalog_number":"H260960620050","name":"RETURN PIPE"},{"catalog_number":"H260960620021","name":"RETURN PIPE"},{"catalog_number":"H260960620010","name":"RETURN PIPE"},{"catalog_number":"H260960610020","name":"TUBE"},{"catalog_number":"H260960610010","name":"TUBE"},{"catalog_number":"H260960600010","name":"RETURN PIPE"},{"catalog_number":"H260960210020","name":"BOOST PIPE"},{"catalog_number":"H260960210010","name":"BOOST PIPE"},{"catalog_number":"H260960190020","name":"BOOST PIPE"},{"catalog_number":"H260960190010","name":"BOOST PIPE"},{"catalog_number":"H260960180021","name":"BOOST PIPE"},{"catalog_number":"H260960180011","name":"BOOST PIPE"},{"catalog_number":"H260960170031","name":"RETAINER"},{"catalog_number":"H260960170020","name":"BOOST PIPE"},{"catalog_number":"H260960170010","name":"BOOST PIPE"},{"catalog_number":"H260960160030","name":"BOOST PIPE"},{"catalog_number":"H260960160022","name":"BOOST PIPE"},{"catalog_number":"H260960150030","name":"BOOST PIPE"},{"catalog_number":"H260960150020","name":"BOOST PIPE"},{"catalog_number":"H260960150011","name":"BOOST PIPE"},{"catalog_number":"H260960140022","name":"BOOST PIPE"},{"catalog_number":"H260960140021","name":"BOOST PIPE"},{"catalog_number":"H260960140012","name":"BOOST PIPE"},{"catalog_number":"H260960130020","name":"BOOST PIPE"},{"catalog_number":"H260960130010","name":"BOOST PIPE"},{"catalog_number":"H260960120020","name":"BOOST PIPE"},{"catalog_number":"H260960120011","name":"BOOST PIPE"},{"catalog_number":"H260960110020","name":"BOOST PIPE"},{"catalog_number":"H260960110010","name":"BOOST PIPE"},{"catalog_number":"H260960100090","name":"BACK PANEL"},{"catalog_number":"H260960100080","name":"BACK PANEL"},{"catalog_number":"H260960100071","name":"BACK PANEL"},{"catalog_number":"H260960100060","name":"BACK PANEL"},{"catalog_number":"H260960100030","name":"RETAINER"},{"catalog_number":"H260960100022","name":"BOOST PIPE"},{"catalog_number":"H260960100012","name":"BOOST PIPE"},{"catalog_number":"H260950250030","name":"RETURN PIPE"},{"catalog_number":"H260950250020","name":"RETURN PIPE"},{"catalog_number":"H260950250010","name":"RETURN PIPE"},{"catalog_number":"H260950170300","name":"RETURN PIPE"},{"catalog_number":"H260950170280","name":"PRESSURE LINE"},{"catalog_number":"H260950170270","name":"PRESSURE LINE"},{"catalog_number":"H260950170260","name":"PRESSURE LINE"},{"catalog_number":"H260950170250","name":"PRESSURE LINE"},{"catalog_number":"H260950170170","name":"BOOST PIPE"},{"catalog_number":"H260950170160","name":"BOOST PIPE"},{"catalog_number":"H260950170150","name":"BOOST PIPE"},{"catalog_number":"H260950170140","name":"BOOST PIPE"},{"catalog_number":"H260950170130","name":"BOOST PIPE"},{"catalog_number":"H260950170120","name":"BOOST PIPE"},{"catalog_number":"H260950170110","name":"BOOST PIPE"},{"catalog_number":"H260950170100","name":"BOOST PIPE"},{"catalog_number":"H260950170090","name":"BOOST PIPE"},{"catalog_number":"H260950170080","name":"BOOST PIPE"},{"catalog_number":"H260950170070","name":"BOOST PIPE"},{"catalog_number":"H260950170060","name":"BOOST PIPE"},{"catalog_number":"H260950170050","name":"RETURN PIPE"},{"catalog_number":"H260950160080","name":"RETURN PIPE"},{"catalog_number":"H260950160070","name":"RETURN PIPE"},{"catalog_number":"H260950160050","name":"BOOST PIPE"},{"catalog_number":"H260950160040","name":"PRESSURE LINE"},{"catalog_number":"H260950160030","name":"PRESSURE LINE"},{"catalog_number":"H260950160020","name":"PRESSURE LINE"},{"catalog_number":"H260950160010","name":"PRESSURE LINE"},{"catalog_number":"H260950030180","name":"BOOST PIPE"},{"catalog_number":"H260950030160","name":"RETNG SHT METAL"},{"catalog_number":"H260950030150","name":"BOOST PIPE"},{"catalog_number":"H260950030070","name":"BOOST PIPE"},{"catalog_number":"H260950030042","name":"BOOST PIPE"},{"catalog_number":"H260950030010","name":"RETURN PIPE"},{"catalog_number":"H260950010600","name":"MULTITUBE CONN."},{"catalog_number":"H260950010470","name":"PRESSURE LINE"},{"catalog_number":"H260950010410","name":"RETAINER"},{"catalog_number":"H260950010400","name":"RETURN PIPE"},{"catalog_number":"H260950010380","name":"RETAINER"},{"catalog_number":"H260950010370","name":"BOOST PIPE"},{"catalog_number":"H260950010361","name":"BOOST PIPE"},{"catalog_number":"H260950010341","name":"BOOST PIPE"},{"catalog_number":"H260950010320","name":"RETURN PIPE"},{"catalog_number":"H260950010310","name":"RETURN PIPE"},{"catalog_number":"H260950010300","name":"MULTITUBE CONN."},{"catalog_number":"H260950010291","name":"BOOST PIPE"},{"catalog_number":"H260950010281","name":"BOOST PIPE"},{"catalog_number":"H260950010271","name":"BOOST PIPE"},{"catalog_number":"H260950010260","name":"BOOST PIPE"},{"catalog_number":"H260950010240","name":"BOOST PIPE"},{"catalog_number":"H260950010230","name":"RETURN PIPE"},{"catalog_number":"H260950010220","name":"RETAINER"},{"catalog_number":"H260950010161","name":"BOOST PIPE"},{"catalog_number":"H260950010150","name":"RETURN PIPE"},{"catalog_number":"H260950010140","name":"RETURN PIPE"},{"catalog_number":"H260950010130","name":"RETURN PIPE"},{"catalog_number":"H260950010120","name":"RETURN PIPE"},{"catalog_number":"H260950010110","name":"RETURN PIPE"},{"catalog_number":"H260950010090","name":"RETURN PIPE"},{"catalog_number":"H260950010080","name":"RETURN PIPE"},{"catalog_number":"H260950010071","name":"BOOST PIPE"},{"catalog_number":"H260950010060","name":"BOOST PIPE"},{"catalog_number":"H260950010050","name":"PRESSURE HOSE"},{"catalog_number":"H260950010040","name":"PRESSURE HOSE"},{"catalog_number":"H260950010030","name":"RETURN LINE"},{"catalog_number":"H260950010020","name":"PRESSURE LINE"},{"catalog_number":"H260950010010","name":"PRESSURE LINE"},{"catalog_number":"H260920120020","name":"BRACKET"},{"catalog_number":"H260920070041","name":"LOWER LINKAGE"},{"catalog_number":"H260920070020","name":"BOLT"},{"catalog_number":"H260920070011","name":"LOWER LINKAGE"},{"catalog_number":"H260920050011","name":"RETAINER"},{"catalog_number":"H260920030110","name":"PRESSURE HOSE"},{"catalog_number":"H260920030100","name":"PRESSURE HOSE"},{"catalog_number":"H260920030090","name":"PRESSURE HOSE"},{"catalog_number":"H260920030080","name":"PRESSURE HOSE"},{"catalog_number":"H260920030060","name":"RETURN PIPE"},{"catalog_number":"H260920030050","name":"RETURN PIPE"},{"catalog_number":"H260920030010","name":"BOOST PIPE"},{"catalog_number":"H260920010031","name":"RETAINER"},{"catalog_number":"H260920010021","name":"SUPPORT"},{"catalog_number":"H260920010011","name":"SUPPORT"},{"catalog_number":"H260900040600","name":"BEAM PLATE"},{"catalog_number":"H260900040580","name":"CABLE KIT"},{"catalog_number":"H260900040571","name":"CABLE KIT"},{"catalog_number":"H260900040560","name":"CABLE KIT"},{"catalog_number":"H260900040540","name":"CABLE KIT"},{"catalog_number":"H260900040530","name":"CABLE KIT"},{"catalog_number":"H260900040520","name":"CABLE KIT"},{"catalog_number":"H260900040510","name":"CABLE KIT"},{"catalog_number":"H260900040500","name":"CABLE KIT"},{"catalog_number":"H260900040490","name":"CABLE KIT"},{"catalog_number":"H260900040480","name":"CABLE KIT"},{"catalog_number":"H260900040470","name":"CABLE KIT"},{"catalog_number":"H260900040460","name":"CONNECTOR"},{"catalog_number":"H260900040451","name":"CABLE KIT"},{"catalog_number":"H260900040421","name":"CABLE KIT"},{"catalog_number":"H260900040411","name":"CABLE KIT"},{"catalog_number":"H260900040380","name":"CABLE KIT"},{"catalog_number":"H260900040370","name":"CABLE KIT"},{"catalog_number":"H260900040320","name":"CABLE"},{"catalog_number":"H260900040301","name":"CABLE KIT"},{"catalog_number":"H260900040102","name":"CIRCUIT BOARD"},{"catalog_number":"H260900040101","name":"CIRCUIT BOARD"},{"catalog_number":"H260870162100","name":"ANGLE"},{"catalog_number":"H260870160011","name":"BOLT"},{"catalog_number":"H260870063030","name":"LOWER LINK"},{"catalog_number":"H260870063011","name":"CONTROL ARM"},{"catalog_number":"H260870062030","name":"LOWER LINK"},{"catalog_number":"H260870062020","name":"BOLT"},{"catalog_number":"H260870062011","name":"CONTROL ARM"},{"catalog_number":"H260870050010","name":"BOLT"},{"catalog_number":"H260870041051","name":"CARRIER"},{"catalog_number":"H260870041041","name":"BRACKET"},{"catalog_number":"H260870041031","name":"BLOCK"},{"catalog_number":"H260870040051","name":"CARRIER"},{"catalog_number":"H260870040040","name":"CARRIER"},{"catalog_number":"H260870040021","name":"BRACKET"},{"catalog_number":"H260870040011","name":"PULL LOCK"},{"catalog_number":"H260860102030","name":"KIT, CABLE"},{"catalog_number":"H260860061300","name":"SUCTION FLANGE"},{"catalog_number":"H260860061060","name":"SUCTION FILTER"},{"catalog_number":"H260860061041","name":"BOOST PIPE"},{"catalog_number":"H260860061030","name":"LEAKAGE OIL LINE"},{"catalog_number":"H260860061021","name":"PIPE"},{"catalog_number":"H260860060700","name":"SUCTION FLANGE"},{"catalog_number":"H260860060500","name":"FILTER RETAINER"},{"catalog_number":"H260860060331","name":"OIL INFILL"},{"catalog_number":"H260860060320","name":"OIL INFILL"},{"catalog_number":"H260860060310","name":"OIL INFILL"},{"catalog_number":"H260860060210","name":"SUCTION FLANGE"},{"catalog_number":"H260860060140","name":"RETAINER"},{"catalog_number":"H260860060130","name":"RETAINER"},{"catalog_number":"H260860060110","name":"SUCTION FLANGE"},{"catalog_number":"H260860060081","name":"BOOST PIPE"},{"catalog_number":"H260860060050","name":"PIPE"},{"catalog_number":"H260860060040","name":"PIPE"},{"catalog_number":"H260860060031","name":"DIPSTICK"},{"catalog_number":"H260860031020","name":"BRACE"},{"catalog_number":"H260810250060","name":"PIPE"},{"catalog_number":"H260810250051","name":"RETURN LINE"},{"catalog_number":"H260810250040","name":"RETAINER"},{"catalog_number":"H260810230030","name":"SHEET METAL"},{"catalog_number":"H260810230020","name":"ANTENNA"},{"catalog_number":"H260810220020","name":"SEAL"},{"catalog_number":"H260810220010","name":"SEAL"},{"catalog_number":"H260810140180","name":"FILTER"},{"catalog_number":"H260810140100","name":"BAND CLAMP"},{"catalog_number":"H260810130040","name":"RETAINER"},{"catalog_number":"H260810130030","name":"RETAINER"},{"catalog_number":"H260810080010","name":"ROOF TRIM"},{"catalog_number":"H260810072010","name":"RETAINER"},{"catalog_number":"H260810060020","name":"SUPPORT PLATE"},{"catalog_number":"H260810030170","name":"DOOR HANDLE"},{"catalog_number":"H260810020210","name":"ROOF UPPER PART"},{"catalog_number":"H260810020201","name":"ROOF UPPER PART"},{"catalog_number":"H260810020101","name":"ROOF LOWER PART"},{"catalog_number":"H260810020050","name":"CONSOLE"},{"catalog_number":"H260800660011","name":"HOLDER"},{"catalog_number":"H260800660010","name":"HOSE RETAINER"},{"catalog_number":"H260800631010","name":"RETAINER"},{"catalog_number":"H260800630010","name":"BRAKE LEVER SUPP"},{"catalog_number":"H260800580021","name":"IMPLEMENT PLATE"},{"catalog_number":"H260800580011","name":"IMPLEMENT PLATE"},{"catalog_number":"H260800330050","name":"BOLT"},{"catalog_number":"H260800330030","name":"RETAINER"},{"catalog_number":"H260800330020","name":"RETAINER"},{"catalog_number":"H260800330010","name":"HOLDER"},{"catalog_number":"H260800290020","name":"RETAINER"},{"catalog_number":"H260800290010","name":"RETAINER"},{"catalog_number":"H260700090020","name":"SCRAPER BAR"},{"catalog_number":"H260700090010","name":"SCRAPER BAR"},{"catalog_number":"H260700020018","name":"WHEEL RIM"},{"catalog_number":"H260700010900","name":"DISC WHEEL"},{"catalog_number":"H260550080600","name":"MESH PANEL"},{"catalog_number":"H260550080500","name":"MESH PANEL"},{"catalog_number":"H260550080421","name":"HOLDER"},{"catalog_number":"H260550080401","name":"RETNG SHT METAL"},{"catalog_number":"H260500420920","name":"ROCKER PANEL"},{"catalog_number":"H260500420910","name":"ROCKER PANEL"},{"catalog_number":"H260500420570","name":"MUDGUARD STAY"},{"catalog_number":"H260500420560","name":"MUDGUARD STAY"},{"catalog_number":"H260500200061","name":"CARRIER"},{"catalog_number":"H260500200051","name":"FRAME SUPPORT"},{"catalog_number":"H260500200040","name":"FRAME SUPPORT"},{"catalog_number":"H260500200030","name":"CARRIER"},{"catalog_number":"H260500171160","name":"COVER"},{"catalog_number":"H260500171140","name":"RETAINER"},{"catalog_number":"H260500171130","name":"RETAINER"},{"catalog_number":"H260500171120","name":"HOLDER"},{"catalog_number":"H260500171112","name":"SHROUD PANEL"},{"catalog_number":"H260500171110","name":"SHROUD PANEL"},{"catalog_number":"H260500171091","name":"COVER"},{"catalog_number":"H260500171080","name":"COVER"},{"catalog_number":"H260500171070","name":"BRACKET"},{"catalog_number":"H260500171060","name":"BRACKET"},{"catalog_number":"H260500171030","name":"COVER"},{"catalog_number":"H260500171021","name":"STEP"},{"catalog_number":"H260500171010","name":"STEP"},{"catalog_number":"H260500021601","name":"STIFFENING BOW"},{"catalog_number":"H260500021140","name":"RETNG SHT METAL"},{"catalog_number":"H260500021121","name":"BONNET BRACKET"},{"catalog_number":"H260500021110","name":"HINGE"},{"catalog_number":"H260500021101","name":"BONNET BRACKET"},{"catalog_number":"H260500021090","name":"RETAINER"},{"catalog_number":"H260500021082","name":"SUPPORT BRACE"},{"catalog_number":"H260500021080","name":"SUPPORT BRACE"},{"catalog_number":"H260500021071","name":"SUPPORT BRACE"},{"catalog_number":"H260500021060","name":"RETAINER"},{"catalog_number":"H260500021050","name":"RETNG SHT METAL"},{"catalog_number":"H260500021040","name":"RETNG SHT METAL"},{"catalog_number":"H260500021031","name":"GAS SPRING"},{"catalog_number":"H260500021020","name":"LOCKING KIT"},{"catalog_number":"H260500021011","name":"CROSSMEMBER"},{"catalog_number":"H260500010120","name":"CONTROL PANEL"},{"catalog_number":"H260400090020","name":"RETAINER"},{"catalog_number":"H260400081020","name":"RETAINER"},{"catalog_number":"H260310160380","name":"BOOST PIPE"},{"catalog_number":"H260310160370","name":"BOOST PIPE"},{"catalog_number":"H260310160360","name":"BOOST PIPE"},{"catalog_number":"H260310160350","name":"BOOST PIPE"},{"catalog_number":"H260310160340","name":"RETAINER"},{"catalog_number":"H260310160330","name":"RETAINER"},{"catalog_number":"H260310160320","name":"RETAINER"},{"catalog_number":"H260310160300","name":"PRESSURE HOSE"},{"catalog_number":"H260310160280","name":"BOOST PIPE"},{"catalog_number":"H260310160271","name":"BOOST PIPE"},{"catalog_number":"H260310160270","name":"BOOST PIPE"},{"catalog_number":"H260310160250","name":"BOOST PIPE"},{"catalog_number":"H260310160242","name":"BOOST PIPE"},{"catalog_number":"H260310160232","name":"BOOST PIPE"},{"catalog_number":"H260310160220","name":"BOOST PIPE"},{"catalog_number":"H260310160210","name":"BOOST PIPE"},{"catalog_number":"H260310160200","name":"BOOST PIPE"},{"catalog_number":"H260310160190","name":"BOOST PIPE"},{"catalog_number":"H260310160171","name":"BOOST PIPE"},{"catalog_number":"H260310160160","name":"BOOST PIPE"},{"catalog_number":"H260310160152","name":"BOOST PIPE"},{"catalog_number":"H260310160130","name":"BOOST PIPE"},{"catalog_number":"H260310160121","name":"BOOST PIPE"},{"catalog_number":"H260310160090","name":"BOOST PIPE"},{"catalog_number":"H260310160081","name":"BOOST PIPE"},{"catalog_number":"H260310160072","name":"BOOST PIPE"},{"catalog_number":"H260310160040","name":"BOOST PIPE"},{"catalog_number":"H260310160030","name":"BOOST PIPE"},{"catalog_number":"H260310160022","name":"BOOST PIPE"},{"catalog_number":"H260310080041","name":"LEVER"},{"catalog_number":"H260310050112","name":"SUPPORT BRACE"},{"catalog_number":"H260310050102","name":"SUPPORT BRACE"},{"catalog_number":"H260310050061","name":"GUARD"},{"catalog_number":"H260310050012","name":"UNIT MOUNT"},{"catalog_number":"H260301130030","name":"BOOST PIPE"},{"catalog_number":"H260301130020","name":"BOOST PIPE"},{"catalog_number":"H260301130010","name":"BOOST PIPE"},{"catalog_number":"H260300130100","name":"RETAINER"},{"catalog_number":"H260300130061","name":"BOOST PIPE"},{"catalog_number":"H260300130051","name":"BOOST PIPE"},{"catalog_number":"H260300130041","name":"BOOST PIPE"},{"catalog_number":"H260300130040","name":"BOOST PIPE"},{"catalog_number":"H260300130020","name":"PRESSURE HOSE"},{"catalog_number":"H260300130010","name":"PRESSURE HOSE"},{"catalog_number":"H260300080200","name":"PROFILE SHAFT"},{"catalog_number":"H260300080100","name":"SHIELD PIPE"},{"catalog_number":"H260300080020","name":"BEARING"},{"catalog_number":"H260200250100","name":"HEATER ELEMENT"},{"catalog_number":"H260200190120","name":"COOLER"},{"catalog_number":"H260200101130","name":"EXHAUST PIPE"},{"catalog_number":"H260200101120","name":"EXHAUST PIPE"},{"catalog_number":"H260200100150","name":"EXHAUST PIPE"},{"catalog_number":"H260200100140","name":"EXHAUST MUFFLER"},{"catalog_number":"H260200100130","name":"EXHAUST MUFFLER"},{"catalog_number":"H260200100041","name":"END PIPE"},{"catalog_number":"H260200100030","name":"RETAINER"},{"catalog_number":"H260200090100","name":"FILTER CARTRIDGE"},{"catalog_number":"H260200090030","name":"RETAINER"},{"catalog_number":"H260200060090","name":"BASEPLATE"},{"catalog_number":"H260200060080","name":"ANGLE"},{"catalog_number":"H260200060070","name":"TANK SUPPORT"},{"catalog_number":"H260200060060","name":"SUCTION PIPE"},{"catalog_number":"H260200051141","name":"CONSOLE"},{"catalog_number":"H260200051121","name":"EXPANSION TANK"},{"catalog_number":"H260200051100","name":"COOLER"},{"catalog_number":"H260200051070","name":"RETAINER"},{"catalog_number":"H260200051060","name":"MOLDED SEAL"},{"catalog_number":"H260200051050","name":"MOLDED SEAL"},{"catalog_number":"H260200051040","name":"RETAINER"},{"catalog_number":"H260200051030","name":"SEAL FORM PART"},{"catalog_number":"H260200051021","name":"SEAL FORM PART"},{"catalog_number":"H260200040100","name":"FAN"},{"catalog_number":"H260200011010","name":"HOLDER"},{"catalog_number":"H260200010020","name":"RETAINER"},{"catalog_number":"H260150730150","name":"BOOST PIPE"},{"catalog_number":"H260150730140","name":"BOOST PIPE"},{"catalog_number":"H260150730121","name":"BOOST PIPE"},{"catalog_number":"H260150730110","name":"RETURN PIPE"},{"catalog_number":"H260150730090","name":"BOOST PIPE"},{"catalog_number":"H260150730080","name":"RETAINER"},{"catalog_number":"H260150730040","name":"BOOST PIPE"},{"catalog_number":"H260150730021","name":"RETURN PIPE"},{"catalog_number":"H260150721030","name":"BRAKE HOSE"},{"catalog_number":"H260150721021","name":"BRAKE HOSE"},{"catalog_number":"H260150721011","name":"BRAKE HOSE"},{"catalog_number":"H260150720350","name":"BOOST PIPE"},{"catalog_number":"H260150720340","name":"BOOST PIPE"},{"catalog_number":"H260150720311","name":"RETAINER"},{"catalog_number":"H260150720301","name":"HOSE RETAINER"},{"catalog_number":"H260150720291","name":"RETAINER"},{"catalog_number":"H260150720270","name":"BRAKE HOSE"},{"catalog_number":"H260150720261","name":"PRESSURE LINE"},{"catalog_number":"H260150720250","name":"PRESSURE HOSE"},{"catalog_number":"H260150720240","name":"RETAINER"},{"catalog_number":"H260150720200","name":"PRESSURE HOSE"},{"catalog_number":"H260150720190","name":"PRESSURE HOSE"},{"catalog_number":"H260150720172","name":"BOOST PIPE"},{"catalog_number":"H260150720142","name":"BOOST PIPE"},{"catalog_number":"H260150720030","name":"RETURN LINE"},{"catalog_number":"H260150710040","name":"PRESSURE HOSE"},{"catalog_number":"H260150710031","name":"BOOST PIPE"},{"catalog_number":"H260150710021","name":"BOOST PIPE"},{"catalog_number":"H260150710010","name":"BOOST PIPE"},{"catalog_number":"H260150620030","name":"PIPE"},{"catalog_number":"H260150620020","name":"BOOST PIPE"},{"catalog_number":"H260150481030","name":"DIPSTICK"},{"catalog_number":"H260150481010","name":"OIL INFILL"},{"catalog_number":"H260150221011","name":"SHAFT"},{"catalog_number":"H260150200110","name":"SHIFT GATE"},{"catalog_number":"H260150200080","name":"CONTROL SLEEVE"},{"catalog_number":"H260150200070","name":"BEARING FLANGE"},{"catalog_number":"H260150200050","name":"SHIFT FORK"},{"catalog_number":"H260150151011","name":"AXLE HOUSING"},{"catalog_number":"H260150070040","name":"BOLT"},{"catalog_number":"H260150070030","name":"BRAKE PEDAL"},{"catalog_number":"H260150070020","name":"BRAKE PEDAL"},{"catalog_number":"H260150070010","name":"BEARING"},{"catalog_number":"H260150030130","name":"HAND LEVER"},{"catalog_number":"H260150030110","name":"TOOTH SECTOR"},{"catalog_number":"H260150030100","name":"HAND LEVER"},{"catalog_number":"H260150030010","name":"COVER"},{"catalog_number":"H260150011010","name":"BEARING FLANGE"},{"catalog_number":"H260100620050","name":"PIPE"},{"catalog_number":"H260100620040","name":"PRESSURE HOSE"},{"catalog_number":"H260100620031","name":"PIPE"},{"catalog_number":"H260100620021","name":"PIPE"},{"catalog_number":"H260100620010","name":"PRESSURE HOSE"},{"catalog_number":"H260100510130","name":"RETURN PIPE"},{"catalog_number":"H260100510120","name":"RETURN PIPE"},{"catalog_number":"H260100510110","name":"OIL COOLER"},{"catalog_number":"H260100510070","name":"BOOST PIPE"},{"catalog_number":"H260100510061","name":"RETURN PIPE"},{"catalog_number":"H260100510040","name":"RETURN PIPE"},{"catalog_number":"H260100510031","name":"BOOST PIPE"},{"catalog_number":"H260100510021","name":"RETURN PIPE"},{"catalog_number":"H260100510011","name":"BOOST PIPE"},{"catalog_number":"H260100492040","name":"PIPE"},{"catalog_number":"H260100380020","name":"OIL SUPPLY"},{"catalog_number":"H260100100040","name":"BOLT"},{"catalog_number":"H260100100032","name":"CLUTCH PEDAL"},{"catalog_number":"H260100100022","name":"BEARING"},{"catalog_number":"H260100091010","name":"LEVER"},{"catalog_number":"H260100050011","name":"HOUSING"},{"catalog_number":"H258872050040","name":"SPINDLE"},{"catalog_number":"H258871050010","name":"SPINDLE"},{"catalog_number":"H258861030010","name":"IMPULSE PLATE"},{"catalog_number":"H258860030100","name":"CONTROL LEVER"},{"catalog_number":"H258715040020","name":"FENDER"},{"catalog_number":"H258715040010","name":"FENDER"},{"catalog_number":"H258701011018","name":"WHEEL RIM"},{"catalog_number":"H258701010028","name":"WHEEL RIM"},{"catalog_number":"H258514241030","name":"FLOOR COVER"},{"catalog_number":"H258514241020","name":"COVER"},{"catalog_number":"H258514241010","name":"FLOOR COVER"}]}