{"machinery_brand_name":"Ag-Chem","parts":[{"catalog_number":"H258514220100","name":"RR. SCREEN FRAME"},{"catalog_number":"H258514190140","name":"EARTH STRAP"},{"catalog_number":"H258100091030","name":"BEARING"},{"catalog_number":"H258100090010","name":"SUPPORT PLATE"},{"catalog_number":"H258100050010","name":"COVER"},{"catalog_number":"H255201100011","name":"EXHAUST"},{"catalog_number":"H255200180010","name":"LINE"},{"catalog_number":"H253960200010","name":"BACKPLATE"},{"catalog_number":"H253950010010","name":"RETURN PIPE"},{"catalog_number":"H253920030020","name":"RETURN PIPE"},{"catalog_number":"H253920030010","name":"BOOST PIPE"},{"catalog_number":"H253900040021","name":"WIRING HARNESS"},{"catalog_number":"H253900040012","name":"WIRING HARNESS"},{"catalog_number":"H253880140020","name":"HOLDER"},{"catalog_number":"H253880090010","name":"HOLDER"},{"catalog_number":"H253880030160","name":"BOOST PIPE"},{"catalog_number":"H253880030150","name":"BOOST PIPE"},{"catalog_number":"H253880030141","name":"BOOST PIPE"},{"catalog_number":"H253880030130","name":"BOOST PIPE"},{"catalog_number":"H253880020120","name":"BRAKE PIPE"},{"catalog_number":"H253880020111","name":"HOLDER"},{"catalog_number":"H253880020102","name":"BRAKE PIPE"},{"catalog_number":"H253880020071","name":"HOLDER"},{"catalog_number":"H253880020013","name":"HOLDER"},{"catalog_number":"H253870200060","name":"LIFT ARM"},{"catalog_number":"H253870200050","name":"CARRIER"},{"catalog_number":"H253810450011","name":"CARRIER"},{"catalog_number":"H253810290020","name":"HAND BRAKE LEVER"},{"catalog_number":"H253810080010","name":"ROOF TRIM"},{"catalog_number":"H253810020210","name":"ROOF UPPER PART"},{"catalog_number":"H253810020200","name":"ROOF UPPER PART"},{"catalog_number":"H253810020100","name":"ROOF LOWER PART"},{"catalog_number":"H253500200060","name":"CONSOLE"},{"catalog_number":"H253500200050","name":"CONSOLE"},{"catalog_number":"H250860040050","name":"CYLINDER BARREL"},{"catalog_number":"H250860040040","name":"CLIP"},{"catalog_number":"H250800540050","name":"FRONT PTO GUARD"},{"catalog_number":"H250800520500","name":"RETAINER"},{"catalog_number":"H250800520060","name":"BOLT"},{"catalog_number":"H250700010013","name":"WHEEL RIM"},{"catalog_number":"H250641011015","name":"STEERING PART"},{"catalog_number":"H250500100060","name":"GUARD GRID"},{"catalog_number":"H250300010070","name":"BRACKET"},{"catalog_number":"H250300010060","name":"BRACKET"},{"catalog_number":"H250200100050","name":"EXHAUST PIPE"},{"catalog_number":"H250200100010","name":"EXHAUST BOX"},{"catalog_number":"H248500030010","name":"EXTENSION"},{"catalog_number":"H247961240010","name":"BOOST PIPE"},{"catalog_number":"H247951010020","name":"BOOST PIPE"},{"catalog_number":"H247951010010","name":"RETURN PIPE"},{"catalog_number":"H247950280020","name":"BOOST PIPE"},{"catalog_number":"H247950280010","name":"BOOST PIPE"},{"catalog_number":"H247950251010","name":"RETURN PIPE"},{"catalog_number":"H247950241010","name":"RETURN PIPE"},{"catalog_number":"H247950030030","name":"BOOST PIPE"},{"catalog_number":"H247950030020","name":"BOOST PIPE"},{"catalog_number":"H247950011100","name":"RETURN PIPE"},{"catalog_number":"H247950011020","name":"BOOST PIPE"},{"catalog_number":"H247950011010","name":"BOOST PIPE"},{"catalog_number":"H247950010030","name":"BOOST PIPE"},{"catalog_number":"H247950010020","name":"BOOST PIPE"},{"catalog_number":"H247950010010","name":"BOOST PIPE"},{"catalog_number":"H247890910210","name":"BRACKET"},{"catalog_number":"H247890910110","name":"BRACKET"},{"catalog_number":"H247890903110","name":"CYLINDER ROD"},{"catalog_number":"H247890580100","name":"RETURN PIPE"},{"catalog_number":"H247890540020","name":"TOWER"},{"catalog_number":"H247890540010","name":"TOWER"},{"catalog_number":"H247890530050","name":"CYLINDER ROD"},{"catalog_number":"H247890530040","name":"BOLT"},{"catalog_number":"H247890530031","name":"BOLT"},{"catalog_number":"H247890530021","name":"REVERSING LEVER"},{"catalog_number":"H247890511020","name":"BOOST PIPE"},{"catalog_number":"H247890511010","name":"BOOST PIPE"},{"catalog_number":"H247890510030","name":"BOOST PIPE"},{"catalog_number":"H247890510020","name":"BOOST PIPE"},{"catalog_number":"H247890510010","name":"BOOST PIPE"},{"catalog_number":"H247890073020","name":"BOOST PIPE"},{"catalog_number":"H247890073010","name":"BOOST PIPE"},{"catalog_number":"H247890030160","name":"RETAINER"},{"catalog_number":"H247890030150","name":"RETAINER"},{"catalog_number":"H247890030140","name":"SUPPORT"},{"catalog_number":"H247890030130","name":"CARRIER"},{"catalog_number":"H247890030120","name":"BRACE"},{"catalog_number":"H247890030080","name":"SUPPORT PIPE"},{"catalog_number":"H247890030070","name":"SUPPORT"},{"catalog_number":"H247890030060","name":"RING"},{"catalog_number":"H247890030050","name":"END PIECE"},{"catalog_number":"H247890030040","name":"PIPE"},{"catalog_number":"H247890030030","name":"BRACE"},{"catalog_number":"H247890030020","name":"SUPPORT"},{"catalog_number":"H247890011090","name":"BONNET PROTECTON"},{"catalog_number":"H247890011041","name":"SUPPORT BRACE"},{"catalog_number":"H247890011031","name":"SUPPORT BRACE"},{"catalog_number":"H247890011020","name":"CONSOLE"},{"catalog_number":"H247890011010","name":"CONSOLE"},{"catalog_number":"H247811900010","name":"SEALING PROFILE"},{"catalog_number":"H247811240050","name":"TRIM PANEL"},{"catalog_number":"H247811240040","name":"TRIM PANEL"},{"catalog_number":"H247811240030","name":"TRIM PANEL"},{"catalog_number":"H247811240020","name":"TRIM PANEL"},{"catalog_number":"H247811240011","name":"TRIM PANEL"},{"catalog_number":"H247811220020","name":"SEALING PROFILE"},{"catalog_number":"H247811220010","name":"SEALING PROFILE"},{"catalog_number":"H247811210010","name":"CABLE KIT"},{"catalog_number":"H247811041040","name":"FRAME"},{"catalog_number":"H247811041030","name":"FRAME"},{"catalog_number":"H247811040250","name":"HINGE"},{"catalog_number":"H247811040240","name":"HINGE"},{"catalog_number":"H247811040230","name":"HINGE"},{"catalog_number":"H247811040220","name":"HINGE"},{"catalog_number":"H247811040210","name":"HINGE"},{"catalog_number":"H247811040200","name":"HINGE"},{"catalog_number":"H247811030160","name":"DOOR HANDLE"},{"catalog_number":"H247811030150","name":"DOOR LEAF"},{"catalog_number":"H247811030140","name":"HINGE"},{"catalog_number":"H247811030111","name":"DOOR LEAF"},{"catalog_number":"H247811030080","name":"DOOR HANDLE"},{"catalog_number":"H247811030070","name":"DOOR HANDLE"},{"catalog_number":"H247811030060","name":"DOOR HANDLE"},{"catalog_number":"H247811030050","name":"DOOR LEAF"},{"catalog_number":"H247811030040","name":"HINGE"},{"catalog_number":"H247811030011","name":"DOOR LEAF"},{"catalog_number":"H247811010260","name":"HINGE"},{"catalog_number":"H247811010020","name":"CABIN FRAME"},{"catalog_number":"H247810190010","name":"CABLE KIT"},{"catalog_number":"H247700050011","name":"BAND CLAMP"},{"catalog_number":"H247500420010","name":"UNDERBODY"},{"catalog_number":"H247500020015","name":"ENGINE BONNET"},{"catalog_number":"H246921010110","name":"CYLINDER ROD"},{"catalog_number":"H246921010100","name":"CYLINDER BARREL"},{"catalog_number":"H246921010040","name":"FRAME"},{"catalog_number":"H246921010031","name":"CROSSMEMBER"},{"catalog_number":"H246921010021","name":"FRAME"},{"catalog_number":"H246921010011","name":"FRAME"},{"catalog_number":"H246920010010","name":"CYLINDER BARREL"},{"catalog_number":"H246900040050","name":"CABLE KIT"},{"catalog_number":"H246900040040","name":"CABLE KIT"},{"catalog_number":"H246900040030","name":"CABLE KIT"},{"catalog_number":"H246900040020","name":"CABLE KIT"},{"catalog_number":"H246900040011","name":"CABLE KIT"},{"catalog_number":"H246900010011","name":"BEARING"},{"catalog_number":"H246880903030","name":"LINE"},{"catalog_number":"H246880903020","name":"LINE"},{"catalog_number":"H246880110060","name":"LINE"},{"catalog_number":"H246880110050","name":"LINE"},{"catalog_number":"H246880091010","name":"LINE"},{"catalog_number":"H246880090020","name":"LINE"},{"catalog_number":"H246880030030","name":"LINE"},{"catalog_number":"H246880030010","name":"LINE"},{"catalog_number":"H246880020010","name":"RETAINER"},{"catalog_number":"H246880010020","name":"LINE"},{"catalog_number":"H246880010010","name":"LINE"},{"catalog_number":"H246870061020","name":"CONTROL ARM"},{"catalog_number":"H246870061010","name":"CONTROL ARM"},{"catalog_number":"H246870040020","name":"SHUTTER"},{"catalog_number":"H246870030010","name":"BRACE"},{"catalog_number":"H246870020010","name":"TRAILER RAIL"},{"catalog_number":"H246860101110","name":"CABLE KIT"},{"catalog_number":"H246860101100","name":"BOX"},{"catalog_number":"H246860101020","name":"CABLE KIT"},{"catalog_number":"H246860100050","name":"CABLE KIT"},{"catalog_number":"H246860100040","name":"CABLE KIT"},{"catalog_number":"H246860100010","name":"LEVER"},{"catalog_number":"H246860071010","name":"BRACKET"},{"catalog_number":"H246860060010","name":"TANK"},{"catalog_number":"H246860030110","name":"CYLINDER ROD"},{"catalog_number":"H246860030100","name":"CYLINDER BARREL"},{"catalog_number":"H246860030033","name":"LIFT ARM"},{"catalog_number":"H246860030023","name":"LIFT ARM"},{"catalog_number":"H246811240011","name":"TRIM PANEL"},{"catalog_number":"H246810220020","name":"COMPENS. PIECE"},{"catalog_number":"H246810220010","name":"COMPENS. PIECE"},{"catalog_number":"H246810070030","name":"TRIM PANEL"},{"catalog_number":"H246700050010","name":"BAND CLAMP"},{"catalog_number":"H246700030010","name":"MUDGRD RETAINER"},{"catalog_number":"H246500906020","name":"SEALING BRUSH"},{"catalog_number":"H246500906010","name":"RETAINER"},{"catalog_number":"H246500904010","name":"SEAT CUSHION"},{"catalog_number":"H246500902010","name":"PITON FIX"},{"catalog_number":"H246500420021","name":"PROTECTING CASE"},{"catalog_number":"H246500420010","name":"UNDERBODY"},{"catalog_number":"H246500240010","name":"COVER"},{"catalog_number":"H246500200021","name":"BEARING"},{"catalog_number":"H246500200011","name":"BEARING"},{"catalog_number":"H246500170100","name":"SUPPORT PLATE"},{"catalog_number":"H246500120030","name":"GEAR SHIFT"},{"catalog_number":"H246500120011","name":"FRAME"},{"catalog_number":"H246500060010","name":"GEAR SHIFT"},{"catalog_number":"H246500020015","name":"ENGINE BONNET"},{"catalog_number":"H246301020100","name":"TUBING"},{"catalog_number":"H246300100010","name":"TRACK ROD TUBE"},{"catalog_number":"H246300070020","name":"STEERING ARM"},{"catalog_number":"H246300070010","name":"STEERING KNUCKLE"},{"catalog_number":"H246300060020","name":"STEERING ARM"},{"catalog_number":"H246300060010","name":"STEERING KNUCKLE"},{"catalog_number":"H246300020011","name":"FRONT AXLE"},{"catalog_number":"H246200902011","name":"TAIL PIPE"},{"catalog_number":"H246200901011","name":"TAIL PIPE"},{"catalog_number":"H246200900010","name":"TAIL PIPE"},{"catalog_number":"H246200240020","name":"CABLE KIT"},{"catalog_number":"H246200240010","name":"CABLE KIT"},{"catalog_number":"H246200180020","name":"TUBING"},{"catalog_number":"H246200180010","name":"TUBING"},{"catalog_number":"H246200090021","name":"BARRIER WALL"},{"catalog_number":"H246200090011","name":"INTAKE MANIFOLD"},{"catalog_number":"H246104382012","name":"TWIN WHEEL"},{"catalog_number":"H246104380010","name":"TWIN WHEEL"},{"catalog_number":"H246101070070","name":"CATCH"},{"catalog_number":"H246101070060","name":"BRAKE PEDAL"},{"catalog_number":"H246101070050","name":"BRAKE PEDAL"},{"catalog_number":"H246101070040","name":"BRAKE LEVER"},{"catalog_number":"H246101070030","name":"BRAKE LEVER"},{"catalog_number":"H246100901011","name":"SHIFT LEVER"},{"catalog_number":"H246100480023","name":"DIPSTICK"},{"catalog_number":"H246100480010","name":"OIL INFILL"},{"catalog_number":"H246100150100","name":"CABLE KIT"},{"catalog_number":"H246100090020","name":"LEVER"},{"catalog_number":"H246100070060","name":"LEVER"},{"catalog_number":"H246100070011","name":"RETAINER"},{"catalog_number":"H246100040020","name":"RATCHET"},{"catalog_number":"H246100040010","name":"LEVER"},{"catalog_number":"H246100030080","name":"HANDLE"},{"catalog_number":"H246100030062","name":"LEVER"},{"catalog_number":"H246100030040","name":"ANGLE"},{"catalog_number":"H246100030020","name":"DRAFT ROD"},{"catalog_number":"H243150070010","name":"BOOST PIPE"},{"catalog_number":"H238950130010","name":"SUCTION PIPE"},{"catalog_number":"H238900040030","name":"EARTH STRAP"},{"catalog_number":"H238894100140","name":"CYLINDER ROD"},{"catalog_number":"H238894100130","name":"CYLINDER BARREL"},{"catalog_number":"H238894100050","name":"BOLT"},{"catalog_number":"H238894100040","name":"BOLT"},{"catalog_number":"H238894100030","name":"PUSH ROD"},{"catalog_number":"H238894100021","name":"REVERSING LEVER"},{"catalog_number":"H238894100011","name":"REVERSING LEVER"},{"catalog_number":"H238893501020","name":"LEVER"},{"catalog_number":"H238893501010","name":"BASEPLATE"},{"catalog_number":"H238893020050","name":"BOLT"},{"catalog_number":"H238893010031","name":"CROSSMEMBER"},{"catalog_number":"H238892020040","name":"BOLT"},{"catalog_number":"H238891030041","name":"CYLINDER BARREL"},{"catalog_number":"H238891010040","name":"BEARING"},{"catalog_number":"H238890010050","name":"LOADER ARM PIN"},{"catalog_number":"H238870070010","name":"CARRIER"},{"catalog_number":"H238870040060","name":"CONNECTOR BODY"},{"catalog_number":"H238870040041","name":"DRAWBAR EYE"},{"catalog_number":"H238870040031","name":"TURNBUCKLE"},{"catalog_number":"H238860030110","name":"LEVER"},{"catalog_number":"H238860030040","name":"SUPPORT PLATE"},{"catalog_number":"H238840050030","name":"BREATHER PIPE"},{"catalog_number":"H238600010043","name":"CLUTCH DISC"},{"catalog_number":"H238500120040","name":"CLEVIS PIN"},{"catalog_number":"H238500060010","name":"BOLT"},{"catalog_number":"H238403030010","name":"TRACK ROD TUBE"},{"catalog_number":"H238209101020","name":"EXHAUST MUFFLER"},{"catalog_number":"H238209101011","name":"EXH COLLECT PIPE"},{"catalog_number":"H238208010010","name":"CONTROL CABLE"},{"catalog_number":"H238202101010","name":"EXH COLLECT PIPE"},{"catalog_number":"H238200100011","name":"EXHAUST PIPE"},{"catalog_number":"H238200061030","name":"CLAMPING CLAW"},{"catalog_number":"H238126160010","name":"TWIN WHEEL"},{"catalog_number":"H238108350014","name":"GEARSHFT LINKAGE"},{"catalog_number":"H238108220010","name":"SHIFTER SHAFT"},{"catalog_number":"H238106320050","name":"ROD"},{"catalog_number":"H238104100011","name":"CLUTCH SHAFT"},{"catalog_number":"H238104030040","name":"BRAKE SHAFT"},{"catalog_number":"H238104010040","name":"DIFF. LOCK"},{"catalog_number":"H236960300160","name":"BOOST PIPE"},{"catalog_number":"H236960300150","name":"BOOST PIPE"},{"catalog_number":"H236960300140","name":"BOOST PIPE"},{"catalog_number":"H236960300130","name":"BOOST PIPE"},{"catalog_number":"H236960300120","name":"BOOST PIPE"},{"catalog_number":"H236960300110","name":"BOOST PIPE"},{"catalog_number":"H236960300100","name":"RETURN PIPE"},{"catalog_number":"H236960300090","name":"RETURN PIPE"},{"catalog_number":"H236960300080","name":"RETURN PIPE"},{"catalog_number":"H236960300070","name":"RETURN PIPE"},{"catalog_number":"H236960300060","name":"RETURN PIPE"},{"catalog_number":"H236960300050","name":"RETURN PIPE"},{"catalog_number":"H236960300040","name":"BOOST PIPE"},{"catalog_number":"H236960300030","name":"BOOST PIPE"},{"catalog_number":"H236960300020","name":"BOOST PIPE"},{"catalog_number":"H236960300010","name":"BOOST PIPE"},{"catalog_number":"H236960200010","name":"BACKPLATE"},{"catalog_number":"H236950250050","name":"HOLDER"},{"catalog_number":"H236950250010","name":"RETURN PIPE"},{"catalog_number":"H236950030100","name":"BOOST PIPE"},{"catalog_number":"H236950030090","name":"BRAKE PIPE"},{"catalog_number":"H236950030080","name":"BRAKE PIPE"},{"catalog_number":"H236950030040","name":"BOOST PIPE"},{"catalog_number":"H236950030030","name":"BOOST PIPE"},{"catalog_number":"H236950030020","name":"BOOST PIPE"},{"catalog_number":"H236950030010","name":"RETURN PIPE"},{"catalog_number":"H236950010030","name":"RETURN PIPE"},{"catalog_number":"H236950010020","name":"BOOST PIPE"},{"catalog_number":"H236950010010","name":"RETURN PIPE"},{"catalog_number":"H236920030020","name":"BOOST PIPE"},{"catalog_number":"H236920030010","name":"RETURN PIPE"},{"catalog_number":"H236900040101","name":"WIRING HARNESS"},{"catalog_number":"H236900040091","name":"HOLDER"},{"catalog_number":"H236900040072","name":"HOLDER"},{"catalog_number":"H236900040062","name":"HOLDER"},{"catalog_number":"H236900040051","name":"HOLDER"},{"catalog_number":"H236900040041","name":"WIRING HARNESS"},{"catalog_number":"H236900040031","name":"WIRING HARNESS"},{"catalog_number":"H236900040022","name":"WIRING HARNESS"},{"catalog_number":"H236900040012","name":"WIRING HARNESS"},{"catalog_number":"H236880120020","name":"HOLDER"},{"catalog_number":"H236880090070","name":"HOLDER"},{"catalog_number":"H236880090060","name":"YOKE"},{"catalog_number":"H236880030203","name":"BOOST PIPE"},{"catalog_number":"H236880030182","name":"BOOST PIPE"},{"catalog_number":"H236880030150","name":"BOOST PIPE"},{"catalog_number":"H236880030132","name":"BOOST PIPE"},{"catalog_number":"H236880020320","name":"HOLDER"},{"catalog_number":"H236880020300","name":"CONSOLE"},{"catalog_number":"H236880020190","name":"HOLDER"},{"catalog_number":"H236880020170","name":"COVER PANEL"},{"catalog_number":"H236880020160","name":"HOLDER"},{"catalog_number":"H236880020151","name":"HOLDER"},{"catalog_number":"H236880020141","name":"HOLDER"},{"catalog_number":"H236880020113","name":"BRAKE HOSE"},{"catalog_number":"H236880020090","name":"HOLDER"},{"catalog_number":"H236880020070","name":"PRESSURE SENSOR"},{"catalog_number":"H236880020060","name":"HOLDER"},{"catalog_number":"H236880020051","name":"BRAKE PIPE"},{"catalog_number":"H236880020042","name":"BRAKE PIPE"},{"catalog_number":"H236880020021","name":"BRAKE PIPE"},{"catalog_number":"H236880011010","name":"BELT GUIDE"},{"catalog_number":"H236870200040","name":"BOOST PIPE"},{"catalog_number":"H236870200030","name":"BOOST PIPE"},{"catalog_number":"H236870200020","name":"BOLT"},{"catalog_number":"H236870200010","name":"STAY"},{"catalog_number":"H236860060070","name":"HOLDER"},{"catalog_number":"H236860060060","name":"HOLDER"},{"catalog_number":"H236860060050","name":"BOOST PIPE"},{"catalog_number":"H236860060030","name":"TUBE"},{"catalog_number":"H236860060020","name":"TUBE"},{"catalog_number":"H236810450051","name":"CARRIER"},{"catalog_number":"H236810440230","name":"RETAINING FRAME"},{"catalog_number":"H236810440060","name":"WIRING HARNESS"},{"catalog_number":"H236810440050","name":"WIRING HARNESS"},{"catalog_number":"H236810440040","name":"WIRING HARNESS"},{"catalog_number":"H236810440031","name":"WIRING HARNESS"},{"catalog_number":"H236810440020","name":"WIRING HARNESS"},{"catalog_number":"H236810440012","name":"WIRING HARNESS"},{"catalog_number":"H236810430020","name":"WIRING HARNESS"},{"catalog_number":"H236810430012","name":"WIRING HARNESS"},{"catalog_number":"H236810400240","name":"HOLDER"},{"catalog_number":"H236810400170","name":"HOLDER"},{"catalog_number":"H236810400150","name":"BOOST PIPE"},{"catalog_number":"H236810400140","name":"BOOST PIPE"},{"catalog_number":"H236810400130","name":"PRESSURE HOSE"},{"catalog_number":"H236810400120","name":"PRESSURE HOSE"},{"catalog_number":"H236810400100","name":"BOOST PIPE"},{"catalog_number":"H236810400090","name":"BOOST PIPE"},{"catalog_number":"H236810400081","name":"PRESSURE LINE"},{"catalog_number":"H236810400071","name":"PRESSURE LINE"},{"catalog_number":"H236810400061","name":"PRESSURE LINE"},{"catalog_number":"H236810400031","name":"PRESSURE LINE"},{"catalog_number":"H236810400021","name":"PRESSURE LINE"},{"catalog_number":"H236810400011","name":"PRESSURE LINE"},{"catalog_number":"H236810360010","name":"BRACKET"},{"catalog_number":"H236810300030","name":"BRAKE PEDAL"},{"catalog_number":"H236810300020","name":"BRAKE PEDAL"},{"catalog_number":"H236810300010","name":"CARRIER"},{"catalog_number":"H236810290020","name":"HAND BRAKE LEVER"},{"catalog_number":"H236810290010","name":"TOOTH SECTOR"},{"catalog_number":"H236810250030","name":"HOLDER"},{"catalog_number":"H236810250010","name":"TUBE"},{"catalog_number":"H236810210030","name":"WIRING HARNESS"},{"catalog_number":"H236810210022","name":"WIRING HARNESS"},{"catalog_number":"H236810210012","name":"WIRING HARNESS"},{"catalog_number":"H236810150060","name":"HOLDER"},{"catalog_number":"H236810150050","name":"HOLDER"},{"catalog_number":"H236810150040","name":"HOLDER"},{"catalog_number":"H236810150030","name":"HOLDER"},{"catalog_number":"H236810080010","name":"ROOF TRIM"},{"catalog_number":"H236810040010","name":"GASKET"},{"catalog_number":"H236810020210","name":"ROOF UPPER PART"},{"catalog_number":"H236810020200","name":"ROOF UPPER PART"},{"catalog_number":"H236810020101","name":"ROOF LOWER PART"},{"catalog_number":"H236810020050","name":"CONSOLE"},{"catalog_number":"H236800660011","name":"HOLDER"},{"catalog_number":"H236800580021","name":"IMPLEMENT PLATE"},{"catalog_number":"H236800580011","name":"IMPLEMENT PLATE"},{"catalog_number":"H236800330040","name":"INSERT PIN"},{"catalog_number":"H236800330030","name":"HOLDING FIXTURE"},{"catalog_number":"H236800330020","name":"HOLDING FIXTURE"},{"catalog_number":"H236800330010","name":"YOKE"},{"catalog_number":"H236500200060","name":"CAB SILENT BLOCK"},{"catalog_number":"H236500200051","name":"CARRIER"},{"catalog_number":"H236500200030","name":"CAB SILENT BLOCK"},{"catalog_number":"H236500200010","name":"CARRIER"},{"catalog_number":"H236500172050","name":"COVERING"},{"catalog_number":"H236500172030","name":"STEP"},{"catalog_number":"H236500172020","name":"CARRIER"},{"catalog_number":"H236500170080","name":"FENDER"},{"catalog_number":"H236500170070","name":"COVERING"},{"catalog_number":"H236500170060","name":"COVERING"},{"catalog_number":"H236500021811","name":"SEALING RUBBER"},{"catalog_number":"H236500021800","name":"GAS SPRING"},{"catalog_number":"H236500021761","name":"SUPPORT BRACE"},{"catalog_number":"H236500021700","name":"HINGE"},{"catalog_number":"H236500021680","name":"BONNET BEARING"},{"catalog_number":"H236500021670","name":"BONNET BEARING"},{"catalog_number":"H236500021200","name":"BARRIER WALL"},{"catalog_number":"H236500021080","name":"SIDE WALL"},{"catalog_number":"H236300160200","name":"HOLDER"},{"catalog_number":"H236300160110","name":"BOOST PIPE"},{"catalog_number":"H236300160100","name":"BOOST PIPE"},{"catalog_number":"H236300160090","name":"BOOST PIPE"},{"catalog_number":"H236300160080","name":"BOOST PIPE"},{"catalog_number":"H236300160070","name":"BOOST PIPE"},{"catalog_number":"H236300160060","name":"BOOST PIPE"},{"catalog_number":"H236300160050","name":"BOOST PIPE"},{"catalog_number":"H236300160040","name":"BOOST PIPE"},{"catalog_number":"H236300160030","name":"BOOST PIPE"},{"catalog_number":"H236300160020","name":"BOOST PIPE"},{"catalog_number":"H236300160010","name":"BOOST PIPE"},{"catalog_number":"H236300130040","name":"BOOST PIPE"},{"catalog_number":"H236300130030","name":"BOOST PIPE"},{"catalog_number":"H236300130020","name":"BOOST PIPE"},{"catalog_number":"H236300130010","name":"BOOST PIPE"},{"catalog_number":"H236200192100","name":"COOLER"},{"catalog_number":"H236200191030","name":"HOLDER"},{"catalog_number":"H236200111010","name":"HOLDER"},{"catalog_number":"H236200102300","name":"END PIPE"},{"catalog_number":"H236200100200","name":"TAIL PIPE"},{"catalog_number":"H236200100100","name":"TAIL PIPE"},{"catalog_number":"H236200092200","name":"AIR INTAKE HOSE"},{"catalog_number":"H236200092020","name":"AIR DUCT"},{"catalog_number":"H236200091300","name":"AIR INTAKE HOSE"},{"catalog_number":"H236200062010","name":"BASE PLATE"},{"catalog_number":"H236200052100","name":"WATER COOLER"},{"catalog_number":"H236200052080","name":"HOLDER"},{"catalog_number":"H236200052050","name":"HOLDER"},{"catalog_number":"H236200052040","name":"HOLDER"},{"catalog_number":"H236200052030","name":"HOLDER"},{"catalog_number":"H236200052020","name":"CONSOLE"},{"catalog_number":"H236200050070","name":"MOLDED SEAL"},{"catalog_number":"H236200050060","name":"MOLDED SEAL"},{"catalog_number":"H236200041010","name":"FAN COVER"},{"catalog_number":"H236200040090","name":"RETURN PIPE"},{"catalog_number":"H236200040080","name":"BOOST PIPE"},{"catalog_number":"H236200040060","name":"BOOST PIPE"},{"catalog_number":"H236200040050","name":"BOOST PIPE"},{"catalog_number":"H236200040040","name":"BOOST PIPE"},{"catalog_number":"H236200040030","name":"HOLDER"},{"catalog_number":"H236150730040","name":"RETURN PIPE"},{"catalog_number":"H236150730030","name":"BOOST PIPE"},{"catalog_number":"H236150730020","name":"RETURN PIPE"},{"catalog_number":"H236150730010","name":"BOOST PIPE"},{"catalog_number":"H236150710020","name":"BOOST PIPE"},{"catalog_number":"H236150710010","name":"BOOST PIPE"},{"catalog_number":"H236150200100","name":"SHIFT GATE"},{"catalog_number":"H236150070110","name":"PRESSURE SENSOR"},{"catalog_number":"H236150070030","name":"BOOST PIPE"},{"catalog_number":"H236100511100","name":"OIL COOLER"},{"catalog_number":"H236100510040","name":"BOOST PIPE"},{"catalog_number":"H236100510030","name":"BOOST PIPE"},{"catalog_number":"H236100510020","name":"RETURN PIPE"},{"catalog_number":"H236100510010","name":"RETURN PIPE"},{"catalog_number":"H236100090100","name":"THRUST PIECE"},{"catalog_number":"H231956010050","name":"SUCTION PIPE"},{"catalog_number":"H231955010030","name":"SUCTION PIPE"},{"catalog_number":"H231951100010","name":"SUCTION PIPE"},{"catalog_number":"H231951010010","name":"SUCTION PIPE"},{"catalog_number":"H231904040021","name":"CABLE KIT"},{"catalog_number":"H231904040010","name":"CABLE KIT"},{"catalog_number":"H231903010010","name":"RETAINER"},{"catalog_number":"H231902040030","name":"CABLE KIT"},{"catalog_number":"H231901040031","name":"CONNECTING CABLE"},{"catalog_number":"H231890030100","name":"BEARING"},{"catalog_number":"H231871051020","name":"SPINDLE"},{"catalog_number":"H231871050020","name":"INTERM. PIECE"},{"catalog_number":"H231871040030","name":"DRAFT ROD"},{"catalog_number":"H231861040070","name":"CYLINDER BARREL"},{"catalog_number":"H231861040050","name":"CYLINDER ROD"},{"catalog_number":"H231861030041","name":"FRAME"},{"catalog_number":"H231861030010","name":"LIFT SHAFT"},{"catalog_number":"H231801291010","name":"R.VW MIRROR HOLD"},{"catalog_number":"H231801290012","name":"R.VW MIRROR HOLD"},{"catalog_number":"H231703040020","name":"FENDER"},{"catalog_number":"H231703040010","name":"REAR LAMP HOLDER"},{"catalog_number":"H231702041030","name":"REAR LAMP HOLDER"},{"catalog_number":"H231702040030","name":"REAR LAMP HOLDER"},{"catalog_number":"H231605020020","name":"SHIFT LEVER"},{"catalog_number":"H231605020010","name":"BOWDEN CABLE"},{"catalog_number":"H231602030040","name":"BAR HOLDER"},{"catalog_number":"H231602010050","name":"V BELT SHEAVE"},{"catalog_number":"H231602010010","name":"TRIM PANEL"},{"catalog_number":"H231504010010","name":"CABIN FRAME"},{"catalog_number":"H231503040010","name":"TOOL BOX"},{"catalog_number":"H231503030040","name":"SEAT BRACKET"},{"catalog_number":"H231503030030","name":"SEAT PAN"},{"catalog_number":"H231501110010","name":"SHIELD CAP"},{"catalog_number":"H231501060020","name":"INTERM. PIECE"},{"catalog_number":"H231501031010","name":"SEAT BRACKET"},{"catalog_number":"H231203010010","name":"GUARD"},{"catalog_number":"H231202100030","name":"MUFFLER"},{"catalog_number":"H231202100020","name":"EXHAUST PIPE"},{"catalog_number":"H231201101010","name":"EXHAUST BOX"},{"catalog_number":"H231201100010","name":"EXHAUST"},{"catalog_number":"H231201010010","name":"BLOWER PROTECTN"},{"catalog_number":"H231103140010","name":"SHIFTER SHAFT"},{"catalog_number":"H231103030020","name":"BRAKE DISC SINT."},{"catalog_number":"H231101140030","name":"COVER"},{"catalog_number":"H231101140020","name":"SHIFT LEVER"},{"catalog_number":"H231101081060","name":"SPUR GEAR"},{"catalog_number":"H231101081050","name":"SLIDING GEAR"},{"catalog_number":"H231101081040","name":"REVERSE PINION"},{"catalog_number":"H231101061012","name":"REAR AXLE SHAFT"},{"catalog_number":"H231101030020","name":"INTERM. LEVER"},{"catalog_number":"H230900050010","name":"BAND CLAMP"},{"catalog_number":"H230900040030","name":"STARTER LINE"},{"catalog_number":"H230861020050","name":"SUCTION PIPE"},{"catalog_number":"H230600020020","name":"BOWDEN CABLE"},{"catalog_number":"H230300030020","name":"STEERING KNUCKLE"},{"catalog_number":"H230300030010","name":"STEERING KNUCKLE"},{"catalog_number":"H230300010012","name":"CROSSMEMBER"},{"catalog_number":"H230200100030","name":"EXHAUST PIPE"},{"catalog_number":"H230200100010","name":"EXHAUST"},{"catalog_number":"H230100030030","name":"BEARING PLATE"},{"catalog_number":"H228705040030","name":"REAR LAMP HOLDER"},{"catalog_number":"H228700030021","name":"FENDER"},{"catalog_number":"H228700030011","name":"FENDER"},{"catalog_number":"H225890030030","name":"HOOK"},{"catalog_number":"H225600020031","name":"BOWDEN CABLE"},{"catalog_number":"H225600010010","name":"V BELT SHEAVE"},{"catalog_number":"H225200060010","name":"FUEL LINE"},{"catalog_number":"H225101140010","name":"LEVER"},{"catalog_number":"H225100140010","name":"SHIFTER SHAFT"},{"catalog_number":"H225100100050","name":"DRAFT ROD"},{"catalog_number":"H225100100030","name":"REVERSING LEVER"},{"catalog_number":"H225100100010","name":"CLUTCH SHAFT"},{"catalog_number":"H225100090061","name":"SHIFT FORK"},{"catalog_number":"H225100050010","name":"DIPSTICK"},{"catalog_number":"H222963100020","name":"BOOST PIPE"},{"catalog_number":"H222963100010","name":"BOOST PIPE"},{"catalog_number":"H222962700010","name":"COVER PANEL"},{"catalog_number":"H222962620020","name":"RETURN PIPE"},{"catalog_number":"H222962180040","name":"BOOST PIPE"},{"catalog_number":"H222962180030","name":"BOOST PIPE"},{"catalog_number":"H222962160021","name":"BOOST PIPE"},{"catalog_number":"H222962160010","name":"BOOST PIPE"},{"catalog_number":"H222962140040","name":"BOOST PIPE"},{"catalog_number":"H222962140030","name":"BOOST PIPE"},{"catalog_number":"H222962140020","name":"BOOST PIPE"},{"catalog_number":"H222962140010","name":"BOOST PIPE"},{"catalog_number":"H222962120040","name":"BOOST PIPE"},{"catalog_number":"H222962120030","name":"BOOST PIPE"},{"catalog_number":"H222962120020","name":"BOOST PIPE"},{"catalog_number":"H222962120010","name":"BOOST PIPE"},{"catalog_number":"H222962100040","name":"BOOST PIPE"},{"catalog_number":"H222962100030","name":"BOOST PIPE"},{"catalog_number":"H222962100020","name":"BOOST PIPE"},{"catalog_number":"H222962100010","name":"BOOST PIPE"},{"catalog_number":"H222952160080","name":"RETURN PIPE"},{"catalog_number":"H222952160070","name":"BOOST PIPE"},{"catalog_number":"H222952160060","name":"PRESSURE HOSE"},{"catalog_number":"H222952160040","name":"RETURN PIPE"},{"catalog_number":"H222952160030","name":"BOOST PIPE"},{"catalog_number":"H222952160020","name":"BOOST PIPE"},{"catalog_number":"H222952160010","name":"BOOST PIPE"},{"catalog_number":"H222952030040","name":"BOOST PIPE"},{"catalog_number":"H222952030030","name":"BOOST PIPE"},{"catalog_number":"H222921030120","name":"BOOST PIPE"},{"catalog_number":"H222921030110","name":"BOOST PIPE"},{"catalog_number":"H222921030020","name":"RETAINER"},{"catalog_number":"H222921010050","name":"FRAME"},{"catalog_number":"H222921010040","name":"FRAME"},{"catalog_number":"H222921010030","name":"FRAME"},{"catalog_number":"H222920031110","name":"ACCUMULATOR"},{"catalog_number":"H222920031051","name":"RETAINER"},{"catalog_number":"H222920031030","name":"PRESSURE HOSE"},{"catalog_number":"H222920030030","name":"WIRE"},{"catalog_number":"H222920010031","name":"CROSSMEMBER"},{"catalog_number":"H222920010020","name":"FRAME"},{"catalog_number":"H222920010010","name":"FRAME"},{"catalog_number":"H222903040032","name":"CABLE KIT"},{"catalog_number":"H222903040010","name":"CABLE KIT"},{"catalog_number":"H222901040147","name":"CABLE KIT"},{"catalog_number":"H222901040123","name":"CABLE KIT"},{"catalog_number":"H222901040093","name":"CABLE KIT"},{"catalog_number":"H222901040083","name":"CABLE KIT"},{"catalog_number":"H222901040070","name":"CABLE KIT"},{"catalog_number":"H222901040061","name":"CABLE KIT"},{"catalog_number":"H222901040051","name":"CABLE KIT"},{"catalog_number":"H222901040041","name":"CABLE KIT"},{"catalog_number":"H222901040032","name":"CABLE KIT"},{"catalog_number":"H222890905110","name":"BOOST PIPE"},{"catalog_number":"H222890905100","name":"BOOST PIPE"},{"catalog_number":"H222890900100","name":"BOOST PIPE"},{"catalog_number":"H222890580050","name":"RETURN PIPE"},{"catalog_number":"H222890580041","name":"BOOST PIPE"},{"catalog_number":"H222890580030","name":"BOOST PIPE"},{"catalog_number":"H222890580020","name":"BOOST PIPE"},{"catalog_number":"H222890580010","name":"BOOST PIPE"}]}