{"machinery_brand_name":"Ag-Chem","parts":[{"catalog_number":"H835150720880","name":"BOOST PIPE"},{"catalog_number":"H835150720590","name":"BOOST PIPE"},{"catalog_number":"H835150720580","name":"BOOST PIPE"},{"catalog_number":"H835150720570","name":"BOOST PIPE"},{"catalog_number":"H835150720550","name":"BOOST PIPE"},{"catalog_number":"H835150720540","name":"BOOST PIPE"},{"catalog_number":"H835150720530","name":"BOOST PIPE"},{"catalog_number":"H835150720521","name":"BOOST PIPE"},{"catalog_number":"H835150720240","name":"PRESSURE HOSE"},{"catalog_number":"H835150720230","name":"PRESSURE HOSE"},{"catalog_number":"H835150720220","name":"PRESSURE HOSE"},{"catalog_number":"H835150720210","name":"PRESSURE HOSE"},{"catalog_number":"H835150720200","name":"PRESSURE HOSE"},{"catalog_number":"H835150720190","name":"BOOST PIPE"},{"catalog_number":"H835150720180","name":"BOOST PIPE"},{"catalog_number":"H835150720170","name":"BOOST PIPE"},{"catalog_number":"H835150720160","name":"BOOST PIPE"},{"catalog_number":"H835150720150","name":"RETURN PIPE"},{"catalog_number":"H835150720140","name":"RETURN PIPE"},{"catalog_number":"H835150720130","name":"BOOST PIPE"},{"catalog_number":"H835150720120","name":"BOOST PIPE"},{"catalog_number":"H835150720110","name":"BOOST PIPE"},{"catalog_number":"H835150720100","name":"BOOST PIPE"},{"catalog_number":"H835150620071","name":"BOOST PIPE"},{"catalog_number":"H835150620060","name":"BOOST PIPE"},{"catalog_number":"H835150620050","name":"BOOST PIPE"},{"catalog_number":"H835150620030","name":"PRESSURE HOSE"},{"catalog_number":"H835150620020","name":"PRESSURE HOSE"},{"catalog_number":"H835150620010","name":"BOOST PIPE"},{"catalog_number":"H835150480080","name":"DIPSTICK"},{"catalog_number":"H835150480071","name":"OIL INFILL"},{"catalog_number":"H835150220110","name":"LUBRICATION LINE"},{"catalog_number":"H835150150063","name":"AXLE HOUSING"},{"catalog_number":"H835150150062","name":"AXLE HOUSING"},{"catalog_number":"H835150070220","name":"RETURN PIPE"},{"catalog_number":"H835150070210","name":"RETURN PIPE"},{"catalog_number":"H835150070200","name":"RETURN PIPE"},{"catalog_number":"H835150070120","name":"ACCUMULATOR"},{"catalog_number":"H835150070110","name":"ACCUMULATOR"},{"catalog_number":"H835150070100","name":"ACCUMULATOR"},{"catalog_number":"H835150070022","name":"BRAKE PEDAL"},{"catalog_number":"H835150070012","name":"BEARING"},{"catalog_number":"H835150030100","name":"PRESSURE SWITCH"},{"catalog_number":"H835100701120","name":"CLUTCH HOSE"},{"catalog_number":"H835100701110","name":"CLUTCH HOSE"},{"catalog_number":"H835100700060","name":"BOOST PIPE"},{"catalog_number":"H835100700030","name":"CLUTCH HOSE"},{"catalog_number":"H835100510111","name":"OIL COOLER"},{"catalog_number":"H835100510070","name":"BOOST PIPE"},{"catalog_number":"H835100510061","name":"BOOST PIPE"},{"catalog_number":"H835100510050","name":"BOOST PIPE"},{"catalog_number":"H835100510030","name":"PRESSURE HOSE"},{"catalog_number":"H835100510021","name":"BOOST PIPE"},{"catalog_number":"H835100510020","name":"BOOST PIPE"},{"catalog_number":"H835100470030","name":"PIPE"},{"catalog_number":"H835100470010","name":"LUBRICATION LINE"},{"catalog_number":"H835100321010","name":"SHAFT"},{"catalog_number":"H835100090031","name":"CONSOLE"},{"catalog_number":"H830040310070","name":"SKID"},{"catalog_number":"H824101470051","name":"PRESSURE HOSE"},{"catalog_number":"H824101470020","name":"PIPE"},{"catalog_number":"H824100470200","name":"PRESSURE HOSE"},{"catalog_number":"H824100470130","name":"OIL COOLER"},{"catalog_number":"H824100470110","name":"BRACKET"},{"catalog_number":"H824100470100","name":"BRACKET"},{"catalog_number":"H824100470040","name":"TUBING"},{"catalog_number":"H824100470030","name":"TUBING"},{"catalog_number":"H824100090070","name":"CONNECTING PIECE"},{"catalog_number":"H824100090011","name":"SHIFT LEVER"},{"catalog_number":"H822880030030","name":"LINE"},{"catalog_number":"H822880030020","name":"LINE"},{"catalog_number":"H822880030010","name":"LINE"},{"catalog_number":"H822100620280","name":"PIPE"},{"catalog_number":"H822100620260","name":"PIPE"},{"catalog_number":"H822100620230","name":"PIPE"},{"catalog_number":"H822100620201","name":"PIPE"},{"catalog_number":"H822100620190","name":"PIPE"},{"catalog_number":"H822100620170","name":"PIPE"},{"catalog_number":"H822100620100","name":"PIPE"},{"catalog_number":"H822100620090","name":"PIPE"},{"catalog_number":"H822100620070","name":"PIPE"},{"catalog_number":"H822100620060","name":"PIPE"},{"catalog_number":"H822100620051","name":"PIPE"},{"catalog_number":"H822100620040","name":"PIPE"},{"catalog_number":"H822100620020","name":"PIPE"},{"catalog_number":"H822100620010","name":"PIPE"},{"catalog_number":"H822100480030","name":"OIL INFILL"},{"catalog_number":"H822100480022","name":"DIPSTICK"},{"catalog_number":"H822100470120","name":"BRACKET"},{"catalog_number":"H822100470110","name":"BRACKET"},{"catalog_number":"H822100470100","name":"OIL COOLER"},{"catalog_number":"H822100470080","name":"PRESSURE HOSE"},{"catalog_number":"H822100470070","name":"PIPE"},{"catalog_number":"H822100470060","name":"PIPE"},{"catalog_number":"H822100470050","name":"PIPE"},{"catalog_number":"H822100470040","name":"PIPE"},{"catalog_number":"H822100470030","name":"PIPE"},{"catalog_number":"H822100470020","name":"PIPE"},{"catalog_number":"H822100470010","name":"PIPE"},{"catalog_number":"H822100430010","name":"INTERIOR PART"},{"catalog_number":"H822100200350","name":"BOOST PIPE"},{"catalog_number":"H822100200340","name":"RETURN PIPE"},{"catalog_number":"H822100200330","name":"RETURN PIPE"},{"catalog_number":"H822100200320","name":"BOOST PIPE"},{"catalog_number":"H822100200310","name":"BOOST PIPE"},{"catalog_number":"H822100200300","name":"RETURN PIPE"},{"catalog_number":"H822100200250","name":"DIVIDER PLATE"},{"catalog_number":"H822100200240","name":"BAFFLE PLATE"},{"catalog_number":"H822100200230","name":"CONTROL SLEEVE"},{"catalog_number":"H822100200200","name":"CYL. ROLLER BRG."},{"catalog_number":"H822100200150","name":"RETURN PIPE"},{"catalog_number":"H822100200140","name":"BOOST PIPE"},{"catalog_number":"H822100200130","name":"BOOST PIPE"},{"catalog_number":"H822100200120","name":"BOOST PIPE"},{"catalog_number":"H822100200110","name":"RETURN PIPE"},{"catalog_number":"H822100200100","name":"RETURN PIPE"},{"catalog_number":"H822100200090","name":"BOOST PIPE"},{"catalog_number":"H822100200070","name":"VALVE BLOCK"},{"catalog_number":"H822100200030","name":"CNTRL CHNGE GEAR"},{"catalog_number":"H822100150100","name":"REAR AXLE SHAFT"},{"catalog_number":"H822100100060","name":"CONNECTING WIRE"},{"catalog_number":"H822100100050","name":"CONNECTING WIRE"},{"catalog_number":"H822100100030","name":"BRAKE HOSE"},{"catalog_number":"H822100100012","name":"CLUTCH PEDAL"},{"catalog_number":"H822100070210","name":"BRAKE HOSE"},{"catalog_number":"H822100070200","name":"BRAKE HOSE"},{"catalog_number":"H822100070180","name":"BREATHER LINE"},{"catalog_number":"H822100070170","name":"BREATHER LINE"},{"catalog_number":"H822100070161","name":"PRESSURE LINE"},{"catalog_number":"H822100070110","name":"PRESSURE LINE"},{"catalog_number":"H822100070100","name":"PRESSURE LINE"},{"catalog_number":"H822100070022","name":"BRAKE PEDAL"},{"catalog_number":"H822100070013","name":"BRAKE PEDAL"},{"catalog_number":"H822100050060","name":"SHEET METAL"},{"catalog_number":"H822100050050","name":"SHIM"},{"catalog_number":"H822100050020","name":"COVER"},{"catalog_number":"H822100030011","name":"BEARING PLATE"},{"catalog_number":"H818500011060","name":"GAS SPRING"},{"catalog_number":"H818500011050","name":"RELAY SHAFT"},{"catalog_number":"H818500011040","name":"OPERATING LEVER"},{"catalog_number":"H818500011031","name":"COVER"},{"catalog_number":"H818500011020","name":"LOADER ARM BRG."},{"catalog_number":"H818500011010","name":"SWING ARM"},{"catalog_number":"H818500010060","name":"TRIM PANEL"},{"catalog_number":"H818500010050","name":"COVER"},{"catalog_number":"H818500010040","name":"LOCKING SYSTEM"},{"catalog_number":"H818500010021","name":"CONSOLE"},{"catalog_number":"H818500010012","name":"STEERING TOWER"},{"catalog_number":"H818200190030","name":"FLAP COVER"},{"catalog_number":"H818200190020","name":"FLAP COVER"},{"catalog_number":"H818200190010","name":"COOLER"},{"catalog_number":"H816970130030","name":"THERMO SWITCH"},{"catalog_number":"H816970100010","name":"CONNECTOR"},{"catalog_number":"H816970030010","name":"RETAINER"},{"catalog_number":"H816970020020","name":"TEMP TRANSMITTER"},{"catalog_number":"H816970020010","name":"PRESSURE SENSOR"},{"catalog_number":"H816960720020","name":"CARRIER"},{"catalog_number":"H816960720010","name":"SHIFT LEVER"},{"catalog_number":"H816960700201","name":"SHAFT"},{"catalog_number":"H816960700170","name":"HOLDER"},{"catalog_number":"H816960700140","name":"BOX"},{"catalog_number":"H816960700130","name":"BOX"},{"catalog_number":"H816960700110","name":"REVERSING LEVER"},{"catalog_number":"H816960700100","name":"REVERSING LEVER"},{"catalog_number":"H816960700090","name":"SUPPORT"},{"catalog_number":"H816960700080","name":"BOX"},{"catalog_number":"H816960700070","name":"DRIVER"},{"catalog_number":"H816960700040","name":"REVERSING LEVER"},{"catalog_number":"H816960700030","name":"SUPPORT"},{"catalog_number":"H816960700021","name":"SHIFT LEVER"},{"catalog_number":"H816960700010","name":"GEAR SHIFT"},{"catalog_number":"H816960660020","name":"BOOST PIPE"},{"catalog_number":"H816960660010","name":"BOOST PIPE"},{"catalog_number":"H816960640100","name":"RETURN PIPE"},{"catalog_number":"H816960610021","name":"RETURN PIPE"},{"catalog_number":"H816960600030","name":"RETURN PIPE"},{"catalog_number":"H816960600021","name":"RETURN PIPE"},{"catalog_number":"H816960170040","name":"BOOST PIPE"},{"catalog_number":"H816960170030","name":"BOOST PIPE"},{"catalog_number":"H816960160020","name":"BOOST PIPE"},{"catalog_number":"H816960160010","name":"BOOST PIPE"},{"catalog_number":"H816960150020","name":"BOOST PIPE"},{"catalog_number":"H816960150010","name":"BOOST PIPE"},{"catalog_number":"H816960140020","name":"BOOST PIPE"},{"catalog_number":"H816960140010","name":"BOOST PIPE"},{"catalog_number":"H816960120040","name":"BOOST PIPE"},{"catalog_number":"H816960120030","name":"BOOST PIPE"},{"catalog_number":"H816960120020","name":"BOOST PIPE"},{"catalog_number":"H816960120010","name":"BOOST PIPE"},{"catalog_number":"H816960110040","name":"BOOST PIPE"},{"catalog_number":"H816960110020","name":"BOOST PIPE"},{"catalog_number":"H816960110010","name":"BOOST PIPE"},{"catalog_number":"H816960100020","name":"BOOST PIPE"},{"catalog_number":"H816960100010","name":"BOOST PIPE"},{"catalog_number":"H816951250110","name":"RETURN PIPE"},{"catalog_number":"H816951250100","name":"RETURN PIPE"},{"catalog_number":"H816951030020","name":"BOOST PIPE"},{"catalog_number":"H816951030010","name":"BOOST PIPE"},{"catalog_number":"H816951010180","name":"BOOST PIPE"},{"catalog_number":"H816951010170","name":"BOOST PIPE"},{"catalog_number":"H816951010151","name":"BOOST PIPE"},{"catalog_number":"H816951010110","name":"BOOST PIPE"},{"catalog_number":"H816951010100","name":"BOOST PIPE"},{"catalog_number":"H816950340140","name":"PRESSURE HOSE"},{"catalog_number":"H816950340130","name":"PRESSURE HOSE"},{"catalog_number":"H816950340120","name":"PRESSURE HOSE"},{"catalog_number":"H816950340110","name":"PRESSURE HOSE"},{"catalog_number":"H816950340100","name":"PRESSURE HOSE"},{"catalog_number":"H816950340040","name":"BOOST PIPE"},{"catalog_number":"H816950340030","name":"BOOST PIPE"},{"catalog_number":"H816950340020","name":"BOOST PIPE"},{"catalog_number":"H816950340010","name":"BOOST PIPE"},{"catalog_number":"H816950250050","name":"RETURN PIPE"},{"catalog_number":"H816950250040","name":"BOOST PIPE"},{"catalog_number":"H816950250030","name":"RETURN PIPE"},{"catalog_number":"H816950250020","name":"RETURN PIPE"},{"catalog_number":"H816950250010","name":"BOOST PIPE"},{"catalog_number":"H816950240010","name":"RETURN PIPE"},{"catalog_number":"H816950040010","name":"BOOST PIPE"},{"catalog_number":"H816950030060","name":"BOOST PIPE"},{"catalog_number":"H816950030050","name":"BOOST PIPE"},{"catalog_number":"H816950030040","name":"BOOST PIPE"},{"catalog_number":"H816950030030","name":"BOOST PIPE"},{"catalog_number":"H816950030020","name":"BOOST PIPE"},{"catalog_number":"H816950030010","name":"BOOST PIPE"},{"catalog_number":"H816950010551","name":"LEVER"},{"catalog_number":"H816950010510","name":"BOOST PIPE"},{"catalog_number":"H816950010500","name":"BOOST PIPE"},{"catalog_number":"H816950010440","name":"RETURN PIPE"},{"catalog_number":"H816950010431","name":"BOOST PIPE"},{"catalog_number":"H816950010420","name":"BOOST PIPE"},{"catalog_number":"H816950010411","name":"BOOST PIPE"},{"catalog_number":"H816950010400","name":"SPLITTER"},{"catalog_number":"H816950010390","name":"BOOST PIPE"},{"catalog_number":"H816950010380","name":"BOOST PIPE"},{"catalog_number":"H816950010370","name":"BOOST PIPE"},{"catalog_number":"H816950010360","name":"BOOST PIPE"},{"catalog_number":"H816950010320","name":"BOOST PIPE"},{"catalog_number":"H816950010310","name":"BOOST PIPE"},{"catalog_number":"H816950010300","name":"BOOST PIPE"},{"catalog_number":"H816950010290","name":"RETURN PIPE"},{"catalog_number":"H816950010280","name":"RETURN PIPE"},{"catalog_number":"H816950010270","name":"BOOST PIPE"},{"catalog_number":"H816950010250","name":"RETURN PIPE"},{"catalog_number":"H816950010240","name":"RETURN PIPE"},{"catalog_number":"H816950010231","name":"BOOST PIPE"},{"catalog_number":"H816950010210","name":"BOOST PIPE"},{"catalog_number":"H816950010200","name":"BOOST PIPE"},{"catalog_number":"H816950010190","name":"BOOST PIPE"},{"catalog_number":"H816950010180","name":"BOOST PIPE"},{"catalog_number":"H816950010170","name":"BOOST PIPE"},{"catalog_number":"H816950010160","name":"BOOST PIPE"},{"catalog_number":"H816950010150","name":"BOOST PIPE"},{"catalog_number":"H816950010120","name":"BOOST PIPE"},{"catalog_number":"H816950010110","name":"BOOST PIPE"},{"catalog_number":"H816950010100","name":"BOOST PIPE"},{"catalog_number":"H816950010090","name":"BOOST PIPE"},{"catalog_number":"H816950010080","name":"BOOST PIPE"},{"catalog_number":"H816950010070","name":"BOOST PIPE"},{"catalog_number":"H816950010040","name":"SUCTION PIPE"},{"catalog_number":"H816950010030","name":"RETAINER"},{"catalog_number":"H816950010020","name":"CONNECTOR PLATE"},{"catalog_number":"H816950010010","name":"SPLITTER"},{"catalog_number":"H816920070030","name":"BOLT LOCK"},{"catalog_number":"H816920070024","name":"CONTROL ARM"},{"catalog_number":"H816920070014","name":"CONTROL ARM"},{"catalog_number":"H816920050110","name":"BRACKET"},{"catalog_number":"H816920031120","name":"BOOST PIPE"},{"catalog_number":"H816920031110","name":"RETURN PIPE"},{"catalog_number":"H816920031100","name":"RETURN PIPE"},{"catalog_number":"H816920031090","name":"BOOST PIPE"},{"catalog_number":"H816920031080","name":"BOOST PIPE"},{"catalog_number":"H816920031071","name":"RETURN PIPE"},{"catalog_number":"H816920031020","name":"BOOST PIPE"},{"catalog_number":"H816920030101","name":"RETAINER"},{"catalog_number":"H816920030010","name":"BOOST PIPE"},{"catalog_number":"H816920020100","name":"CYLINDER BARREL"},{"catalog_number":"H816901210010","name":"CABLE KIT"},{"catalog_number":"H816901041013","name":"CABLE KIT"},{"catalog_number":"H816901040032","name":"CABLE KIT"},{"catalog_number":"H816901040022","name":"CABLE KIT"},{"catalog_number":"H816901040010","name":"RETAINER"},{"catalog_number":"H816900160011","name":"CABLE KIT"},{"catalog_number":"H816900150011","name":"PLUNGER SWITCH"},{"catalog_number":"H816900043010","name":"CABLE"},{"catalog_number":"H816900042061","name":"CABLE KIT"},{"catalog_number":"H816900042053","name":"CABLE KIT"},{"catalog_number":"H816900042043","name":"CABLE KIT"},{"catalog_number":"H816900041025","name":"CABLE KIT"},{"catalog_number":"H816900040220","name":"SHORT-CIRC. PLUG"},{"catalog_number":"H816900040190","name":"CONNECTING PART"},{"catalog_number":"H816900040180","name":"BATTERY LEAD"},{"catalog_number":"H816900040160","name":"EARTH LEAD"},{"catalog_number":"H816900040150","name":"BATTERY LEAD"},{"catalog_number":"H816900040136","name":"CABLE KIT"},{"catalog_number":"H816900040123","name":"CABLE KIT"},{"catalog_number":"H816900040115","name":"CABLE KIT"},{"catalog_number":"H816900040100","name":"RETAINER"},{"catalog_number":"H816900020030","name":"PRESSURE SWITCH"},{"catalog_number":"H816900020020","name":"PRESSURE SENSOR"},{"catalog_number":"H816900020010","name":"PRESSURE SWITCH"},{"catalog_number":"H816870060030","name":"CARRIER"},{"catalog_number":"H816870060027","name":"LOWER LINKAGE"},{"catalog_number":"H816870060017","name":"LOWER LINKAGE"},{"catalog_number":"H816870050020","name":"HOLDER"},{"catalog_number":"H816870050010","name":"BRACKET"},{"catalog_number":"H816870040171","name":"CATCH"},{"catalog_number":"H816870040161","name":"CATCH"},{"catalog_number":"H816870040142","name":"CARRIER"},{"catalog_number":"H816870040132","name":"CARRIER"},{"catalog_number":"H816870040120","name":"BOLT"},{"catalog_number":"H816870040113","name":"ROD"},{"catalog_number":"H816870030040","name":"FORK"},{"catalog_number":"H816870030030","name":"PIPE"},{"catalog_number":"H816860100230","name":"CONTROL PANEL"},{"catalog_number":"H816860100160","name":"CABLE KIT"},{"catalog_number":"H816860100140","name":"SHORT-CIRC. PLUG"},{"catalog_number":"H816860060030","name":"FILTER HOUSING"},{"catalog_number":"H816860060020","name":"OIL FILLER NECK"},{"catalog_number":"H816812010010","name":"CABIN FRAME"},{"catalog_number":"H816810260010","name":"WIRE ROPE"},{"catalog_number":"H816810230010","name":"RADIO SUPPORT"},{"catalog_number":"H816810200030","name":"CONTACT SWITCH"},{"catalog_number":"H816810200021","name":"READING LAMP"},{"catalog_number":"H816810200010","name":"INTERIOR LIGHT"},{"catalog_number":"H816810170020","name":"WIPER BLADE"},{"catalog_number":"H816810140101","name":"FILTER"},{"catalog_number":"H816810140090","name":"CABLE KIT"},{"catalog_number":"H816810140071","name":"FILTER"},{"catalog_number":"H816810140060","name":"PULL"},{"catalog_number":"H816810140050","name":"CABLE KIT"},{"catalog_number":"H816810140031","name":"PULL"},{"catalog_number":"H816810140020","name":"AIR FLAP"},{"catalog_number":"H816810140011","name":"FILTER SEAT"},{"catalog_number":"H816810130200","name":"PLATE"},{"catalog_number":"H816810130170","name":"PULL"},{"catalog_number":"H816810130161","name":"PAD"},{"catalog_number":"H816810130150","name":"PULL"},{"catalog_number":"H816810130141","name":"PULL"},{"catalog_number":"H816810130131","name":"PULL"},{"catalog_number":"H816810130121","name":"AIR FLAP"},{"catalog_number":"H816810130111","name":"AIR FLAP"},{"catalog_number":"H816810130062","name":"CABLE KIT"},{"catalog_number":"H816810130050","name":"CABLE KIT"},{"catalog_number":"H816810050210","name":"SEAL"},{"catalog_number":"H816810050201","name":"SEAL"},{"catalog_number":"H816810040300","name":"HINGE"},{"catalog_number":"H816810030340","name":"DOOR"},{"catalog_number":"H816810030330","name":"DOOR"},{"catalog_number":"H816810030320","name":"CONTROL CABLE"},{"catalog_number":"H816810030310","name":"HANDLE GRIP"},{"catalog_number":"H816810030300","name":"BY PASS"},{"catalog_number":"H816810030130","name":"HINGE"},{"catalog_number":"H816810030050","name":"HANDRAIL"},{"catalog_number":"H816810030030","name":"HINGE"},{"catalog_number":"H816810020100","name":"GAS SPRING"},{"catalog_number":"H816810020040","name":"SEALING PROFILE"},{"catalog_number":"H816810020011","name":"FRONT PANEL"},{"catalog_number":"H816810010600","name":"HINGE HALF"},{"catalog_number":"H816810010490","name":"SEALING PROFILE"},{"catalog_number":"H816810010480","name":"SEALING PROFILE"},{"catalog_number":"H816810010470","name":"SEALING PROFILE"},{"catalog_number":"H816810010460","name":"SEALING PROFILE"},{"catalog_number":"H816810010430","name":"SEALING PROFILE"},{"catalog_number":"H816810010010","name":"CABIN FRAME"},{"catalog_number":"H816700030140","name":"BEARING PIN"},{"catalog_number":"H816700030120","name":"BEARING PIN"},{"catalog_number":"H816700026023","name":"WHEEL RIM"},{"catalog_number":"H816700024013","name":"WHEEL RIM"},{"catalog_number":"H816700023017","name":"WHEEL RIM"},{"catalog_number":"H816700021013","name":"WHEEL RIM"},{"catalog_number":"H816700018800","name":"DISC WHEEL"},{"catalog_number":"H816700018018","name":"WHEEL RIM"},{"catalog_number":"H816700017800","name":"DISC WHEEL"},{"catalog_number":"H816700017038","name":"WHEEL RIM"},{"catalog_number":"H816700017017","name":"WHEEL RIM"},{"catalog_number":"H816700015800","name":"DISC WHEEL"},{"catalog_number":"H816700014800","name":"DISC WHEEL"},{"catalog_number":"H816700014028","name":"WHEEL RIM"},{"catalog_number":"H816700011017","name":"WHEEL RIM"},{"catalog_number":"H816700010800","name":"DISC WHEEL"},{"catalog_number":"H816700010028","name":"WHEEL RIM"},{"catalog_number":"H816550090010","name":"FILTER SEAT"},{"catalog_number":"H816550060100","name":"CONDENSER"},{"catalog_number":"H816550060021","name":"CONSOLE"},{"catalog_number":"H816550060011","name":"CONSOLE"},{"catalog_number":"H816550031030","name":"COOLANT HOSE"},{"catalog_number":"H816550031020","name":"COOLANT HOSE"},{"catalog_number":"H816550031010","name":"COOLANT HOSE"},{"catalog_number":"H816550030060","name":"COOLANT HOSE"},{"catalog_number":"H816550030031","name":"COOLANT HOSE"},{"catalog_number":"H816500420100","name":"COVER"},{"catalog_number":"H816500200160","name":"SUSPENS. ELEMENT"},{"catalog_number":"H816500200120","name":"RETAINING PLATE"},{"catalog_number":"H816500200110","name":"RETAINING PLATE"},{"catalog_number":"H816500200100","name":"BEARING"},{"catalog_number":"H816500200080","name":"BEARING"},{"catalog_number":"H816500200070","name":"BEARING"},{"catalog_number":"H816500200060","name":"BUSH"},{"catalog_number":"H816500200050","name":"BUSH"},{"catalog_number":"H816500200030","name":"CROSS ROD"},{"catalog_number":"H816500170100","name":"BRACKET"},{"catalog_number":"H816500170052","name":"BRACKET"},{"catalog_number":"H816500170022","name":"RETAINER"},{"catalog_number":"H816500170014","name":"BRACKET"},{"catalog_number":"H816500120030","name":"PITON FIX"},{"catalog_number":"H816500120010","name":"FRAME"},{"catalog_number":"H816500040060","name":"RETAINER"},{"catalog_number":"H816500040050","name":"COVER"},{"catalog_number":"H816500040040","name":"TOOL BOX"},{"catalog_number":"H816500040030","name":"BRACKET"},{"catalog_number":"H816500040010","name":"SIDE PANELLING"},{"catalog_number":"H816500020420","name":"SIDE GRATING"},{"catalog_number":"H816500020410","name":"SIDE GRATING"},{"catalog_number":"H816500020400","name":"GUARD GRID"},{"catalog_number":"H816500020220","name":"CARRIER"},{"catalog_number":"H816500020210","name":"BONNET HINGE"},{"catalog_number":"H816500020200","name":"HINGE HALF"},{"catalog_number":"H816500020170","name":"LOCKING ROD"},{"catalog_number":"H816500020160","name":"LOCKING ROD"},{"catalog_number":"H816500020130","name":"COVER PANEL"},{"catalog_number":"H816500020120","name":"COVER PANEL"},{"catalog_number":"H816500020110","name":"SIDE PANEL"},{"catalog_number":"H816500020100","name":"SIDE PANEL"},{"catalog_number":"H816500020090","name":"BARRIER WALL"},{"catalog_number":"H816500020070","name":"BARRIER WALL"},{"catalog_number":"H816500020051","name":"POLE BRACE"},{"catalog_number":"H816400090020","name":"RUBBER MOUNT"},{"catalog_number":"H816400090010","name":"BOLT"},{"catalog_number":"H816301160160","name":"BOOST PIPE"},{"catalog_number":"H816301160150","name":"BOOST PIPE"},{"catalog_number":"H816301160140","name":"BOOST PIPE"},{"catalog_number":"H816301160130","name":"BOOST PIPE"},{"catalog_number":"H816301160120","name":"BOOST PIPE"},{"catalog_number":"H816301160100","name":"BOOST PIPE"},{"catalog_number":"H816301160080","name":"RETURN PIPE"},{"catalog_number":"H816301160060","name":"RETURN PIPE"},{"catalog_number":"H816301160030","name":"BOOST PIPE"},{"catalog_number":"H816301160020","name":"BOOST PIPE"},{"catalog_number":"H816301160010","name":"BOOST PIPE"},{"catalog_number":"H816301080100","name":"CAP"},{"catalog_number":"H816301080010","name":"DRIVE SHAFT"},{"catalog_number":"H816301050030","name":"SHAFT SAFETY GRD"},{"catalog_number":"H816301050021","name":"BEARING PLATE"},{"catalog_number":"H816300120010","name":"SHROUD PANEL"},{"catalog_number":"H816300020310","name":"WIRE"},{"catalog_number":"H816300020300","name":"CONNECTOR"},{"catalog_number":"H816300020121","name":"SHAFT SEAL"},{"catalog_number":"H816300020011","name":"FLANGE"},{"catalog_number":"H816200180020","name":"FUEL LINE"},{"catalog_number":"H816200180010","name":"FUEL LINE"},{"catalog_number":"H816200100100","name":"EXHAUST MUFFLER"},{"catalog_number":"H816200100050","name":"EXHAUST MANIFOLD"},{"catalog_number":"H816200100040","name":"EXHAUST PIPE"},{"catalog_number":"H816200100030","name":"EXHAUST BRACKET"},{"catalog_number":"H816200100020","name":"EXHAUST MANIFOLD"},{"catalog_number":"H816200090010","name":"BAND CLAMP"},{"catalog_number":"H816200060051","name":"FUEL LINE"},{"catalog_number":"H816200060042","name":"BAND CLAMP"},{"catalog_number":"H816200060030","name":"RETAINER"},{"catalog_number":"H816200060020","name":"TANK SUPPORT"},{"catalog_number":"H816200050090","name":"VALVE COVER"},{"catalog_number":"H816200050080","name":"RADIATOR"},{"catalog_number":"H816200050050","name":"RETAINING FRAME"},{"catalog_number":"H816200050040","name":"HOSE RETAINER"},{"catalog_number":"H816200050030","name":"BALANCE LINE"},{"catalog_number":"H816200050010","name":"EXPANSION TANK"},{"catalog_number":"H816200040010","name":"FAN"},{"catalog_number":"H816200022080","name":"LEVER"},{"catalog_number":"H816200022050","name":"LEVER"},{"catalog_number":"H816200022030","name":"LEVER"},{"catalog_number":"H816200022020","name":"SHAFT"},{"catalog_number":"H816200022010","name":"LEVER"},{"catalog_number":"H816200020301","name":"LEVER"},{"catalog_number":"H816200020201","name":"BRACKET"},{"catalog_number":"H816200020060","name":"BEARING"},{"catalog_number":"H816200010070","name":"BALL BEARING"},{"catalog_number":"H743970170013","name":"KIT, CABLE"},{"catalog_number":"H743960400070","name":"BOOST PIPE"},{"catalog_number":"H743960400060","name":"BOOST PIPE"},{"catalog_number":"H743960400050","name":"BOOST PIPE"},{"catalog_number":"H743960400040","name":"BOOST PIPE"},{"catalog_number":"H743960400030","name":"RETURN PIPE"},{"catalog_number":"H743960200250","name":"BACKPLATE"},{"catalog_number":"H743960200240","name":"BACKPLATE"},{"catalog_number":"H743960200230","name":"RETURN PIPE"},{"catalog_number":"H743960200220","name":"BOOST PIPE"},{"catalog_number":"H743960200200","name":"RETURN PIPE"},{"catalog_number":"H743960200190","name":"RETURN PIPE"},{"catalog_number":"H743960200160","name":"BOOST PIPE"},{"catalog_number":"H743960200150","name":"RETURN PIPE"},{"catalog_number":"H743960200140","name":"RETURN PIPE"},{"catalog_number":"H743960200130","name":"BRACKET"},{"catalog_number":"H743960200120","name":"REINFORCEMENT"},{"catalog_number":"H743960200100","name":"BOOST PIPE"},{"catalog_number":"H743960200090","name":"BOOST PIPE"},{"catalog_number":"H743960200080","name":"BOOST PIPE"},{"catalog_number":"H743960200070","name":"BOOST PIPE"},{"catalog_number":"H743960200060","name":"BOOST PIPE"},{"catalog_number":"H743960200050","name":"BOOST PIPE"},{"catalog_number":"H743960200040","name":"BOOST PIPE"},{"catalog_number":"H743960200030","name":"BOOST PIPE"},{"catalog_number":"H743960200020","name":"BOOST PIPE"},{"catalog_number":"H743960200010","name":"BOOST PIPE"},{"catalog_number":"H743950030040","name":"BOOST PIPE"},{"catalog_number":"H743950030030","name":"BOOST PIPE"},{"catalog_number":"H743950030020","name":"BOOST PIPE"},{"catalog_number":"H743940100040","name":"FENDER"},{"catalog_number":"H743940100030","name":"SUCTION PIPE"},{"catalog_number":"H743940100020","name":"SUCTION PIPE"},{"catalog_number":"H743940100010","name":"BOOST PIPE"},{"catalog_number":"H743940010040","name":"PIPE"},{"catalog_number":"H743940010030","name":"RETURN PIPE"},{"catalog_number":"H743940010020","name":"RETURN PIPE"},{"catalog_number":"H743940010010","name":"PRESSURE HOSE"},{"catalog_number":"H743920110020","name":"BRACKET"},{"catalog_number":"H743920030020","name":"RETURN PIPE"},{"catalog_number":"H743900040550","name":"KIT, CABLE"},{"catalog_number":"H743900040493","name":"KIT, CABLE"},{"catalog_number":"H743900040492","name":"KIT, CABLE"},{"catalog_number":"H743900040491","name":"KIT, CABLE"},{"catalog_number":"H743900040380","name":"KIT, CABLE"},{"catalog_number":"H743900040370","name":"KIT, CABLE"},{"catalog_number":"H743900040362","name":"KIT, CABLE"},{"catalog_number":"H743900040331","name":"KIT, CABLE"},{"catalog_number":"H743900040281","name":"CABLE KIT"},{"catalog_number":"H743900040280","name":"CABLE KIT"},{"catalog_number":"H743900040252","name":"KIT, CABLE"},{"catalog_number":"H743900040152","name":"LEAD"},{"catalog_number":"H743900040100","name":"BRACKET"},{"catalog_number":"H743900040095","name":"BRACKET"},{"catalog_number":"H743900040033","name":"RETNG SHT METAL"},{"catalog_number":"H743900040010","name":"KIT, CABLE"},{"catalog_number":"H743880030130","name":"BOOST PIPE"},{"catalog_number":"H743880030120","name":"BOOST PIPE"},{"catalog_number":"H743880030111","name":"BOOST PIPE"},{"catalog_number":"H743880030101","name":"BOOST PIPE"},{"catalog_number":"H743880030011","name":"BRACKET"},{"catalog_number":"H743880020020","name":"BRACKET"},{"catalog_number":"H743870500100","name":"BOLT"},{"catalog_number":"H743870500040","name":"BOOST PIPE"},{"catalog_number":"H743870500030","name":"BOOST PIPE"},{"catalog_number":"H743870500020","name":"BOOST PIPE"},{"catalog_number":"H743870500010","name":"BOOST PIPE"},{"catalog_number":"H743870200370","name":"BOOST PIPE"},{"catalog_number":"H743870200360","name":"BOOST PIPE"},{"catalog_number":"H334890600010","name":"ADAPTER"},{"catalog_number":"H334890581150","name":"RETAINER"},{"catalog_number":"H334890581140","name":"BOOST PIPE"},{"catalog_number":"H334890581130","name":"BOOST PIPE"},{"catalog_number":"H334890581120","name":"BOOST PIPE"},{"catalog_number":"H334890581110","name":"BOOST PIPE"},{"catalog_number":"H334890581060","name":"BOOST PIPE"},{"catalog_number":"H334890581050","name":"RETURN PIPE"},{"catalog_number":"H334890581020","name":"BOOST PIPE"},{"catalog_number":"H334890551210","name":"BOOST PIPE"},{"catalog_number":"H334890551110","name":"BOOST PIPE"},{"catalog_number":"H334890551100","name":"BOOST PIPE"},{"catalog_number":"H334890550200","name":"BOOST PIPE"},{"catalog_number":"H334890550100","name":"BOOST PIPE"},{"catalog_number":"H334890540130","name":"STOP"},{"catalog_number":"H334890540121","name":"STOP"},{"catalog_number":"H334890540120","name":"STOP"},{"catalog_number":"H334890080040","name":"PRESSURE HOSE"},{"catalog_number":"H334890080020","name":"PRESSURE HOSE"},{"catalog_number":"H334890080010","name":"PRESSURE HOSE"},{"catalog_number":"H334890073830","name":"BOOST PIPE"},{"catalog_number":"H334890073820","name":"BOOST PIPE"},{"catalog_number":"H334890073800","name":"BOOST PIPE"},{"catalog_number":"H334890073790","name":"BOOST PIPE"},{"catalog_number":"H334890073650","name":"BOOST PIPE"},{"catalog_number":"H334890073640","name":"BOOST PIPE"},{"catalog_number":"H334890073530","name":"BOOST PIPE"},{"catalog_number":"H334890073520","name":"BOOST PIPE"},{"catalog_number":"H334890073500","name":"BOOST PIPE"},{"catalog_number":"H334890073490","name":"BOOST PIPE"},{"catalog_number":"H334890073480","name":"PRESSURE LINE"},{"catalog_number":"H334890073350","name":"PRESSURE LINE"},{"catalog_number":"H334890073230","name":"PRESSURE LINE"},{"catalog_number":"H334890073190","name":"BOOST PIPE"},{"catalog_number":"H334890073180","name":"BOOST PIPE"},{"catalog_number":"H334890073170","name":"BOOST PIPE"},{"catalog_number":"H334890073160","name":"BOOST PIPE"},{"catalog_number":"H334890073150","name":"BOOST PIPE"},{"catalog_number":"H334890073130","name":"PRESSURE LINE"},{"catalog_number":"H334890073010","name":"BASEPLATE"},{"catalog_number":"H334890072530","name":"PRESSURE LINE"},{"catalog_number":"H334890072520","name":"PRESSURE LINE"},{"catalog_number":"H334890072500","name":"PIPE"},{"catalog_number":"H334890072490","name":"PIPE"},{"catalog_number":"H334890072480","name":"PRESSURE LINE"},{"catalog_number":"H334890072470","name":"BOOST PIPE"},{"catalog_number":"H334890072460","name":"BOOST PIPE"},{"catalog_number":"H334890072440","name":"BOOST PIPE"},{"catalog_number":"H334890072430","name":"BOOST PIPE"},{"catalog_number":"H334890072420","name":"PRESSURE LINE"},{"catalog_number":"H334890072410","name":"BOOST PIPE"},{"catalog_number":"H334890072380","name":"PRESSURE LINE"},{"catalog_number":"H334890072370","name":"BOOST PIPE"},{"catalog_number":"H334890072360","name":"BOOST PIPE"}]}