{"machinery_brand_name":"Ag-Chem","parts":[{"catalog_number":"339287X1","name":"HEX HEAD BOLT"},{"catalog_number":"339275X1","name":"HEX HEAD BOLT"},{"catalog_number":"339262X1","name":"HEX HEAD BOLT"},{"catalog_number":"339228X1","name":"HEX HEAD BOLT"},{"catalog_number":"339169X1","name":"HEX NUT"},{"catalog_number":"339159X1","name":"HEX HEAD BOLT"},{"catalog_number":"339139X1","name":"HEX HEAD BOLT"},{"catalog_number":"339124X1","name":"HEX HEAD BOLT"},{"catalog_number":"339123X1","name":"HEX HEAD BOLT"},{"catalog_number":"339084X1","name":"HEX HEAD BOLT"},{"catalog_number":"339060X1","name":"SLOTTED NUT"},{"catalog_number":"339040X1","name":"SPLIT PIN"},{"catalog_number":"339034X1","name":"HEX NUT"},{"catalog_number":"339030X1","name":"HEX NUT"},{"catalog_number":"339019X1","name":"HEX HEAD BOLT"},{"catalog_number":"339011X1","name":"HEX HEAD BOLT"},{"catalog_number":"339010X1","name":"HEX HEAD BOLT"},{"catalog_number":"339009X1","name":"HEX HEAD BOLT"},{"catalog_number":"3386192M1","name":"SPRING WASHER"},{"catalog_number":"338317X1","name":"RIVET"},{"catalog_number":"3378245M1","name":"CABLE"},{"catalog_number":"3378244M1","name":"HARNESS"},{"catalog_number":"3378243M1","name":"CARD"},{"catalog_number":"330698X1","name":"SPIROL PIN"},{"catalog_number":"32921PF","name":"NUT"},{"catalog_number":"323-9533","name":"COIL"},{"catalog_number":"317-9747","name":"CARRIER"},{"catalog_number":"31-2772607","name":"AIR FILTER"},{"catalog_number":"312-3534","name":"YOKE"},{"catalog_number":"3101663M1","name":"WASHER"},{"catalog_number":"307-2673","name":"SOCKET HEAD PLUG"},{"catalog_number":"307-1912","name":"YOKE"},{"catalog_number":"307-1911","name":"YOKE"},{"catalog_number":"30-3436861","name":"ELEMENT"},{"catalog_number":"30-3076830","name":"SHUTOFF VALVE"},{"catalog_number":"30301PF","name":"FLAT WASHER"},{"catalog_number":"30291PF","name":"FLAT WASHER"},{"catalog_number":"30289PF","name":"FLAT WASHER"},{"catalog_number":"30288PF","name":"FLAT WASHER"},{"catalog_number":"302-8432","name":"SEAL"},{"catalog_number":"3019863X1","name":"HEX HEAD BOLT"},{"catalog_number":"3019638X1","name":"PLUG"},{"catalog_number":"3019575X1","name":"FLAT WASHER"},{"catalog_number":"3019565X1","name":"FLAT WASHER"},{"catalog_number":"3019560X1","name":"FLAT WASHER"},{"catalog_number":"3019394X1","name":"O RING"},{"catalog_number":"3019139X1","name":"NYLON LOCKNUT"},{"catalog_number":"3019126X1","name":"HEX FLANGE NUT"},{"catalog_number":"3019125X1","name":"HEX FLANGE NUT"},{"catalog_number":"3019124X1","name":"HEX FLANGE NUT"},{"catalog_number":"3019123X1","name":"HEX FLANGE NUT"},{"catalog_number":"3019075X1","name":"STUDS"},{"catalog_number":"3016587X1","name":"HEX HEAD BOLT"},{"catalog_number":"3016126X1","name":"HAIR PIN"},{"catalog_number":"301-5695","name":"SHAFT"},{"catalog_number":"301-5694","name":"SHAFT"},{"catalog_number":"3015191X1","name":"CAPSCREW"},{"catalog_number":"3015187X1","name":"HEX HEAD BOLT"},{"catalog_number":"3015144X1","name":"HEX HEAD BOLT"},{"catalog_number":"3014855X1","name":"SCREW"},{"catalog_number":"3014117X1","name":"CAPSCREW"},{"catalog_number":"3012266X1","name":"HEX HEAD BOLT"},{"catalog_number":"3012250X1","name":"PAN HEAD SCREW"},{"catalog_number":"3012169X1","name":"HEX. FLANGE BOLT"},{"catalog_number":"3012167X1","name":"HEX. FLANGE BOLT"},{"catalog_number":"3012154X1","name":"HEX. FLANGE BOLT"},{"catalog_number":"3012153X1","name":"HEX. FLANGE BOLT"},{"catalog_number":"3012152X1","name":"HEX. FLANGE BOLT"},{"catalog_number":"3012146X1","name":"HEX. FLANGE BOLT"},{"catalog_number":"3012144X1","name":"HEX. FLANGE BOLT"},{"catalog_number":"3012143X1","name":"HEX. FLANGE BOLT"},{"catalog_number":"3012142X1","name":"HEX. FLANGE BOLT"},{"catalog_number":"3012141X1","name":"HEX. FLANGE BOLT"},{"catalog_number":"3012020X1","name":"CAPSCREW"},{"catalog_number":"3011849X1","name":"HEX HEAD BOLT"},{"catalog_number":"3011715X1","name":"THREADED INSERT"},{"catalog_number":"3011486X1","name":"THREADED INSERT"},{"catalog_number":"3011480X1","name":"THREADED INSERT"},{"catalog_number":"3011475X1","name":"SPACER"},{"catalog_number":"3011406X1","name":"Y TYPE FITTING"},{"catalog_number":"3011368X1","name":"CAPSCREW"},{"catalog_number":"3011353X1","name":"STUD BOLT"},{"catalog_number":"3011296X91","name":"UNION"},{"catalog_number":"3011268X1","name":"RIVET"},{"catalog_number":"3011180X1","name":"SPACER"},{"catalog_number":"3011097X91","name":"PLUG"},{"catalog_number":"3010969X1","name":"HEX HEAD BOLT"},{"catalog_number":"3010967X1","name":"HEX NUT"},{"catalog_number":"3010894X1","name":"HEX HEAD BOLT"},{"catalog_number":"3010885X1","name":"HEX HEAD BOLT"},{"catalog_number":"3010818X1","name":"CAPSCREW"},{"catalog_number":"3010812X1","name":"CAPSCREW"},{"catalog_number":"3010770X1","name":"HEX HEAD BOLT"},{"catalog_number":"3010749X1","name":"CAPSCREW"},{"catalog_number":"3010611X1","name":"HEX HEAD BOLT"},{"catalog_number":"3010578X1","name":"PAN HEAD SCREW"},{"catalog_number":"3010559X1","name":"PAN HEAD SCREW"},{"catalog_number":"3010506X1","name":"PAN HEAD SCREW"},{"catalog_number":"3010472X1","name":"O RING"},{"catalog_number":"3010471X1","name":"O RING"},{"catalog_number":"3010375X1","name":"TORX BOLT"},{"catalog_number":"3010372X1","name":"TORX BOLT"},{"catalog_number":"3010351X1","name":"COUNTERSUNK"},{"catalog_number":"3010333X1","name":"SPRING NUT"},{"catalog_number":"3010070X1","name":"SPRING NUT"},{"catalog_number":"3009920X1","name":"HEX. FLANGE BOLT"},{"catalog_number":"3009882X1","name":"HEX HEAD BOLT"},{"catalog_number":"3009746X1","name":"HEX NUT"},{"catalog_number":"3009695X1","name":"HEX NUT"},{"catalog_number":"3009672X1","name":"MACHINE SCREW"},{"catalog_number":"3009536X1","name":"PAN HEAD SCREW"},{"catalog_number":"3009532X1","name":"PAN HEAD SCREW"},{"catalog_number":"3009531X1","name":"PAN HEAD SCREW"},{"catalog_number":"3009530X1","name":"PAN HEAD SCREW"},{"catalog_number":"3009511X1","name":"HEX HEAD BOLT"},{"catalog_number":"3009510X1","name":"HEX HEAD BOLT"},{"catalog_number":"3009507X1","name":"HEX HEAD BOLT"},{"catalog_number":"3009505X1","name":"HEX HEAD BOLT"},{"catalog_number":"3009501X1","name":"HEX HEAD BOLT"},{"catalog_number":"3009495X1","name":"HEX CAP SCREW"},{"catalog_number":"3009493X1","name":"HEX HEAD BOLT"},{"catalog_number":"3009492X1","name":"HEX HEAD BOLT"},{"catalog_number":"3009491X1","name":"HEX HEAD BOLT"},{"catalog_number":"3009445X1","name":"SCK HD CAPSCREW"},{"catalog_number":"3009436X1","name":"SCK HD CAPSCREW"},{"catalog_number":"3009432X1","name":"SCK HD CAPSCREW"},{"catalog_number":"3009431X1","name":"SCK HD CAPSCREW"},{"catalog_number":"3009430X1","name":"HEX SOCKET SCREW"},{"catalog_number":"3009388X1","name":"BEAR. 6010 Z"},{"catalog_number":"3009355X1","name":"SETSCREW"},{"catalog_number":"3009318X1","name":"CAPSCREW"},{"catalog_number":"3009299X1","name":"CAPSCREW"},{"catalog_number":"3009295X1","name":"CAPSCREW"},{"catalog_number":"3009283X1","name":"CAPSCREW"},{"catalog_number":"3009278X1","name":"CAPSCREW"},{"catalog_number":"3009262X1","name":"HEX. FLANGE BOLT"},{"catalog_number":"3009255X1","name":"HEX. FLANGE BOLT"},{"catalog_number":"3009228X1","name":"HEX. FLANGE BOLT"},{"catalog_number":"3009224X1","name":"HEX. FLANGE BOLT"},{"catalog_number":"3009208X1","name":"HEX. FLANGE BOLT"},{"catalog_number":"3009206X1","name":"HEX. FLANGE BOLT"},{"catalog_number":"3009197X1","name":"HEX. FLANGE BOLT"},{"catalog_number":"3009194X1","name":"HEX. FLANGE BOLT"},{"catalog_number":"3009193X1","name":"HEX. FLANGE BOLT"},{"catalog_number":"3009192X1","name":"HEX. FLANGE BOLT"},{"catalog_number":"3009182X1","name":"HEX. FLANGE BOLT"},{"catalog_number":"3006442X1","name":"SPIROL PIN"},{"catalog_number":"3001601X1","name":"HEX HEAD BOLT"},{"catalog_number":"3000253X1","name":"HEX HEAD BOLT"},{"catalog_number":"2P-8421","name":"ADAPTER FITTING"},{"catalog_number":"2P-1692","name":"O-RING"},{"catalog_number":"2D-8009","name":"O-RING SEAL"},{"catalog_number":"2D-0598","name":"SEAL"},{"catalog_number":"29951X","name":"GREASE FITTING"},{"catalog_number":"294-2173","name":"TUBE"},{"catalog_number":"293-8264","name":"TUBE"},{"catalog_number":"293-4389","name":"SUN GEAR"},{"catalog_number":"282699M1","name":"SCREW"},{"catalog_number":"281-7719","name":"YOKE"},{"catalog_number":"274-4581","name":"VALVE"},{"catalog_number":"274-4577","name":"DIPSTICK"},{"catalog_number":"274-4575","name":"VALVE"},{"catalog_number":"274-4560","name":"NUT"},{"catalog_number":"274-4559","name":"COIL"},{"catalog_number":"274-4557","name":"FRICTION DISC"},{"catalog_number":"274-4553","name":"GEAR PLATE"},{"catalog_number":"268600130110","name":"CLAMP"},{"catalog_number":"267-6637","name":"SEAL HOUSING"},{"catalog_number":"26690","name":"HUB"},{"catalog_number":"266-7086","name":"CAGE"},{"catalog_number":"260400081030","name":"PROFILE"},{"catalog_number":"260100600060","name":"PISTON"},{"catalog_number":"258-4455","name":"GEAR"},{"catalog_number":"246860030130","name":"SEALING WASHER"},{"catalog_number":"246-8148","name":"CLUTCH HOUSING"},{"catalog_number":"246-8146","name":"END PLATE"},{"catalog_number":"246-8145","name":"PISTON"},{"catalog_number":"245-4675","name":"PLATE"},{"catalog_number":"244-7772","name":"CONTROL VALVE"},{"catalog_number":"238950010010","name":"CLIP"},{"catalog_number":"238-7567","name":"CLIP"},{"catalog_number":"238-7562","name":"BOLT"},{"catalog_number":"238-1968","name":"SOLENOID"},{"catalog_number":"237-5185","name":"PLUG"},{"catalog_number":"232-0879","name":"TRIPOD"},{"catalog_number":"226-4754","name":"AIR SWITCH"},{"catalog_number":"225100100160","name":"SLEEVE"},{"catalog_number":"222-9156","name":"LIC. PLATE LIGHT"},{"catalog_number":"222-4145","name":"TUBE"},{"catalog_number":"222-4144","name":"CAGE"},{"catalog_number":"222-1887","name":"BRACKET"},{"catalog_number":"221-9650","name":"TUBE"},{"catalog_number":"221-9648","name":"SHIM"},{"catalog_number":"221-9647","name":"ADAPTER"},{"catalog_number":"221-9646","name":"CAGE"},{"catalog_number":"221-5433","name":"COVER"},{"catalog_number":"221-2549","name":"ADAPTER"},{"catalog_number":"221-2301","name":"SPACER"},{"catalog_number":"219-9775","name":"CASE"},{"catalog_number":"219-9774","name":"CASE"},{"catalog_number":"219-5816","name":"CARRIER"},{"catalog_number":"219-5815","name":"SHAFT"},{"catalog_number":"216-7694","name":"CONTROL"},{"catalog_number":"216-0273","name":"LIP SEAL"},{"catalog_number":"215-8055","name":"COMPRESSOR"},{"catalog_number":"215-8051","name":"BRACKET"},{"catalog_number":"215-2900","name":"HEX HEAD BOLT"},{"catalog_number":"214-7566","name":"O-RING SEAL"},{"catalog_number":"214-4667","name":"ANCHOR PLATE"},{"catalog_number":"214-2438","name":"TUBE"},{"catalog_number":"212-8817","name":"TUBE"},{"catalog_number":"212-8816","name":"TUBE"},{"catalog_number":"210-4416","name":"MACHINE SCREW"},{"catalog_number":"210-4393","name":"BLOCK"},{"catalog_number":"210-4390","name":"ENGINE BONNET"},{"catalog_number":"210-4351","name":"PLATE"},{"catalog_number":"210-2478","name":"SCREEN FILTER"},{"catalog_number":"209-4577","name":"T-BOLT CLAMP"},{"catalog_number":"208-9496","name":"LATCH"},{"catalog_number":"208-8240","name":"SEAL"},{"catalog_number":"207-7534","name":"PLATE"},{"catalog_number":"206-8789","name":"KIT"},{"catalog_number":"206-8787","name":"KIT"},{"catalog_number":"206-6497","name":"BELT"},{"catalog_number":"206-2941","name":"VALVE"},{"catalog_number":"206-0601","name":"TUBE"},{"catalog_number":"206-0594","name":"BRACKET"},{"catalog_number":"205950010340","name":"BANJO BOLT"},{"catalog_number":"205116300081","name":"SHIFT FINGER"},{"catalog_number":"205100480010","name":"MARKING PLATE"},{"catalog_number":"203-8025","name":"SENDER"},{"catalog_number":"203-6966","name":"HOSE"},{"catalog_number":"203-6965","name":"ADAPTER"},{"catalog_number":"203-2632","name":"PISTON"},{"catalog_number":"203-2631","name":"PISTON"},{"catalog_number":"202-9724","name":"HOSE ELBOW"},{"catalog_number":"202-8043","name":"BAFFLE"},{"catalog_number":"202-2355","name":"LATCH"},{"catalog_number":"202-0848","name":"FILTER COVER"},{"catalog_number":"202-0844","name":"BRACKET"},{"catalog_number":"202-0040","name":"NUT"},{"catalog_number":"201-5090","name":"GAS SPRING"},{"catalog_number":"201-5062","name":"RETAINER"},{"catalog_number":"201-4653","name":"SIGHT GAUGE"},{"catalog_number":"201-4114","name":"GROMMET"},{"catalog_number":"201-2442","name":"KEY"},{"catalog_number":"201-2441","name":"MASTER SWITCH"},{"catalog_number":"201-2440","name":"SWITCH"},{"catalog_number":"201-1186","name":"ADAPTER, RH"},{"catalog_number":"200-6476","name":"BAFFLE"},{"catalog_number":"200-4353","name":"SUPPORT"},{"catalog_number":"200-3039","name":"SEALING RING"},{"catalog_number":"1T-2031","name":"GUARD"},{"catalog_number":"1T-1068","name":"O-RING"},{"catalog_number":"1F-2771","name":"BALL BEARING"},{"catalog_number":"199-9240","name":"O-RING"},{"catalog_number":"198-4070","name":"DOOR"},{"catalog_number":"198-1013","name":"VALVE"},{"catalog_number":"198100080520","name":"OIL PIPE"},{"catalog_number":"197-4773","name":"RADIATOR GRILLE"},{"catalog_number":"197-4772","name":"RETAINER"},{"catalog_number":"197-4550","name":"BEARING PLATE"},{"catalog_number":"197-4548","name":"CONTROL KIT"},{"catalog_number":"197-4547","name":"ISOLATOR KIT"},{"catalog_number":"197-4546","name":"BOOT KIT"},{"catalog_number":"197-4545","name":"KNOB ASSY"},{"catalog_number":"197-4544","name":"FASTENER KIT"},{"catalog_number":"197-4541","name":"AIR SPRING KIT"},{"catalog_number":"197-4540","name":"KIT, COMPRESSOR"},{"catalog_number":"197-4539","name":"SHOCK KIT"},{"catalog_number":"197-4538","name":"AIRLINE KIT"},{"catalog_number":"197-4537","name":"BUMPERS KIT"},{"catalog_number":"197-4536","name":"SPRING KIT"},{"catalog_number":"197-4535","name":"SPRING KIT"},{"catalog_number":"197-4534","name":"ROLLER KIT"},{"catalog_number":"197-4533","name":"BEARING KIT"},{"catalog_number":"197-4531","name":"COVER KIT"},{"catalog_number":"197-4530","name":"SLIDE KIT"},{"catalog_number":"197-4529","name":"LATCH KIT"},{"catalog_number":"197-4527","name":"SAFETY BELT"},{"catalog_number":"197-4526","name":"LEVER KIT"},{"catalog_number":"197-4525","name":"LEVER KIT"},{"catalog_number":"197-4521","name":"RECLINER KNOB"},{"catalog_number":"197-4520","name":"RECLINER KIT"},{"catalog_number":"197-4514","name":"KIT, HOUSING"},{"catalog_number":"197-3083","name":"PLATE"},{"catalog_number":"196-4056","name":"CLEANER"},{"catalog_number":"196-4055","name":"BODY"},{"catalog_number":"195-2178","name":"SIGHT GAUGE"},{"catalog_number":"192-6460","name":"BRACKET"},{"catalog_number":"192-4975","name":"RETAINING RING"},{"catalog_number":"191-8304","name":"SPEED SENSOR"},{"catalog_number":"191-8303","name":"SPEED SENSOR"},{"catalog_number":"191-5988","name":"AIR DUCT"},{"catalog_number":"191-0429","name":"GEAR"},{"catalog_number":"191-0428","name":"GEAR"},{"catalog_number":"191-0427","name":"GEAR"},{"catalog_number":"191-0426","name":"GEAR"},{"catalog_number":"1905376M1","name":"DUST CAP"},{"catalog_number":"190-0446","name":"BRACKET"},{"catalog_number":"189-9922","name":"PLATE"},{"catalog_number":"189-5746","name":"TRANSDUCER"},{"catalog_number":"1882874M1","name":"RING"},{"catalog_number":"188-2162","name":"COVER"},{"catalog_number":"187-8947","name":"THRUST DISK"},{"catalog_number":"1876942M1","name":"O RING"},{"catalog_number":"187-4921","name":"GASKET"},{"catalog_number":"187-4906","name":"GASKET"},{"catalog_number":"187-1376","name":"SHIM"},{"catalog_number":"1860503M93","name":"TAPER BEARING"},{"catalog_number":"185-9769","name":"FLAT WASHER"},{"catalog_number":"185-2151","name":"SEAT BELT"},{"catalog_number":"1851533M91","name":"TAPER BEARING"},{"catalog_number":"1851392M91","name":"TAPER BEARING"},{"catalog_number":"184-1704","name":"HOLDER"},{"catalog_number":"184-1112","name":"YOKE"},{"catalog_number":"183-2317","name":"SEAL"},{"catalog_number":"180-6240","name":"STRIKER"},{"catalog_number":"180-5485","name":"DRAIN VALVE"},{"catalog_number":"180-5244","name":"HOUSING SEAL"},{"catalog_number":"180-5239","name":"AIR DUCT"},{"catalog_number":"180-2825","name":"HOLDER"},{"catalog_number":"179-4225","name":"ROD"},{"catalog_number":"179-4223","name":"BRACKET"},{"catalog_number":"179-4221","name":"BRACKET"},{"catalog_number":"179-4203","name":"COVER"},{"catalog_number":"178-9566","name":"SPRING"},{"catalog_number":"178810030450","name":"DISC"},{"catalog_number":"178-7974","name":"GASKET"},{"catalog_number":"178-7954","name":"WINDOW HINGE"},{"catalog_number":"178-7953","name":"WINDOW LATCH"},{"catalog_number":"178-7952","name":"BRACKET"},{"catalog_number":"178-6238","name":"COVER"},{"catalog_number":"178200020050","name":"DISC"},{"catalog_number":"178107080030","name":"FITTING KEY"},{"catalog_number":"177-9555","name":"TANK"},{"catalog_number":"177-6804","name":"END PLATE"},{"catalog_number":"177-6802","name":"SPACER"},{"catalog_number":"177-6801","name":"SEALING RING"},{"catalog_number":"177-6797","name":"SEALING RING"},{"catalog_number":"177-6795","name":"FRICTION DISC"},{"catalog_number":"177-6784","name":"PUMP HOUSING"},{"catalog_number":"177-6783","name":"COVER"},{"catalog_number":"177-6782","name":"GEAR"},{"catalog_number":"177-6781","name":"GEAR"},{"catalog_number":"177-6771","name":"THRUST DISK"},{"catalog_number":"177-6770","name":"SPACER"},{"catalog_number":"177-6768","name":"CLUTCH PLATE"},{"catalog_number":"177-6766","name":"FRICTION DISC"},{"catalog_number":"177-6765","name":"RING GEAR"},{"catalog_number":"177-6763","name":"SEALING RING"},{"catalog_number":"177-6762","name":"SEALING RING"},{"catalog_number":"177-6754","name":"SEALING RING"},{"catalog_number":"177-6752","name":"BALANCE SEAL"},{"catalog_number":"177-6743","name":"CLUTCH PLATE"},{"catalog_number":"177-6740","name":"END PLATE"},{"catalog_number":"177-6739","name":"SPACER"},{"catalog_number":"177-6738","name":"BEARING"},{"catalog_number":"177-5270","name":"SHAFT"},{"catalog_number":"177-5269","name":"CARRIER"},{"catalog_number":"177-5265","name":"GEAR"},{"catalog_number":"177-5263","name":"SPACER"},{"catalog_number":"177-5260","name":"GEAR"},{"catalog_number":"177-5258","name":"SPACER"},{"catalog_number":"177-5257","name":"GEAR"},{"catalog_number":"177-5256","name":"SPACER"},{"catalog_number":"177-5250","name":"SPACER"},{"catalog_number":"177-5249","name":"THRUST DISK"},{"catalog_number":"177-5248","name":"SPACER"},{"catalog_number":"177-5246","name":"SPACER RING"},{"catalog_number":"177-5243","name":"BALANCE SEAL"},{"catalog_number":"177-5241","name":"RETAINING RING"},{"catalog_number":"177-5236","name":"NEEDLE BEARING"},{"catalog_number":"177-5194","name":"TUBE"},{"catalog_number":"177-0381","name":"HOUSING"},{"catalog_number":"175-0198","name":"COVER"},{"catalog_number":"174-9393","name":"CAGE"},{"catalog_number":"174-8822","name":"TANK"},{"catalog_number":"174-7872","name":"ANGLE BRACKET"},{"catalog_number":"174-7449","name":"SPRING"},{"catalog_number":"174-6318","name":"GUARD"},{"catalog_number":"174-5774","name":"GROMMET"},{"catalog_number":"174-5770","name":"BRACKET"},{"catalog_number":"173-8819","name":"BONNET SEAL"},{"catalog_number":"173-8817","name":"BONNET SEAL"},{"catalog_number":"173-5392","name":"SPRING"},{"catalog_number":"173-3236","name":"RETAINER"},{"catalog_number":"173-3235","name":"RETAINER"},{"catalog_number":"172-7968","name":"SPOOL"},{"catalog_number":"172-7966","name":"FRAME"},{"catalog_number":"172-6869","name":"GRIP"},{"catalog_number":"172-6842","name":"GRILLE"},{"catalog_number":"170-7290","name":"PUMP COVER"},{"catalog_number":"170-7255","name":"SPEAKER"},{"catalog_number":"1703354","name":"HEX LOCKNUT"},{"catalog_number":"169-6337","name":"AIR DUCT"},{"catalog_number":"169-6323","name":"BRACKET"},{"catalog_number":"168-2284","name":"COVER"},{"catalog_number":"167-9524","name":"NUT"},{"catalog_number":"166-4617","name":"AIR DUCT"},{"catalog_number":"166-4616","name":"WORKLIGHT"},{"catalog_number":"166-4608","name":"PAD"},{"catalog_number":"166-4603","name":"COVER"},{"catalog_number":"166-4595","name":"AIR DUCT"},{"catalog_number":"166-4558","name":"COVER"},{"catalog_number":"166-3755","name":"COLUMN COVER"},{"catalog_number":"166-3754","name":"COVER"},{"catalog_number":"165-0420","name":"ROTOR"},{"catalog_number":"165-0390","name":"RELIEF VALVE"},{"catalog_number":"164-7042","name":"HOUSING"},{"catalog_number":"164-7023","name":"AIR DUCT"},{"catalog_number":"164-2108","name":"FLAT WASHER"},{"catalog_number":"162-6752","name":"COVER, LH"},{"catalog_number":"162-6734","name":"WHEEL"},{"catalog_number":"162-6693","name":"FILTER DOOR"},{"catalog_number":"162-6691","name":"AIR DUCT"},{"catalog_number":"162-6654","name":"PLATE"},{"catalog_number":"162-4111","name":"ROOF"},{"catalog_number":"162-4103","name":"WIPER KIT"},{"catalog_number":"159-1236","name":"BREATHER CAP"},{"catalog_number":"158-5935","name":"GRILLE"},{"catalog_number":"158-5934","name":"LEFT HAND GRILLE"},{"catalog_number":"158-5932","name":"LEFT HAND PANEL"},{"catalog_number":"158-5924","name":"GRILLE"},{"catalog_number":"158-5923","name":"LEFT HAND GRILLE"},{"catalog_number":"157-2088","name":"PISTON"},{"catalog_number":"156-5970","name":"HEX NUT"},{"catalog_number":"156210A","name":"SEAL"},{"catalog_number":"155-0038","name":"HOLDER"},{"catalog_number":"152-0431","name":"MAT"},{"catalog_number":"151-9991","name":"GLASS, RIGHT"},{"catalog_number":"151-9990","name":"WINDOW GLASS"},{"catalog_number":"151-9979","name":"RR. WINDOW GLASS"},{"catalog_number":"151-4059","name":"WEDGE"},{"catalog_number":"150-7732","name":"O-RING"},{"catalog_number":"148-8409","name":"PLUG"},{"catalog_number":"1484541M1","name":"NUT"},{"catalog_number":"148-1925","name":"RELIEF VALVE"},{"catalog_number":"1476280X1","name":"HEX. FLANGE BOLT"},{"catalog_number":"1476145X1","name":"DOWEL"},{"catalog_number":"147-0266","name":"BOLT"},{"catalog_number":"147-0262","name":"WASHER"},{"catalog_number":"147-0260","name":"SPRING RETAINER"},{"catalog_number":"147-0259","name":"SPACER"},{"catalog_number":"147-0258","name":"SPACER"},{"catalog_number":"147-0242","name":"GEAR"},{"catalog_number":"147-0239","name":"SEAL"},{"catalog_number":"147-0238","name":"SPRING RETAINER"},{"catalog_number":"147-0236","name":"PIPE"},{"catalog_number":"147-0234","name":"BOLT"},{"catalog_number":"147-0228","name":"PISTON"},{"catalog_number":"147-0226","name":"PIPE"},{"catalog_number":"147-0224","name":"GEAR"},{"catalog_number":"147-0218","name":"PIPE"},{"catalog_number":"147-0216","name":"BALL BEARING"},{"catalog_number":"147-0215","name":"GEAR"},{"catalog_number":"147-0211","name":"PLUG"},{"catalog_number":"147-0209","name":"VALVE CARTRIDGE"},{"catalog_number":"147-0205","name":"THRUST WASHER"},{"catalog_number":"147-0203","name":"THRUST WASHER"},{"catalog_number":"147-0202","name":"GEAR"},{"catalog_number":"1449395M4","name":"SERVICE MANUAL"},{"catalog_number":"1447048M2","name":"OIL FILTER"},{"catalog_number":"1443615X1","name":"HEX NUT"},{"catalog_number":"1442978X1","name":"SPLIT PIN"},{"catalog_number":"1442958X1","name":"SPLIT PIN"},{"catalog_number":"1442692X1","name":"CAPSCREW"},{"catalog_number":"1442190X1","name":"TOP LOCK NUT"},{"catalog_number":"1441932X1","name":"TOP LOCK NUT"},{"catalog_number":"1441917X1","name":"TOP LOCK NUT"},{"catalog_number":"1441761X1","name":"RETAINING RING"},{"catalog_number":"1441664X1","name":"FLAT WASHER"},{"catalog_number":"1441462X1","name":"TOP LOCK NUT"},{"catalog_number":"1441302X1","name":"HEX HEAD BOLT"},{"catalog_number":"1441226X1","name":"HEX HEAD BOLT"},{"catalog_number":"1440922X1","name":"HEX HEAD BOLT"},{"catalog_number":"1440711X1","name":"HEX HEAD BOLT"},{"catalog_number":"1440551X1","name":"BALL BEARING"},{"catalog_number":"1440375X1","name":"PARALLEL KEY"},{"catalog_number":"1440349X1","name":"CAPSCREW"},{"catalog_number":"1440330X1","name":"NYLON LOCKNUT"},{"catalog_number":"1440329X1","name":"NYLON LOCKNUT"},{"catalog_number":"1440267X1","name":"FLAT WASHER"},{"catalog_number":"1440204X1","name":"HEX NUT"},{"catalog_number":"1440202X1","name":"HEX NUT"},{"catalog_number":"141-0284","name":"KIT"},{"catalog_number":"1387380","name":"DIPSTICK TUBE"},{"catalog_number":"136-5330","name":"PLATE"},{"catalog_number":"136-5224","name":"ARM"},{"catalog_number":"136-5218","name":"ACCELERATOR"},{"catalog_number":"134-8361","name":"CLUTCH PLATE"},{"catalog_number":"134-8360","name":"FRICTION DISC"},{"catalog_number":"1320431B","name":"RING"},{"catalog_number":"131-3718","name":"O-RING"},{"catalog_number":"1312337","name":"ADAPTER FITTING"},{"catalog_number":"13010AF","name":"HEX CAP SCREW"},{"catalog_number":"130-0912","name":"SOLENOID"},{"catalog_number":"129-5096","name":"ALTERNAT. PULLEY"},{"catalog_number":"123-0791","name":"PULLEY"},{"catalog_number":"123-0380","name":"STRIKER GUARD"},{"catalog_number":"122-1886","name":"SEALING RING"},{"catalog_number":"122-1879","name":"SPACER"},{"catalog_number":"122-1877","name":"THRUST WASHER"},{"catalog_number":"121-7402","name":"SHIM"},{"catalog_number":"121-7401","name":"SHIM"},{"catalog_number":"121-7400","name":"SHIM"},{"catalog_number":"121-7399","name":"SHIM"},{"catalog_number":"121-7398","name":"SHIM"},{"catalog_number":"121-7396","name":"RELIEF CARTRIDGE"},{"catalog_number":"121-7385","name":"PUMP"},{"catalog_number":"121-4036","name":"COIL"},{"catalog_number":"121-2500","name":"THRUST WASHER"},{"catalog_number":"121-2061","name":"SHIM"},{"catalog_number":"121-2060","name":"SHIM"},{"catalog_number":"121-2059","name":"SHIM"},{"catalog_number":"121-0885","name":"SPRING RETAINER"},{"catalog_number":"121-0694","name":"WASHER"},{"catalog_number":"120-9762","name":"O-RING"},{"catalog_number":"117-8131","name":"MOUNTING"},{"catalog_number":"117-2911","name":"SOLENOID"},{"catalog_number":"117-1385","name":"O-RING"},{"catalog_number":"115-4550","name":"COVER"},{"catalog_number":"1139002","name":"BALL BEARING"},{"catalog_number":"112734W1","name":"O-RING"},{"catalog_number":"112-5282","name":"O-RING"},{"catalog_number":"1118737","name":"SEALING RING"},{"catalog_number":"1118718","name":"SEALING RING"},{"catalog_number":"1118700","name":"SEALING RING"},{"catalog_number":"1081733M1","name":"RETAINER PLATE"},{"catalog_number":"1081729M1","name":"HEX HEAD BOLT"},{"catalog_number":"1081727M1","name":"O-RING"},{"catalog_number":"1081725M1","name":"FLAT WASHER"},{"catalog_number":"1081723M1","name":"COVER"},{"catalog_number":"1081721M1","name":"MOUNTING FLANGE"},{"catalog_number":"1081707M91","name":"VALVE KIT"},{"catalog_number":"1081699M1","name":"GASKET"},{"catalog_number":"1081671M1","name":"SCREW"},{"catalog_number":"1080150M91","name":"FILTER"},{"catalog_number":"1077684M1","name":"SETSCREW"},{"catalog_number":"1077673M1","name":"SOCKET HEAD BOLT"},{"catalog_number":"1077666M1","name":"LIP SEAL"},{"catalog_number":"1077664M1","name":"RETAINING RING"},{"catalog_number":"1077661M1","name":"O RING"},{"catalog_number":"1077658M1","name":"HEX HEAD BOLT"},{"catalog_number":"1077656M1","name":"WOODRUFF KEY"},{"catalog_number":"1077654M1","name":"PIN"},{"catalog_number":"1077651M1","name":"NUT"},{"catalog_number":"1077638M1","name":"HEX HEAD BOLT"},{"catalog_number":"1077637M1","name":"O-RING"},{"catalog_number":"1077635M2","name":"SLIDER BLOCK"},{"catalog_number":"1077631M91","name":"SCREW"},{"catalog_number":"1077627M1","name":"HEX NUT"},{"catalog_number":"1077616M1","name":"SCREW"},{"catalog_number":"1077611M1","name":"RETAINING RING"},{"catalog_number":"1077605M1","name":"HEX SCKT HD PLUG"},{"catalog_number":"1077604M1","name":"HEX SCKT HD PLUG"},{"catalog_number":"107500M1","name":"SOCKET"},{"catalog_number":"107397M1","name":"CLAMP"},{"catalog_number":"107396M1","name":"CLAMP"},{"catalog_number":"1070229M2","name":"AIR FITR.ELEMENT"},{"catalog_number":"1070229M1","name":"AIR FITR.ELEMENT"},{"catalog_number":"106-9861","name":"PLATE"},{"catalog_number":"1053073M91","name":"O-RING PLUG"},{"catalog_number":"104-3288","name":"SHIM"},{"catalog_number":"1042529M1","name":"LOCK KEY"},{"catalog_number":"103737W1","name":"CONE"},{"catalog_number":"1028450M1","name":"DOWEL"},{"catalog_number":"10163","name":"HEX LOCKNUT"},{"catalog_number":"101-3934","name":"PLATE"},{"catalog_number":"100-6651","name":"COVER"},{"catalog_number":"1001833M1","name":"O RING"},{"catalog_number":"0L-1026","name":"CUP PLUG"},{"catalog_number":"055126R1","name":"VALVE"},{"catalog_number":"036-9823","name":"BOLT"},{"catalog_number":"012100090080","name":"INTERLOCK SPRING"},{"catalog_number":"0099954000000","name":"VARIO-TRANS."},{"catalog_number":"0099003102000","name":"REPAIR KIT"},{"catalog_number":"0060134100000","name":"SAFETY BELT"},{"catalog_number":"0054253300000","name":"VARIO-DOC"},{"catalog_number":"0054253200000","name":"VARIO-DOC"},{"catalog_number":"0046530916040","name":"LEVER"},{"catalog_number":"0046530916030","name":"LEVER"},{"catalog_number":"0046530916020","name":"LEVER"},{"catalog_number":"0046086100000","name":"PUMP CASING"},{"catalog_number":"Z099954000000","name":"VARIO-TRANS."},{"catalog_number":"Y763243","name":"PIN"},{"catalog_number":"Y705558","name":"FLAT WASHER"},{"catalog_number":"Y705533","name":"FLAT WASHER"},{"catalog_number":"Y704718","name":"TOP LOCK NUT"},{"catalog_number":"Y704684","name":"HEX JAM NUT"},{"catalog_number":"Y704395","name":"HEX LOCKNUT"},{"catalog_number":"Y704080","name":"HEX NUT"},{"catalog_number":"Y704072","name":"HEX NUT"},{"catalog_number":"X991470028000","name":"CABLE"},{"catalog_number":"X991470018000","name":"CAMERA"},{"catalog_number":"X903050553000","name":"SEALING COMPOUND"},{"catalog_number":"X903050091000","name":"LOCTITE"},{"catalog_number":"X903050084000","name":"LOCTITE"},{"catalog_number":"X903050074000","name":"LOCTITE"},{"catalog_number":"X903050059010","name":"LOCTITE"}]}