{"machinery_brand_name":"Ag-Chem","parts":[{"catalog_number":"X499504195000","name":"LOCKING PLUG"},{"catalog_number":"X499412096000","name":"PROTECTIVE PLUG"},{"catalog_number":"X499398007000","name":"LOCK SCREW"},{"catalog_number":"X499356400000","name":"SCREW"},{"catalog_number":"X499341500000","name":"SCREW"},{"catalog_number":"X499341000000","name":"SCREW"},{"catalog_number":"X499328207000","name":"LOCK SCREW"},{"catalog_number":"X499328101000","name":"LOCK SCREW"},{"catalog_number":"X499327800000","name":"LOCK SCREW"},{"catalog_number":"X499327700000","name":"LOCK SCREW"},{"catalog_number":"X499326801000","name":"LOCK SCREW"},{"catalog_number":"X499226800000","name":"LOCK SCREW"},{"catalog_number":"X499124902000","name":"BANJO BOLT"},{"catalog_number":"X498625095000","name":"PROTECTIVE PLUG"},{"catalog_number":"X498100000000","name":"UNION SCREW"},{"catalog_number":"X497844600000","name":"CNTRSNK CAPSCREW"},{"catalog_number":"X497844500000","name":"CNTRSNK CAPSCREW"},{"catalog_number":"X497844201000","name":"CNTRSNK CAPSCREW"},{"catalog_number":"X497844001000","name":"CNTRSNK CAPSCREW"},{"catalog_number":"X497843805000","name":"CNTRSNK CAPSCREW"},{"catalog_number":"X497839800000","name":"CNTRSNK CAPSCREW"},{"catalog_number":"X497839205000","name":"CNTRSNK CAPSCREW"},{"catalog_number":"X497835105000","name":"CNTRSNK CAPSCREW"},{"catalog_number":"X497835005000","name":"CNTRSNK CAPSCREW"},{"catalog_number":"X497830305000","name":"CNTRSNK CAPSCREW"},{"catalog_number":"X497830205000","name":"CNTRSNK CAPSCREW"},{"catalog_number":"X497829905000","name":"CNTRSNK CAPSCREW"},{"catalog_number":"X497825905000","name":"CNTRSNK CAPSCREW"},{"catalog_number":"X497825705000","name":"CNTRSNK CAPSCREW"},{"catalog_number":"X497825700000","name":"CNTRSNK CAPSCREW"},{"catalog_number":"X497825505000","name":"CNTRSNK CAPSCREW"},{"catalog_number":"X497825305000","name":"CNTRSNK CAPSCREW"},{"catalog_number":"X497825301000","name":"CNTRSNK CAPSCREW"},{"catalog_number":"X497825101000","name":"CNTRSNK CAPSCREW"},{"catalog_number":"X497825100000","name":"CNTRSNK CAPSCREW"},{"catalog_number":"X497824905000","name":"CNTRSNK CAPSCREW"},{"catalog_number":"X497824605000","name":"CNTRSNK CAPSCREW"},{"catalog_number":"X497824600000","name":"CNTRSNK CAPSCREW"},{"catalog_number":"X497824305000","name":"CNTRSNK CAPSCREW"},{"catalog_number":"X497822605000","name":"CNTRSNK CAPSCREW"},{"catalog_number":"X497822305000","name":"CNTRSNK CAPSCREW"},{"catalog_number":"X497817501000","name":"CNTRSNK CAPSCREW"},{"catalog_number":"X496308901000","name":"SCREW"},{"catalog_number":"X496120100000","name":"SCREW"},{"catalog_number":"X496112701000","name":"SCREW"},{"catalog_number":"X496112501000","name":"SCREW"},{"catalog_number":"X496112201000","name":"SCREW"},{"catalog_number":"X496110100000","name":"SCREW"},{"catalog_number":"X496108700000","name":"SCREW"},{"catalog_number":"X496108605000","name":"SCREW"},{"catalog_number":"X496106105000","name":"SCREW"},{"catalog_number":"X496103200000","name":"SCREW"},{"catalog_number":"X496102975000","name":"SCREW"},{"catalog_number":"X496030301000","name":"SOCKET HEAD BOLT"},{"catalog_number":"X496030101000","name":"SOCKET HEAD BOLT"},{"catalog_number":"X496029700000","name":"SOCKET HEAD BOLT"},{"catalog_number":"X496027000000","name":"SOCKET HEAD BOLT"},{"catalog_number":"X496022205000","name":"SOCKET HEAD BOLT"},{"catalog_number":"X495924301000","name":"OVAL HEAD SCREW"},{"catalog_number":"X495923901000","name":"OVAL HEAD SCREW"},{"catalog_number":"X495923200000","name":"OVAL HEAD SCREW"},{"catalog_number":"X495922600000","name":"OVAL HEAD SCREW"},{"catalog_number":"X495922300000","name":"OVAL HEAD SCREW"},{"catalog_number":"X495919901000","name":"OVAL HEAD SCREW"},{"catalog_number":"X495917001000","name":"OVAL HEAD SCREW"},{"catalog_number":"X495911300000","name":"OVAL HEAD SCREW"},{"catalog_number":"X495713100000","name":"SCREW"},{"catalog_number":"X495708900000","name":"SCREW"},{"catalog_number":"X495608800000","name":"SCREW"},{"catalog_number":"X495326501000","name":"SCREW"},{"catalog_number":"X495320405000","name":"SCREW"},{"catalog_number":"X495320005000","name":"SCREW"},{"catalog_number":"X495319875000","name":"SCREW"},{"catalog_number":"X495312301000","name":"SCREW"},{"catalog_number":"X495312105000","name":"SCREW"},{"catalog_number":"X495312075000","name":"SCREW"},{"catalog_number":"X495308901000","name":"SCREW"},{"catalog_number":"X495308701000","name":"SCREW"},{"catalog_number":"X495308501000","name":"SCREW"},{"catalog_number":"X495212201000","name":"SCREW"},{"catalog_number":"X495106500000","name":"SCREW"},{"catalog_number":"X494915400000","name":"NOZZLE"},{"catalog_number":"X494708500000","name":"DOUBLE BOLT"},{"catalog_number":"X494609904000","name":"BANJO BOLT"},{"catalog_number":"X494607204000","name":"BANJO BOLT"},{"catalog_number":"X494603001000","name":"BANJO BOLT"},{"catalog_number":"X494515500000","name":"BANJO BOLT"},{"catalog_number":"X494509300000","name":"DOUBLE BOLT"},{"catalog_number":"X494501900000","name":"BANJO BOLT"},{"catalog_number":"X494415200000","name":"NOZZLE"},{"catalog_number":"X494308200000","name":"SCREW"},{"catalog_number":"X494303000000","name":"PLUG"},{"catalog_number":"X494204200000","name":"SCREW"},{"catalog_number":"X494203100000","name":"LOCKING SCREW"},{"catalog_number":"X494125300000","name":"TAPPING SCREW"},{"catalog_number":"X494022500000","name":"TAPPING SCREW"},{"catalog_number":"X493912601000","name":"SCREW"},{"catalog_number":"X493912150000","name":"SCREW"},{"catalog_number":"X493903100000","name":"SCREW"},{"catalog_number":"X493820105000","name":"SCREW"},{"catalog_number":"X493816150000","name":"SCREW"},{"catalog_number":"X493814405000","name":"SCREW"},{"catalog_number":"X493812500000","name":"SCREW"},{"catalog_number":"X493812105000","name":"SCREW"},{"catalog_number":"X493812005000","name":"SCREW"},{"catalog_number":"X493808805000","name":"SCREW"},{"catalog_number":"X493808505000","name":"SCREW"},{"catalog_number":"X493803405000","name":"SCREW"},{"catalog_number":"X493803205000","name":"SCREW"},{"catalog_number":"X493803105000","name":"SCREW"},{"catalog_number":"X493803000000","name":"SCREW"},{"catalog_number":"X493802905000","name":"SCREW"},{"catalog_number":"X493629406000","name":"SOCKET HEAD BOLT"},{"catalog_number":"X493629205000","name":"SOCKET HEAD BOLT"},{"catalog_number":"X493614600000","name":"SOCKET HEAD BOLT"},{"catalog_number":"X493614001000","name":"SOCKET HEAD BOLT"},{"catalog_number":"X493613805000","name":"SOCKET HEAD BOLT"},{"catalog_number":"X493613505000","name":"SOCKET HEAD BOLT"},{"catalog_number":"X493613405000","name":"SOCKET HEAD BOLT"},{"catalog_number":"X493613205000","name":"SOCKET HEAD BOLT"},{"catalog_number":"X493612905000","name":"SOCKET HEAD BOLT"},{"catalog_number":"X493609405000","name":"SOCKET HEAD BOLT"},{"catalog_number":"X493608400000","name":"SOCKET HEAD BOLT"},{"catalog_number":"X493607905000","name":"SOCKET HEAD BOLT"},{"catalog_number":"X493607605000","name":"SOCKET HEAD BOLT"},{"catalog_number":"X493607505000","name":"SOCKET HEAD BOLT"},{"catalog_number":"X493607005000","name":"SOCKET HEAD BOLT"},{"catalog_number":"X493606400000","name":"SOCKET HEAD BOLT"},{"catalog_number":"X493606005000","name":"SOCKET HEAD BOLT"},{"catalog_number":"X493605105000","name":"SOCKET HEAD BOLT"},{"catalog_number":"X493604805000","name":"SOCKET HEAD BOLT"},{"catalog_number":"X493604405000","name":"SOCKET HEAD BOLT"},{"catalog_number":"X493604400000","name":"SOCKET HEAD BOLT"},{"catalog_number":"X493018001000","name":"TAPPING SCREW"},{"catalog_number":"X493001800000","name":"TAPPING SCREW"},{"catalog_number":"X492023700000","name":"CNTRSNK CAPSCREW"},{"catalog_number":"X492022500000","name":"CNTRSNK CAPSCREW"},{"catalog_number":"X492021150000","name":"CNTRSNK CAPSCREW"},{"catalog_number":"X492020200000","name":"CNTRSNK CAPSCREW"},{"catalog_number":"X492019901000","name":"CNTRSNK CAPSCREW"},{"catalog_number":"X492018501000","name":"CNTRSNK CAPSCREW"},{"catalog_number":"X492017939000","name":"CNTRSNK CAPSCREW"},{"catalog_number":"X492017000000","name":"CNTRSNK CAPSCREW"},{"catalog_number":"X492013001000","name":"CNTRSNK CAPSCREW"},{"catalog_number":"X491920903000","name":"CNTRSNK CAPSCREW"},{"catalog_number":"X491920275000","name":"CNTRSNK CAPSCREW"},{"catalog_number":"X491824903000","name":"CNTRSNK CAPSCREW"},{"catalog_number":"X491824303000","name":"CNTRSNK CAPSCREW"},{"catalog_number":"X491823401000","name":"CNTRSNK CAPSCREW"},{"catalog_number":"X491823201000","name":"CNTRSNK CAPSCREW"},{"catalog_number":"X491821939000","name":"CNTRSNK CAPSCREW"},{"catalog_number":"X491820139000","name":"CNTRSNK CAPSCREW"},{"catalog_number":"X491818202000","name":"CNTRSNK CAPSCREW"},{"catalog_number":"X491818103000","name":"CNTRSNK CAPSCREW"},{"catalog_number":"X491817403000","name":"CNTRSNK CAPSCREW"},{"catalog_number":"X491722801000","name":"CNTRSNK CAPSCREW"},{"catalog_number":"X491720439000","name":"CNTRSNK CAPSCREW"},{"catalog_number":"X491720203000","name":"CNTRSNK CAPSCREW"},{"catalog_number":"X491717501000","name":"CNTRSNK CAPSCREW"},{"catalog_number":"X491717301000","name":"CNTRSNK CAPSCREW"},{"catalog_number":"X491231101000","name":"HEX HEAD BOLT"},{"catalog_number":"X491217101000","name":"HEX HEAD BOLT"},{"catalog_number":"X491208606000","name":"HEX HEAD BOLT"},{"catalog_number":"X491208105000","name":"HEX HEAD BOLT"},{"catalog_number":"X491207100000","name":"HEX HEAD BOLT"},{"catalog_number":"X491206900000","name":"HEX HEAD BOLT"},{"catalog_number":"X491204942000","name":"HEX HEAD BOLT"},{"catalog_number":"X491204701000","name":"HEX HEAD BOLT"},{"catalog_number":"X491200841000","name":"HEX HEAD BOLT"},{"catalog_number":"X491200800000","name":"HEX HEAD BOLT"},{"catalog_number":"X490820300000","name":"SCREW"},{"catalog_number":"X490617900000","name":"SCREW"},{"catalog_number":"X490608100000","name":"SCREW"},{"catalog_number":"X490330800000","name":"HEX HEAD BOLT"},{"catalog_number":"X490330600000","name":"HEX HEAD BOLT"},{"catalog_number":"X490322700000","name":"HEX HEAD BOLT"},{"catalog_number":"X490319200000","name":"HEX HEAD BOLT"},{"catalog_number":"X490318600000","name":"HEX HEAD BOLT"},{"catalog_number":"X490318100000","name":"HEX HEAD BOLT"},{"catalog_number":"X490317842000","name":"HEX HEAD BOLT"},{"catalog_number":"X490317800000","name":"HEX HEAD BOLT"},{"catalog_number":"X490317606000","name":"HEX HEAD BOLT"},{"catalog_number":"X490317406000","name":"HEX HEAD BOLT"},{"catalog_number":"X490316905000","name":"HEX HEAD BOLT"},{"catalog_number":"X490314706000","name":"HEX HEAD BOLT"},{"catalog_number":"X490313605000","name":"HEX HEAD BOLT"},{"catalog_number":"X490313305000","name":"HEX HEAD BOLT"},{"catalog_number":"X490312705000","name":"HEX HEAD BOLT"},{"catalog_number":"X490309501000","name":"HEX HEAD BOLT"},{"catalog_number":"X490309206000","name":"HEX HEAD BOLT"},{"catalog_number":"X490309200000","name":"HEX HEAD BOLT"},{"catalog_number":"X490308906000","name":"HEX HEAD BOLT"},{"catalog_number":"X490307000000","name":"HEX HEAD BOLT"},{"catalog_number":"X490306701000","name":"HEX HEAD BOLT"},{"catalog_number":"X490305800000","name":"HEX HEAD BOLT"},{"catalog_number":"X490305301000","name":"HEX HEAD BOLT"},{"catalog_number":"X490305201000","name":"HEX HEAD BOLT"},{"catalog_number":"X490305005000","name":"HEX HEAD BOLT"},{"catalog_number":"X490304841000","name":"HEX HEAD BOLT"},{"catalog_number":"X490304806000","name":"HEX HEAD BOLT"},{"catalog_number":"X489735605000","name":"STUD BOLT"},{"catalog_number":"X489198500000","name":"STUD BOLT"},{"catalog_number":"X489160805000","name":"STUD BOLT"},{"catalog_number":"X489160005000","name":"STUD BOLT"},{"catalog_number":"X489151400000","name":"STUD BOLT"},{"catalog_number":"X489151000000","name":"STUD BOLT"},{"catalog_number":"X489150701000","name":"STUD BOLT"},{"catalog_number":"X489150700000","name":"STUD BOLT"},{"catalog_number":"X489150505000","name":"STUD BOLT"},{"catalog_number":"X489149200000","name":"STUD BOLT"},{"catalog_number":"X489149006000","name":"STUD BOLT"},{"catalog_number":"X489148900000","name":"STUD BOLT"},{"catalog_number":"X489148406000","name":"STUD BOLT"},{"catalog_number":"X489146700000","name":"STUD BOLT"},{"catalog_number":"X489146506000","name":"STUD BOLT"},{"catalog_number":"X489146100000","name":"STUD BOLT"},{"catalog_number":"X489145906000","name":"STUD BOLT"},{"catalog_number":"X489145700000","name":"STUD BOLT"},{"catalog_number":"X489145206000","name":"STUD BOLT"},{"catalog_number":"X489142506000","name":"STUD BOLT"},{"catalog_number":"X489141701000","name":"STUD BOLT"},{"catalog_number":"X489141506000","name":"STUD BOLT"},{"catalog_number":"X489141406000","name":"STUD BOLT"},{"catalog_number":"X489141305000","name":"STUD BOLT"},{"catalog_number":"X489141106000","name":"STUD BOLT"},{"catalog_number":"X489141105000","name":"STUD BOLT"},{"catalog_number":"X489138200000","name":"STUD BOLT"},{"catalog_number":"X489136601000","name":"STUD BOLT"},{"catalog_number":"X489136400000","name":"SCREW"},{"catalog_number":"X489136201000","name":"STUD BOLT"},{"catalog_number":"X489135905000","name":"STUD BOLT"},{"catalog_number":"X489135805000","name":"STUD BOLT"},{"catalog_number":"X489135605000","name":"STUD BOLT"},{"catalog_number":"X489135405000","name":"STUD BOLT"},{"catalog_number":"X489133905000","name":"STUD BOLT"},{"catalog_number":"X489133101000","name":"STUD BOLT"},{"catalog_number":"X489133100000","name":"STUD BOLT"},{"catalog_number":"X489132905000","name":"STUD BOLT"},{"catalog_number":"X489132605000","name":"STUD BOLT"},{"catalog_number":"X489132201000","name":"STUD BOLT"},{"catalog_number":"X489132005000","name":"STUD BOLT"},{"catalog_number":"X489132000000","name":"STUD BOLT"},{"catalog_number":"X489131906000","name":"STUD BOLT"},{"catalog_number":"X489131905000","name":"STUD BOLT"},{"catalog_number":"X489131705000","name":"STUD BOLT"},{"catalog_number":"X489131506000","name":"STUD BOLT"},{"catalog_number":"X489131505000","name":"STUD BOLT"},{"catalog_number":"X489131500000","name":"STUD BOLT"},{"catalog_number":"X489131305000","name":"STUD BOLT"},{"catalog_number":"X489131302000","name":"STUD BOLT"},{"catalog_number":"X489130313000","name":"STUD BOLT"},{"catalog_number":"X489130312000","name":"STUD BOLT"},{"catalog_number":"X489130309000","name":"STUD BOLT"},{"catalog_number":"X489130308000","name":"STUD BOLT"},{"catalog_number":"X489130305000","name":"STUD BOLT"},{"catalog_number":"X489130302000","name":"STUD BOLT"},{"catalog_number":"X489130000000","name":"STUD BOLT"},{"catalog_number":"X489129906000","name":"STUD BOLT"},{"catalog_number":"X489129501000","name":"STUD BOLT"},{"catalog_number":"X489129500000","name":"STUD BOLT"},{"catalog_number":"X489129101000","name":"STUD BOLT"},{"catalog_number":"X489129100000","name":"STUD BOLT"},{"catalog_number":"X489129001000","name":"STUD BOLT"},{"catalog_number":"X489128806000","name":"STUD BOLT"},{"catalog_number":"X489128705000","name":"STUD BOLT"},{"catalog_number":"X489128605000","name":"STUD BOLT"},{"catalog_number":"X489128600000","name":"STUD BOLT"},{"catalog_number":"X489128500000","name":"STUD BOLT"},{"catalog_number":"X489128306000","name":"STUD BOLT"},{"catalog_number":"X489128305000","name":"STUD BOLT"},{"catalog_number":"X489128205000","name":"STUD BOLT"},{"catalog_number":"X489128106000","name":"STUD BOLT"},{"catalog_number":"X489127905000","name":"STUD BOLT"},{"catalog_number":"X489127900000","name":"STUD BOLT"},{"catalog_number":"X489127806000","name":"STUD BOLT"},{"catalog_number":"X489127800000","name":"STUD BOLT"},{"catalog_number":"X489127780000","name":"STUD BOLT"},{"catalog_number":"X489127702000","name":"STUD BOLT"},{"catalog_number":"X489127700000","name":"STUD BOLT"},{"catalog_number":"X489127100000","name":"STUD BOLT"},{"catalog_number":"X489126505000","name":"STUD BOLT"},{"catalog_number":"X489126306000","name":"STUD BOLT"},{"catalog_number":"X489126100000","name":"STUD BOLT"},{"catalog_number":"X489123200000","name":"STUD BOLT"},{"catalog_number":"X489122900000","name":"STUD BOLT"},{"catalog_number":"X489122100000","name":"STUD BOLT"},{"catalog_number":"X489121400000","name":"STUD BOLT"},{"catalog_number":"X489120700000","name":"STUD BOLT"},{"catalog_number":"X489119301000","name":"STUD BOLT"},{"catalog_number":"X488535505000","name":"STUD BOLT"},{"catalog_number":"X488517401000","name":"STUD BOLT"},{"catalog_number":"X487928001000","name":"HEX HEAD BOLT"},{"catalog_number":"X487727905000","name":"HEX HEAD BOLT"},{"catalog_number":"X487720400000","name":"HEX HEAD BOLT"},{"catalog_number":"X487720300000","name":"HEX HEAD BOLT"},{"catalog_number":"X487620641000","name":"HEX HEAD BOLT"},{"catalog_number":"X487564701000","name":"HEX HEAD BOLT"},{"catalog_number":"X487564605000","name":"HEX HEAD BOLT"},{"catalog_number":"X487560805000","name":"HEX HEAD BOLT"},{"catalog_number":"X487560305000","name":"HEX HEAD BOLT"},{"catalog_number":"X487560105000","name":"HEX HEAD BOLT"},{"catalog_number":"X487559905000","name":"HEX HEAD BOLT"},{"catalog_number":"X487555506000","name":"HEX HEAD BOLT"},{"catalog_number":"X487555306000","name":"HEX HEAD BOLT"},{"catalog_number":"X487555206000","name":"HEX HEAD BOLT"},{"catalog_number":"X487555205000","name":"HEX HEAD BOLT"},{"catalog_number":"X487555200000","name":"HEX HEAD BOLT"},{"catalog_number":"X487555105000","name":"HEX HEAD BOLT"},{"catalog_number":"X487555002000","name":"HEX HEAD BOLT"},{"catalog_number":"X487554905000","name":"HEX HEAD BOLT"},{"catalog_number":"X487554901000","name":"HEX HEAD BOLT"},{"catalog_number":"X487554900000","name":"HEX HEAD BOLT"},{"catalog_number":"X487553502000","name":"HEX HEAD BOLT"},{"catalog_number":"X487551205000","name":"HEX HEAD BOLT"},{"catalog_number":"X487551200000","name":"HEX HEAD BOLT"},{"catalog_number":"X487551100000","name":"HEX HEAD BOLT"},{"catalog_number":"X487551000000","name":"HEX HEAD BOLT"},{"catalog_number":"X487550905000","name":"HEX HEAD BOLT"},{"catalog_number":"X487550700000","name":"HEX HEAD BOLT"},{"catalog_number":"X487550641000","name":"HEX HEAD BOLT"},{"catalog_number":"X487550606000","name":"HEX HEAD BOLT"},{"catalog_number":"X487550505000","name":"HEX HEAD BOLT"},{"catalog_number":"X487550401000","name":"HEX HEAD BOLT"},{"catalog_number":"X487550305000","name":"HEX HEAD BOLT"},{"catalog_number":"X487546405000","name":"HEX HEAD BOLT"},{"catalog_number":"X487546305000","name":"HEX HEAD BOLT"},{"catalog_number":"X487546301000","name":"HEX HEAD BOLT"},{"catalog_number":"X487546206000","name":"HEX HEAD BOLT"},{"catalog_number":"X487546205000","name":"HEX HEAD BOLT"},{"catalog_number":"X487546105000","name":"HEX HEAD BOLT"},{"catalog_number":"X487546100000","name":"HEX HEAD BOLT"},{"catalog_number":"X487545905000","name":"HEX HEAD BOLT"},{"catalog_number":"X487545705000","name":"HEX HEAD BOLT"},{"catalog_number":"X487545605000","name":"HEX HEAD BOLT"},{"catalog_number":"X487545405000","name":"HEX HEAD BOLT"},{"catalog_number":"X487545307000","name":"HEX HEAD BOLT"},{"catalog_number":"X487545305000","name":"HEX HEAD BOLT"},{"catalog_number":"X487545302000","name":"HEX HEAD BOLT"},{"catalog_number":"X487545301000","name":"HEX HEAD BOLT"},{"catalog_number":"X487545300000","name":"HEX HEAD BOLT"},{"catalog_number":"X487545205000","name":"HEX HEAD BOLT"},{"catalog_number":"X487545005000","name":"HEX HEAD BOLT"},{"catalog_number":"X487545000000","name":"HEX HEAD BOLT"},{"catalog_number":"X487542301000","name":"HEX HEAD BOLT"},{"catalog_number":"X487542001000","name":"HEX HEAD BOLT"},{"catalog_number":"X487541806000","name":"HEX HEAD BOLT"},{"catalog_number":"X487541801000","name":"HEX HEAD BOLT"},{"catalog_number":"X487541741000","name":"HEX HEAD BOLT"},{"catalog_number":"X487541505000","name":"HEX HEAD BOLT"},{"catalog_number":"X487541405000","name":"HEX HEAD BOLT"},{"catalog_number":"X487541401000","name":"HEX HEAD BOLT"},{"catalog_number":"X487541305000","name":"HEX HEAD BOLT"},{"catalog_number":"X487541300000","name":"HEX HEAD BOLT"},{"catalog_number":"X487541141000","name":"HEX HEAD BOLT"},{"catalog_number":"X487541106000","name":"HEX HEAD BOLT"},{"catalog_number":"X487541041000","name":"HEX HEAD BOLT"},{"catalog_number":"X487541001000","name":"HEX HEAD BOLT"},{"catalog_number":"X487541000000","name":"HEX HEAD BOLT"},{"catalog_number":"X487540905000","name":"HEX HEAD BOLT"},{"catalog_number":"X487540900000","name":"HEX HEAD BOLT"},{"catalog_number":"X487540805000","name":"HEX HEAD BOLT"},{"catalog_number":"X487540801000","name":"HEX HEAD BOLT"},{"catalog_number":"X487540641000","name":"HEX HEAD BOLT"},{"catalog_number":"X487540605000","name":"HEX HEAD BOLT"},{"catalog_number":"X487540405000","name":"HEX HEAD BOLT"},{"catalog_number":"X487539200000","name":"HEX HEAD BOLT"},{"catalog_number":"X487538305000","name":"HEX HEAD BOLT"},{"catalog_number":"X487538101000","name":"HEX HEAD BOLT"},{"catalog_number":"X487537400000","name":"HEX HEAD BOLT"},{"catalog_number":"X487537305000","name":"HEX HEAD BOLT"},{"catalog_number":"X487536606000","name":"HEX HEAD BOLT"},{"catalog_number":"X487536406000","name":"HEX HEAD BOLT"},{"catalog_number":"X487536306000","name":"HEX HEAD BOLT"},{"catalog_number":"X487536241000","name":"HEX HEAD BOLT"},{"catalog_number":"X487536006000","name":"HEX HEAD BOLT"},{"catalog_number":"X487536005000","name":"HEX HEAD BOLT"},{"catalog_number":"X487536001000","name":"HEX HEAD BOLT"},{"catalog_number":"X487535900000","name":"HEX HEAD BOLT"},{"catalog_number":"X487535841000","name":"HEX HEAD BOLT"},{"catalog_number":"X487535800000","name":"HEX HEAD BOLT"},{"catalog_number":"X487535605000","name":"HEX HEAD BOLT"},{"catalog_number":"X487535506000","name":"HEX HEAD BOLT"},{"catalog_number":"X487535505000","name":"HEX HEAD BOLT"},{"catalog_number":"X487535406000","name":"HEX HEAD BOLT"},{"catalog_number":"X487535400000","name":"HEX HEAD BOLT"},{"catalog_number":"X487535241000","name":"HEX HEAD BOLT"},{"catalog_number":"X487534800000","name":"HEX HEAD BOLT"},{"catalog_number":"X487534641000","name":"HEX HEAD BOLT"},{"catalog_number":"X487534605000","name":"HEX HEAD BOLT"},{"catalog_number":"X487533701000","name":"HEX HEAD BOLT"},{"catalog_number":"X487533600000","name":"HEX HEAD BOLT"},{"catalog_number":"X487533300000","name":"HEX HEAD BOLT"},{"catalog_number":"X487533105000","name":"HEX HEAD BOLT"},{"catalog_number":"X487532805000","name":"HEX HEAD BOLT"},{"catalog_number":"X487532701000","name":"HEX HEAD BOLT"},{"catalog_number":"X487532306000","name":"HEX HEAD BOLT"},{"catalog_number":"X487532106000","name":"HEX HEAD BOLT"},{"catalog_number":"X487532006000","name":"HEX HEAD BOLT"},{"catalog_number":"X487531805000","name":"HEX HEAD BOLT"},{"catalog_number":"X487531800000","name":"HEX HEAD BOLT"},{"catalog_number":"X487531706000","name":"HEX HEAD BOLT"},{"catalog_number":"X487531701000","name":"HEX HEAD BOLT"},{"catalog_number":"X487531606000","name":"HEX HEAD BOLT"},{"catalog_number":"X487531605000","name":"HEX HEAD BOLT"},{"catalog_number":"X487531600000","name":"HEX HEAD BOLT"},{"catalog_number":"X487531405000","name":"HEX HEAD BOLT"},{"catalog_number":"X487531005000","name":"HEX HEAD BOLT"},{"catalog_number":"X487530701000","name":"HEX HEAD BOLT"},{"catalog_number":"X487529700000","name":"HEX HEAD BOLT"},{"catalog_number":"X487529505000","name":"HEX HEAD BOLT"},{"catalog_number":"X487529200000","name":"HEX HEAD BOLT"},{"catalog_number":"X487529105000","name":"HEX HEAD BOLT"},{"catalog_number":"X487528701000","name":"HEX HEAD BOLT"},{"catalog_number":"X487528600000","name":"HEX HEAD BOLT"},{"catalog_number":"X487528505000","name":"HEX HEAD BOLT"},{"catalog_number":"X487528500000","name":"HEX HEAD BOLT"},{"catalog_number":"X487528400000","name":"HEX HEAD BOLT"},{"catalog_number":"X487528305000","name":"HEX HEAD BOLT"},{"catalog_number":"X487528301000","name":"HEX HEAD BOLT"},{"catalog_number":"X487528201000","name":"HEX HEAD BOLT"},{"catalog_number":"X487528106000","name":"HEX HEAD BOLT"},{"catalog_number":"X487527906000","name":"HEX HEAD BOLT"},{"catalog_number":"X487527901000","name":"HEX HEAD BOLT"},{"catalog_number":"X487527806000","name":"HEX HEAD BOLT"},{"catalog_number":"X487527706000","name":"HEX HEAD BOLT"},{"catalog_number":"X487527700000","name":"HEX HEAD BOLT"},{"catalog_number":"X487527600000","name":"HEX HEAD BOLT"},{"catalog_number":"X487526905000","name":"HEX HEAD BOLT"},{"catalog_number":"X487526802000","name":"HEX HEAD BOLT"},{"catalog_number":"X487526801000","name":"HEX HEAD BOLT"},{"catalog_number":"X487522700000","name":"HEX HEAD BOLT"},{"catalog_number":"X487522500000","name":"HEX HEAD BOLT"},{"catalog_number":"X487522105000","name":"HEX HEAD BOLT"},{"catalog_number":"X487521600000","name":"HEX HEAD BOLT"},{"catalog_number":"X487521500000","name":"HEX HEAD BOLT"},{"catalog_number":"X487521300000","name":"HEX HEAD BOLT"},{"catalog_number":"X487521200000","name":"HEX HEAD BOLT"},{"catalog_number":"X487520900000","name":"HEX HEAD BOLT"},{"catalog_number":"X487520241000","name":"HEX HEAD BOLT"},{"catalog_number":"X487520005000","name":"HEX HEAD BOLT"},{"catalog_number":"X487517505000","name":"HEX HEAD BOLT"},{"catalog_number":"X487517341000","name":"HEX HEAD BOLT"},{"catalog_number":"X487517141000","name":"HEX HEAD BOLT"},{"catalog_number":"X487517005000","name":"HEX HEAD BOLT"},{"catalog_number":"X487516805000","name":"HEX HEAD BOLT"},{"catalog_number":"X487514741000","name":"HEX HEAD BOLT"},{"catalog_number":"X487514000000","name":"HEX HEAD BOLT"},{"catalog_number":"X487513905000","name":"HEX HEAD BOLT"},{"catalog_number":"X487513705000","name":"HEX HEAD BOLT"},{"catalog_number":"X487413000000","name":"HEX HEAD BOLT"},{"catalog_number":"X486565700000","name":"HEX HEAD BOLT"},{"catalog_number":"X486565400000","name":"HEX HEAD BOLT"},{"catalog_number":"X486564905000","name":"HEX HEAD BOLT"},{"catalog_number":"X486564900000","name":"HEX HEAD BOLT"},{"catalog_number":"X486561305000","name":"HEX HEAD BOLT"},{"catalog_number":"X486561106000","name":"HEX HEAD BOLT"},{"catalog_number":"X486561105000","name":"HEX HEAD BOLT"},{"catalog_number":"X486560901000","name":"HEX HEAD BOLT"},{"catalog_number":"X486560900000","name":"HEX HEAD BOLT"},{"catalog_number":"X486557700000","name":"HEX HEAD BOLT"},{"catalog_number":"X486557100000","name":"HEX HEAD BOLT"},{"catalog_number":"X486557000000","name":"HEX HEAD BOLT"},{"catalog_number":"X486556801000","name":"HEX HEAD BOLT"},{"catalog_number":"X486556800000","name":"HEX HEAD BOLT"},{"catalog_number":"X486556500000","name":"HEX HEAD BOLT"},{"catalog_number":"X486556301000","name":"HEX HEAD BOLT"},{"catalog_number":"X486556300000","name":"HEX HEAD BOLT"},{"catalog_number":"X486556200000","name":"HEX HEAD BOLT"},{"catalog_number":"X486556101000","name":"HEX HEAD BOLT"},{"catalog_number":"X486555505000","name":"HEX HEAD BOLT"},{"catalog_number":"X486555501000","name":"HEX HEAD BOLT"},{"catalog_number":"X486555500000","name":"HEX HEAD BOLT"},{"catalog_number":"X486555401000","name":"HEX HEAD BOLT"},{"catalog_number":"X486555301000","name":"HEX HEAD BOLT"},{"catalog_number":"X486555200000","name":"HEX HEAD BOLT"},{"catalog_number":"X486552305000","name":"HEX HEAD BOLT"},{"catalog_number":"X486552205000","name":"HEX HEAD BOLT"},{"catalog_number":"X486552000000","name":"HEX HEAD BOLT"},{"catalog_number":"X486551905000","name":"HEX HEAD BOLT"},{"catalog_number":"X486551700000","name":"HEX HEAD BOLT"},{"catalog_number":"X486551605000","name":"HEX HEAD BOLT"},{"catalog_number":"X486551600000","name":"HEX HEAD BOLT"},{"catalog_number":"X486551505000","name":"HEX HEAD BOLT"},{"catalog_number":"X486551405000","name":"HEX HEAD BOLT"},{"catalog_number":"X486551105000","name":"HEX HEAD BOLT"},{"catalog_number":"X486551100000","name":"HEX HEAD BOLT"},{"catalog_number":"H835300160010","name":"BOOST PIPE"},{"catalog_number":"H835300150020","name":"RETAINER"},{"catalog_number":"H835300150010","name":"RETAINER"},{"catalog_number":"H835300130110","name":"RETAINER"},{"catalog_number":"H835300130070","name":"BOOST PIPE"},{"catalog_number":"H835300130060","name":"BOOST PIPE"},{"catalog_number":"H835300130030","name":"PRESSURE HOSE"},{"catalog_number":"H835300130020","name":"PRESSURE HOSE"},{"catalog_number":"H835300130010","name":"PRESSURE HOSE"},{"catalog_number":"H835300110013","name":"RETAINING FRAME"},{"catalog_number":"H835300080110","name":"SHIELD PIPE"},{"catalog_number":"H835300080050","name":"DRIVE SHAFT"},{"catalog_number":"H835300020020","name":"SHROUD PANEL"},{"catalog_number":"H835300020010","name":"SHROUD PANEL"},{"catalog_number":"H835201110140","name":"TANK"},{"catalog_number":"H835201110081","name":"BAND CLAMP"},{"catalog_number":"H835201110060","name":"RETAINING FRAME"},{"catalog_number":"H835201110051","name":"CARRIER PLATE"},{"catalog_number":"H835201100150","name":"COVER PANEL"},{"catalog_number":"H835201100140","name":"RETAINER"},{"catalog_number":"H835201100130","name":"COVER PANEL"},{"catalog_number":"H835201100110","name":"RETAINER"},{"catalog_number":"H835201100080","name":"TRIM PANEL"},{"catalog_number":"H835201100070","name":"TRIM PANEL"},{"catalog_number":"H835201100060","name":"SCREEEN SHIELD"},{"catalog_number":"H835201100011","name":"EXHAUST PIPE"},{"catalog_number":"H835201090230","name":"SCREEEN SHIELD"},{"catalog_number":"H835201090191","name":"BAFFLE"},{"catalog_number":"H835201090180","name":"BAFFLE"},{"catalog_number":"H835201090160","name":"BAFFLE"},{"catalog_number":"H835201090124","name":"RETAINING PLATE"},{"catalog_number":"H835201090012","name":"BARRIER WALL"},{"catalog_number":"H835201060080","name":"ANGLE"},{"catalog_number":"H835201060061","name":"THREAD BOLT"},{"catalog_number":"H835201060050","name":"BAND CLAMP"},{"catalog_number":"H835201060040","name":"SUPPORT"},{"catalog_number":"H835201060032","name":"TANK SUPPORT"},{"catalog_number":"H835201060030","name":"TANK SUPPORT"},{"catalog_number":"H835201050160","name":"SUPPORT PLATE"},{"catalog_number":"H835201050111","name":"SUPPORT PLATE"},{"catalog_number":"H835201050101","name":"RADIATOR"},{"catalog_number":"H835201050080","name":"BEAM PLATE"},{"catalog_number":"H835201050070","name":"BEAM PLATE"},{"catalog_number":"H835201050040","name":"MOLDED PIECE"},{"catalog_number":"H835201050020","name":"CONSOLE"},{"catalog_number":"H835201010101","name":"ENGINE MOUNT"},{"catalog_number":"H835201010020","name":"RETAINER"},{"catalog_number":"H835200730132","name":"HOSE"},{"catalog_number":"H835200730110","name":"HOSE"},{"catalog_number":"H835200720320","name":"PIPE"},{"catalog_number":"H835200720300","name":"PIPE"},{"catalog_number":"H835200720290","name":"PIPE"},{"catalog_number":"H835200720280","name":"PIPE"},{"catalog_number":"H835200720270","name":"PIPE"},{"catalog_number":"H835200720260","name":"PIPE"},{"catalog_number":"H835200720250","name":"PIPE"},{"catalog_number":"H835200720241","name":"RETAINER"},{"catalog_number":"H835200700140","name":"BOOST PIPE"},{"catalog_number":"H835200700130","name":"BOOST PIPE"},{"catalog_number":"H835200700080","name":"RETAINER"},{"catalog_number":"H835200700010","name":"BOOST PIPE"},{"catalog_number":"H835200190111","name":"COOLER"},{"catalog_number":"H835200170010","name":"HOSE"},{"catalog_number":"H835200090400","name":"FILTER CARTRIDGE"},{"catalog_number":"H835151723130","name":"PRESSURE HOSE"},{"catalog_number":"H835151723120","name":"PRESSURE HOSE"},{"catalog_number":"H835151723100","name":"PRESSURE HOSE"},{"catalog_number":"H835151722150","name":"BOOST PIPE"},{"catalog_number":"H835151722120","name":"BOOST PIPE"},{"catalog_number":"H835151722110","name":"BOOST PIPE"},{"catalog_number":"H835151721170","name":"BOOST PIPE"},{"catalog_number":"H835151721120","name":"PRESSURE HOSE"},{"catalog_number":"H835151721110","name":"PRESSURE HOSE"},{"catalog_number":"H835151721101","name":"PRESSURE HOSE"},{"catalog_number":"H835151720250","name":"RETURN PIPE"},{"catalog_number":"H835151720240","name":"RETURN PIPE"},{"catalog_number":"H835151720210","name":"BOOST PIPE"},{"catalog_number":"H835151720200","name":"BOOST PIPE"},{"catalog_number":"H835151720190","name":"BOOST PIPE"},{"catalog_number":"H835151720180","name":"BOOST PIPE"},{"catalog_number":"H835151720170","name":"BOOST PIPE"},{"catalog_number":"H835151720160","name":"BOOST PIPE"},{"catalog_number":"H835151720150","name":"BOOST PIPE"},{"catalog_number":"H835151720120","name":"BOOST PIPE"},{"catalog_number":"H835151720110","name":"BOOST PIPE"},{"catalog_number":"H835151720100","name":"BOOST PIPE"},{"catalog_number":"H835151070033","name":"PEDAL"},{"catalog_number":"H835151070023","name":"PEDAL"},{"catalog_number":"H835151070012","name":"BEARING"},{"catalog_number":"H835150741150","name":"PRESSURE HOSE"},{"catalog_number":"H835150741140","name":"PRESSURE HOSE"},{"catalog_number":"H835150741130","name":"PRESSURE HOSE"},{"catalog_number":"H835150740510","name":"RETAINER"},{"catalog_number":"H835150740500","name":"RETAINER"},{"catalog_number":"H835150740170","name":"HOSE"},{"catalog_number":"H835150740160","name":"HOSE"},{"catalog_number":"H835150740150","name":"RETURN PIPE"},{"catalog_number":"H835150740140","name":"BOOST PIPE"},{"catalog_number":"H835150740130","name":"BOOST PIPE"},{"catalog_number":"H835150740070","name":"BOOST PIPE"},{"catalog_number":"H835150740060","name":"RETURN PIPE"},{"catalog_number":"H835150740050","name":"BOOST PIPE"},{"catalog_number":"H835150740032","name":"BOOST PIPE"},{"catalog_number":"H835150740022","name":"BOOST PIPE"},{"catalog_number":"H835150740010","name":"BOOST PIPE"},{"catalog_number":"H835150721180","name":"BOOST PIPE"},{"catalog_number":"H835150721170","name":"BOOST PIPE"},{"catalog_number":"H835150721140","name":"PRESSURE HOSE"},{"catalog_number":"H835150721130","name":"PRESSURE HOSE"},{"catalog_number":"H835150721120","name":"PRESSURE HOSE"},{"catalog_number":"H835150721110","name":"PRESSURE HOSE"},{"catalog_number":"H835150721101","name":"PRESSURE HOSE"},{"catalog_number":"H835150720990","name":"BOOST PIPE"},{"catalog_number":"H835150720900","name":"RETURN PIPE"}]}