{"machinery_brand_name":"Ag-Chem","parts":[{"catalog_number":"842201050020","name":"PRESSURE HOSE"},{"catalog_number":"842201041070","name":"HOLDER"},{"catalog_number":"842201041061","name":"HOSE"},{"catalog_number":"842201041060","name":"HOSE"},{"catalog_number":"842201041030","name":"FLANGE"},{"catalog_number":"842201041021","name":"FAN COVER"},{"catalog_number":"842201041011","name":"FAN COVER"},{"catalog_number":"842201010950","name":"SCREENING PLATE"},{"catalog_number":"842201010100","name":"HOSE"},{"catalog_number":"842201010010","name":"HOLDER"},{"catalog_number":"842200720120","name":"YOKE"},{"catalog_number":"842200720090","name":"HOLDER"},{"catalog_number":"842200190040","name":"CONN. FLANGE"},{"catalog_number":"842200190020","name":"HOSE"},{"catalog_number":"842200110040","name":"TUBE"},{"catalog_number":"842200110020","name":"HOLDER"},{"catalog_number":"842150720010","name":"CRUISE PLATE"},{"catalog_number":"842150200100","name":"DRIVE SHAFT"},{"catalog_number":"842150150360","name":"SEAL"},{"catalog_number":"842150150350","name":"O RING"},{"catalog_number":"842150150300","name":"BUSH"},{"catalog_number":"842150150151","name":"REAR AXLE SHAFT"},{"catalog_number":"842100510220","name":"BUSH"},{"catalog_number":"842100050011","name":"HOUSING"},{"catalog_number":"842021020178","name":"OWNER'S MANUAL"},{"catalog_number":"842021020176","name":"OWNER'S MANUAL"},{"catalog_number":"842021020028","name":"OWNER'S MANUAL"},{"catalog_number":"842021010176","name":"OWNER'S MANUAL"},{"catalog_number":"842021010166","name":"OWNER'S MANUAL"},{"catalog_number":"842021010026","name":"OWNER'S MANUAL"},{"catalog_number":"842020010276","name":"OWNER'S MANUAL"},{"catalog_number":"842020010266","name":"OWNER'S MANUAL"},{"catalog_number":"842020010256","name":"OWNER'S MANUAL"},{"catalog_number":"842020010246","name":"OWNER'S MANUAL"},{"catalog_number":"842020010236","name":"OWNER'S MANUAL"},{"catalog_number":"842020010216","name":"OWNER'S MANUAL"},{"catalog_number":"842020010196","name":"OWNER'S MANUAL"},{"catalog_number":"842020010186","name":"OWNER'S MANUAL"},{"catalog_number":"842020010176","name":"OWNER'S MANUAL"},{"catalog_number":"842020010156","name":"OWNER'S MANUAL"},{"catalog_number":"842020010146","name":"OWNER'S MANUAL"},{"catalog_number":"842020010136","name":"OWNER'S MANUAL"},{"catalog_number":"842020010126","name":"OWNER'S MANUAL"},{"catalog_number":"842020010116","name":"OWNER'S MANUAL"},{"catalog_number":"842020010106","name":"OWNER'S MANUAL"},{"catalog_number":"842020010096","name":"OWNER'S MANUAL"},{"catalog_number":"842020010086","name":"OWNER'S MANUAL"},{"catalog_number":"842020010076","name":"OWNER'S MANUAL"},{"catalog_number":"842020010066","name":"OWNER'S MANUAL"},{"catalog_number":"842020010056","name":"OWNER'S MANUAL"},{"catalog_number":"842020010046","name":"OWNER'S MANUAL"},{"catalog_number":"842020010036","name":"OWNER'S MANUAL"},{"catalog_number":"842020010026","name":"OWNER'S MANUAL"},{"catalog_number":"842020010016","name":"OWNER'S MANUAL"},{"catalog_number":"842020010006","name":"OWNER'S MANUAL"},{"catalog_number":"836200090011","name":"AIR INTAKE HOSE"},{"catalog_number":"835970210020","name":"ELECTRICAL PLUG"},{"catalog_number":"835970190300","name":"BASEPLATE"},{"catalog_number":"835970030011","name":"RETAINER"},{"catalog_number":"835970010130","name":"SLIDING BLOCK"},{"catalog_number":"835970010101","name":"BRACKET"},{"catalog_number":"835960640010","name":"RETAINER"},{"catalog_number":"835960620013","name":"HOSE"},{"catalog_number":"835960610112","name":"RETAINER"},{"catalog_number":"835960610060","name":"RETAINER"},{"catalog_number":"835960610050","name":"SHROUD PANEL"},{"catalog_number":"835960610040","name":"SHROUD PANEL"},{"catalog_number":"835960141031","name":"RETURN PIPE"},{"catalog_number":"835960141021","name":"RETAINER"},{"catalog_number":"835960141011","name":"HOSE"},{"catalog_number":"835960140020","name":"COUPLING HOUSING"},{"catalog_number":"835960140010","name":"COUPLING HOUSING"},{"catalog_number":"835960110020","name":"RETAINER"},{"catalog_number":"835960110010","name":"RETAINER"},{"catalog_number":"835960100050","name":"RETAINER"},{"catalog_number":"835960100030","name":"CLAMP"},{"catalog_number":"835960100020","name":"RETAINER"},{"catalog_number":"835960100010","name":"RETAINER"},{"catalog_number":"835960030010","name":"SCREENING PLATE"},{"catalog_number":"835960025080","name":"RETAINER"},{"catalog_number":"835960025010","name":"BUSH"},{"catalog_number":"835950903201","name":"FLANGE"},{"catalog_number":"835950902201","name":"FLANGE"},{"catalog_number":"835950902090","name":"RETAINER"},{"catalog_number":"835950902060","name":"HOSE"},{"catalog_number":"835950902050","name":"HOSE"},{"catalog_number":"835950902020","name":"SCREW PLATE"},{"catalog_number":"835950901114","name":"FLANGE"},{"catalog_number":"835950901113","name":"FLANGE"},{"catalog_number":"835950900220","name":"SUCTION FLANGE"},{"catalog_number":"835950900080","name":"RETAINER"},{"catalog_number":"835950900053","name":"HOSE"},{"catalog_number":"835950900033","name":"HOSE"},{"catalog_number":"835950900012","name":"SUCTION HOSE"},{"catalog_number":"835950400021","name":"HOSE"},{"catalog_number":"835950340020","name":"COUNTER PLATE"},{"catalog_number":"835950340012","name":"HOSE"},{"catalog_number":"835950030120","name":"RETAINER"},{"catalog_number":"835950030030","name":"RETAINER"},{"catalog_number":"835950030020","name":"RETAINER"},{"catalog_number":"835950030010","name":"RETAINER"},{"catalog_number":"835950010540","name":"T-FITTING"},{"catalog_number":"835950010531","name":"HOSE"},{"catalog_number":"835950010520","name":"RETURN HOSE"},{"catalog_number":"835950010510","name":"RETURN HOSE"},{"catalog_number":"835950010200","name":"CLIP"},{"catalog_number":"835950010120","name":"T-FITTING"},{"catalog_number":"835950010103","name":"HOSE"},{"catalog_number":"835950010030","name":"RETAINER"},{"catalog_number":"835950010022","name":"HOSE"},{"catalog_number":"835950010010","name":"RETAINER"},{"catalog_number":"835921010021","name":"FRAME"},{"catalog_number":"835920101010","name":"ANGLE"},{"catalog_number":"835920033130","name":"CLAMP"},{"catalog_number":"835920033120","name":"RETAINER"},{"catalog_number":"835920033100","name":"CROSS UNION"},{"catalog_number":"835920010350","name":"PLATE"},{"catalog_number":"835920010100","name":"PLATE LINK"},{"catalog_number":"835920010030","name":"SLEEVE"},{"catalog_number":"835920010020","name":"BOLT"},{"catalog_number":"835900240010","name":"RETAINER"},{"catalog_number":"835900230020","name":"RETAINER"},{"catalog_number":"835900230011","name":"RETAINER"},{"catalog_number":"835900220010","name":"RETAINER"},{"catalog_number":"835900050060","name":"COVER"},{"catalog_number":"835900050051","name":"RETAINER"},{"catalog_number":"835900040400","name":"FLANGE BUSHING"},{"catalog_number":"835900040390","name":"ANGLE"},{"catalog_number":"835900040371","name":"DECAL"},{"catalog_number":"835900040361","name":"DECAL"},{"catalog_number":"835900040322","name":"DECAL"},{"catalog_number":"835900040281","name":"ANGLE"},{"catalog_number":"835900040270","name":"RETAINER"},{"catalog_number":"835900040262","name":"RETAINER"},{"catalog_number":"835900040220","name":"RETAINER"},{"catalog_number":"835900040211","name":"ANGLE"},{"catalog_number":"835900040151","name":"COVER"},{"catalog_number":"835900040114","name":"HARNESS CONDUIT"},{"catalog_number":"835900020031","name":"ANGLE"},{"catalog_number":"835900020021","name":"HEADLIGHT BONNET"},{"catalog_number":"835900020011","name":"HEADLIGHT BONNET"},{"catalog_number":"835890580310","name":"PLATE"},{"catalog_number":"835890580300","name":"COMPRESS. SPRING"},{"catalog_number":"835890580290","name":"DISC"},{"catalog_number":"835890580270","name":"SLEEVE"},{"catalog_number":"835890010150","name":"BOLT"},{"catalog_number":"835890010140","name":"BOLT"},{"catalog_number":"835880140011","name":"RETAINER"},{"catalog_number":"835880122020","name":"RETAINER"},{"catalog_number":"835880122010","name":"RETAINER"},{"catalog_number":"835880121010","name":"RETAINER"},{"catalog_number":"835880120040","name":"GUARD"},{"catalog_number":"835880120030","name":"GUARD"},{"catalog_number":"835880120020","name":"RETAINER"},{"catalog_number":"835880100040","name":"RETAINER"},{"catalog_number":"835880100020","name":"RETAINER"},{"catalog_number":"835880091010","name":"RETAINER"},{"catalog_number":"835880080040","name":"RETAINER"},{"catalog_number":"835880030010","name":"INTAKE MANIFOLD"},{"catalog_number":"835880020130","name":"BRAKE LINE"},{"catalog_number":"835880020060","name":"NOZZLE"},{"catalog_number":"835880020040","name":"BRAKE LINE"},{"catalog_number":"835880020020","name":"BRAKE LINE"},{"catalog_number":"835870050010","name":"CARRIER"},{"catalog_number":"835870041020","name":"BOLT"},{"catalog_number":"835870030150","name":"BOLT"},{"catalog_number":"835870030010","name":"SHUTTER"},{"catalog_number":"835860061020","name":"COVER PANEL"},{"catalog_number":"835860061010","name":"NOZZLE"},{"catalog_number":"835860030080","name":"BOLT"},{"catalog_number":"835860030010","name":"LIFT ARM"},{"catalog_number":"835810100230","name":"BEARING CUP"},{"catalog_number":"835810100220","name":"BALL JOINT HEAD"},{"catalog_number":"835810100210","name":"BASE"},{"catalog_number":"835810100120","name":"RETAINER"},{"catalog_number":"835810100110","name":"RETAINER"},{"catalog_number":"835810100100","name":"RAIL"},{"catalog_number":"835810090030","name":"LETTERING"},{"catalog_number":"835810020240","name":"LOCK PLATE"},{"catalog_number":"835810020180","name":"HANDLE RECESS"},{"catalog_number":"835810020133","name":"FRAME PART"},{"catalog_number":"835810020132","name":"FRAME PART"},{"catalog_number":"835810020121","name":"ROOF HATCH TRIM"},{"catalog_number":"835810020120","name":"ROOF HATCH TRIM"},{"catalog_number":"835810020101","name":"ROOF HATCH"},{"catalog_number":"835700040740","name":"SPLASH SHIELD"},{"catalog_number":"835700040730","name":"SPLASH SHIELD"},{"catalog_number":"835700040720","name":"SPLASH SHIELD"},{"catalog_number":"835700040710","name":"SPLASH SHIELD"},{"catalog_number":"835550060022","name":"SHEET METAL"},{"catalog_number":"835550030120","name":"RETAINER"},{"catalog_number":"835501160520","name":"BRACE"},{"catalog_number":"835501160510","name":"BRACE"},{"catalog_number":"835501110020","name":"COVER"},{"catalog_number":"835501110010","name":"BRACE"},{"catalog_number":"835500422960","name":"DAMPENING PLATE"},{"catalog_number":"835500422930","name":"DAMPENING PLATE"},{"catalog_number":"835500422890","name":"DAMPENING PLATE"},{"catalog_number":"835500200610","name":"SEAL"},{"catalog_number":"835500200060","name":"BUSH"},{"catalog_number":"835500200052","name":"MOUNTING BRACKET"},{"catalog_number":"835500200012","name":"BRACKET"},{"catalog_number":"835500172560","name":"PLATE LINK"},{"catalog_number":"835500172551","name":"HOLDER"},{"catalog_number":"835500172461","name":"RETAINER"},{"catalog_number":"835500172430","name":"SPLASH SHIELD"},{"catalog_number":"835500172400","name":"SPLASH SHIELD"},{"catalog_number":"835500172200","name":"RETNG. BRCKT"},{"catalog_number":"835500172110","name":"RETAINER"},{"catalog_number":"835500172100","name":"RETAINER"},{"catalog_number":"835500172050","name":"COVER"},{"catalog_number":"835500164050","name":"POLE BRACE"},{"catalog_number":"835500162020","name":"BLANK HOLDER"},{"catalog_number":"835500162010","name":"SPACER PART"},{"catalog_number":"835500160030","name":"RETAINER"},{"catalog_number":"835500160010","name":"PLATE"},{"catalog_number":"835500110720","name":"SHEET METAL"},{"catalog_number":"835500110710","name":"SHEET METAL"},{"catalog_number":"835500110550","name":"COVER"},{"catalog_number":"835500110540","name":"COVER"},{"catalog_number":"835500110350","name":"LEAF SPRING"},{"catalog_number":"835500110290","name":"BRACE"},{"catalog_number":"835500110280","name":"BRACE"},{"catalog_number":"835500110230","name":"SHROUD PANEL"},{"catalog_number":"835500060620","name":"STOP"},{"catalog_number":"835500060610","name":"STOP"},{"catalog_number":"835500060600","name":"STOP"},{"catalog_number":"835500060530","name":"SLIDE RAIL"},{"catalog_number":"835500060520","name":"SLIDE RAIL"},{"catalog_number":"835500060360","name":"TYPE PLATE"},{"catalog_number":"835500040060","name":"UNIT MOUNT"},{"catalog_number":"835500020950","name":"SIDE PANEL"},{"catalog_number":"835500020940","name":"SIDE PANEL"},{"catalog_number":"835500020930","name":"FRONT PANEL"},{"catalog_number":"835500020920","name":"UPPER PART"},{"catalog_number":"835500020830","name":"SPRING"},{"catalog_number":"835500020820","name":"SLEEVE"},{"catalog_number":"835500020650","name":"SLIDING MEMBER"},{"catalog_number":"835500020640","name":"SLIDING MEMBER"},{"catalog_number":"835500020620","name":"STIFFENING PLATE"},{"catalog_number":"835500020610","name":"STIFFENING PLATE"},{"catalog_number":"835500020590","name":"SIDE GRATING"},{"catalog_number":"835500020580","name":"SIDE GRATING"},{"catalog_number":"835500020570","name":"MESH PANEL"},{"catalog_number":"835500020560","name":"MESH PANEL"},{"catalog_number":"835500020550","name":"MESH PANEL"},{"catalog_number":"835500020490","name":"MESH PANEL"},{"catalog_number":"835500020460","name":"ANGLE"},{"catalog_number":"835500020450","name":"STIFFENING"},{"catalog_number":"835500020440","name":"MESH PANEL"},{"catalog_number":"835500020431","name":"SIDE COVERING"},{"catalog_number":"835500020430","name":"SIDE COVERING"},{"catalog_number":"835500020421","name":"LOWER PART"},{"catalog_number":"835500020410","name":"MESH PANEL"},{"catalog_number":"835500020402","name":"SIDE PANEL"},{"catalog_number":"835500020390","name":"MESH PANEL"},{"catalog_number":"835500020370","name":"GUIDE PIECE"},{"catalog_number":"835500020360","name":"ANGLE"},{"catalog_number":"835500020350","name":"STIFFENING"},{"catalog_number":"835500020340","name":"MESH PANEL"},{"catalog_number":"835500020331","name":"SIDE COVERING"},{"catalog_number":"835500020321","name":"LOWER PART"},{"catalog_number":"835500020310","name":"MESH PANEL"},{"catalog_number":"835500020302","name":"SIDE PANEL"},{"catalog_number":"835500020290","name":"ACTUATING ROD"},{"catalog_number":"835500020280","name":"MOUNTING BRACKET"},{"catalog_number":"835500020270","name":"MOUNTING BRACKET"},{"catalog_number":"835500020240","name":"SIDE GRATING"},{"catalog_number":"835500020230","name":"SIDE GRATING"},{"catalog_number":"835500020220","name":"MESH PANEL"},{"catalog_number":"835500020210","name":"MESH PANEL"},{"catalog_number":"835500020200","name":"MESH PANEL"},{"catalog_number":"835500020160","name":"CONNECTION PLATE"},{"catalog_number":"835500020150","name":"RETNG SHT METAL"},{"catalog_number":"835500020120","name":"LOCKING PIN"},{"catalog_number":"835500020110","name":"BRACKET"},{"catalog_number":"835500020100","name":"BRACKET"},{"catalog_number":"835500020070","name":"SEAL RETAINER"},{"catalog_number":"835500020060","name":"SEALING PLATE"},{"catalog_number":"835500020050","name":"SEALING PLATE"},{"catalog_number":"835500020041","name":"SIDE PANEL"},{"catalog_number":"835500020031","name":"SIDE PANEL"},{"catalog_number":"835500020020","name":"FRONT PANEL"},{"catalog_number":"835500020010","name":"UPPER PART"},{"catalog_number":"835500012620","name":"COVER"},{"catalog_number":"835500012610","name":"RETAINER"},{"catalog_number":"835500012151","name":"COVER PANEL"},{"catalog_number":"835500012110","name":"TRIM PANEL"},{"catalog_number":"835500012101","name":"PLATE"},{"catalog_number":"835500012090","name":"SEAL"},{"catalog_number":"835500012081","name":"PISTON"},{"catalog_number":"835500012071","name":"PISTON"},{"catalog_number":"835500012051","name":"RETNG SHT METAL"},{"catalog_number":"835500012030","name":"OUTER RING"},{"catalog_number":"835500012020","name":"INNER RING"},{"catalog_number":"835500012011","name":"BRACE"},{"catalog_number":"835500012010","name":"BRACE"},{"catalog_number":"835500010030","name":"COVER"},{"catalog_number":"835500010020","name":"RETAINER"},{"catalog_number":"835400130060","name":"RETAINER"},{"catalog_number":"835400130050","name":"SHROUD PANEL"},{"catalog_number":"835400130020","name":"RETAINER"},{"catalog_number":"835300171050","name":"STIFFENING"},{"catalog_number":"835300171020","name":"FRONT PANEL"},{"catalog_number":"835300171012","name":"FRAME"},{"catalog_number":"835300160110","name":"CROSS UNION"},{"catalog_number":"835300160100","name":"T-FITTING"},{"catalog_number":"835300160021","name":"CLAMP"},{"catalog_number":"835300160020","name":"CLAMP"},{"catalog_number":"835300130050","name":"RETAINER"},{"catalog_number":"835300130010","name":"RETAINER"},{"catalog_number":"835300110141","name":"RING"},{"catalog_number":"835300080510","name":"PROTECT FUNNEL"},{"catalog_number":"835300080500","name":"PROTECT FUNNEL"},{"catalog_number":"835300080410","name":"INTERM. FLANGE"},{"catalog_number":"835300080110","name":"RING"},{"catalog_number":"835300050430","name":"GUARD"},{"catalog_number":"835300050250","name":"PLUG BUSH"},{"catalog_number":"835300050082","name":"SEALING RING"},{"catalog_number":"835300050060","name":"THRUST RING"},{"catalog_number":"835300050040","name":"PLAIN BEARING"},{"catalog_number":"835300050020","name":"SCREW"},{"catalog_number":"835201110311","name":"RETAINER"},{"catalog_number":"835201110080","name":"ANGLE"},{"catalog_number":"835201100140","name":"GUARD GRID"},{"catalog_number":"835201100110","name":"COVER PANEL"},{"catalog_number":"835201100090","name":"RBR. FACE PLATE"},{"catalog_number":"835201100040","name":"EXHAUST PIPE"},{"catalog_number":"835201100030","name":"NAMEPLATE"},{"catalog_number":"835201100011","name":"INTERM. PIECE"},{"catalog_number":"835201090230","name":"SEAL STRIP"},{"catalog_number":"835201090210","name":"SHIELD"},{"catalog_number":"835201090170","name":"SEAL STRIP"},{"catalog_number":"835201090070","name":"SEAL STRIP"},{"catalog_number":"835201090050","name":"PROFILE SEAL"},{"catalog_number":"835201090040","name":"SEAL STRIP"},{"catalog_number":"835201090030","name":"NAMEPLATE"},{"catalog_number":"835201090012","name":"AIR INTAKE HOSE"},{"catalog_number":"835201060050","name":"TUBE"},{"catalog_number":"835201060030","name":"ANGLE"},{"catalog_number":"835201060010","name":"PROTECTON BONNET"},{"catalog_number":"835201050160","name":"TANK BRACKET"},{"catalog_number":"835201050150","name":"COVER PANEL"},{"catalog_number":"835201050140","name":"BUSH"},{"catalog_number":"835201050120","name":"COVER PANEL"},{"catalog_number":"835201050080","name":"PROFILE SEAL"},{"catalog_number":"835201050071","name":"PROFILE SEAL"},{"catalog_number":"835201050021","name":"PRESSURE HOSE"},{"catalog_number":"835201050010","name":"FAN COVER"},{"catalog_number":"835201040020","name":"SUPPORT BRACE"},{"catalog_number":"835201010070","name":"PIPE"},{"catalog_number":"835201010061","name":"HOSE ARCH"},{"catalog_number":"835201010030","name":"PIPE"},{"catalog_number":"835201010010","name":"ENGINE MOUNT"},{"catalog_number":"835200720341","name":"HOSE"},{"catalog_number":"835200720320","name":"PIPE"},{"catalog_number":"835200720310","name":"PIPE"},{"catalog_number":"835200720300","name":"HOSE ARCH"},{"catalog_number":"835200720220","name":"PIPE"},{"catalog_number":"835200720210","name":"PIPE"},{"catalog_number":"835200720191","name":"HOSE BARB"},{"catalog_number":"835200720180","name":"RETAINER"},{"catalog_number":"835200700020","name":"RETURN PIPE"},{"catalog_number":"835200700010","name":"HOSE ARCH"},{"catalog_number":"835200190061","name":"HOSE"},{"catalog_number":"835200190050","name":"HOSE LINE"},{"catalog_number":"835200190031","name":"CONN. FLANGE"},{"catalog_number":"835200090400","name":"MAINT. SWITCH"},{"catalog_number":"835200090030","name":"HOSE"},{"catalog_number":"835200010020","name":"ENGINE MOUNT"},{"catalog_number":"835151070040","name":"RETAINER"},{"catalog_number":"835151070030","name":"BOLT"},{"catalog_number":"835151070010","name":"PLATE"},{"catalog_number":"835150740200","name":"ELBOW UNION"},{"catalog_number":"835150721161","name":"RETAINER"},{"catalog_number":"835150721110","name":"CLAMP"},{"catalog_number":"835150721100","name":"CLAMP"},{"catalog_number":"835150721091","name":"CLAMP"},{"catalog_number":"835150721080","name":"CLAMP"},{"catalog_number":"835150721061","name":"CLAMP"},{"catalog_number":"835150721050","name":"SHEET METAL"},{"catalog_number":"835150720030","name":"NOZZLE"},{"catalog_number":"835150720020","name":"NOZZLE"},{"catalog_number":"835150221020","name":"SPUR GEAR"},{"catalog_number":"835150221010","name":"DRIVE SHAFT"},{"catalog_number":"835150220350","name":"SHAFT"},{"catalog_number":"835150220310","name":"HOLDER"},{"catalog_number":"835150220210","name":"SPUR GEAR"},{"catalog_number":"835150220120","name":"LAMINATION BRCKT"},{"catalog_number":"835150220090","name":"PISTON"},{"catalog_number":"835150200360","name":"DRIVE SHAFT"},{"catalog_number":"835150200100","name":"DISC"},{"catalog_number":"835150200070","name":"SHAFT"},{"catalog_number":"835150200030","name":"HOUSING"},{"catalog_number":"835150200020","name":"HOUSING"},{"catalog_number":"835150152451","name":"REAR AXLE SHAFT"},{"catalog_number":"835150152450","name":"REAR AXLE SHAFT"},{"catalog_number":"835150151450","name":"REAR AXLE SHAFT"},{"catalog_number":"835150150580","name":"DISC"},{"catalog_number":"835150150482","name":"SEAL"},{"catalog_number":"835150150472","name":"SEAL"},{"catalog_number":"835150150450","name":"REAR AXLE SHAFT"},{"catalog_number":"835150150390","name":"DISC"},{"catalog_number":"835150150380","name":"DISC"},{"catalog_number":"835150150370","name":"DISC"},{"catalog_number":"835150150360","name":"DISC"},{"catalog_number":"835150150350","name":"DISC"},{"catalog_number":"835150150340","name":"DISC"},{"catalog_number":"835150150330","name":"DISC"},{"catalog_number":"835150150320","name":"DISC"},{"catalog_number":"835150150310","name":"DISC"},{"catalog_number":"835150150300","name":"DISC"},{"catalog_number":"835150150240","name":"COLLAR DISC"},{"catalog_number":"835150150230","name":"INNER DISC"},{"catalog_number":"835150150220","name":"THRUST RING"},{"catalog_number":"835150150120","name":"SHIM DISC"},{"catalog_number":"835150150091","name":"SHAFT"},{"catalog_number":"835150150073","name":"PLANET PINION"},{"catalog_number":"835150150031","name":"RING GEAR"},{"catalog_number":"835150150024","name":"CARRIER"},{"catalog_number":"835150070061","name":"RETAINER"},{"catalog_number":"835150070041","name":"SEAL"},{"catalog_number":"835150070030","name":"PRESSURE PLATE"},{"catalog_number":"835150070023","name":"RETAINER"},{"catalog_number":"835150030020","name":"PROTECTIVE COVER"},{"catalog_number":"835150030010","name":"PLATE BRACKET"},{"catalog_number":"835150011080","name":"BEARING FLANGE"},{"catalog_number":"835150011020","name":"HOUSING"},{"catalog_number":"835101321320","name":"BEARING CAP"},{"catalog_number":"835101321030","name":"PISTON"},{"catalog_number":"835100701030","name":"CONNECTION TUBE"},{"catalog_number":"835100700020","name":"CONNECTION TUBE"},{"catalog_number":"835100700010","name":"CONNECTION TUBE"},{"catalog_number":"835100490090","name":"HOUSING"},{"catalog_number":"835100490080","name":"PROFILE SHAFT"},{"catalog_number":"835100490050","name":"SPUR GEAR"},{"catalog_number":"835100490010","name":"CENTERING COVER"},{"catalog_number":"835100420021","name":"DRIVE SHAFT"},{"catalog_number":"835100321190","name":"SUPPORTING RING"},{"catalog_number":"835100321180","name":"SUPPORTING RING"},{"catalog_number":"835100321160","name":"SPUR GEAR"},{"catalog_number":"835100321150","name":"SPUR GEAR"},{"catalog_number":"835100321140","name":"HOUSING"},{"catalog_number":"835100321131","name":"DISC"},{"catalog_number":"835100321120","name":"GROOVED RING"},{"catalog_number":"835100321110","name":"GROOVED RING"},{"catalog_number":"835100321100","name":"SEALING WASHER"},{"catalog_number":"835100321090","name":"SEALING WASHER"},{"catalog_number":"835100321080","name":"OUTER DISC"},{"catalog_number":"835100321060","name":"PILOT PISTON"},{"catalog_number":"835100321050","name":"PULLING SPRING"},{"catalog_number":"835100321040","name":"PISTON"},{"catalog_number":"835100321030","name":"PISTON"},{"catalog_number":"835100321020","name":"SLEEVE"},{"catalog_number":"835100321010","name":"FLANGE"},{"catalog_number":"835100170010","name":"RETAINER"},{"catalog_number":"835100050062","name":"HOUSING COVER"},{"catalog_number":"835100050010","name":"HOUSING"},{"catalog_number":"835021031161","name":"OWNER'S MANUAL"},{"catalog_number":"835021020167","name":"OWNER'S MANUAL"},{"catalog_number":"835020110001","name":"OWNER'S MANUAL"},{"catalog_number":"835020100272","name":"SERVICE BOOK"},{"catalog_number":"835020100262","name":"SERVICE BOOK"},{"catalog_number":"835020100252","name":"SERVICE BOOK"},{"catalog_number":"835020100242","name":"SERVICE BOOK"},{"catalog_number":"835020100232","name":"SERVICE BOOK"},{"catalog_number":"835020100212","name":"SERVICE BOOK"},{"catalog_number":"835020100192","name":"SERVICE BOOK"},{"catalog_number":"835020100182","name":"SERVICE BOOK"},{"catalog_number":"835020100172","name":"SERVICE BOOK"},{"catalog_number":"835020100152","name":"SERVICE BOOK"},{"catalog_number":"835020100142","name":"SERVICE BOOK"},{"catalog_number":"835020100132","name":"SERVICE BOOK"},{"catalog_number":"835020100122","name":"SERVICE BOOK"},{"catalog_number":"835020100112","name":"SERVICE BOOK"},{"catalog_number":"835020100102","name":"SERVICE BOOK"},{"catalog_number":"835020100092","name":"SERVICE BOOK"},{"catalog_number":"835020100082","name":"SERVICE BOOK"},{"catalog_number":"835020100072","name":"SERVICE BOOK"},{"catalog_number":"835020100062","name":"SERVICE BOOK"},{"catalog_number":"835020100052","name":"SERVICE BOOK"},{"catalog_number":"835020100042","name":"SERVICE BOOK"},{"catalog_number":"835020100032","name":"SERVICE BOOK"},{"catalog_number":"835020100022","name":"SERVICE BOOK"},{"catalog_number":"835020100012","name":"SERVICE BOOK"},{"catalog_number":"835020100002","name":"SERVICE BOOK"},{"catalog_number":"835020050271","name":"INSTRUCTION BOOK"},{"catalog_number":"835020050261","name":"INSTRUCTION BOOK"},{"catalog_number":"835020050251","name":"INSTRUCTION BOOK"},{"catalog_number":"835020050241","name":"INSTRUCTION BOOK"},{"catalog_number":"835020050231","name":"INSTRUCTION BOOK"},{"catalog_number":"835020050211","name":"INSTRUCTION BOOK"},{"catalog_number":"835020050191","name":"INSTRUCTION BOOK"},{"catalog_number":"835020050181","name":"INSTRUCTION BOOK"},{"catalog_number":"835020050171","name":"INSTRUCTION BOOK"},{"catalog_number":"835020050151","name":"INSTRUCTION BOOK"},{"catalog_number":"835020050141","name":"INSTRUCTION BOOK"},{"catalog_number":"835020050131","name":"INSTRUCTION BOOK"},{"catalog_number":"835020050121","name":"INSTRUCTION BOOK"},{"catalog_number":"835020050111","name":"INSTRUCTION BOOK"},{"catalog_number":"835020050101","name":"INSTRUCTION BOOK"},{"catalog_number":"835020050091","name":"INSTRUCTION BOOK"},{"catalog_number":"835020050081","name":"INSTRUCTION BOOK"},{"catalog_number":"835020050071","name":"INSTRUCTION BOOK"},{"catalog_number":"835020050061","name":"INSTRUCTION BOOK"},{"catalog_number":"835020050051","name":"INSTRUCTION BOOK"},{"catalog_number":"835020050041","name":"INSTRUCTION BOOK"},{"catalog_number":"835020050031","name":"INSTRUCTION BOOK"},{"catalog_number":"835020050021","name":"INSTRUCTION BOOK"},{"catalog_number":"835020050011","name":"INSTRUCTION BOOK"},{"catalog_number":"835020050001","name":"INSTRUCTION BOOK"},{"catalog_number":"835020031271","name":"OWNER'S MANUAL"},{"catalog_number":"835020031261","name":"OWNER'S MANUAL"},{"catalog_number":"835020031251","name":"OWNER'S MANUAL"},{"catalog_number":"835020031241","name":"OWNER'S MANUAL"},{"catalog_number":"835020031231","name":"OWNER'S MANUAL"},{"catalog_number":"835020031211","name":"OWNER'S MANUAL"},{"catalog_number":"835020031191","name":"OWNER'S MANUAL"},{"catalog_number":"835020031181","name":"OWNER'S MANUAL"},{"catalog_number":"835020031171","name":"OWNER'S MANUAL"},{"catalog_number":"835020031151","name":"OWNER'S MANUAL"},{"catalog_number":"835020031141","name":"OWNER'S MANUAL"},{"catalog_number":"835020031131","name":"OWNER'S MANUAL"},{"catalog_number":"835020031121","name":"OWNER'S MANUAL"},{"catalog_number":"835020031111","name":"OWNER'S MANUAL"},{"catalog_number":"835020031101","name":"OWNER'S MANUAL"},{"catalog_number":"835020031091","name":"OWNER'S MANUAL"},{"catalog_number":"835020031081","name":"OWNER'S MANUAL"},{"catalog_number":"835020031071","name":"OWNER'S MANUAL"},{"catalog_number":"835020031061","name":"OWNER'S MANUAL"},{"catalog_number":"835020031051","name":"OWNER'S MANUAL"},{"catalog_number":"835020031041","name":"OWNER'S MANUAL"},{"catalog_number":"835020031031","name":"OWNER'S MANUAL"},{"catalog_number":"835020031021","name":"OWNER'S MANUAL"},{"catalog_number":"835020031011","name":"OWNER'S MANUAL"},{"catalog_number":"835020031001","name":"OWNER'S MANUAL"},{"catalog_number":"835020030262","name":"OWNER'S MANUAL"},{"catalog_number":"835020030232","name":"OWNER'S MANUAL"},{"catalog_number":"835020030212","name":"OWNER'S MANUAL"},{"catalog_number":"835020030172","name":"OWNER'S MANUAL"},{"catalog_number":"835020030152","name":"OWNER'S MANUAL"},{"catalog_number":"835020030142","name":"OWNER'S MANUAL"},{"catalog_number":"835020030122","name":"OWNER'S MANUAL"},{"catalog_number":"835020030052","name":"OWNER'S MANUAL"},{"catalog_number":"835020020277","name":"OWNER'S MANUAL"},{"catalog_number":"835020020267","name":"OWNER'S MANUAL"},{"catalog_number":"835020020257","name":"OWNER'S MANUAL"},{"catalog_number":"835020020247","name":"OWNER'S MANUAL"},{"catalog_number":"835020020237","name":"OWNER'S MANUAL"},{"catalog_number":"835020020217","name":"OWNER'S MANUAL"},{"catalog_number":"835020020197","name":"OWNER'S MANUAL"},{"catalog_number":"835020020187","name":"OWNER'S MANUAL"},{"catalog_number":"835020020177","name":"OWNER'S MANUAL"},{"catalog_number":"835020020157","name":"OWNER'S MANUAL"},{"catalog_number":"835020020147","name":"OWNER'S MANUAL"},{"catalog_number":"835020020137","name":"OWNER'S MANUAL"},{"catalog_number":"835020020127","name":"OWNER'S MANUAL"},{"catalog_number":"835020020117","name":"OWNER'S MANUAL"},{"catalog_number":"835020020107","name":"OWNER'S MANUAL"},{"catalog_number":"835020020097","name":"OWNER'S MANUAL"},{"catalog_number":"835020020087","name":"OWNER'S MANUAL"},{"catalog_number":"835020020077","name":"OWNER'S MANUAL"},{"catalog_number":"835020020067","name":"OWNER'S MANUAL"},{"catalog_number":"835020020057","name":"OWNER'S MANUAL"},{"catalog_number":"835020020047","name":"OWNER'S MANUAL"},{"catalog_number":"835020020037","name":"OWNER'S MANUAL"},{"catalog_number":"835020020027","name":"OWNER'S MANUAL"},{"catalog_number":"835020020017","name":"OWNER'S MANUAL"},{"catalog_number":"835020020007","name":"OWNER'S MANUAL"},{"catalog_number":"830230140030","name":"THREADED ROD"},{"catalog_number":"830210060020","name":"PISTON"},{"catalog_number":"830040400010","name":"STRIP TRIM"},{"catalog_number":"830040310080","name":"RING"},{"catalog_number":"830040310020","name":"ADAPTER"},{"catalog_number":"830040310010","name":"THREADED ROD"},{"catalog_number":"82488117","name":"RECEIVER"},{"catalog_number":"824500320020","name":"DECAL"},{"catalog_number":"824500320010","name":"DECAL"},{"catalog_number":"824102150010","name":"AXLE HOUSING"},{"catalog_number":"824100470210","name":"PORT BLOCK"},{"catalog_number":"824100470201","name":"ANGLE"},{"catalog_number":"824100090210","name":"SHIFT BEARING"},{"catalog_number":"824100090180","name":"GEARSHIFT LUG"},{"catalog_number":"824100090170","name":"SHIFTER SHAFT"},{"catalog_number":"824100090162","name":"LEVER"},{"catalog_number":"824100090150","name":"SWITCH JACK"},{"catalog_number":"824100090100","name":"SOCKET"},{"catalog_number":"824100090050","name":"LEVER"},{"catalog_number":"824100090041","name":"SEAL"},{"catalog_number":"824100090030","name":"BOLT"},{"catalog_number":"824100090010","name":"MARKING PLATE"},{"catalog_number":"822880121010","name":"RETAINER"},{"catalog_number":"822880120060","name":"SHIELD CAP"},{"catalog_number":"822880120050","name":"ROD"},{"catalog_number":"822880120030","name":"NOZZLE"},{"catalog_number":"822880120010","name":"RETAINER"},{"catalog_number":"822880100020","name":"RETAINER"},{"catalog_number":"822880020080","name":"DIVIDER UNION"},{"catalog_number":"822880020042","name":"RETAINER"},{"catalog_number":"822880020030","name":"PLATE"}]}