{"machinery_brand_name":"Ag-Chem","parts":[{"catalog_number":"ACP0221310","name":"O RING"},{"catalog_number":"ACP0221300","name":"O RING"},{"catalog_number":"ACP0221290","name":"MOULDBOARD"},{"catalog_number":"ACP0221280","name":"MOULDBOARD"},{"catalog_number":"ACP0221270","name":"MOULDBOARD"},{"catalog_number":"ACP0221260","name":"MOULDBOARD"},{"catalog_number":"ACP0221250","name":"MOULDBOARD"},{"catalog_number":"ACP0221240","name":"LINCH PIN"},{"catalog_number":"ACP0221230","name":"SKIMMER"},{"catalog_number":"ACP0221220","name":"FRAME"},{"catalog_number":"ACP0221210","name":"FRAME"},{"catalog_number":"ACP0221200","name":"FRAME"},{"catalog_number":"ACP0221190","name":"FRAME"},{"catalog_number":"ACP0221180","name":"FRAME"},{"catalog_number":"ACP0221170","name":"FRAME"},{"catalog_number":"ACP0221160","name":"HOLDER"},{"catalog_number":"ACP0221150","name":"VALVE"},{"catalog_number":"ACP0221140","name":"HOUSING BEARING"},{"catalog_number":"ACP0221130","name":"PRESSURE HOSE"},{"catalog_number":"ACP0221120","name":"SCREW"},{"catalog_number":"ACP0221110","name":"SCREW"},{"catalog_number":"ACP0221100","name":"SCREW"},{"catalog_number":"ACP0221090","name":"SCREW"},{"catalog_number":"ACP0221080","name":"SCREW"},{"catalog_number":"ACP0221070","name":"SCREW"},{"catalog_number":"ACP0221060","name":"SCREW"},{"catalog_number":"ACP0221050","name":"HEXAGONAL BOLT"},{"catalog_number":"ACP0221040","name":"SCREW"},{"catalog_number":"ACP0221030","name":"HEXAGONAL BOLT"},{"catalog_number":"ACP0221020","name":"SCREW"},{"catalog_number":"ACP0221010","name":"SHAFT"},{"catalog_number":"ACP0220970","name":"HEADSTOCK"},{"catalog_number":"ACP0220960","name":"HEADSTOCK"},{"catalog_number":"ACP0220950","name":"DISC"},{"catalog_number":"ACP0220940","name":"WHEEL SUPPORT"},{"catalog_number":"ACP0220930","name":"FRICTION BEARING"},{"catalog_number":"ACP0220920","name":"FRAME"},{"catalog_number":"ACP0220910","name":"FLAT WASHER"},{"catalog_number":"ACP0220900","name":"FLAT WASHER"},{"catalog_number":"ACP0220890","name":"FLAT WASHER"},{"catalog_number":"ACP0220880","name":"FLAT HEAD SCREW"},{"catalog_number":"ACP0220870","name":"FLAT HEAD SCREW"},{"catalog_number":"ACP0220860","name":"FLAT HEAD SCREW"},{"catalog_number":"ACP0220850","name":"FIXING PIN"},{"catalog_number":"ACP0220840","name":"FIXING"},{"catalog_number":"ACP0220830","name":"HOLDER"},{"catalog_number":"ACP0220820","name":"CIRCLIP"},{"catalog_number":"ACP0220810","name":"CIRCLIP"},{"catalog_number":"ACP0220800","name":"CYLINDER"},{"catalog_number":"ACP0220790","name":"CYLINDER"},{"catalog_number":"ACP0220780","name":"COULTER"},{"catalog_number":"ACP0220770","name":"WHEEL"},{"catalog_number":"ACP0220760","name":"WHEEL"},{"catalog_number":"ACP0220750","name":"DEPTH ADJUSTMENT"},{"catalog_number":"ACP0220740","name":"CYLINDER BODY"},{"catalog_number":"ACP0220730","name":"CYLINDER BODY"},{"catalog_number":"ACP0220720","name":"SUPPORT"},{"catalog_number":"ACP0220710","name":"CHISEL"},{"catalog_number":"ACP0220700","name":"EXTENSION"},{"catalog_number":"ACP0220690","name":"EXTENSION"},{"catalog_number":"ACP0220680","name":"BUSH"},{"catalog_number":"ACP0220670","name":"BEARING"},{"catalog_number":"ACP0220660","name":"BEARING"},{"catalog_number":"ACP0220650","name":"BEARING"},{"catalog_number":"ACP0220640","name":"BEARING"},{"catalog_number":"ACP0220630","name":"BEAM"},{"catalog_number":"ACP0220620","name":"FRAME"},{"catalog_number":"ACP0220610","name":"FRAME"},{"catalog_number":"ACP0220600","name":"TURNBUCKLE"},{"catalog_number":"ACP0220590","name":"TURNBUCKLE"},{"catalog_number":"ACP0220580","name":"BOLT"},{"catalog_number":"ACP0220570","name":"ADJUSTING SCREW"},{"catalog_number":"ACP0220560","name":"EXTENSION"},{"catalog_number":"ACP0220550","name":"EXTENSION"},{"catalog_number":"ACP0220480","name":"HOUSING"},{"catalog_number":"ACP0220420","name":"WHEEL"},{"catalog_number":"ACP0220410","name":"WHEEL"},{"catalog_number":"ACP0220400","name":"WHEEL"},{"catalog_number":"ACP0220390","name":"WHEEL"},{"catalog_number":"ACP0220330","name":"UNION"},{"catalog_number":"ACP0220320","name":"ARM"},{"catalog_number":"ACP0220310","name":"U BOLT"},{"catalog_number":"ACP0220300","name":"U BOLT"},{"catalog_number":"ACP0220290","name":"U BOLT"},{"catalog_number":"ACP0220280","name":"U BOLT"},{"catalog_number":"ACP0220270","name":"U BOLT"},{"catalog_number":"ACP0220260","name":"U BOLT"},{"catalog_number":"ACP0220250","name":"CHASSIS"},{"catalog_number":"ACP0220240","name":"CHASSIS"},{"catalog_number":"ACP0220230","name":"ARM, RIGHT HAND"},{"catalog_number":"ACP0220210","name":"UNION"},{"catalog_number":"ACP0220180","name":"STUB"},{"catalog_number":"ACP0220170","name":"HEADSTOCK"},{"catalog_number":"ACP0220160","name":"CABLE"},{"catalog_number":"ACP0220150","name":"STRAP"},{"catalog_number":"ACP0220130","name":"DISC"},{"catalog_number":"ACP0220100","name":"SPLIT PIN"},{"catalog_number":"ACP0220090","name":"COTTER PIN"},{"catalog_number":"ACP0220080","name":"VALVE"},{"catalog_number":"ACP0220070","name":"SHOE"},{"catalog_number":"ACP0220060","name":"SHOE"},{"catalog_number":"ACP0220050","name":"TURNBUCKLE"},{"catalog_number":"ACP0220040","name":"STRUT"},{"catalog_number":"ACP0220030","name":"STRUT"},{"catalog_number":"ACP0220020","name":"CRANKSHAFT"},{"catalog_number":"ACP0220010","name":"CRANKSHAFT"},{"catalog_number":"ACP0220000","name":"DISC"},{"catalog_number":"ACP0219990","name":"SEALING WASHER"},{"catalog_number":"ACP0219970","name":"SCRAPER"},{"catalog_number":"ACP0219960","name":"SCRAPER"},{"catalog_number":"ACP0219950","name":"SCRAPER"},{"catalog_number":"ACP0219940","name":"SCRAPER"},{"catalog_number":"ACP0219930","name":"SKIMMER"},{"catalog_number":"ACP0219920","name":"SCRAPER"},{"catalog_number":"ACP0219910","name":"SKIMMER"},{"catalog_number":"ACP0219900","name":"SKIMMER"},{"catalog_number":"ACP0219890","name":"SHOE"},{"catalog_number":"ACP0219880","name":"HEEL"},{"catalog_number":"ACP0219870","name":"BLOCK"},{"catalog_number":"ACP0219860","name":"ROD SEAL"},{"catalog_number":"ACP0219850","name":"ROD SEAL"},{"catalog_number":"ACP0219840","name":"ROD SEAL"},{"catalog_number":"ACP0219830","name":"FRAME"},{"catalog_number":"ACP0219820","name":"ROD SEAL"},{"catalog_number":"ACP0219810","name":"FRAME"},{"catalog_number":"ACP0219800","name":"FRAME"},{"catalog_number":"ACP0219790","name":"ARM LEFT"},{"catalog_number":"ACP0219780","name":"DISC COULTER"},{"catalog_number":"ACP0219770","name":"COULTER"},{"catalog_number":"ACP0219750","name":"WHEEL"},{"catalog_number":"ACP0219740","name":"SUPPORT"},{"catalog_number":"ACP0219730","name":"HAYLADE"},{"catalog_number":"ACP0219720","name":"HAYLADE"},{"catalog_number":"ACP0219710","name":"BOARD"},{"catalog_number":"ACP0219700","name":"PIN"},{"catalog_number":"ACP0219690","name":"LOCK"},{"catalog_number":"ACP0219680","name":"PILLAR"},{"catalog_number":"ACP0219670","name":"PILLAR"},{"catalog_number":"ACP0219660","name":"HAYLADE"},{"catalog_number":"ACP0219650","name":"HAYLADE"},{"catalog_number":"ACP0219640","name":"BOARD"},{"catalog_number":"ACP0219630","name":"BOARD"},{"catalog_number":"ACP0219590","name":"PLUG"},{"catalog_number":"ACP0219580","name":"ARM"},{"catalog_number":"ACP0219570","name":"PISTON"},{"catalog_number":"ACP0219560","name":"PISTON"},{"catalog_number":"ACP0219550","name":"PISTON"},{"catalog_number":"ACP0219540","name":"PISTON"},{"catalog_number":"ACP0219530","name":"PISTON"},{"catalog_number":"ACP0219520","name":"PISTON"},{"catalog_number":"ACP0219510","name":"PISTON"},{"catalog_number":"ACP0219500","name":"ARM"},{"catalog_number":"ACP0219490","name":"BEAM"},{"catalog_number":"ACP0219480","name":"TURNBUCKLE"},{"catalog_number":"ACP0219470","name":"PIN"},{"catalog_number":"ACP0219460","name":"PIN"},{"catalog_number":"ACP0219450","name":"PIN"},{"catalog_number":"ACP0219440","name":"PIN"},{"catalog_number":"ACP0219430","name":"PIN"},{"catalog_number":"ACP0219420","name":"SPRING"},{"catalog_number":"ACP0219410","name":"SPRING"},{"catalog_number":"ACP0219400","name":"O RING"},{"catalog_number":"ACP0219390","name":"O RING"},{"catalog_number":"ACP0219380","name":"FRAME"},{"catalog_number":"ACP0219370","name":"SKIMMER"},{"catalog_number":"ACP0219350","name":"SKIMMER"},{"catalog_number":"ACP0219340","name":"NUT"},{"catalog_number":"ACP0219260","name":"JOINT"},{"catalog_number":"ACP0219250","name":"ARM"},{"catalog_number":"ACP0219240","name":"BEAM"},{"catalog_number":"ACP0219230","name":"LOWER FRAME"},{"catalog_number":"ACP0219220","name":"LOWER FRAME"},{"catalog_number":"ACP0219210","name":"LOWER FRAME"},{"catalog_number":"ACP0219200","name":"LOWER FRAME"},{"catalog_number":"ACP0219190","name":"LOCKING PIN"},{"catalog_number":"ACP0219180","name":"LOCKING KEY"},{"catalog_number":"ACP0219170","name":"LINCH PIN"},{"catalog_number":"ACP0219160","name":"LINCH PIN"},{"catalog_number":"ACP0219150","name":"LIGHT SUPPORT"},{"catalog_number":"ACP0219140","name":"LIGHT SUPPORT"},{"catalog_number":"ACP0219130","name":"LIFT ARM"},{"catalog_number":"ACP0219120","name":"LIFT ARM"},{"catalog_number":"ACP0219110","name":"FRAME"},{"catalog_number":"ACP0219100","name":"SUPPORT"},{"catalog_number":"ACP0219090","name":"PLATE"},{"catalog_number":"ACP0219080","name":"HAYLADE"},{"catalog_number":"ACP0219070","name":"HAYLADE"},{"catalog_number":"ACP0219060","name":"SIDE BOARD"},{"catalog_number":"ACP0219040","name":"LOCK"},{"catalog_number":"ACP0219030","name":"CIRCLIP"},{"catalog_number":"ACP0219020","name":"DISC COULTER"},{"catalog_number":"ACP0219010","name":"SUPPORT"},{"catalog_number":"ACP0219000","name":"HYDRAULIC TUBE"},{"catalog_number":"ACP0218990","name":"HYDRAULIC TUBE"},{"catalog_number":"ACP0218980","name":"HYDRAULIC TUBE"},{"catalog_number":"ACP0218970","name":"HYDRAULIC TUBE"},{"catalog_number":"ACP0218960","name":"RETAINER VALVE"},{"catalog_number":"ACP0218950","name":"BUMPER"},{"catalog_number":"ACP0218910","name":"HUB CAP"},{"catalog_number":"ACP0218880","name":"HOSE CLAMP"},{"catalog_number":"ACP0218870","name":"ARM"},{"catalog_number":"ACP0218850","name":"PRESSURE HOSE"},{"catalog_number":"ACP0218840","name":"PRESSURE HOSE"},{"catalog_number":"ACP0218830","name":"PRESSURE HOSE"},{"catalog_number":"ACP0218810","name":"PRESSURE HOSE"},{"catalog_number":"ACP0218800","name":"SKIMMER"},{"catalog_number":"ACP0218790","name":"PRESSURE HOSE"},{"catalog_number":"ACP0218780","name":"PRESSURE HOSE"},{"catalog_number":"ACP0218770","name":"PRESSURE HOSE"},{"catalog_number":"ACP0218760","name":"SKIMMER"},{"catalog_number":"ACP0218750","name":"PRESSURE HOSE"},{"catalog_number":"ACP0218740","name":"PRESSURE HOSE"},{"catalog_number":"ACP0218730","name":"PRESSURE HOSE"},{"catalog_number":"ACP0218720","name":"PRESSURE HOSE"},{"catalog_number":"ACP0218710","name":"PRESSURE HOSE"},{"catalog_number":"ACP0218700","name":"HYDR CYLINDER"},{"catalog_number":"ACP0218690","name":"HYDR CYLINDER"},{"catalog_number":"ACP0218680","name":"HYDR CYLINDER"},{"catalog_number":"ACP0218670","name":"SKIMMER"},{"catalog_number":"ACP0218660","name":"BLOCK"},{"catalog_number":"ACP0218640","name":"SLOTTED NUT"},{"catalog_number":"ACP0218630","name":"ROLLER"},{"catalog_number":"ACP0218620","name":"ANCHOR"},{"catalog_number":"ACP0218610","name":"BRACE"},{"catalog_number":"ACP0218600","name":"DRIVE"},{"catalog_number":"ACP0218590","name":"BRACE"},{"catalog_number":"ACP0218580","name":"DRIVE"},{"catalog_number":"ACP0218570","name":"SCREW"},{"catalog_number":"ACP0218560","name":"SCREW"},{"catalog_number":"ACP0218550","name":"SCREW"},{"catalog_number":"ACP0218540","name":"BRACE"},{"catalog_number":"ACP0218530","name":"CRANKSHAFT"},{"catalog_number":"ACP0218520","name":"CRANKSHAFT"},{"catalog_number":"ACP0218510","name":"BRACE"},{"catalog_number":"ACP0218500","name":"HELMET"},{"catalog_number":"ACP0218490","name":"ARM"},{"catalog_number":"ACP0218480","name":"HAYLADE"},{"catalog_number":"ACP0218470","name":"BOARD"},{"catalog_number":"ACP0218460","name":"BOARD"},{"catalog_number":"ACP0218450","name":"EXTENSION"},{"catalog_number":"ACP0218440","name":"HAYLADE"},{"catalog_number":"ACP0218430","name":"SUPPORT"},{"catalog_number":"ACP0218420","name":"SUPPORT"},{"catalog_number":"ACP0218410","name":"HAND BRAKE"},{"catalog_number":"ACP0218400","name":"HELMET"},{"catalog_number":"ACP0218390","name":"SKIMMER"},{"catalog_number":"ACP0218380","name":"DISC COULTER"},{"catalog_number":"ACP0218370","name":"FLAT WASHER"},{"catalog_number":"ACP0218360","name":"FIXING PIN"},{"catalog_number":"ACP0218350","name":"FIXING PIN"},{"catalog_number":"ACP0218340","name":"FIXING"},{"catalog_number":"ACP0218330","name":"FIXING"},{"catalog_number":"ACP0218310","name":"FIXING"},{"catalog_number":"ACP0218300","name":"ELECTRICAL KIT"},{"catalog_number":"ACP0218290","name":"ELECTRICAL KIT"},{"catalog_number":"ACP0218280","name":"SHAFT"},{"catalog_number":"ACP0218270","name":"DRAWBAR"},{"catalog_number":"ACP0218260","name":"DRAWBAR"},{"catalog_number":"ACP0218250","name":"PIN"},{"catalog_number":"ACP0218240","name":"PIN"},{"catalog_number":"ACP0218230","name":"DRAWBAR"},{"catalog_number":"ACP0218220","name":"DRAWBAR"},{"catalog_number":"ACP0218210","name":"DRAWBAR"},{"catalog_number":"ACP0218190","name":"DRAWBAR"},{"catalog_number":"ACP0218170","name":"ARM"},{"catalog_number":"ACP0218160","name":"CYLINDER"},{"catalog_number":"ACP0218150","name":"CYLINDER COVER"},{"catalog_number":"ACP0218140","name":"CYLINDER COVER"},{"catalog_number":"ACP0218130","name":"CRANKSHAFT"},{"catalog_number":"ACP0218120","name":"CYLINDER BODY"},{"catalog_number":"ACP0218110","name":"CYLINDER BODY"},{"catalog_number":"ACP0218100","name":"PLATE"},{"catalog_number":"ACP0218090","name":"BAND"},{"catalog_number":"ACP0218080","name":"CROSS BEAM"},{"catalog_number":"ACP0217990","name":"WHEEL"},{"catalog_number":"ACP0217980","name":"WHEEL ADJUSTER"},{"catalog_number":"ACP0217970","name":"WHEEL ADJUSTER"},{"catalog_number":"ACP0217960","name":"WHEEL SUPPORT"},{"catalog_number":"ACP0217950","name":"WHEEL SUPPORT"},{"catalog_number":"ACP0217940","name":"HUB"},{"catalog_number":"ACP0217930","name":"WHEEL"},{"catalog_number":"ACP0217920","name":"WASHER"},{"catalog_number":"ACP0217910","name":"WASHER"},{"catalog_number":"ACP0217900","name":"UNION"},{"catalog_number":"ACP0217890","name":"UNION"},{"catalog_number":"ACP0217880","name":"PLATE"},{"catalog_number":"ACP0217870","name":"PLATE"},{"catalog_number":"ACP0217860","name":"PLATE"},{"catalog_number":"ACP0217850","name":"TENSIONING PIN"},{"catalog_number":"ACP0217840","name":"TENSIONING PIN"},{"catalog_number":"ACP0217830","name":"TENSIONING PIN"},{"catalog_number":"ACP0217820","name":"ARM"},{"catalog_number":"ACP0217810","name":"SUPPORT"},{"catalog_number":"ACP0217800","name":"SUPPORT"},{"catalog_number":"ACP0217790","name":"STOP"},{"catalog_number":"ACP0217780","name":"STOP"},{"catalog_number":"ACP0217770","name":"LEG"},{"catalog_number":"ACP0217760","name":"BRACE"},{"catalog_number":"ACP0217750","name":"SCREW"},{"catalog_number":"ACP0217740","name":"PLATE"},{"catalog_number":"ACP0217730","name":"RETAINER"},{"catalog_number":"ACP0217720","name":"SUPPORT"},{"catalog_number":"ACP0217710","name":"SUPPORT"},{"catalog_number":"ACP0217700","name":"PROP STAND"},{"catalog_number":"ACP0217690","name":"PROP STAND"},{"catalog_number":"ACP0217680","name":"PIN"},{"catalog_number":"ACP0217670","name":"PIN"},{"catalog_number":"ACP0217660","name":"ADJUSTER"},{"catalog_number":"ACP0217650","name":"LINCH PIN"},{"catalog_number":"ACP0217640","name":"CIRCLIP"},{"catalog_number":"ACP0217630","name":"PRESSURE HOSE"},{"catalog_number":"ACP0217620","name":"SCREW"},{"catalog_number":"ACP0217610","name":"SCREW"},{"catalog_number":"ACP0217600","name":"SCREW"},{"catalog_number":"ACP0217590","name":"SCREW"},{"catalog_number":"ACP0217580","name":"SCREW"},{"catalog_number":"ACP0217570","name":"HEX NUT"},{"catalog_number":"ACP0217550","name":"HEX NUT"},{"catalog_number":"ACP0217540","name":"HEADSTOCK"},{"catalog_number":"ACP0217530","name":"SUPPORT"},{"catalog_number":"ACP0217520","name":"FRAME"},{"catalog_number":"ACP0217510","name":"FRAME"},{"catalog_number":"ACP0217500","name":"FRAME"},{"catalog_number":"ACP0217490","name":"FLAT WASHER"},{"catalog_number":"ACP0217480","name":"FLAT WASHER"},{"catalog_number":"ACP0217470","name":"PLATE"},{"catalog_number":"ACP0217460","name":"FIXING"},{"catalog_number":"ACP0217450","name":"WASHER"},{"catalog_number":"ACP0217440","name":"CIRCLIP"},{"catalog_number":"ACP0217430","name":"DRAFT SPRING"},{"catalog_number":"ACP0217420","name":"CYLINDER"},{"catalog_number":"ACP0217410","name":"SUPPORT"},{"catalog_number":"ACP0217400","name":"DISC SCRAPER"},{"catalog_number":"ACP0217390","name":"DISC SCRAPER"},{"catalog_number":"ACP0217380","name":"DISC"},{"catalog_number":"ACP0217370","name":"ADJUSTER"},{"catalog_number":"ACP0217360","name":"COTTER PIN"},{"catalog_number":"ACP0217350","name":"CLEVIS PIN"},{"catalog_number":"ACP0217340","name":"CLEVIS PIN"},{"catalog_number":"ACP0217330","name":"CLEVIS PIN"},{"catalog_number":"ACP0217320","name":"CLEVIS PIN"},{"catalog_number":"ACP0217310","name":"CLEVIS PIN"},{"catalog_number":"ACP0217300","name":"CLEVIS PIN"},{"catalog_number":"ACP0217290","name":"BUSH"},{"catalog_number":"ACP0217280","name":"BALL BEARING"},{"catalog_number":"ACP0217270","name":"AXLE SUPPORT"},{"catalog_number":"ACP0217260","name":"POSITIONER"},{"catalog_number":"ACP0217250","name":"POSITIONER"},{"catalog_number":"ACP0217240","name":"POSITIONER"},{"catalog_number":"ACP0217230","name":"ADJUSTING YOKE"},{"catalog_number":"ACP0217220","name":"U-BOLT"},{"catalog_number":"ACP0217210","name":"TRACK"},{"catalog_number":"ACP0217200","name":"SPINDLE"},{"catalog_number":"ACP0217190","name":"SPINDLE"},{"catalog_number":"ACP0217180","name":"SAFETY DECAL"},{"catalog_number":"ACP0217170","name":"BLOCK"},{"catalog_number":"ACP0217160","name":"BLOCK"},{"catalog_number":"ACP0217150","name":"SUPPORT"},{"catalog_number":"ACP0217140","name":"SUPPORT"},{"catalog_number":"ACP0217130","name":"CHISEL"},{"catalog_number":"ACP0217120","name":"CHISEL"},{"catalog_number":"ACP0217110","name":"CHISEL"},{"catalog_number":"ACP0217100","name":"CHISEL"},{"catalog_number":"ACP0217090","name":"FRAME"},{"catalog_number":"ACP0217080","name":"FRAME"},{"catalog_number":"ACP0217070","name":"FRAME"},{"catalog_number":"ACP0217060","name":"FRAME"},{"catalog_number":"ACP0217050","name":"CRANKSHAFT"},{"catalog_number":"ACP0217040","name":"CRANKSHAFT"},{"catalog_number":"ACP0217030","name":"CRANKSHAFT"},{"catalog_number":"ACP0217020","name":"FRAME"},{"catalog_number":"ACP0217010","name":"FRAME"},{"catalog_number":"ACP0217000","name":"FRAME"},{"catalog_number":"ACP0216990","name":"FRAME"},{"catalog_number":"ACP0216970","name":"BUSH"},{"catalog_number":"ACP0216960","name":"BRACE"},{"catalog_number":"ACP0216950","name":"BRACE"},{"catalog_number":"ACP0216940","name":"BRACE"},{"catalog_number":"ACP0216930","name":"ADJUSTING NUT"},{"catalog_number":"ACP0216910","name":"PLATE"},{"catalog_number":"ACP0216900","name":"YOKE"},{"catalog_number":"ACP0216890","name":"WHEEL SUPPORT"},{"catalog_number":"ACP0216880","name":"WHEEL SUPPORT"},{"catalog_number":"ACP0216870","name":"WHEEL SUPPORT"},{"catalog_number":"ACP0216860","name":"WHEEL"},{"catalog_number":"ACP0216850","name":"WHEEL"},{"catalog_number":"ACP0216830","name":"WHEEL"},{"catalog_number":"ACP0216820","name":"WHEEL"},{"catalog_number":"ACP0216780","name":"WASHER"},{"catalog_number":"ACP0216770","name":"WASHER"},{"catalog_number":"ACP0216760","name":"WASHER"},{"catalog_number":"ACP0216750","name":"BOX"},{"catalog_number":"ACP0216730","name":"DOOR"},{"catalog_number":"ACP0216700","name":"U BOLT"},{"catalog_number":"ACP0216690","name":"SPRING"},{"catalog_number":"ACP0216680","name":"CHAIN LINK"},{"catalog_number":"ACP0216670","name":"BRACKET"},{"catalog_number":"ACP0216660","name":"BRACKET"},{"catalog_number":"ACP0216650","name":"COMPRESS. SPRING"},{"catalog_number":"ACP0216640","name":"PLATE"},{"catalog_number":"ACP0216630","name":"SKIMMER"},{"catalog_number":"ACP0216610","name":"TENSIONING PIN"},{"catalog_number":"ACP0216600","name":"TENSIONING PIN"},{"catalog_number":"ACP0216590","name":"TENSIONING PIN"},{"catalog_number":"ACP0216580","name":"TENSIONING PIN"},{"catalog_number":"ACP0216520","name":"WASHER"},{"catalog_number":"ACP0216510","name":"HANDRAIL"},{"catalog_number":"ACP0216490","name":"SKID"},{"catalog_number":"ACP0216480","name":"SKID"},{"catalog_number":"ACP0216470","name":"SKID"},{"catalog_number":"ACP0216450","name":"SAFETY DECAL"},{"catalog_number":"ACP0216440","name":"PILLAR"},{"catalog_number":"ACP0216420","name":"SAFETY DECAL"},{"catalog_number":"ACP0216370","name":"GASKET"},{"catalog_number":"ACP0216360","name":"GASKET"},{"catalog_number":"ACP0216350","name":"LINCH PIN"},{"catalog_number":"ACP0216330","name":"CASTLE NUT"},{"catalog_number":"ACP0216310","name":"BLOCK"},{"catalog_number":"ACP0216300","name":"RETAINER"},{"catalog_number":"ACP0216290","name":"GEAR"},{"catalog_number":"ACP0216280","name":"REDUCTION BOX"},{"catalog_number":"ACP0216270","name":"REAR AXLE"},{"catalog_number":"ACP0216260","name":"REAR AXLE"},{"catalog_number":"ACP0216250","name":"REAR AXLE"},{"catalog_number":"ACP0216240","name":"PROTECTION"},{"catalog_number":"ACP0216230","name":"PROTECTION"},{"catalog_number":"ACP0216220","name":"PROTECTION"},{"catalog_number":"ACP0216210","name":"PROP STAND"},{"catalog_number":"ACP0216200","name":"PROP STAND"},{"catalog_number":"ACP0216190","name":"PROP STAND"},{"catalog_number":"ACP0216160","name":"PLATE"},{"catalog_number":"ACP0216150","name":"PLATE"},{"catalog_number":"ACP0216140","name":"PINION"},{"catalog_number":"ACP0216130","name":"PINION"},{"catalog_number":"ACP0216110","name":"PIN"},{"catalog_number":"ACP0216080","name":"LINKAGE"},{"catalog_number":"ACP0216060","name":"BOX"},{"catalog_number":"ACP0216040","name":"DISC COULTER"},{"catalog_number":"ACP0216020","name":"WASHER"},{"catalog_number":"ACP0215990","name":"KNOB"},{"catalog_number":"ACP0215980","name":"BUSH"},{"catalog_number":"ACP0215960","name":"DOOR"},{"catalog_number":"ACP0215940","name":"DOOR"},{"catalog_number":"ACP0215890","name":"HOUSING"},{"catalog_number":"ACP0215880","name":"SCREW"},{"catalog_number":"ACP0215830","name":"SCREW"},{"catalog_number":"ACP0215820","name":"SCREW"},{"catalog_number":"ACP0215810","name":"SCREW"},{"catalog_number":"ACP0215800","name":"SCREW"},{"catalog_number":"ACP0215780","name":"HEADSTOCK"},{"catalog_number":"ACP0215770","name":"LATCH"},{"catalog_number":"ACP0215750","name":"DOOR"},{"catalog_number":"ACP0215730","name":"HANDRAIL"},{"catalog_number":"ACP0215710","name":"LINKAGE"},{"catalog_number":"ACP0215680","name":"HAIR PIN"},{"catalog_number":"ACP0215650","name":"SCREW"},{"catalog_number":"ACP0215630","name":"FRAME"},{"catalog_number":"ACP0215620","name":"FRAME"},{"catalog_number":"ACP0215610","name":"FRAME"},{"catalog_number":"ACP0215580","name":"BRAKE"},{"catalog_number":"ACP0215570","name":"FLAT WASHER"},{"catalog_number":"ACP0215560","name":"FLAT WASHER"},{"catalog_number":"ACP0215550","name":"FLAT WASHER"},{"catalog_number":"ACP0215540","name":"BOX"},{"catalog_number":"ACP0215520","name":"BRAKE"},{"catalog_number":"ACP0215500","name":"BLADE"},{"catalog_number":"ACP0215490","name":"BLADE"},{"catalog_number":"ACP0215480","name":"BRAKE"},{"catalog_number":"ACP0215460","name":"BRAKE"},{"catalog_number":"ACP0215450","name":"ARM"},{"catalog_number":"ACP0215440","name":"COVER"},{"catalog_number":"ACP0215430","name":"COVER"},{"catalog_number":"ACP0215420","name":"BOX"},{"catalog_number":"ACP0215400","name":"HANDRAIL"},{"catalog_number":"ACP0215380","name":"BAR"},{"catalog_number":"ACP0215360","name":"CHAIN SUPPORT"},{"catalog_number":"ACP0215350","name":"CHAIN SUPPORT"},{"catalog_number":"ACP0215340","name":"SUPPORT"},{"catalog_number":"ACP0215330","name":"SUPPORT"},{"catalog_number":"ACP0215320","name":"SUPPORT"},{"catalog_number":"ACP0215310","name":"SUPPORT"},{"catalog_number":"ACP0215300","name":"LATCH"},{"catalog_number":"ACP0215280","name":"CRANKSHAFT"},{"catalog_number":"ACP0215270","name":"CLEVIS PIN"},{"catalog_number":"ACP0215260","name":"CHAIN SUPPORT"},{"catalog_number":"ACP0215250","name":"CHAIN SUPPORT"},{"catalog_number":"ACP0215240","name":"CHAIN SUPPORT"},{"catalog_number":"ACP0215230","name":"CHAIN SUPPORT"},{"catalog_number":"ACP0215220","name":"CHAIN SUPPORT"},{"catalog_number":"ACP0215210","name":"CHAIN SUPPORT"},{"catalog_number":"ACP0215200","name":"BUSH"},{"catalog_number":"ACP0215180","name":"CHAIN LINK"},{"catalog_number":"ACP0215170","name":"CHAIN LINK"},{"catalog_number":"ACP0215150","name":"BOX"},{"catalog_number":"ACP0215140","name":"BOX"},{"catalog_number":"ACP0215120","name":"CAP"},{"catalog_number":"ACP0215110","name":"CAB"},{"catalog_number":"ACP0215100","name":"BUSH"},{"catalog_number":"ACP0215090","name":"FRAME"},{"catalog_number":"ACP0215070","name":"SKIMMER"},{"catalog_number":"ACP0215060","name":"BICONE"},{"catalog_number":"ACP0215050","name":"AXLE"},{"catalog_number":"ACP0215030","name":"BUSH"},{"catalog_number":"ACP0215020","name":"BUSH"},{"catalog_number":"ACP0215010","name":"BUSH"},{"catalog_number":"ACP0215000","name":"BUSH"},{"catalog_number":"ACP0214990","name":"BUSH"},{"catalog_number":"ACP0214980","name":"BUSH"},{"catalog_number":"ACP0214970","name":"WASHER"},{"catalog_number":"ACP0214950","name":"LINCH PIN"},{"catalog_number":"ACP0214940","name":"AXLE"},{"catalog_number":"ACP0214930","name":"BRACKET"},{"catalog_number":"ACP0214920","name":"BRACKET"},{"catalog_number":"ACP0214910","name":"HANDRAIL"},{"catalog_number":"ACP0214890","name":"LINCH PIN"},{"catalog_number":"ACP0214870","name":"SUPPORT"},{"catalog_number":"ACP0214860","name":"AXLE"},{"catalog_number":"ACP0214850","name":"SUPPORT"},{"catalog_number":"ACP0214840","name":"BEVEL GEAR"},{"catalog_number":"ACP0214830","name":"BEVEL GEAR"},{"catalog_number":"ACP0214820","name":"LINK PIN"},{"catalog_number":"ACP0214800","name":"AXLE"},{"catalog_number":"ACP0214790","name":"BALL BEARING"},{"catalog_number":"ACP0214780","name":"AXLE"},{"catalog_number":"ACP0214770","name":"BALL BEARING"},{"catalog_number":"ACP0214760","name":"AXLE"},{"catalog_number":"ACP0214750","name":"SAFETY DECAL"},{"catalog_number":"ACP0214740","name":"AXLE"},{"catalog_number":"ACP0214730","name":"AXLE"},{"catalog_number":"ACP0214720","name":"UPPER FRAME"},{"catalog_number":"ACP0214710","name":"ADJUSTING COLLAR"},{"catalog_number":"ACP0214690","name":"FRAME"},{"catalog_number":"ACP0214290","name":"CUSHION"},{"catalog_number":"ACP0214150","name":"GANG"},{"catalog_number":"ACP0214140","name":"GANG"},{"catalog_number":"ACP0214130","name":"DISC"},{"catalog_number":"ACP0214120","name":"DISC"},{"catalog_number":"ACP0214110","name":"DISC"},{"catalog_number":"ACP0214100","name":"DISC"},{"catalog_number":"ACP0214090","name":"DISC"},{"catalog_number":"ACP0214080","name":"GANG"},{"catalog_number":"ACP0214070","name":"CYLINDER"},{"catalog_number":"ACP0214060","name":"SPACER"},{"catalog_number":"ACP0214050","name":"SUPPORT"},{"catalog_number":"ACP0214040","name":"AXLE"},{"catalog_number":"ACP0214030","name":"FLANGE"},{"catalog_number":"ACP0214020","name":"FLANGE"},{"catalog_number":"ACP0214010","name":"FLANGE"},{"catalog_number":"ACP0214000","name":"FLANGE"},{"catalog_number":"ACP0213990","name":"AXLE"},{"catalog_number":"ACP0213980","name":"DISC"},{"catalog_number":"ACP0213970","name":"DISC"},{"catalog_number":"ACP0213960","name":"DISC"},{"catalog_number":"ACP0213950","name":"DISC"},{"catalog_number":"ACP0213890","name":"UNION"},{"catalog_number":"ACP0213880","name":"WIPER BLADE"},{"catalog_number":"ACP0213870","name":"WIPER ARM"},{"catalog_number":"ACP0213850","name":"WIPER MOTOR"},{"catalog_number":"ACP0213640","name":"WASHER"},{"catalog_number":"ACP0213630","name":"TUBE"},{"catalog_number":"ACP0213620","name":"TUBE"},{"catalog_number":"ACP0213610","name":"TUBE"},{"catalog_number":"ACP0213600","name":"WASHER"},{"catalog_number":"ACP0213590","name":"WASHER"},{"catalog_number":"ACP0213580","name":"WASHER"},{"catalog_number":"ACP0213570","name":"SCREW"},{"catalog_number":"ACP0213560","name":"BEARING"},{"catalog_number":"ACP0213550","name":"BEARING"},{"catalog_number":"ACP0213540","name":"CAP"},{"catalog_number":"ACP0213530","name":"CAP"},{"catalog_number":"ACP0213520","name":"HOLDER"},{"catalog_number":"ACP0213510","name":"HOLDER"},{"catalog_number":"ACP0213500","name":"TINE SUPPORT"},{"catalog_number":"ACP0213490","name":"TINE SUPPORT"},{"catalog_number":"ACP0213480","name":"TINE SUPPORT"},{"catalog_number":"ACP0213470","name":"TINE SUPPORT"},{"catalog_number":"ACP0213460","name":"TINE SUPPORT"},{"catalog_number":"ACP0213450","name":"TINE SUPPORT"},{"catalog_number":"ACP0213440","name":"TINE SUPPORT"},{"catalog_number":"ACP0213430","name":"TINE"},{"catalog_number":"ACP0213420","name":"PLATE"},{"catalog_number":"ACP0213410","name":"PLATE"},{"catalog_number":"ACP0213400","name":"PLATE"},{"catalog_number":"ACP0213390","name":"PIN"},{"catalog_number":"ACP0213380","name":"TAPER BUSH"},{"catalog_number":"ACP0213370","name":"TAPER BUSH"},{"catalog_number":"ACP0213360","name":"TAPER BUSH"},{"catalog_number":"ACP0213350","name":"TAPER BUSH"},{"catalog_number":"ACP0213340","name":"LEG"},{"catalog_number":"ACP0213330","name":"LEG"},{"catalog_number":"ACP0213320","name":"SCREW"},{"catalog_number":"ACP0213310","name":"BEARING"},{"catalog_number":"ACP0213300","name":"HAYLADE"},{"catalog_number":"ACP0213290","name":"BEARING"},{"catalog_number":"ACP0213280","name":"POSITIONER"},{"catalog_number":"ACP0213270","name":"SPRING WASHER"},{"catalog_number":"ACP0213260","name":"ARTICULATED ARM"},{"catalog_number":"ACP0213250","name":"ANGLE"},{"catalog_number":"ACP0213240","name":"LINK PIN"},{"catalog_number":"ACP0213230","name":"ANGLE"}]}