{"machinery_brand_name":"Ag-Chem","parts":[{"catalog_number":"AG058251","name":"MOUNTING"},{"catalog_number":"AG055246","name":"CAP"},{"catalog_number":"AG054973","name":"NOZZLE"},{"catalog_number":"ACP0213220","name":"SPLIT PIN"},{"catalog_number":"ACP0213210","name":"HAYLADE"},{"catalog_number":"ACP0213200","name":"SKIMMER"},{"catalog_number":"ACP0213190","name":"ARM"},{"catalog_number":"ACP0213180","name":"SKID"},{"catalog_number":"ACP0213170","name":"SIDE"},{"catalog_number":"ACP0213160","name":"SIDE"},{"catalog_number":"ACP0213150","name":"SHIELD"},{"catalog_number":"ACP0213140","name":"SHIELD"},{"catalog_number":"ACP0213130","name":"SHIELD"},{"catalog_number":"ACP0213120","name":"SHIELD"},{"catalog_number":"ACP0213110","name":"SHIELD"},{"catalog_number":"ACP0213100","name":"SHIELD"},{"catalog_number":"ACP0213090","name":"SHIELD"},{"catalog_number":"ACP0213080","name":"PLATE"},{"catalog_number":"ACP0213070","name":"LOCKING NUT"},{"catalog_number":"ACP0213060","name":"GANG"},{"catalog_number":"ACP0213050","name":"LOCKING NUT"},{"catalog_number":"ACP0213040","name":"LOCKING NUT"},{"catalog_number":"ACP0213030","name":"GANG"},{"catalog_number":"ACP0213020","name":"PLATE"},{"catalog_number":"ACP0213010","name":"GANG"},{"catalog_number":"ACP0213000","name":"GANG"},{"catalog_number":"ACP0212990","name":"GANG"},{"catalog_number":"ACP0212980","name":"DISC"},{"catalog_number":"ACP0212970","name":"SEAL"},{"catalog_number":"ACP0212960","name":"SEAL"},{"catalog_number":"ACP0212950","name":"DISC"},{"catalog_number":"ACP0212940","name":"SCRAPER"},{"catalog_number":"ACP0212930","name":"SCRAPER"},{"catalog_number":"ACP0212920","name":"SCRAPER"},{"catalog_number":"ACP0212910","name":"SCRAPER"},{"catalog_number":"ACP0212900","name":"SCRAPER"},{"catalog_number":"ACP0212890","name":"SCRAPER"},{"catalog_number":"ACP0212880","name":"SCRAPER"},{"catalog_number":"ACP0212870","name":"SCRAPER"},{"catalog_number":"ACP0212860","name":"SCRAPER"},{"catalog_number":"ACP0212850","name":"SCRAPER"},{"catalog_number":"ACP0212840","name":"STICKER"},{"catalog_number":"ACP0212830","name":"STICKER"},{"catalog_number":"ACP0212820","name":"STICKER"},{"catalog_number":"ACP0212810","name":"STICKER"},{"catalog_number":"ACP0212800","name":"SPRING"},{"catalog_number":"ACP0212790","name":"SAFETY DECAL"},{"catalog_number":"ACP0212780","name":"STICKER"},{"catalog_number":"ACP0212770","name":"STICKER"},{"catalog_number":"ACP0212760","name":"ROTOR"},{"catalog_number":"ACP0212750","name":"ROTOR"},{"catalog_number":"ACP0212740","name":"ROTOR"},{"catalog_number":"ACP0212730","name":"ROTOR"},{"catalog_number":"ACP0212720","name":"ROTOR"},{"catalog_number":"ACP0212710","name":"ROTOR"},{"catalog_number":"ACP0212700","name":"ROTOR"},{"catalog_number":"ACP0212690","name":"ROLLER"},{"catalog_number":"ACP0212680","name":"ROLLER"},{"catalog_number":"ACP0212670","name":"ROLLER"},{"catalog_number":"ACP0212660","name":"ROLLER"},{"catalog_number":"ACP0212650","name":"ROLLER"},{"catalog_number":"ACP0212640","name":"ROLLER"},{"catalog_number":"ACP0212630","name":"ROLLER"},{"catalog_number":"ACP0212620","name":"ROLLER ASSY"},{"catalog_number":"ACP0212610","name":"ROLLER ASSY"},{"catalog_number":"ACP0212600","name":"ROLLER ASSY"},{"catalog_number":"ACP0212590","name":"ROLLER ASSY"},{"catalog_number":"ACP0212580","name":"ROLLER ASSY"},{"catalog_number":"ACP0212570","name":"ROLLER ASSY"},{"catalog_number":"ACP0212560","name":"ROLLER ASSY"},{"catalog_number":"ACP0212550","name":"ROD SEAL"},{"catalog_number":"ACP0212540","name":"ROD SEAL"},{"catalog_number":"ACP0212530","name":"DECAL"},{"catalog_number":"ACP0212520","name":"WHEEL AXLE"},{"catalog_number":"ACP0212510","name":"GANG"},{"catalog_number":"ACP0212500","name":"DRAWBAR"},{"catalog_number":"ACP0212490","name":"RETAINER"},{"catalog_number":"ACP0212480","name":"RETAINER"},{"catalog_number":"ACP0212470","name":"REST"},{"catalog_number":"ACP0212460","name":"PULLEY"},{"catalog_number":"ACP0212450","name":"PULLEY"},{"catalog_number":"ACP0212440","name":"PULLEY"},{"catalog_number":"ACP0212430","name":"PULLEY"},{"catalog_number":"ACP0212420","name":"HOOK"},{"catalog_number":"ACP0212410","name":"PROTECTION"},{"catalog_number":"ACP0212400","name":"PROTECTION"},{"catalog_number":"ACP0212390","name":"PROTECTION"},{"catalog_number":"ACP0212380","name":"PROTECTION"},{"catalog_number":"ACP0212370","name":"PROTECTION"},{"catalog_number":"ACP0212360","name":"PROTECTION"},{"catalog_number":"ACP0212350","name":"PROTECTION"},{"catalog_number":"ACP0212340","name":"DISC"},{"catalog_number":"ACP0212330","name":"ROCKER"},{"catalog_number":"ACP0212320","name":"ROCKER"},{"catalog_number":"ACP0212310","name":"ROCKER"},{"catalog_number":"ACP0212300","name":"ARM"},{"catalog_number":"ACP0212290","name":"PIN"},{"catalog_number":"ACP0212280","name":"PARALLEL KEY"},{"catalog_number":"ACP0212260","name":"DRIVE SHAFT"},{"catalog_number":"ACP0212250","name":"O RING"},{"catalog_number":"ACP0212240","name":"O RING"},{"catalog_number":"ACP0212230","name":"O RING"},{"catalog_number":"ACP0212220","name":"O RING"},{"catalog_number":"ACP0212210","name":"OIL"},{"catalog_number":"ACP0212200","name":"FRAME"},{"catalog_number":"ACP0212190","name":"DISC"},{"catalog_number":"ACP0212180","name":"CONNECTION"},{"catalog_number":"ACP0212170","name":"DISC"},{"catalog_number":"ACP0212160","name":"SUPPORT"},{"catalog_number":"ACP0212150","name":"PLATE"},{"catalog_number":"ACP0212140","name":"SPANNER"},{"catalog_number":"ACP0212130","name":"LINCH PIN"},{"catalog_number":"ACP0212120","name":"LINCH PIN"},{"catalog_number":"ACP0212100","name":"SPANNER"},{"catalog_number":"ACP0212090","name":"PLATE"},{"catalog_number":"ACP0212080","name":"DECAL"},{"catalog_number":"ACP0212070","name":"DECAL"},{"catalog_number":"ACP0212060","name":"AXLE"},{"catalog_number":"ACP0212050","name":"RING"},{"catalog_number":"ACP0212040","name":"HEX SOCKET SCREW"},{"catalog_number":"ACP0212030","name":"CIRCLIP"},{"catalog_number":"ACP0212020","name":"CIRCLIP"},{"catalog_number":"ACP0212010","name":"CIRCLIP"},{"catalog_number":"ACP0212000","name":"RETAINER VALVE"},{"catalog_number":"ACP0211990","name":"HYDR. HOSE"},{"catalog_number":"ACP0211980","name":"HYDR. HOSE"},{"catalog_number":"ACP0211970","name":"BUSH"},{"catalog_number":"ACP0211960","name":"BUSH"},{"catalog_number":"ACP0211950","name":"HOSE CLAMP"},{"catalog_number":"ACP0211940","name":"EMBLEM, MASSEY"},{"catalog_number":"ACP0211930","name":"HOLDER"},{"catalog_number":"ACP0211920","name":"HOLDER"},{"catalog_number":"ACP0211910","name":"LEFT HAND HOLDER"},{"catalog_number":"ACP0211900","name":"LEFT HAND HOLDER"},{"catalog_number":"ACP0211890","name":"LEFT HAND HOLDER"},{"catalog_number":"ACP0211880","name":"LEFT HAND HOLDER"},{"catalog_number":"ACP0211870","name":"LEFT HAND HOLDER"},{"catalog_number":"ACP0211860","name":"LEFT HAND HOLDER"},{"catalog_number":"ACP0211850","name":"MF DECAL, LH"},{"catalog_number":"ACP0211840","name":"MOULDING"},{"catalog_number":"ACP0211830","name":"HITCH PIN"},{"catalog_number":"ACP0211820","name":"PRESSURE HOSE"},{"catalog_number":"ACP0211810","name":"PRESSURE HOSE"},{"catalog_number":"ACP0211800","name":"PRESSURE HOSE"},{"catalog_number":"ACP0211790","name":"PRESSURE HOSE"},{"catalog_number":"ACP0211780","name":"PRESSURE HOSE"},{"catalog_number":"ACP0211770","name":"SCREW"},{"catalog_number":"ACP0211760","name":"SCREW"},{"catalog_number":"ACP0211750","name":"BEARING"},{"catalog_number":"ACP0211740","name":"BAR"},{"catalog_number":"ACP0211730","name":"BAR"},{"catalog_number":"ACP0211720","name":"SCREW"},{"catalog_number":"ACP0211710","name":"BUSH"},{"catalog_number":"ACP0211700","name":"BAR"},{"catalog_number":"ACP0211690","name":"BAR"},{"catalog_number":"ACP0211680","name":"FIXING"},{"catalog_number":"ACP0211670","name":"FIXING"},{"catalog_number":"ACP0211660","name":"SCREW"},{"catalog_number":"ACP0211650","name":"BAR"},{"catalog_number":"ACP0211640","name":"BUSH"},{"catalog_number":"ACP0211630","name":"SHARE"},{"catalog_number":"ACP0211620","name":"LINKAGE"},{"catalog_number":"ACP0211610","name":"LINKAGE"},{"catalog_number":"ACP0211600","name":"SCREW"},{"catalog_number":"ACP0211590","name":"FIXING"},{"catalog_number":"ACP0211580","name":"WHEEL"},{"catalog_number":"ACP0211560","name":"SCREW"},{"catalog_number":"ACP0211550","name":"TINE"},{"catalog_number":"ACP0211540","name":"BOX"},{"catalog_number":"ACP0211530","name":"SCREW"},{"catalog_number":"ACP0211520","name":"SCREW"},{"catalog_number":"ACP0211510","name":"SCREW"},{"catalog_number":"ACP0211500","name":"SCREW"},{"catalog_number":"ACP0211490","name":"SCREW"},{"catalog_number":"ACP0211480","name":"NUT"},{"catalog_number":"ACP0211470","name":"BEARING"},{"catalog_number":"ACP0211460","name":"BEARING"},{"catalog_number":"ACP0211450","name":"RING"},{"catalog_number":"ACP0211440","name":"NUT"},{"catalog_number":"ACP0211430","name":"VALVE"},{"catalog_number":"ACP0211420","name":"CAP"},{"catalog_number":"ACP0211410","name":"HEADSTOCK"},{"catalog_number":"ACP0211400","name":"HEADSTOCK"},{"catalog_number":"ACP0211390","name":"HAMMER"},{"catalog_number":"ACP0211380","name":"HAMMER"},{"catalog_number":"ACP0211370","name":"HAMMER"},{"catalog_number":"ACP0211360","name":"HAMMER"},{"catalog_number":"ACP0211350","name":"HAMMER"},{"catalog_number":"ACP0211340","name":"HAMMER"},{"catalog_number":"ACP0211330","name":"HAMMER"},{"catalog_number":"ACP0211320","name":"HAMMER"},{"catalog_number":"ACP0211310","name":"HAMMER"},{"catalog_number":"ACP0211300","name":"COTTER"},{"catalog_number":"ACP0211290","name":"GASKET"},{"catalog_number":"ACP0211280","name":"GUIDE"},{"catalog_number":"ACP0211270","name":"GUIDE"},{"catalog_number":"ACP0211260","name":"GASKET"},{"catalog_number":"ACP0211250","name":"GREASE NIPPLE"},{"catalog_number":"ACP0211220","name":"REGULATOR"},{"catalog_number":"ACP0211210","name":"REGULATOR"},{"catalog_number":"ACP0211200","name":"GEAR,GEARBOX"},{"catalog_number":"ACP0211190","name":"GEAR,GEARBOX"},{"catalog_number":"ACP0211180","name":"GEAR,GEARBOX"},{"catalog_number":"ACP0211170","name":"FRAME"},{"catalog_number":"ACP0211160","name":"FRAME"},{"catalog_number":"ACP0211150","name":"FRAME"},{"catalog_number":"ACP0211140","name":"FRAME"},{"catalog_number":"ACP0211130","name":"FRAME"},{"catalog_number":"ACP0211120","name":"FLAT WASHER"},{"catalog_number":"ACP0211110","name":"FLAT WASHER"},{"catalog_number":"ACP0211100","name":"SCRAPER"},{"catalog_number":"ACP0211090","name":"RETAINER"},{"catalog_number":"ACP0211080","name":"ROD SEAL"},{"catalog_number":"ACP0211070","name":"FLAT WASHER"},{"catalog_number":"ACP0211060","name":"SEAL"},{"catalog_number":"ACP0211050","name":"FLAT WASHER"},{"catalog_number":"ACP0211040","name":"FLAT WASHER"},{"catalog_number":"ACP0211030","name":"FLAT WASHER"},{"catalog_number":"ACP0211020","name":"O RING"},{"catalog_number":"ACP0211010","name":"KEY"},{"catalog_number":"ACP0211000","name":"KEY"},{"catalog_number":"ACP0210960","name":"CIRCLIP"},{"catalog_number":"ACP0210950","name":"CYLINDER"},{"catalog_number":"ACP0210940","name":"CYLINDER"},{"catalog_number":"ACP0210930","name":"CYLINDER"},{"catalog_number":"ACP0210920","name":"CYLINDER"},{"catalog_number":"ACP0210910","name":"LINK PIN"},{"catalog_number":"ACP0210900","name":"LINK PIN"},{"catalog_number":"ACP0210890","name":"LINK PIN"},{"catalog_number":"ACP0210880","name":"LINK PIN"},{"catalog_number":"ACP0210870","name":"O RING"},{"catalog_number":"ACP0210860","name":"LINK PIN"},{"catalog_number":"ACP0210850","name":"DISC SCRAPER"},{"catalog_number":"ACP0210840","name":"BUSH"},{"catalog_number":"ACP0210830","name":"CYLINDER BODY"},{"catalog_number":"ACP0210820","name":"CYLINDER BODY"},{"catalog_number":"ACP0210810","name":"CYLINDER BODY"},{"catalog_number":"ACP0210800","name":"CYLINDER BODY"},{"catalog_number":"ACP0210790","name":"CUTTING EDGE"},{"catalog_number":"ACP0210780","name":"CUTTING EDGE"},{"catalog_number":"ACP0210770","name":"COVER"},{"catalog_number":"ACP0210760","name":"COVER"},{"catalog_number":"ACP0210750","name":"NUT"},{"catalog_number":"ACP0210740","name":"PISTON"},{"catalog_number":"ACP0210730","name":"CLAMP"},{"catalog_number":"ACP0210720","name":"CASTLE NUT"},{"catalog_number":"ACP0210710","name":"CASTLE NUT"},{"catalog_number":"ACP0210700","name":"BUSH"},{"catalog_number":"ACP0210690","name":"BUSH"},{"catalog_number":"ACP0210680","name":"BRACE"},{"catalog_number":"ACP0210670","name":"CYLINDER BODY"},{"catalog_number":"ACP0210660","name":"BLADE"},{"catalog_number":"ACP0210650","name":"BLADE"},{"catalog_number":"ACP0210640","name":"BLADE"},{"catalog_number":"ACP0210630","name":"BLADE"},{"catalog_number":"ACP0210620","name":"BLADE"},{"catalog_number":"ACP0210610","name":"BELT"},{"catalog_number":"ACP0210600","name":"BELT"},{"catalog_number":"ACP0210590","name":"BEARING"},{"catalog_number":"ACP0210580","name":"BEARING"},{"catalog_number":"ACP0210570","name":"BEARING"},{"catalog_number":"ACP0210560","name":"CHOCK"},{"catalog_number":"ACP0210550","name":"NUT"},{"catalog_number":"ACP0210540","name":"COVER"},{"catalog_number":"ACP0210530","name":"BANJO BOLT"},{"catalog_number":"ACP0210520","name":"UNION"},{"catalog_number":"ACP0210510","name":"BALL BEARING"},{"catalog_number":"ACP0210500","name":"BALL BEARING"},{"catalog_number":"ACP0210490","name":"AXLE"},{"catalog_number":"ACP0210480","name":"AXLE"},{"catalog_number":"ACP0210470","name":"AXLE"},{"catalog_number":"ACP0210460","name":"AXLE"},{"catalog_number":"ACP0210450","name":"AXLE"},{"catalog_number":"ACP0210440","name":"AXLE"},{"catalog_number":"ACP0210430","name":"AXLE"},{"catalog_number":"ACP0210420","name":"BAR"},{"catalog_number":"ACP0210410","name":"BAR"},{"catalog_number":"ACP0210400","name":"NUT"},{"catalog_number":"ACP0210390","name":"COVER"},{"catalog_number":"ACP0210380","name":"NUT"},{"catalog_number":"ACP0210370","name":"COVER"},{"catalog_number":"ACP0210320","name":"PIN"},{"catalog_number":"ACP0210300","name":"SENSOR"},{"catalog_number":"ACP0210250","name":"PIN"},{"catalog_number":"ACP0210240","name":"LEVER"},{"catalog_number":"ACP0210220","name":"LEVER"},{"catalog_number":"ACP0210200","name":"LEVER"},{"catalog_number":"ACP0208930","name":"WASHER"},{"catalog_number":"ACP0208810","name":"SHAFT"},{"catalog_number":"ACP0208770","name":"PINION"},{"catalog_number":"ACP0208190","name":"SCREW"},{"catalog_number":"ACP0208130","name":"BOLT"},{"catalog_number":"ACP0208070","name":"BOLT"},{"catalog_number":"ACP0208060","name":"BOLT"},{"catalog_number":"ACP0208050","name":"NUT"},{"catalog_number":"ACP0208040","name":"BOLT"},{"catalog_number":"ACP0208030","name":"BOLT"},{"catalog_number":"ACP0208020","name":"BOLT"},{"catalog_number":"ACP0207960","name":"YOKE"},{"catalog_number":"ACP0207950","name":"DISC"},{"catalog_number":"ACP0207940","name":"DISC"},{"catalog_number":"ACP0207930","name":"DISC"},{"catalog_number":"ACP0207920","name":"DISC"},{"catalog_number":"ACP0207910","name":"DISC"},{"catalog_number":"ACP0207900","name":"DISC"},{"catalog_number":"ACP0207890","name":"SPACER"},{"catalog_number":"ACP0207880","name":"SPACER"},{"catalog_number":"ACP0207870","name":"BEARING"},{"catalog_number":"ACP0207860","name":"BEARING"},{"catalog_number":"ACP0207850","name":"GANG"},{"catalog_number":"ACP0207840","name":"GANG"},{"catalog_number":"ACP0207830","name":"GANG"},{"catalog_number":"ACP0207820","name":"GANG"},{"catalog_number":"ACP0207810","name":"SKIMMER"},{"catalog_number":"ACP0207800","name":"SKIMMER"},{"catalog_number":"ACP0207790","name":"GANG"},{"catalog_number":"ACP0207780","name":"GANG"},{"catalog_number":"ACP0207770","name":"GANG"},{"catalog_number":"ACP0207760","name":"GANG"},{"catalog_number":"ACP0207750","name":"HEADSTOCK"},{"catalog_number":"ACP0207740","name":"GANG"},{"catalog_number":"ACP0207730","name":"SUPPORT"},{"catalog_number":"ACP0207720","name":"GANG"},{"catalog_number":"ACP0207710","name":"POSITIONER"},{"catalog_number":"ACP0207700","name":"REGULATOR"},{"catalog_number":"ACP0207690","name":"BAR"},{"catalog_number":"ACP0207680","name":"STAY"},{"catalog_number":"ACP0207670","name":"EXTENSION"},{"catalog_number":"ACP0207660","name":"SKIMMER"},{"catalog_number":"ACP0207650","name":"SKIMMER"},{"catalog_number":"ACP0207640","name":"GANG"},{"catalog_number":"ACP0207630","name":"GANG"},{"catalog_number":"ACP0207620","name":"GANG"},{"catalog_number":"ACP0207610","name":"SUPPORT"},{"catalog_number":"ACP0207600","name":"GANG"},{"catalog_number":"ACP0207590","name":"POSITIONER"},{"catalog_number":"ACP0207580","name":"REGULATOR"},{"catalog_number":"ACP0207570","name":"BAR"},{"catalog_number":"ACP0207560","name":"STAY"},{"catalog_number":"ACP0207550","name":"EXTENSION"},{"catalog_number":"ACP0207540","name":"AXLE"},{"catalog_number":"ACP0207530","name":"AXLE"},{"catalog_number":"ACP0207520","name":"AXLE"},{"catalog_number":"ACP0207510","name":"HEADSTOCK"},{"catalog_number":"ACP0207500","name":"AXLE"},{"catalog_number":"ACP0207490","name":"AXLE"},{"catalog_number":"ACP0207480","name":"STAY"},{"catalog_number":"ACP0207470","name":"PRESSURE HOSE"},{"catalog_number":"ACP0207460","name":"PRESSURE HOSE"},{"catalog_number":"ACP0207450","name":"SPRING"},{"catalog_number":"ACP0207440","name":"COTTER PIN"},{"catalog_number":"ACP0207430","name":"FIXING PIN"},{"catalog_number":"ACP0207420","name":"BUSH"},{"catalog_number":"ACP0207410","name":"FLAT WASHER"},{"catalog_number":"ACP0207400","name":"BEAR. 6210"},{"catalog_number":"ACP0207390","name":"RETAINER"},{"catalog_number":"ACP0207380","name":"FLAT WASHER"},{"catalog_number":"ACP0207370","name":"FLAT WASHER"},{"catalog_number":"ACP0207360","name":"NUT"},{"catalog_number":"ACP0207350","name":"COTTER PIN"},{"catalog_number":"ACP0207340","name":"NUT"},{"catalog_number":"ACP0207330","name":"NUT"},{"catalog_number":"ACP0207320","name":"NUT"},{"catalog_number":"ACP0207310","name":"SPRING"},{"catalog_number":"ACP0207300","name":"SCREW"},{"catalog_number":"ACP0207290","name":"SCREW"},{"catalog_number":"ACP0207280","name":"SCREW"},{"catalog_number":"ACP0207270","name":"PIN"},{"catalog_number":"ACP0207260","name":"BUSH"},{"catalog_number":"ACP0207250","name":"BUSH"},{"catalog_number":"ACP0207240","name":"BUSH"},{"catalog_number":"ACP0207230","name":"LINCH PIN"},{"catalog_number":"ACP0207220","name":"SCREW"},{"catalog_number":"ACP0207210","name":"BEARING HOUSING"},{"catalog_number":"ACP0207200","name":"CAP"},{"catalog_number":"ACP0207190","name":"WHEEL CAP"},{"catalog_number":"ACP0207180","name":"LOCKING NUT"},{"catalog_number":"ACP0207170","name":"ADJUSTING YOKE"},{"catalog_number":"ACP0207160","name":"WHEEL AXLE"},{"catalog_number":"ACP0207150","name":"NUT"},{"catalog_number":"ACP0207140","name":"PIN"},{"catalog_number":"ACP0207130","name":"FIXING PIN"},{"catalog_number":"ACP0207120","name":"PLATE"},{"catalog_number":"ACP0207110","name":"DISC SCRAPER"},{"catalog_number":"ACP0207100","name":"DISC SCRAPER"},{"catalog_number":"ACP0207090","name":"PLATE"},{"catalog_number":"ACP0207080","name":"SET SCREW"},{"catalog_number":"ACP0207070","name":"SCREW"},{"catalog_number":"ACP0207060","name":"SCREW"},{"catalog_number":"ACP0207050","name":"BAR"},{"catalog_number":"ACP0207040","name":"BAR"},{"catalog_number":"ACP0207030","name":"SPRING"},{"catalog_number":"ACP0207020","name":"SCREW"},{"catalog_number":"ACP0207010","name":"SCREW"},{"catalog_number":"ACP0207000","name":"SCREW"},{"catalog_number":"ACP0206990","name":"SCREW"},{"catalog_number":"ACP0206980","name":"SCREW"},{"catalog_number":"ACP0206970","name":"BAR"},{"catalog_number":"ACP0206960","name":"SUPPORT"},{"catalog_number":"ACP0206950","name":"AXLE"},{"catalog_number":"ACP0206940","name":"SCREW"},{"catalog_number":"ACP0206930","name":"LINCH PIN"},{"catalog_number":"ACP0206920","name":"CASING"},{"catalog_number":"ACP0206910","name":"FLANGE"},{"catalog_number":"ACP0206900","name":"FLANGE"},{"catalog_number":"ACP0206890","name":"NUT"},{"catalog_number":"ACP0206880","name":"SCREW"},{"catalog_number":"ACP0206860","name":"PLATE"},{"catalog_number":"ACP0206850","name":"PIN"},{"catalog_number":"ACP0206840","name":"PLATE"},{"catalog_number":"ACP0206830","name":"WHEEL"},{"catalog_number":"ACP0206820","name":"PIN"},{"catalog_number":"ACP0206810","name":"WHEEL"},{"catalog_number":"ACP0206800","name":"CAP"},{"catalog_number":"ACP0206790","name":"GREASE NIPPLE"},{"catalog_number":"ACP0206780","name":"KING PIN"},{"catalog_number":"ACP0206770","name":"TINE"},{"catalog_number":"ACP0206760","name":"COMPRESS. SPRING"},{"catalog_number":"ACP0206750","name":"COMPRESS. SPRING"},{"catalog_number":"ACP0206740","name":"BRACKET"},{"catalog_number":"ACP0206730","name":"TINE"},{"catalog_number":"ACP0206720","name":"SHARE"},{"catalog_number":"ACP0206710","name":"CLAMP"},{"catalog_number":"ACP0206700","name":"PLATE"},{"catalog_number":"ACP0206690","name":"EXTENSION"},{"catalog_number":"ACP0206680","name":"EXTENSION"},{"catalog_number":"ACP0206670","name":"WHEEL"},{"catalog_number":"ACP0206660","name":"WHEEL"},{"catalog_number":"ACP0206650","name":"LATCH"},{"catalog_number":"ACP0206640","name":"LATCH"},{"catalog_number":"ACP0206630","name":"CLAMP"},{"catalog_number":"ACP0206620","name":"HUB"},{"catalog_number":"ACP0206610","name":"STOP"},{"catalog_number":"ACP0206600","name":"WHEEL ADJUSTER"},{"catalog_number":"ACP0206590","name":"SWING ARM"},{"catalog_number":"ACP0206580","name":"PLATE"},{"catalog_number":"ACP0206570","name":"WHEEL ADJUSTER"},{"catalog_number":"ACP0206560","name":"PLATE"},{"catalog_number":"ACP0206550","name":"SUPPORT"},{"catalog_number":"ACP0206540","name":"SUPPORT"},{"catalog_number":"ACP0206530","name":"TINE"},{"catalog_number":"ACP0206520","name":"SUPPORT"},{"catalog_number":"ACP0206510","name":"SUPPORT"},{"catalog_number":"ACP0206500","name":"PROP STAND"},{"catalog_number":"ACP0206490","name":"PLATE"},{"catalog_number":"ACP0206480","name":"BAR"},{"catalog_number":"ACP0206470","name":"BAR"},{"catalog_number":"ACP0206460","name":"FRAME"},{"catalog_number":"ACP0206450","name":"POSITIONER"},{"catalog_number":"ACP0206440","name":"POSITIONER"},{"catalog_number":"ACP0206430","name":"SAFETY DECAL"},{"catalog_number":"ACP0206420","name":"WHEELS"},{"catalog_number":"ACP0206410","name":"DRAFT SPRING"},{"catalog_number":"ACP0206400","name":"CABLE CLIP"},{"catalog_number":"ACP0206390","name":"LINCH PIN"},{"catalog_number":"ACP0206380","name":"PIN"},{"catalog_number":"ACP0206370","name":"PIN"},{"catalog_number":"ACP0206360","name":"PIN"},{"catalog_number":"ACP0206350","name":"PIN"},{"catalog_number":"ACP0206340","name":"PIN"},{"catalog_number":"ACP0206330","name":"PLATE"},{"catalog_number":"ACP0206320","name":"FLAT WASHER"},{"catalog_number":"ACP0206310","name":"LOCKNUT"},{"catalog_number":"ACP0206300","name":"WHEEL HUB"},{"catalog_number":"ACP0206290","name":"BODY"},{"catalog_number":"ACP0206280","name":"NUT"},{"catalog_number":"ACP0206270","name":"PLATE"},{"catalog_number":"ACP0206260","name":"SCREW"},{"catalog_number":"ACP0206250","name":"SCREW"},{"catalog_number":"ACP0206240","name":"SCREW"},{"catalog_number":"ACP0206230","name":"SCREW"},{"catalog_number":"ACP0206220","name":"SCREW"},{"catalog_number":"ACP0206210","name":"FIXING"},{"catalog_number":"ACP0206200","name":"SUPPORT"},{"catalog_number":"ACP0206190","name":"BOX"},{"catalog_number":"ACP0206180","name":"SCREW"},{"catalog_number":"ACP0206170","name":"SCREW"},{"catalog_number":"ACP0206160","name":"LINCH PIN"},{"catalog_number":"ACP0206150","name":"LINCH PIN"},{"catalog_number":"ACP0206140","name":"PLATE"},{"catalog_number":"ACP0206130","name":"SCREW"},{"catalog_number":"ACP0206120","name":"BRAKE"},{"catalog_number":"ACP0206110","name":"BAR"},{"catalog_number":"ACP0206100","name":"ROPE"},{"catalog_number":"ACP0205200","name":"SHARE"},{"catalog_number":"ACP0205190","name":"EXTENSION"},{"catalog_number":"ACP0205180","name":"REST"},{"catalog_number":"ACP0205170","name":"LEG"},{"catalog_number":"ACP0205160","name":"BAR"},{"catalog_number":"ACP0205150","name":"LEG"},{"catalog_number":"ACP0205140","name":"LEG"},{"catalog_number":"ACP0205130","name":"PLATE"},{"catalog_number":"ACP0205120","name":"SUPPORT"},{"catalog_number":"ACP0205110","name":"CHASSIS"},{"catalog_number":"ACP0205100","name":"PIN"},{"catalog_number":"ACP0205090","name":"PIN"},{"catalog_number":"ACP0205080","name":"NUT"},{"catalog_number":"ACP0205070","name":"SCREW"},{"catalog_number":"ACP0205060","name":"SCREW"},{"catalog_number":"ACP0205050","name":"SCREW"},{"catalog_number":"ACP0205040","name":"SCREW"},{"catalog_number":"ACP0205030","name":"SCREW"},{"catalog_number":"ACP0205020","name":"GANG"},{"catalog_number":"ACP0205010","name":"GANG"},{"catalog_number":"ACP0205000","name":"AXLE"},{"catalog_number":"ACP0204990","name":"GANG"},{"catalog_number":"ACP0204980","name":"GANG"},{"catalog_number":"ACP0204970","name":"FRAME"},{"catalog_number":"ACP0204960","name":"FRAME"},{"catalog_number":"ACP0204950","name":"DISC"},{"catalog_number":"ACP0204940","name":"GANG"},{"catalog_number":"ACP0204930","name":"GANG"},{"catalog_number":"ACP0204920","name":"AXLE"},{"catalog_number":"ACP0204910","name":"NUT"},{"catalog_number":"ACP0204900","name":"GANG"},{"catalog_number":"ACP0204890","name":"GANG"},{"catalog_number":"ACP0204880","name":"STAY"},{"catalog_number":"ACP0204870","name":"SCREW"},{"catalog_number":"ACP0204860","name":"HEADSTOCK"},{"catalog_number":"ACP0204850","name":"BUSH"},{"catalog_number":"ACP0204840","name":"PIN"},{"catalog_number":"ACP0204830","name":"REGULATOR"},{"catalog_number":"ACP0204820","name":"EXTENSION"},{"catalog_number":"ACP0204810","name":"POSITIONER"},{"catalog_number":"ACP0204800","name":"FRAME"},{"catalog_number":"ACP0204790","name":"FRAME"},{"catalog_number":"ACP0204780","name":"BAR"},{"catalog_number":"ACP0204770","name":"AXLE"},{"catalog_number":"ACP0204760","name":"GANG"},{"catalog_number":"ACP0204750","name":"GANG"},{"catalog_number":"ACP0204740","name":"FRAME"},{"catalog_number":"ACP0204730","name":"FRAME"},{"catalog_number":"ACP0204720","name":"BEARING HOUSING"},{"catalog_number":"ACP0204710","name":"DISC"},{"catalog_number":"ACP0204700","name":"SPACER"},{"catalog_number":"ACP0204690","name":"GANG"},{"catalog_number":"ACP0204680","name":"SKIMMER"},{"catalog_number":"ACP0204670","name":"SKIMMER"},{"catalog_number":"ACP0204660","name":"SPACER"},{"catalog_number":"ACP0204650","name":"SPACER"},{"catalog_number":"ACP0204640","name":"REGULATOR"},{"catalog_number":"ACP0204630","name":"AXLE"},{"catalog_number":"ACP0204620","name":"GANG"},{"catalog_number":"ACP0204610","name":"STAY"},{"catalog_number":"ACP0204600","name":"BAR"},{"catalog_number":"ACP0204590","name":"FRAME"},{"catalog_number":"ACP0204580","name":"FRAME"},{"catalog_number":"ACP0204570","name":"EXTENSION"},{"catalog_number":"ACP0204560","name":"HEADSTOCK"},{"catalog_number":"ACP0204550","name":"EXTENSION"},{"catalog_number":"ACP0204540","name":"POSITIONER"},{"catalog_number":"ACP0204530","name":"RING"},{"catalog_number":"ACP0204520","name":"FLANGE"},{"catalog_number":"ACP0204510","name":"BEARING"},{"catalog_number":"ACP0204500","name":"PIN"},{"catalog_number":"ACP0204490","name":"PIN"},{"catalog_number":"ACP0204480","name":"PIN"},{"catalog_number":"ACP0204470","name":"BUSH"},{"catalog_number":"ACP0204460","name":"BUSH"},{"catalog_number":"ACP0204450","name":"BUSH"},{"catalog_number":"ACP0204440","name":"NUT"},{"catalog_number":"ACP0204430","name":"NUT"},{"catalog_number":"ACP0204420","name":"SCREW"},{"catalog_number":"ACP0204410","name":"SCREW"},{"catalog_number":"ACP0204400","name":"SCREW"},{"catalog_number":"ACP0204390","name":"SCREW"},{"catalog_number":"ACP0204380","name":"SCREW"},{"catalog_number":"ACP0204370","name":"SCREW"},{"catalog_number":"ACP0204360","name":"PIN"},{"catalog_number":"ACP0204350","name":"PIN"},{"catalog_number":"ACP0204340","name":"PIN"},{"catalog_number":"ACP0204330","name":"AXLE"},{"catalog_number":"ACP0204320","name":"ROLLER"},{"catalog_number":"ACP0204310","name":"ROLLER"},{"catalog_number":"ACP0204300","name":"FRAME"},{"catalog_number":"ACP0204290","name":"SHARE"},{"catalog_number":"ACP0204280","name":"LEG"},{"catalog_number":"ACP0204270","name":"PROTECTION BAR"},{"catalog_number":"ACP0204260","name":"LEG"},{"catalog_number":"ACP0204250","name":"LEG"},{"catalog_number":"ACP0204240","name":"FRAME"},{"catalog_number":"ACP0204230","name":"SUPPORT"},{"catalog_number":"ACP0204220","name":"WHEEL SUPPORT"},{"catalog_number":"ACP0204210","name":"WHEEL SUPPORT"},{"catalog_number":"ACP0204200","name":"WHEEL"},{"catalog_number":"ACP0204190","name":"WHEEL"},{"catalog_number":"ACP0204180","name":"WHEEL"},{"catalog_number":"ACP0204170","name":"RETAINER"},{"catalog_number":"ACP0204160","name":"COTTER PIN"},{"catalog_number":"ACP0204150","name":"LINCH PIN"},{"catalog_number":"ACP0204140","name":"LINCH PIN"},{"catalog_number":"ACP0204130","name":"CLEVIS PIN"},{"catalog_number":"ACP0204120","name":"WASHER"},{"catalog_number":"ACP0204110","name":"SCREW"},{"catalog_number":"ACP0204100","name":"SCREW"},{"catalog_number":"ACP0204090","name":"BUSH"},{"catalog_number":"ACP0204080","name":"HYD CYLINDER"},{"catalog_number":"ACP0204070","name":"DRAWBAR"},{"catalog_number":"ACP0204060","name":"HYD CYLINDER"},{"catalog_number":"ACP0204050","name":"CHASSIS"}]}