{"machinery_brand_name":"Ag-Chem","parts":[{"catalog_number":"519770D1","name":"ARMREST KIT, LH"},{"catalog_number":"519759D1","name":"LEG"},{"catalog_number":"519758D1","name":"LEG"},{"catalog_number":"519751D1","name":"AXLE"},{"catalog_number":"519750D1","name":"SPRING"},{"catalog_number":"519749D1","name":"MOUNTING BRACKET"},{"catalog_number":"519662D1","name":"WARNING DECAL"},{"catalog_number":"519661D1","name":"WARNING DECAL"},{"catalog_number":"519660D1","name":"DECAL"},{"catalog_number":"519659D1","name":"DECAL"},{"catalog_number":"519620D1","name":"SEAL"},{"catalog_number":"519619D1","name":"GASKET"},{"catalog_number":"519618D1","name":"GASKET"},{"catalog_number":"519615D1","name":"SHEET"},{"catalog_number":"519609D1","name":"WARNING DECAL"},{"catalog_number":"519608D1","name":"WARNING DECAL"},{"catalog_number":"519555D1","name":"KIT"},{"catalog_number":"519554D1","name":"KIT"},{"catalog_number":"519513D1","name":"DECAL"},{"catalog_number":"519512D1","name":"DECAL"},{"catalog_number":"519511D1","name":"DECAL"},{"catalog_number":"519510D1","name":"DECAL"},{"catalog_number":"519509D1","name":"DECAL"},{"catalog_number":"519508D1","name":"DECAL"},{"catalog_number":"519507D1","name":"DECAL"},{"catalog_number":"519506D1","name":"DECAL"},{"catalog_number":"519493D1","name":"SPACER BLOCK"},{"catalog_number":"519473D1","name":"TOP PART"},{"catalog_number":"519438D1","name":"WORKLIGHT"},{"catalog_number":"519393D1","name":"GASKET KIT"},{"catalog_number":"519390D1","name":"JUMPER HARNESS"},{"catalog_number":"519389D1","name":"HARNESS"},{"catalog_number":"519380D1","name":"MANIFOLD"},{"catalog_number":"519332D1","name":"ARM"},{"catalog_number":"519275D1","name":"MOUNT"},{"catalog_number":"519271D1","name":"MOUNTING BRACKET"},{"catalog_number":"519251D1","name":"PLATE"},{"catalog_number":"519248D2","name":"WIRE HARNESS"},{"catalog_number":"519247D2","name":"HARNESS"},{"catalog_number":"519244D1","name":"MUFFLER"},{"catalog_number":"519228D1","name":"SHIELD"},{"catalog_number":"519203D1","name":"BUMPER"},{"catalog_number":"519172D1","name":"CONTROL NODE"},{"catalog_number":"519134D1","name":"PLATE"},{"catalog_number":"519120D1","name":"PLUG"},{"catalog_number":"519086D1","name":"HARNESS"},{"catalog_number":"519079D1","name":"TEE FITTING"},{"catalog_number":"518987D1","name":"COOLER"},{"catalog_number":"518985D1","name":"HOSE"},{"catalog_number":"518954D1","name":"HOSE"},{"catalog_number":"518953D1","name":"HOSE"},{"catalog_number":"518952D1","name":"HOSE"},{"catalog_number":"518881D1","name":"BREATHER"},{"catalog_number":"518873D1","name":"SPACER"},{"catalog_number":"518861D1","name":"BOOM"},{"catalog_number":"518860D1","name":"BOOM"},{"catalog_number":"518854D1","name":"SHROUD"},{"catalog_number":"518853D1","name":"TANK"},{"catalog_number":"518844D1","name":"HARNESS"},{"catalog_number":"518806D1","name":"SHIELD SUPPORT,R"},{"catalog_number":"518805D1","name":"SHIELD SUPPORT,L"},{"catalog_number":"518799D1","name":"BRAKE"},{"catalog_number":"518797D1","name":"HOSE"},{"catalog_number":"518759D1","name":"HARNESS"},{"catalog_number":"518758D1","name":"HARNESS"},{"catalog_number":"518757D1","name":"HARNESS"},{"catalog_number":"518755D1","name":"DECAL"},{"catalog_number":"518754D1","name":"CHASSIS"},{"catalog_number":"518732D1","name":"DECAL"},{"catalog_number":"518678D1","name":"WELDING SET"},{"catalog_number":"518671D1","name":"SERPENTINE BELT"},{"catalog_number":"518651D1","name":"RESISTOR"},{"catalog_number":"518641D1","name":"INSTRUCTIONS"},{"catalog_number":"518638D1A","name":"INSTRUCTIONS"},{"catalog_number":"518632D1","name":"EDUCTOR KIT"},{"catalog_number":"518626D1","name":"BRACKET"},{"catalog_number":"518581D1","name":"SPACER SWIVEL"},{"catalog_number":"518569D1","name":"HYD PUMP"},{"catalog_number":"518557D1","name":"BAFFLE"},{"catalog_number":"518547D1","name":"MOUNTING BRACKET"},{"catalog_number":"518536D1","name":"HOSE"},{"catalog_number":"518535D1","name":"HOSE"},{"catalog_number":"518534D1","name":"HOSE"},{"catalog_number":"518533D1","name":"HOSE"},{"catalog_number":"518532D1","name":"HOSE"},{"catalog_number":"518531D1","name":"HOSE"},{"catalog_number":"518498D1","name":"PLATE"},{"catalog_number":"518488D1","name":"SEAL"},{"catalog_number":"518479D1","name":"PLATE"},{"catalog_number":"518478D1","name":"SUPPORT BRACKET"},{"catalog_number":"518477D1","name":"CROSSMEMBER"},{"catalog_number":"518476D1","name":"MOUNTING BRACKET"},{"catalog_number":"518475D1","name":"MOUNTING BRACKET"},{"catalog_number":"518466D1","name":"MOUNTING BRACKET"},{"catalog_number":"518462D1","name":"LEG"},{"catalog_number":"518461D1","name":"LEG"},{"catalog_number":"518460D1","name":"LEG"},{"catalog_number":"518459D1","name":"LEG"},{"catalog_number":"518450D1","name":"BRACKET"},{"catalog_number":"518447D1","name":"CONSOLE"},{"catalog_number":"518411D1","name":"BOOM"},{"catalog_number":"518410D1","name":"BOOM"},{"catalog_number":"518409D1","name":"TUBE"},{"catalog_number":"518379D1","name":"TANK SUPPORT"},{"catalog_number":"518359D1","name":"HOSE"},{"catalog_number":"518357D1","name":"HOSE"},{"catalog_number":"518356D1","name":"HOSE"},{"catalog_number":"518355D1","name":"HOSE"},{"catalog_number":"518354D1","name":"HOSE"},{"catalog_number":"518346D1","name":"CONTROL UNIT"},{"catalog_number":"518337D1","name":"CAB"},{"catalog_number":"518335D1","name":"AIR HOSE"},{"catalog_number":"518329D1","name":"HYDRAULIC HOSE"},{"catalog_number":"518328D1","name":"HYDRAULIC HOSE"},{"catalog_number":"518327D1","name":"HYDRAULIC HOSE"},{"catalog_number":"518326D1","name":"HYDRAULIC HOSE"},{"catalog_number":"518325D1","name":"HYDRAULIC HOSE"},{"catalog_number":"518324D1","name":"HYDRAULIC HOSE"},{"catalog_number":"518319D1","name":"CAB HARNESS"},{"catalog_number":"518305D1","name":"HYD CYLINDER"},{"catalog_number":"518284D1","name":"VALVE"},{"catalog_number":"518283D1","name":"MOTOR"},{"catalog_number":"518248D1","name":"SLEEVE"},{"catalog_number":"518211D1","name":"INSTRUCTIONS"},{"catalog_number":"518210D1","name":"NOZZLE"},{"catalog_number":"518209D1","name":"EPOXY"},{"catalog_number":"518208D1","name":"KIT"},{"catalog_number":"518097D2","name":"WIRE HARNESS"},{"catalog_number":"518065D1","name":"LIGHT"},{"catalog_number":"518064D1","name":"LIGHT"},{"catalog_number":"518032D1","name":"CONSOLE HARNESS"},{"catalog_number":"518015D1","name":"HARNESS"},{"catalog_number":"518014D1","name":"HARNESS"},{"catalog_number":"518007D1","name":"GEAR PUMP"},{"catalog_number":"517989D1","name":"LEG"},{"catalog_number":"517987D1","name":"LEG"},{"catalog_number":"517983D1","name":"MOTOR COVER"},{"catalog_number":"517981D1","name":"DISC BRAKE"},{"catalog_number":"517960D1","name":"BRACKET"},{"catalog_number":"517953D1","name":"HARNESS"},{"catalog_number":"517950D1","name":"HARNESS"},{"catalog_number":"517949D1","name":"CAB HARNESS"},{"catalog_number":"517948D1","name":"HARNESS"},{"catalog_number":"517898D1","name":"ARM"},{"catalog_number":"517882D1","name":"BRACKET"},{"catalog_number":"517820D2","name":"HARNESS"},{"catalog_number":"517817D1","name":"LIGHT BAR"},{"catalog_number":"517816D1","name":"CABLE"},{"catalog_number":"517815D1","name":"LIGHT BAR"},{"catalog_number":"517805D1","name":"CABLE"},{"catalog_number":"517804D1","name":"ANGLE SENSOR"},{"catalog_number":"517803D1","name":"SENSOR KIT"},{"catalog_number":"517770D1","name":"COVER"},{"catalog_number":"517750D1","name":"BRACE"},{"catalog_number":"517749D1","name":"EXTENSION"},{"catalog_number":"517748D1","name":"PLATE"},{"catalog_number":"517747D1","name":"HOSE"},{"catalog_number":"517736D1","name":"PUMP"},{"catalog_number":"517729D1","name":"EXT HARNESS"},{"catalog_number":"517727D1","name":"STEP"},{"catalog_number":"517696D1","name":"BRACKET"},{"catalog_number":"517691D1","name":"MOUNTING"},{"catalog_number":"517664D1","name":"ASSEMBLY SET"},{"catalog_number":"517658D1","name":"ROCKER SWITCH"},{"catalog_number":"517657D1","name":"ROCKER SWITCH"},{"catalog_number":"517656D1","name":"ROCKER SWITCH"},{"catalog_number":"517655D1","name":"ROCKER SWITCH"},{"catalog_number":"517537D1","name":"BRACKET"},{"catalog_number":"517527D1","name":"SPACER TUBE"},{"catalog_number":"517520D1","name":"CHAIN"},{"catalog_number":"517501D1","name":"HYDRAULIC PUMP"},{"catalog_number":"517495D1","name":"HOSE"},{"catalog_number":"517494D1","name":"HOSE"},{"catalog_number":"517493D1","name":"HOSE"},{"catalog_number":"517491D1","name":"HOSE"},{"catalog_number":"517490D1","name":"HOSE"},{"catalog_number":"517489D1","name":"HOSE"},{"catalog_number":"517488D1","name":"HOSE"},{"catalog_number":"517486D1","name":"HOSE"},{"catalog_number":"517485D1","name":"HOSE"},{"catalog_number":"517482D1","name":"HOSE"},{"catalog_number":"517479D1","name":"HOSE"},{"catalog_number":"517420D1","name":"HOSE"},{"catalog_number":"517419D1","name":"HOSE"},{"catalog_number":"517411D1","name":"SERPENTINE BELT"},{"catalog_number":"517409D1","name":"TRANSDUCER"},{"catalog_number":"517408D1","name":"PRESSURE SWITCH"},{"catalog_number":"517407D1","name":"PRESSURE SWITCH"},{"catalog_number":"517406D1","name":"TRANSDUCER"},{"catalog_number":"517405D1","name":"PRESSURE SWITCH"},{"catalog_number":"517404D1","name":"TRANSDUCER"},{"catalog_number":"517403D1","name":"PLATE"},{"catalog_number":"517395D1","name":"SERPENTINE BELT"},{"catalog_number":"517380D1","name":"BRACKET"},{"catalog_number":"517378D1","name":"HOSE"},{"catalog_number":"517377D1","name":"HOSE"},{"catalog_number":"517369D1","name":"BATTERY BOX"},{"catalog_number":"517367D1","name":"MOUNTING"},{"catalog_number":"517364D1","name":"TUBE"},{"catalog_number":"517344D1","name":"HOSE"},{"catalog_number":"517343D1","name":"HOSE"},{"catalog_number":"517341D1","name":"HOSE"},{"catalog_number":"517340D1","name":"HOSE"},{"catalog_number":"517339D1","name":"HOSE"},{"catalog_number":"517338D1","name":"HOSE"},{"catalog_number":"517332D1","name":"DOOR GLASS"},{"catalog_number":"517314D1","name":"BLOCK"},{"catalog_number":"517311D1","name":"EXHAUST BRACKET"},{"catalog_number":"517308D1","name":"PRESSURE VALVE"},{"catalog_number":"517306D1","name":"CHECK VALVE"},{"catalog_number":"517255D1","name":"DECAL"},{"catalog_number":"517254D1","name":"DECAL"},{"catalog_number":"517162D1","name":"SHIELD"},{"catalog_number":"517156D1","name":"PLATE"},{"catalog_number":"517131D1","name":"MAGNET"},{"catalog_number":"517112D1","name":"PLATE"},{"catalog_number":"517082D1","name":"CONNECTOR PLUG"},{"catalog_number":"517063D1","name":"SEAL KIT"},{"catalog_number":"517010D1","name":"ORIFICE"},{"catalog_number":"517007D1","name":"MOUNTING BRACKET"},{"catalog_number":"516993D1","name":"GPS ANTENNA"},{"catalog_number":"516991D1","name":"ULTR. SENSOR,LH"},{"catalog_number":"516990D1","name":"ULTR. SENSOR,RH"},{"catalog_number":"516987D1","name":"HYDRAULIC PUMP"},{"catalog_number":"516986D1","name":"PUMP"},{"catalog_number":"516971D1","name":"ARM"},{"catalog_number":"516968D1","name":"AXLE"},{"catalog_number":"516967D1","name":"AXLE"},{"catalog_number":"516959D1","name":"HOSE"},{"catalog_number":"516957D1","name":"HOSE"},{"catalog_number":"516951D1","name":"EXT HARNESS"},{"catalog_number":"516950D1","name":"CABLE"},{"catalog_number":"516949D1","name":"GPS EXT CABLE"},{"catalog_number":"516934D1","name":"CLAMP PLATE"},{"catalog_number":"516932D1","name":"DECAL, TIE DOWN"},{"catalog_number":"516931D1","name":"LIFT DECAL"},{"catalog_number":"516898D1","name":"TUBE"},{"catalog_number":"516831D1","name":"PUMP"},{"catalog_number":"516818D1","name":"PUMP"},{"catalog_number":"516816D1","name":"HARNESS"},{"catalog_number":"516815D1","name":"HARNESS"},{"catalog_number":"516786D1","name":"PUMP"},{"catalog_number":"516702D1","name":"BRACKET"},{"catalog_number":"516694D1","name":"HARNESS"},{"catalog_number":"516693D1","name":"HARNESS"},{"catalog_number":"516624D1","name":"BOOM"},{"catalog_number":"516620D1","name":"BLOCK"},{"catalog_number":"516619D1","name":"MAT"},{"catalog_number":"516609D1","name":"POWER HARNESS"},{"catalog_number":"516607D1","name":"EXT HARNESS"},{"catalog_number":"516605D1","name":"HARNESS"},{"catalog_number":"516596D1","name":"MODULE"},{"catalog_number":"516591D1","name":"HOSE"},{"catalog_number":"516586D1","name":"PEDAL"},{"catalog_number":"516585D1","name":"VALVE"},{"catalog_number":"516512D1","name":"CONTROL NODE"},{"catalog_number":"516511D1","name":"CONSOLE"},{"catalog_number":"516510D1","name":"HOSE"},{"catalog_number":"516509D1","name":"HOSE"},{"catalog_number":"516507D1","name":"DOOR"},{"catalog_number":"516506D1","name":"DOOR"},{"catalog_number":"516481D1","name":"MOUNTING"},{"catalog_number":"516480D1","name":"MOUNTING"},{"catalog_number":"516476D1","name":"MOUNTING"},{"catalog_number":"516475D1","name":"SPRING PIN"},{"catalog_number":"516472D1","name":"HYDRAULIC TUBE"},{"catalog_number":"516467D1","name":"FOAM"},{"catalog_number":"516452D1","name":"MOUNTING"},{"catalog_number":"516446D1","name":"SUPPORT"},{"catalog_number":"516439D1","name":"MOUNTING BRACKET"},{"catalog_number":"516436D1","name":"DRAIN TUBE"},{"catalog_number":"516431D1","name":"CAP"},{"catalog_number":"516430D1","name":"CAP"},{"catalog_number":"516421D1","name":"SPACER"},{"catalog_number":"516415D1","name":"CONTROL"},{"catalog_number":"516407D1","name":"WELDING SET"},{"catalog_number":"516391D1","name":"BOX"},{"catalog_number":"516389D1","name":"TOOL BOX"},{"catalog_number":"516157D1","name":"HOUSING"},{"catalog_number":"516148D1","name":"STEERING VALVE"},{"catalog_number":"516147D1","name":"SENSING VALVE"},{"catalog_number":"516145D1","name":"PART"},{"catalog_number":"516135D1","name":"FLANGE"},{"catalog_number":"516134D1","name":"PLATE"},{"catalog_number":"516132D1","name":"DRIVE HUB"},{"catalog_number":"516023D1","name":"O-RING"},{"catalog_number":"516022D1","name":"O-RING"},{"catalog_number":"516020D1","name":"KIT, GUIDE"},{"catalog_number":"516019D1","name":"CHECK VALVE"},{"catalog_number":"516018D1","name":"PRESSURE VALVE"},{"catalog_number":"516011D1","name":"WELDING SET"},{"catalog_number":"516009D1","name":"WELDING SET"},{"catalog_number":"516007D1","name":"RETURN MANIFOLD"},{"catalog_number":"516006D1","name":"MODULE"},{"catalog_number":"515947D1","name":"SUPPORT"},{"catalog_number":"515938D1","name":"WELDING SET"},{"catalog_number":"515930D1","name":"SEAL KIT"},{"catalog_number":"515920D1","name":"SAFETY TREAD"},{"catalog_number":"515907D1","name":"GEAR PUMP"},{"catalog_number":"515897D1","name":"WIRE HARNESS"},{"catalog_number":"515896D1","name":"HARNESS"},{"catalog_number":"515894D1","name":"HARNESS"},{"catalog_number":"515893D1","name":"HARNESS"},{"catalog_number":"515892D1","name":"HARNESS"},{"catalog_number":"515884D1","name":"PUMP"},{"catalog_number":"515883D1","name":"STEERING PUMP"},{"catalog_number":"515850D1","name":"BRAKE"},{"catalog_number":"515849D1","name":"BAR"},{"catalog_number":"515848D1","name":"BAR"},{"catalog_number":"515846D1","name":"SEAL"},{"catalog_number":"515845D1","name":"WALL"},{"catalog_number":"515842D1","name":"HOSE"},{"catalog_number":"515841D1","name":"HOSE"},{"catalog_number":"515812D1","name":"SEAL KIT"},{"catalog_number":"515782D1","name":"GUARD"},{"catalog_number":"515780D1","name":"CABLE"},{"catalog_number":"515779D1","name":"CABLE"},{"catalog_number":"515778D1","name":"PLATE"},{"catalog_number":"515767D1","name":"PLATE"},{"catalog_number":"515758D1","name":"BELT"},{"catalog_number":"515757D1","name":"V-BELT"},{"catalog_number":"515732D1","name":"HOSE"},{"catalog_number":"515731D1","name":"HOSE"},{"catalog_number":"515661D1","name":"HEAD REST"},{"catalog_number":"515660D1","name":"SERVICE KIT"},{"catalog_number":"515659D1","name":"SEAT CUSHION KIT"},{"catalog_number":"515658D1","name":"ARMREST KIT, LH"},{"catalog_number":"515615D1","name":"MOUNTING PLATE"},{"catalog_number":"515600D1","name":"BOOM"},{"catalog_number":"515594D1","name":"MOUNTING"},{"catalog_number":"515589D1","name":"MOUNT"},{"catalog_number":"515586D1","name":"PLATE"},{"catalog_number":"515578D1","name":"CROSS BAR"},{"catalog_number":"515575D1","name":"CLAMP"},{"catalog_number":"515573D1","name":"SUPPORT"},{"catalog_number":"515569D1","name":"HARNESS"},{"catalog_number":"515568D1","name":"HARNESS"},{"catalog_number":"515524D1","name":"MOUNTING BRACKET"},{"catalog_number":"515521D1","name":"HARNESS"},{"catalog_number":"515520D1","name":"HARNESS"},{"catalog_number":"515485D1","name":"GUARD"},{"catalog_number":"515482D1","name":"BRACKET"},{"catalog_number":"515481D1","name":"BRACKET"},{"catalog_number":"515470D1","name":"WORKLIGHT"},{"catalog_number":"515469D1","name":"WORK LAMP"},{"catalog_number":"515468D1","name":"WORKLIGHT"},{"catalog_number":"515467D1","name":"WORKLIGHT"},{"catalog_number":"515451D1","name":"RADIATOR HOSE"},{"catalog_number":"515450D1","name":"RADIATOR HOSE"},{"catalog_number":"515431D1","name":"WIRE HARNESS"},{"catalog_number":"515430D1","name":"STEERING"},{"catalog_number":"515422D1","name":"CARRIAGE"},{"catalog_number":"515416D1","name":"MOUNTING BRACKET"},{"catalog_number":"515414D1","name":"REST"},{"catalog_number":"515413D1","name":"REST"},{"catalog_number":"515409D1","name":"HOSE"},{"catalog_number":"515405D1","name":"TUBE"},{"catalog_number":"515403D1","name":"HOSE"},{"catalog_number":"515401D1","name":"PLATE"},{"catalog_number":"515400D1","name":"TUBE"},{"catalog_number":"515399D1","name":"TUBE"},{"catalog_number":"515396D1","name":"MOUNTING BRACKET"},{"catalog_number":"515394D1","name":"MOUNTING BRACKET"},{"catalog_number":"515338D1","name":"SHIM"},{"catalog_number":"515337D1","name":"BRACKET"},{"catalog_number":"515333D1","name":"DRIVE KIT"},{"catalog_number":"515326D1","name":"STEERING"},{"catalog_number":"515325D1","name":"STEERING"},{"catalog_number":"515287D1","name":"CLUTCH KIT"},{"catalog_number":"515272D1","name":"SUPPORT BRACKET"},{"catalog_number":"515269D1","name":"MOUNTING BRACKET"},{"catalog_number":"515264D1","name":"TUBE"},{"catalog_number":"515257D2","name":"HARNESS"},{"catalog_number":"515257D1","name":"HARNESS"},{"catalog_number":"515254D1","name":"HARNESS"},{"catalog_number":"515253D1","name":"HARNESS"},{"catalog_number":"515251D1","name":"CASING"},{"catalog_number":"515250D1","name":"PANEL"},{"catalog_number":"515237D1","name":"BRACKET"},{"catalog_number":"515235D2","name":"MODULE"},{"catalog_number":"515233D1","name":"WELDING SET"},{"catalog_number":"515232D1","name":"WELDING SET"},{"catalog_number":"515203D1","name":"COURTESY LAMP"},{"catalog_number":"515197D1","name":"CHAIN"},{"catalog_number":"515196D1","name":"HOSE WRAP"},{"catalog_number":"515195D1","name":"SLIDE"},{"catalog_number":"515194D1","name":"SLIDE"},{"catalog_number":"515187D1","name":"CONSOLE"},{"catalog_number":"515179D1","name":"PLATE"},{"catalog_number":"515178D1","name":"SUPPORT BRACKET"},{"catalog_number":"515177D1","name":"SUPPORT"},{"catalog_number":"515175D1","name":"ADAPTER"},{"catalog_number":"515167D1","name":"WELDING SET"},{"catalog_number":"515157D1","name":"BALL JOINT"},{"catalog_number":"515156D1","name":"BUMPER"},{"catalog_number":"515151D1","name":"CROSSMEMBER"},{"catalog_number":"515141D1","name":"LIGHTED FUSE"},{"catalog_number":"515140D1","name":"LIGHTED FUSE"},{"catalog_number":"515139D1","name":"LIGHTED FUSE"},{"catalog_number":"515138D1","name":"LIGHTED FUSE"},{"catalog_number":"515137D1","name":"LIGHTED FUSE"},{"catalog_number":"515135D1","name":"LIGHTED FUSE"},{"catalog_number":"515134D1","name":"LIGHTED FUSE"},{"catalog_number":"515120D1","name":"RELAY"},{"catalog_number":"515092D1","name":"TANK"},{"catalog_number":"515091D1","name":"TANK"},{"catalog_number":"515050D1","name":"MOUNTING"},{"catalog_number":"515020D1","name":"SEAL"},{"catalog_number":"515010D1","name":"WHEEL"},{"catalog_number":"514994D1","name":"BRACKET"},{"catalog_number":"514992D1","name":"BRACKET"},{"catalog_number":"514991D1","name":"BRACKET"},{"catalog_number":"514959D1","name":"DECAL"},{"catalog_number":"514955D1","name":"DECAL"},{"catalog_number":"514951D1","name":"MOUNT"},{"catalog_number":"514948D1","name":"STEERING ARM, RH"},{"catalog_number":"514943D1","name":"SLIDE"},{"catalog_number":"514937D1","name":"STEERING ARM, LH"},{"catalog_number":"514934D1","name":"SLIDE"},{"catalog_number":"514906D1","name":"WIRE HARNESS"},{"catalog_number":"514869D1","name":"GROMMET"},{"catalog_number":"514866D1","name":"HARNESS"},{"catalog_number":"514843D1","name":"PLATE"},{"catalog_number":"514842D1","name":"PIN"},{"catalog_number":"514837D1","name":"FLANGE NUT"},{"catalog_number":"514831D1","name":"OPERATOR MANUAL"},{"catalog_number":"514830D1","name":"CABLE"},{"catalog_number":"514829D1","name":"GPS ANTENNA"},{"catalog_number":"514828D1","name":"GPS ANTENNA"},{"catalog_number":"514827D1","name":"OPERATOR MANUAL"},{"catalog_number":"514826D1","name":"GPS ANTENNA"},{"catalog_number":"514823D1","name":"OPERATOR MANUAL"},{"catalog_number":"514802D1","name":"WELDING SET"},{"catalog_number":"514801D1","name":"WELDING SET"},{"catalog_number":"514794D1","name":"MOUNTING BRACKET"},{"catalog_number":"514792D1","name":"SUPPORT BRACKET"},{"catalog_number":"514776D1","name":"SUPPORT"},{"catalog_number":"514773D1","name":"CROSSMEMBER"},{"catalog_number":"514772D1","name":"MOUNTING"},{"catalog_number":"514769D1","name":"MOUNTING"},{"catalog_number":"514758D1","name":"FRAME"},{"catalog_number":"514756D1","name":"FRAME"},{"catalog_number":"514754D1","name":"FRAME"},{"catalog_number":"514752D1","name":"RAIL"},{"catalog_number":"514745D1","name":"BALL VALVE"},{"catalog_number":"514743D1","name":"FLANGE ADAPTER"},{"catalog_number":"514738D1","name":"HANGER"},{"catalog_number":"514737D1","name":"MANIFOLD"},{"catalog_number":"514732D1","name":"CENTRIFUGAL PUMP"},{"catalog_number":"514731D1","name":"SUPPORT"},{"catalog_number":"514715D1","name":"WEAR PAD"},{"catalog_number":"514714D1","name":"BUSH"},{"catalog_number":"514691D1","name":"BATTERY CABLE"},{"catalog_number":"514690D1","name":"BATTERY CABLE"},{"catalog_number":"514686D1","name":"CABLE"},{"catalog_number":"514685D1","name":"CABLE"},{"catalog_number":"514680D1","name":"CABLE"},{"catalog_number":"514679D1","name":"WIRE HARNESS"},{"catalog_number":"514678D1","name":"WIRE HARNESS"},{"catalog_number":"514677D1","name":"HARNESS"},{"catalog_number":"514676D1","name":"HARNESS"},{"catalog_number":"514674D1","name":"MOUNTING BRACKET"},{"catalog_number":"514671D1","name":"HARNESS"},{"catalog_number":"514667D1","name":"SUPPORT BRACKET"},{"catalog_number":"514657D1","name":"OIL COOLER"},{"catalog_number":"514655D1","name":"COMPRESS. SPRING"},{"catalog_number":"514649D1","name":"WHEEL"},{"catalog_number":"514594D1","name":"CABLE"},{"catalog_number":"514592D1","name":"KIT"},{"catalog_number":"514560D1","name":"HYD CYLINDER"},{"catalog_number":"514558D1","name":"VALVE"},{"catalog_number":"514548D1","name":"BELT"},{"catalog_number":"514537D1","name":"TEMPERAT. SWITCH"},{"catalog_number":"514536D1","name":"COOLER"},{"catalog_number":"514532D1","name":"PIN"},{"catalog_number":"514531D1","name":"PIN"},{"catalog_number":"514502D1","name":"STEERING ARM, RH"},{"catalog_number":"514501D1","name":"STEERING ARM, LH"},{"catalog_number":"514497D1","name":"HARNESS"},{"catalog_number":"514495D2","name":"CONTROL"},{"catalog_number":"514490D1","name":"DECAL"},{"catalog_number":"514422D1","name":"AXLE"},{"catalog_number":"514395D1","name":"STOP"},{"catalog_number":"514387D1","name":"WIRE HARNESS"},{"catalog_number":"514384D1","name":"BRACKET"},{"catalog_number":"514345D1","name":"HYD CYLINDER"},{"catalog_number":"514339D1","name":"PIN"},{"catalog_number":"514333D1","name":"BOOM"},{"catalog_number":"514332D1","name":"BOOM"},{"catalog_number":"514281D1","name":"CAB HARNESS"},{"catalog_number":"514265D1","name":"BUSH"},{"catalog_number":"514264D1","name":"BUSH"},{"catalog_number":"514258D1","name":"BOOM"},{"catalog_number":"514100600090","name":"COMPRESS. SPRING"},{"catalog_number":"514100600080","name":"SEALING CONE"},{"catalog_number":"514100360290","name":"DISC"},{"catalog_number":"514100360280","name":"DISC"},{"catalog_number":"514100360270","name":"DISC"},{"catalog_number":"514100360260","name":"DISC"},{"catalog_number":"514100360250","name":"DISC"},{"catalog_number":"514100360240","name":"DISC"},{"catalog_number":"514100360230","name":"DISC"},{"catalog_number":"514100360220","name":"DISC"},{"catalog_number":"514100360210","name":"DISC"},{"catalog_number":"514100360200","name":"DISC"},{"catalog_number":"514100150390","name":"DISC"},{"catalog_number":"514100150380","name":"DISC"},{"catalog_number":"514100150370","name":"DISC"},{"catalog_number":"514100150360","name":"DISC"},{"catalog_number":"514100150350","name":"DISC"},{"catalog_number":"514100150340","name":"DISC"},{"catalog_number":"514100150330","name":"DISC"},{"catalog_number":"514100150320","name":"DISC"},{"catalog_number":"514100150310","name":"DISC"},{"catalog_number":"514100150300","name":"DISC"},{"catalog_number":"514100080810","name":"SYNCHRO RING"},{"catalog_number":"514096D1","name":"WELDING SET"},{"catalog_number":"514090D1","name":"WELDING SET"},{"catalog_number":"514067D1","name":"CONTROL"},{"catalog_number":"513996D1","name":"BRACKET"},{"catalog_number":"513995D1","name":"PEDAL"},{"catalog_number":"513994D1","name":"PEDAL"},{"catalog_number":"513965D1","name":"RADIO ANTENNA"},{"catalog_number":"513962D1","name":"PAD"},{"catalog_number":"513918D1","name":"SPACER"},{"catalog_number":"513876D1","name":"WORKLIGHT"},{"catalog_number":"513852D1","name":"LUMBAR KIT"},{"catalog_number":"513840D1","name":"SERVICE KIT"},{"catalog_number":"513837D1","name":"VALVE KIT"},{"catalog_number":"513835D1","name":"SLIDE KIT"},{"catalog_number":"513828D1","name":"BOLT KIT"},{"catalog_number":"513800D1","name":"ROD"},{"catalog_number":"513779D1","name":"TUBE ASSY"},{"catalog_number":"513775D1","name":"ADAPTER"},{"catalog_number":"513766D1","name":"PLATE"},{"catalog_number":"513765D1","name":"ADAPTER"},{"catalog_number":"513763D1","name":"PLATE"},{"catalog_number":"513749D1","name":"HYDRAULIC HOSE"},{"catalog_number":"513748D1","name":"HYDRAULIC HOSE"},{"catalog_number":"513747D1","name":"HOSE"},{"catalog_number":"513746D1","name":"HOSE"},{"catalog_number":"513745D1","name":"HOSE"},{"catalog_number":"513744D1","name":"HOSE"},{"catalog_number":"513742D1","name":"HOSE"},{"catalog_number":"513735D1","name":"HARNESS"},{"catalog_number":"513664D1","name":"SEAT"},{"catalog_number":"513644D1","name":"BAR"},{"catalog_number":"513643D1","name":"DECAL"},{"catalog_number":"513642D1","name":"DECAL"},{"catalog_number":"513569D1","name":"COOLER"},{"catalog_number":"513567D1","name":"VALVE"},{"catalog_number":"513555D1","name":"COVER"},{"catalog_number":"513554D1","name":"COVER"},{"catalog_number":"513547D2","name":"RETAINER"},{"catalog_number":"513546D1","name":"WIRE COVER"},{"catalog_number":"513543D1","name":"SUPPORT"},{"catalog_number":"513539D1","name":"COVER"},{"catalog_number":"513538D1","name":"COVER"},{"catalog_number":"513537D1","name":"COVER"},{"catalog_number":"513536D1","name":"BEZEL"},{"catalog_number":"513535D1","name":"COVER"},{"catalog_number":"513534D1","name":"COVER"},{"catalog_number":"513526D1","name":"LID"},{"catalog_number":"513522D1","name":"PANEL"},{"catalog_number":"513520D1","name":"STORAGE COMPART."},{"catalog_number":"513519D1","name":"COVER"},{"catalog_number":"513517D1","name":"COVER"},{"catalog_number":"513515D1","name":"COVER"},{"catalog_number":"513514D1","name":"CONSOLE"},{"catalog_number":"513476D1","name":"PLUG"},{"catalog_number":"513475D1","name":"STEERING WHEEL"},{"catalog_number":"513468D1","name":"HYDRAULIC HOSE"},{"catalog_number":"513439D1","name":"HARNESS"},{"catalog_number":"513345D1","name":"EXT HARNESS"},{"catalog_number":"513329D1","name":"PLATE"},{"catalog_number":"513328D1","name":"FRAME"},{"catalog_number":"513263D1","name":"SEAL"},{"catalog_number":"513255D1","name":"HOSE"},{"catalog_number":"513254D1","name":"HOSE"},{"catalog_number":"513253D1","name":"HOSE"},{"catalog_number":"513252D1","name":"HOSE"},{"catalog_number":"513251D1","name":"HOSE"},{"catalog_number":"513250D1","name":"HOSE"},{"catalog_number":"513231D1","name":"HOSE"},{"catalog_number":"513221D1","name":"BRACKET"},{"catalog_number":"513214D1","name":"ARM"},{"catalog_number":"513171D1","name":"HEATER HOSE"},{"catalog_number":"513149D1","name":"BRACKET"},{"catalog_number":"513137D1","name":"HOSE"},{"catalog_number":"513136D1","name":"HOSE"},{"catalog_number":"513135D1","name":"HOSE"},{"catalog_number":"513129D1","name":"HOSE"},{"catalog_number":"513125D1","name":"BRACKET"},{"catalog_number":"513124D1","name":"SPACER"},{"catalog_number":"513122D1","name":"SPACER"},{"catalog_number":"513121D1","name":"BRACKET"},{"catalog_number":"513113D1","name":"TUBE"},{"catalog_number":"513049D1","name":"BRACKET"},{"catalog_number":"513048D1","name":"BRACKET"},{"catalog_number":"513046D1","name":"PIPE"}]}