{"machinery_brand_name":"Ag-Chem","parts":[{"catalog_number":"BTFO60","name":"BEARING"},{"catalog_number":"BTFO121","name":"GASKET"},{"catalog_number":"BTFO105","name":"LOCK WASHER"},{"catalog_number":"BTFO103","name":"LOCK WASHER"},{"catalog_number":"BTFO102","name":"BEARING"},{"catalog_number":"BTFO101","name":"BEARING"},{"catalog_number":"BTFE33","name":"CLIP"},{"catalog_number":"BTF089","name":"GASKET"},{"catalog_number":"BTF087A","name":"COVER"},{"catalog_number":"BTF087","name":"COVER"},{"catalog_number":"BTF022","name":"SPRING"},{"catalog_number":"BTF0104","name":"RING"},{"catalog_number":"BT9815","name":"DISC"},{"catalog_number":"BT9786","name":"LEAD"},{"catalog_number":"BT9703","name":"PARTS PACK"},{"catalog_number":"BT9701","name":"SHAFT"},{"catalog_number":"BT9691","name":"GEARBOX"},{"catalog_number":"BT9404","name":"PINION"},{"catalog_number":"BT9403","name":"PINION"},{"catalog_number":"BT9401","name":"SHAFT"},{"catalog_number":"BT9400","name":"SHAFT"},{"catalog_number":"BT9275","name":"SHAFT"},{"catalog_number":"BT9232","name":"SEAL"},{"catalog_number":"BT9182","name":"YOKE"},{"catalog_number":"BT9062","name":"SHAFT"},{"catalog_number":"BT8772","name":"PLATE"},{"catalog_number":"BT8597","name":"PINION"},{"catalog_number":"BT8519","name":"WHEEL"},{"catalog_number":"BT7925","name":"ROLL"},{"catalog_number":"BT7775","name":"FLANGE"},{"catalog_number":"BT702175","name":"RING"},{"catalog_number":"BT702014","name":"BOLT"},{"catalog_number":"BT701327","name":"SCREW"},{"catalog_number":"BT701225","name":"PLATE"},{"catalog_number":"BT701209","name":"HOUSING"},{"catalog_number":"BT701208","name":"AXLE"},{"catalog_number":"BT701206","name":"GEARBOX"},{"catalog_number":"BT701205","name":"GEAR"},{"catalog_number":"BT701204","name":"GEAR"},{"catalog_number":"BT701203","name":"GEAR"},{"catalog_number":"BT701174","name":"FLANGE"},{"catalog_number":"BT701158","name":"PART"},{"catalog_number":"BT701145","name":"SEAL"},{"catalog_number":"BT701140","name":"PART"},{"catalog_number":"BT701133","name":"DRIVE"},{"catalog_number":"BT701120","name":"GEARBOX"},{"catalog_number":"BT701106","name":"PART"},{"catalog_number":"BT701105","name":"PART"},{"catalog_number":"BT701103","name":"YOKE"},{"catalog_number":"BT701096","name":"SHAFT"},{"catalog_number":"BT701089","name":"PINION"},{"catalog_number":"BT701071","name":"RING"},{"catalog_number":"BT701064","name":"NUT"},{"catalog_number":"BT701055","name":"PART"},{"catalog_number":"BT701006","name":"DIFFERENTIAL"},{"catalog_number":"BT701005","name":"PART"},{"catalog_number":"BT701004","name":"SHAFT"},{"catalog_number":"BT701003","name":"HOUSING"},{"catalog_number":"BT701001","name":"HOUSING"},{"catalog_number":"BT683985","name":"SPRING"},{"catalog_number":"BT6811","name":"SCREW"},{"catalog_number":"BT6729","name":"SHAFT"},{"catalog_number":"BT6722","name":"COVER"},{"catalog_number":"BT6718","name":"GASKET"},{"catalog_number":"BT6701","name":"BOLT"},{"catalog_number":"BT662325","name":"BEARING"},{"catalog_number":"BT6583","name":"RING"},{"catalog_number":"BT649723","name":"SHIM"},{"catalog_number":"BT649716","name":"PART"},{"catalog_number":"BT649715","name":"RING"},{"catalog_number":"BT649713","name":"BALL BEARING"},{"catalog_number":"BT649711","name":"RING"},{"catalog_number":"BT649710","name":"GASKET"},{"catalog_number":"BT649704","name":"RING"},{"catalog_number":"BT649691","name":"BEARING"},{"catalog_number":"BT649685","name":"FILTER"},{"catalog_number":"BT649684","name":"RING"},{"catalog_number":"BT649683","name":"NEEDLE BEARING"},{"catalog_number":"BT649678","name":"SEAL"},{"catalog_number":"BT649671","name":"NUT"},{"catalog_number":"BT649666","name":"PART"},{"catalog_number":"BT649652","name":"SPACER"},{"catalog_number":"BT649561","name":"NIPPLE"},{"catalog_number":"BT649524","name":"NUT"},{"catalog_number":"BT649509","name":"WHEEL"},{"catalog_number":"BT649493","name":"SCREW"},{"catalog_number":"BT649489","name":"RING"},{"catalog_number":"BT649488","name":"RING"},{"catalog_number":"BT649484","name":"O RING"},{"catalog_number":"BT649466","name":"PART"},{"catalog_number":"BT649400","name":"NEEDLE BEARING"},{"catalog_number":"BT649310","name":"NIPPLE"},{"catalog_number":"BT649302","name":"RING"},{"catalog_number":"BT648689","name":"SEAL"},{"catalog_number":"BT648685","name":"PART"},{"catalog_number":"BT648684","name":"PART"},{"catalog_number":"BT6484","name":"KNOB"},{"catalog_number":"BT6452","name":"SEAL"},{"catalog_number":"BT6428","name":"SCREW"},{"catalog_number":"BT6427","name":"GASKET"},{"catalog_number":"BT642316","name":"SHIM"},{"catalog_number":"BT642315","name":"SHIM"},{"catalog_number":"BT642189","name":"SCREW"},{"catalog_number":"BT642174","name":"SHAFT"},{"catalog_number":"BT642123","name":"LOCKNUT"},{"catalog_number":"BT642122","name":"NUT"},{"catalog_number":"BT642120","name":"NUT"},{"catalog_number":"BT642116","name":"SCREW"},{"catalog_number":"BT642103","name":"BEARING"},{"catalog_number":"BT642101","name":"PLATE"},{"catalog_number":"BT642100","name":"PLATE"},{"catalog_number":"BT642095","name":"SCREW"},{"catalog_number":"BT641992","name":"RING"},{"catalog_number":"BT641983","name":"BRACKET"},{"catalog_number":"BT641982","name":"BEARING"},{"catalog_number":"BT641981","name":"RING"},{"catalog_number":"BT641927","name":"RING"},{"catalog_number":"BT641919","name":"SHAFT"},{"catalog_number":"BT641910","name":"GASKET"},{"catalog_number":"BT641907","name":"BALL BEARING"},{"catalog_number":"BT641890","name":"BUNG"},{"catalog_number":"BT641888","name":"COVER"},{"catalog_number":"BT641883","name":"SHIM"},{"catalog_number":"BT641882","name":"SHIM"},{"catalog_number":"BT641881","name":"SHIM"},{"catalog_number":"BT641872","name":"FLANGE"},{"catalog_number":"BT641840","name":"HOUSING"},{"catalog_number":"BT641350","name":"SPIDER"},{"catalog_number":"BT641333","name":"PIN"},{"catalog_number":"BT641331","name":"GASKET"},{"catalog_number":"BT641330","name":"BALL BEARING"},{"catalog_number":"BT641323","name":"WASHER"},{"catalog_number":"BT641317","name":"NUT"},{"catalog_number":"BT641314","name":"CONSOLE"},{"catalog_number":"BT641311","name":"GASKET"},{"catalog_number":"BT641309","name":"GASKET"},{"catalog_number":"BT641302","name":"PART"},{"catalog_number":"BT641290","name":"SHAFT"},{"catalog_number":"BT641289","name":"NUT"},{"catalog_number":"BT641286","name":"GASKET"},{"catalog_number":"BT641285","name":"PART"},{"catalog_number":"BT641284","name":"NEEDLE"},{"catalog_number":"BT641282","name":"RING"},{"catalog_number":"BT641281","name":"BOLT"},{"catalog_number":"BT641276","name":"COVER"},{"catalog_number":"BT641275","name":"PART"},{"catalog_number":"BT641274","name":"SCREW"},{"catalog_number":"BT641273","name":"PART"},{"catalog_number":"BT640671","name":"COVER"},{"catalog_number":"BT640317","name":"LOCKNUT"},{"catalog_number":"BT640243","name":"PART"},{"catalog_number":"BT640049","name":"SCREW"},{"catalog_number":"BT640017","name":"RING"},{"catalog_number":"BT640016","name":"NUT"},{"catalog_number":"BT640015","name":"RING"},{"catalog_number":"BT640014","name":"RING"},{"catalog_number":"BT640013","name":"BEARING"},{"catalog_number":"BT6309","name":"RING"},{"catalog_number":"BT629883","name":"BUSH"},{"catalog_number":"BT627990","name":"BRACKET"},{"catalog_number":"BT627955","name":"COVER"},{"catalog_number":"BT627952","name":"SPACER"},{"catalog_number":"BT627942","name":"RING"},{"catalog_number":"BT627937","name":"DRIVE"},{"catalog_number":"BT627935","name":"RING"},{"catalog_number":"BT627923","name":"BRACKET"},{"catalog_number":"BT627921","name":"PIPE"},{"catalog_number":"BT627858","name":"SHAFT"},{"catalog_number":"BT627849","name":"PLATE"},{"catalog_number":"BT627847","name":"RING"},{"catalog_number":"BT627846","name":"NUT"},{"catalog_number":"BT627845","name":"BOLT"},{"catalog_number":"BT627831","name":"GEARBOX"},{"catalog_number":"BT627830","name":"PART"},{"catalog_number":"BT627801","name":"SHIM"},{"catalog_number":"BT627783","name":"PART"},{"catalog_number":"BT627779","name":"CLAMP"},{"catalog_number":"BT627735","name":"ARM"},{"catalog_number":"BT627734","name":"ARM"},{"catalog_number":"BT627721","name":"PART"},{"catalog_number":"BT627720","name":"PART"},{"catalog_number":"BT627717","name":"FILTER"},{"catalog_number":"BT627703","name":"GEAR"},{"catalog_number":"BT627691","name":"DIFFERENTIAL"},{"catalog_number":"BT627684","name":"PART"},{"catalog_number":"BT627683","name":"SHIM"},{"catalog_number":"BT627680","name":"PART"},{"catalog_number":"BT627677","name":"PINION"},{"catalog_number":"BT627676","name":"PINION"},{"catalog_number":"BT627675","name":"GEAR"},{"catalog_number":"BT627658","name":"GEAR"},{"catalog_number":"BT627650","name":"HOUSING"},{"catalog_number":"BT627646","name":"ARM"},{"catalog_number":"BT627645","name":"ARM"},{"catalog_number":"BT627542","name":"PART"},{"catalog_number":"BT627540","name":"PART"},{"catalog_number":"BT627528","name":"SHIM"},{"catalog_number":"BT627526","name":"SHIM"},{"catalog_number":"BT627512","name":"GEAR CASE ASSY."},{"catalog_number":"BT627504","name":"RING"},{"catalog_number":"BT627503","name":"DISC"},{"catalog_number":"BT627497","name":"PART"},{"catalog_number":"BT627473","name":"PIN"},{"catalog_number":"BT627445","name":"PART"},{"catalog_number":"BT627381","name":"SHIM"},{"catalog_number":"BT627371","name":"O RING"},{"catalog_number":"BT627360","name":"PLATE"},{"catalog_number":"BT627359","name":"PLATE"},{"catalog_number":"BT627355","name":"SHIM"},{"catalog_number":"BT627353","name":"SHIM"},{"catalog_number":"BT627352","name":"SHIM"},{"catalog_number":"BT627351","name":"SHIM"},{"catalog_number":"BT627350","name":"SHIM"},{"catalog_number":"BT627349","name":"SHIM"},{"catalog_number":"BT627348","name":"SHIM"},{"catalog_number":"BT627347","name":"SHIM"},{"catalog_number":"BT627345","name":"O RING"},{"catalog_number":"BT627342","name":"SEAL"},{"catalog_number":"BT627341","name":"SEAL"},{"catalog_number":"BT627340","name":"SEAL"},{"catalog_number":"BT627339","name":"SEAL"},{"catalog_number":"BT627337","name":"LEAD"},{"catalog_number":"BT627336","name":"PLATE"},{"catalog_number":"BT627332","name":"WHEEL"},{"catalog_number":"BT627329","name":"CLIP"},{"catalog_number":"BT627328","name":"NEEDLE BEARING"},{"catalog_number":"BT627327","name":"PART"},{"catalog_number":"BT627253","name":"BEARING"},{"catalog_number":"BT627251","name":"BEARING"},{"catalog_number":"BT627206","name":"WHEEL"},{"catalog_number":"BT627183","name":"PART"},{"catalog_number":"BT627174","name":"CYLINDER"},{"catalog_number":"BT627169","name":"PART"},{"catalog_number":"BT627167","name":"HOUSING"},{"catalog_number":"BT627163","name":"HOUSING"},{"catalog_number":"BT627158","name":"FLANGE"},{"catalog_number":"BT627156","name":"SHAFT"},{"catalog_number":"BT627155","name":"HOUSING"},{"catalog_number":"BT627151","name":"PART"},{"catalog_number":"BT627146","name":"PART"},{"catalog_number":"BT627115","name":"SHAFT"},{"catalog_number":"BT627098","name":"PART"},{"catalog_number":"BT627097","name":"PART"},{"catalog_number":"BT627078","name":"SHAFT"},{"catalog_number":"BT627077","name":"AXLE"},{"catalog_number":"BT627064","name":"SUPPORT"},{"catalog_number":"BT627055","name":"PART"},{"catalog_number":"BT627053","name":"GEAR"},{"catalog_number":"BT627052","name":"WHEEL"},{"catalog_number":"BT627039","name":"SHAFT"},{"catalog_number":"BT627036","name":"RING"},{"catalog_number":"BT627030","name":"ARM"},{"catalog_number":"BT627029","name":"ARM"},{"catalog_number":"BT627027","name":"RING"},{"catalog_number":"BT627026","name":"RING"},{"catalog_number":"BT625265","name":"RING"},{"catalog_number":"BT578762","name":"PIN"},{"catalog_number":"BT578756","name":"NUT"},{"catalog_number":"BT578755","name":"RING"},{"catalog_number":"BT578754","name":"SEAL"},{"catalog_number":"BT578441","name":"RING"},{"catalog_number":"BT577329","name":"SPACER"},{"catalog_number":"BT577327","name":"SPACER"},{"catalog_number":"BT577326","name":"SPACER"},{"catalog_number":"BT576545","name":"BALL BEARING"},{"catalog_number":"BT576499","name":"PART"},{"catalog_number":"BT575772","name":"BOLT"},{"catalog_number":"BT575591","name":"SCREW"},{"catalog_number":"BT575487","name":"RING"},{"catalog_number":"BT575398","name":"BEARING"},{"catalog_number":"BT575361","name":"SCREW"},{"catalog_number":"BT574105","name":"BALL BEARING"},{"catalog_number":"BT574098","name":"O RING"},{"catalog_number":"BT574097","name":"O RING"},{"catalog_number":"BT573904","name":"RING"},{"catalog_number":"BT573794","name":"BALL BEARING"},{"catalog_number":"BT572583","name":"SCREW"},{"catalog_number":"BT570865","name":"BUNG"},{"catalog_number":"BT570542","name":"COVER"},{"catalog_number":"BT570541","name":"O RING"},{"catalog_number":"BT5643C","name":"SHIM"},{"catalog_number":"BT5643B","name":"SHIM"},{"catalog_number":"BT5643","name":"SHIM"},{"catalog_number":"BT5638","name":"NUT"},{"catalog_number":"BT5637","name":"NUT"},{"catalog_number":"BT5561","name":"DUSTCAP"},{"catalog_number":"BT5559","name":"PART"},{"catalog_number":"BT555770","name":"RING"},{"catalog_number":"BT536108","name":"PART"},{"catalog_number":"BT535803","name":"RING"},{"catalog_number":"BT525819","name":"DISC"},{"catalog_number":"BT525290","name":"CLIP"},{"catalog_number":"BT525286","name":"RING"},{"catalog_number":"BT525252","name":"LOCKNUT"},{"catalog_number":"BT524402","name":"SCREW"},{"catalog_number":"BT524046","name":"PART"},{"catalog_number":"BT5221A","name":"SHIM"},{"catalog_number":"BT5010B","name":"SHIM"},{"catalog_number":"BT5010A","name":"SHIM"},{"catalog_number":"BT474569","name":"PIN"},{"catalog_number":"BT455029","name":"BEARING"},{"catalog_number":"BT454164","name":"RING"},{"catalog_number":"BT420160","name":"SCREW"},{"catalog_number":"BT296482","name":"O RING"},{"catalog_number":"BT295352","name":"RING"},{"catalog_number":"BT293925","name":"O RING"},{"catalog_number":"BT292113","name":"SCREW"},{"catalog_number":"BT291441","name":"PIN"},{"catalog_number":"BT290358","name":"SCREW"},{"catalog_number":"BT290340","name":"SCREW"},{"catalog_number":"BT290082","name":"SCREW"},{"catalog_number":"BT290036","name":"SCREW"},{"catalog_number":"BT249265","name":"KEY"},{"catalog_number":"BR9502","name":"TOY"},{"catalog_number":"BR9441","name":"TOY"},{"catalog_number":"BR00054","name":"TOY"},{"catalog_number":"BK2206","name":"OVERALL"},{"catalog_number":"BK2205","name":"OVERALL"},{"catalog_number":"BK2204","name":"OVERALL"},{"catalog_number":"BK2203","name":"OVERALL"},{"catalog_number":"BK2202","name":"OVERALL"},{"catalog_number":"BK2201","name":"OVERALL"},{"catalog_number":"BK2200","name":"OVERALL"},{"catalog_number":"BK2196","name":"OVERALL"},{"catalog_number":"BK2195","name":"OVERALL"},{"catalog_number":"BK2194","name":"OVERALL"},{"catalog_number":"BK2193","name":"OVERALL"},{"catalog_number":"BK2192","name":"OVERALL"},{"catalog_number":"BK2190","name":"OVERALL"},{"catalog_number":"BK2119","name":"OVERALL"},{"catalog_number":"BK2118","name":"OVERALL"},{"catalog_number":"BK2117","name":"OVERALL"},{"catalog_number":"BK2116","name":"OVERALL"},{"catalog_number":"BK2115","name":"OVERALL"},{"catalog_number":"BK2114","name":"OVERALL"},{"catalog_number":"BK2113","name":"OVERALL"},{"catalog_number":"BK2112","name":"OVERALL"},{"catalog_number":"BK2111","name":"OVERALL"},{"catalog_number":"BK2110","name":"OVERALL"},{"catalog_number":"BK2086","name":"OVERALL"},{"catalog_number":"BK2085","name":"OVERALL"},{"catalog_number":"BK2084","name":"OVERALL"},{"catalog_number":"BK2083","name":"OVERALL"},{"catalog_number":"BK2082","name":"OVERALL"},{"catalog_number":"BK2081","name":"OVERALL"},{"catalog_number":"BK2080","name":"OVERALL"},{"catalog_number":"BK2017","name":"TROUSERS"},{"catalog_number":"BK2016","name":"TROUSERS"},{"catalog_number":"BK2015","name":"JACKET"},{"catalog_number":"BK2014","name":"JACKET"},{"catalog_number":"BK2013","name":"JACKET"},{"catalog_number":"BK2011","name":"TROUSERS"},{"catalog_number":"BK2010","name":"TROUSERS"},{"catalog_number":"BK2009","name":"TROUSERS"},{"catalog_number":"BK2008","name":"TROUSERS"},{"catalog_number":"BK2007","name":"TROUSERS"},{"catalog_number":"BK2006","name":"TROUSERS"},{"catalog_number":"BK2003","name":"JACKET"},{"catalog_number":"BK2002","name":"JACKET"},{"catalog_number":"BK2001","name":"JACKET"},{"catalog_number":"BK2000","name":"JACKET"},{"catalog_number":"BG3944A92","name":"KIT"},{"catalog_number":"BFA2397","name":"TOY"},{"catalog_number":"BFA2311","name":"PART"},{"catalog_number":"BFA1466","name":"PART"},{"catalog_number":"BFA1250","name":"PART"},{"catalog_number":"BFA1240","name":"TOY"},{"catalog_number":"BFA0742","name":"PART"},{"catalog_number":"BFA0735","name":"PART"},{"catalog_number":"BFA0734","name":"PART"},{"catalog_number":"BF4303101","name":"UNION"},{"catalog_number":"BF4271601","name":"BEATER BAR"},{"catalog_number":"BF4259802","name":"COLLAR"},{"catalog_number":"BF4259403","name":"PART"},{"catalog_number":"BF4250204","name":"SUPPORT"},{"catalog_number":"BF4189602","name":"TINE"},{"catalog_number":"BF4189601","name":"TINE"},{"catalog_number":"BF4189502","name":"TINE"},{"catalog_number":"BF4189501","name":"TINE"},{"catalog_number":"BF4185101","name":"BEARING HOUSING"},{"catalog_number":"BF3022230","name":"PART"},{"catalog_number":"BF3022229","name":"PART"},{"catalog_number":"BF3022213","name":"PART"},{"catalog_number":"BF3021270","name":"PINION"},{"catalog_number":"BF3021217","name":"NUT"},{"catalog_number":"BF3020768","name":"LEAD"},{"catalog_number":"BF3013800","name":"KNIFE"},{"catalog_number":"BF3013297","name":"LEAD"},{"catalog_number":"BF3012782","name":"BEARING"},{"catalog_number":"BF3012615","name":"KNIFE"},{"catalog_number":"BF3012496","name":"HOUSING"},{"catalog_number":"BF3007067","name":"NUT"},{"catalog_number":"BF3006202","name":"CUTTER"},{"catalog_number":"BF3003789","name":"PART"},{"catalog_number":"BF1002201","name":"HOSE"},{"catalog_number":"BF1002108","name":"HOSE"},{"catalog_number":"BF0985601","name":"CYLINDER"},{"catalog_number":"BF0974501","name":"FLANGE"},{"catalog_number":"BF0953706","name":"PUMP"},{"catalog_number":"BF0906502","name":"PLATE"},{"catalog_number":"BF0830604","name":"BOLT"},{"catalog_number":"BF0783702","name":"ROTOR"},{"catalog_number":"BF0783102","name":"GASKET KIT"},{"catalog_number":"BF0782202","name":"HOLDER"},{"catalog_number":"BF0782201","name":"HOLDER"},{"catalog_number":"BF0773901","name":"ROD"},{"catalog_number":"BF0773101","name":"PART"},{"catalog_number":"BF0761701","name":"BRACKET"},{"catalog_number":"BF0748801","name":"BUSH"},{"catalog_number":"BF0695001","name":"SHIM"},{"catalog_number":"BF0651622","name":"FILTER"},{"catalog_number":"BF0651603","name":"PART"},{"catalog_number":"BF0651101","name":"ROTOR"},{"catalog_number":"BF0641501","name":"PUMP"},{"catalog_number":"BF0631801","name":"PIN"},{"catalog_number":"BF0622301","name":"GUARD"},{"catalog_number":"BF0622101","name":"BALL BEARING"},{"catalog_number":"BF0621901","name":"PLATE"},{"catalog_number":"BF0620401","name":"BRACKET"},{"catalog_number":"BF0619601","name":"GUARD"},{"catalog_number":"BF0619401","name":"STRIP"},{"catalog_number":"BF0619302","name":"PLATE"},{"catalog_number":"BF0619202","name":"LEAD"},{"catalog_number":"BF0618901","name":"KNIFE"},{"catalog_number":"BF0604901","name":"GUARD"},{"catalog_number":"BF0601701","name":"ARM"},{"catalog_number":"BF0601302","name":"PLATE"},{"catalog_number":"BF0601301","name":"PLATE"},{"catalog_number":"BF0596022","name":"KEY"},{"catalog_number":"BF0595912","name":"RING"},{"catalog_number":"BF0595907","name":"CLIP"},{"catalog_number":"BF0595905","name":"LOCKNUT"},{"catalog_number":"BF0595303","name":"NIPPLE"},{"catalog_number":"BF0595301","name":"NIPPLE"},{"catalog_number":"BF0594810","name":"NUT"},{"catalog_number":"BF0589618","name":"HOLDER"},{"catalog_number":"BF0589501","name":"PART"},{"catalog_number":"BF0583609","name":"SPRING"},{"catalog_number":"BF0583608","name":"SPRING"},{"catalog_number":"BF0568301","name":"WASHER"},{"catalog_number":"BF0565701","name":"SCREW"},{"catalog_number":"BF0565603","name":"O RING"},{"catalog_number":"BF0565003","name":"PUMP"},{"catalog_number":"BF0565002","name":"PUMP"},{"catalog_number":"BF0564202","name":"KIT"},{"catalog_number":"BF0536702","name":"FILTER"},{"catalog_number":"BF0529936","name":"PART"},{"catalog_number":"BF0529905","name":"PART"},{"catalog_number":"BF0529123","name":"BOLT"},{"catalog_number":"BF0528606","name":"BOLT"},{"catalog_number":"BF0528103","name":"DISC"},{"catalog_number":"BF0528102","name":"PART"},{"catalog_number":"BF0526414","name":"PART"},{"catalog_number":"BF0523401","name":"RING"},{"catalog_number":"BF0455101","name":"ROTOR"},{"catalog_number":"BF0455001","name":"ROTOR"},{"catalog_number":"BF0450718","name":"HOUSING"},{"catalog_number":"BF0449001","name":"SCREW"},{"catalog_number":"BF0445614","name":"ROLLER"},{"catalog_number":"BF0443501","name":"SCREW"},{"catalog_number":"BF0443401","name":"BRACKET"},{"catalog_number":"BF0436603","name":"PART"},{"catalog_number":"BF0436501","name":"PLATE"},{"catalog_number":"BF0436401","name":"BRACKET"},{"catalog_number":"BF0436301","name":"COVER"},{"catalog_number":"BF0436101","name":"AXLE"},{"catalog_number":"BF0436001","name":"NUT"},{"catalog_number":"BF0435901","name":"SPACER PART"},{"catalog_number":"BF0432001","name":"PIN"},{"catalog_number":"BF0430401","name":"SHOE"},{"catalog_number":"BF0429901","name":"BRACKET"},{"catalog_number":"BF0429801","name":"SPACER"},{"catalog_number":"BF0429701","name":"SPACER"},{"catalog_number":"BF0427801","name":"SPROCKET"},{"catalog_number":"BF0426550","name":"CABLE"},{"catalog_number":"BF0426533","name":"CABLE"},{"catalog_number":"BF0426521","name":"SCREW"},{"catalog_number":"BF0426517","name":"FLANGE"},{"catalog_number":"BF0426507","name":"CABLE"},{"catalog_number":"BF0425101","name":"WASHER"},{"catalog_number":"BF0424802","name":"HOUSING"},{"catalog_number":"BF0424801","name":"HOUSING"},{"catalog_number":"BF0417401","name":"SCREW"},{"catalog_number":"BF0416404","name":"RING"},{"catalog_number":"BF0416402","name":"WASHER"},{"catalog_number":"BF0416401","name":"WASHER"},{"catalog_number":"BF0416304","name":"BALL BEARING"},{"catalog_number":"BF0403001","name":"SHIM"},{"catalog_number":"BF0397502","name":"COVER"},{"catalog_number":"BF0387101","name":"BUSH"},{"catalog_number":"BF0386401","name":"FLANGE"},{"catalog_number":"BF0384236","name":"KIT"},{"catalog_number":"BF0383101","name":"COVER"},{"catalog_number":"BF0382407","name":"FILTER"},{"catalog_number":"BF0379503","name":"RING"},{"catalog_number":"BF0376202","name":"ROLLER"},{"catalog_number":"BF0367528","name":"PARTS PACK"},{"catalog_number":"BF0367526","name":"PARTS PACK"},{"catalog_number":"BF0367525","name":"BOLT"},{"catalog_number":"BF0367506","name":"PARTS PACK"},{"catalog_number":"BF0365639","name":"PIN"},{"catalog_number":"BF0365613","name":"SHAFT"},{"catalog_number":"BF0365612","name":"PART"},{"catalog_number":"BF0365608","name":"BOLT"},{"catalog_number":"BF0365440","name":"PIN"},{"catalog_number":"BF0365413","name":"BOLT"},{"catalog_number":"BF0365337","name":"BOLT"},{"catalog_number":"BF0365306","name":"SCREW"},{"catalog_number":"BF0365302","name":"TOY"},{"catalog_number":"BF0365102","name":"BOLT"},{"catalog_number":"BF0343701","name":"LEAD"},{"catalog_number":"BF0313801","name":"BALL BEARING"},{"catalog_number":"BF0309801","name":"BOLT"},{"catalog_number":"BF0302814","name":"RESTRICTOR"},{"catalog_number":"BF0302801","name":"RESTRICTOR"},{"catalog_number":"BF0300801","name":"BEARING"},{"catalog_number":"BF0300703","name":"PART"},{"catalog_number":"BF0300702","name":"BALL BEARING"},{"catalog_number":"BF0295901","name":"KNIFE"},{"catalog_number":"BF0290126","name":"GASKET KIT"},{"catalog_number":"BF0286558","name":"WASHER"},{"catalog_number":"BF0286541","name":"PUMP"},{"catalog_number":"BF0281201","name":"KNIFE"},{"catalog_number":"BF0280701","name":"PART"},{"catalog_number":"BF0280103","name":"LEAD"},{"catalog_number":"BF0280101","name":"LEAD"},{"catalog_number":"BF0279612","name":"LOCK"},{"catalog_number":"BF0278530","name":"CYLINDER"},{"catalog_number":"BF0278520","name":"WASHER"},{"catalog_number":"BF0277114","name":"LEAD"},{"catalog_number":"BF0277112","name":"LEAD"},{"catalog_number":"BF0277110","name":"LEAD"},{"catalog_number":"BF0277105","name":"LEAD"},{"catalog_number":"BF0277104","name":"LEAD"},{"catalog_number":"BF0277103","name":"LEAD"},{"catalog_number":"BF0277102","name":"LEAD"},{"catalog_number":"BF0108606","name":"KNIFE"},{"catalog_number":"BF0108004","name":"BALL BEARING"},{"catalog_number":"BF0087505","name":"COVER"},{"catalog_number":"BD5884","name":"SHAFT"},{"catalog_number":"BD0830","name":"EYE BOLT"},{"catalog_number":"BC2990","name":"SPRING"},{"catalog_number":"BACW079294001","name":"CAB"},{"catalog_number":"BA5946","name":"KIT, ATTACHMENT"},{"catalog_number":"BA5945","name":"KIT, ATTACHMENT"},{"catalog_number":"BA5093","name":"TANK"},{"catalog_number":"BA5071","name":"SPROCKET"},{"catalog_number":"BA5068","name":"SPROCKET"},{"catalog_number":"B503609","name":"FILTER"},{"catalog_number":"ATV8477-616","name":"SCREW"},{"catalog_number":"ATV8428-002","name":"NUT"},{"catalog_number":"ATV8420-002","name":"RIGHT HAND NUT"},{"catalog_number":"ATV8409-075","name":"SCREW"},{"catalog_number":"ATV8050-242","name":"WASHER"},{"catalog_number":"ATV5507-197","name":"DIAPHRAGM"},{"catalog_number":"ATV5507-183","name":"VALVE"},{"catalog_number":"ATV5507-055","name":"NEEDLE"},{"catalog_number":"ATV5507-054","name":"SPRING"},{"catalog_number":"ATV5507-053","name":"VACUUM VALVE"},{"catalog_number":"ATV5507-039","name":"FLOAT"},{"catalog_number":"ATV5507-038","name":"FLOAT"},{"catalog_number":"ATV5507-034","name":"O RING"},{"catalog_number":"ATV5507-023","name":"SPRING"},{"catalog_number":"ATV5507-022","name":"VALVE"},{"catalog_number":"ATV5507-004","name":"PISTON"},{"catalog_number":"ATV4505-058","name":"DIAPHRAGM"},{"catalog_number":"ATV4505-011","name":"O RING"},{"catalog_number":"ATV4505-002","name":"SPRING"},{"catalog_number":"ATV3545-017","name":"CHOKE"},{"catalog_number":"ATV3530-034","name":"REGULATOR"},{"catalog_number":"ATV3530-026","name":"RELAY"},{"catalog_number":"ATV3530-025","name":"COIL"},{"catalog_number":"ATV3530-014","name":"REGULATOR"},{"catalog_number":"ATV3530-013","name":"RELAY"},{"catalog_number":"ATV3530-004","name":"COIL"},{"catalog_number":"ATV3530-001","name":"RELAY"},{"catalog_number":"ATV3446-182","name":"GEAR"},{"catalog_number":"ATV3446-156","name":"FORK"},{"catalog_number":"ATV3446-058","name":"SLEEVE"},{"catalog_number":"ATV3446-057","name":"HOUSING"},{"catalog_number":"ATV3445-003","name":"STARTERMOTOR"},{"catalog_number":"ATV3436-015","name":"KIT, PISTON"},{"catalog_number":"ATV3436-005","name":"FILTER"},{"catalog_number":"ATV3435-011","name":"JOINT PIECE"},{"catalog_number":"ATV3430-071","name":"ROTOR"},{"catalog_number":"ATV3430-058","name":"STATOR"},{"catalog_number":"ATV3430-055","name":"COIL"},{"catalog_number":"ATV3430-040","name":"SWITCH"},{"catalog_number":"ATV3430-008","name":"SEAL"},{"catalog_number":"ATV3423-860","name":"RING"},{"catalog_number":"ATV3423-857","name":"STUD BOLT"},{"catalog_number":"ATV3423-353","name":"O RING"},{"catalog_number":"ATV3423-344","name":"CIRCLIP"},{"catalog_number":"ATV3423-280","name":"CIRCLIP"},{"catalog_number":"ATV3423-278","name":"O RING"},{"catalog_number":"ATV3423-277","name":"O RING"},{"catalog_number":"ATV3423-276","name":"O RING"},{"catalog_number":"ATV3423-275","name":"O RING"},{"catalog_number":"ATV3423-270","name":"O RING"},{"catalog_number":"ATV3423-213","name":"NUT"}]}