{"machinery_brand_name":"Ag-Chem","parts":[{"catalog_number":"ATV3423-077","name":"O RING"},{"catalog_number":"ATV3423-073","name":"WASHER"},{"catalog_number":"ATV3423-068","name":"RING"},{"catalog_number":"ATV3423-060","name":"BEARING"},{"catalog_number":"ATV3409-009","name":"LEVER"},{"catalog_number":"ATV3409-007","name":"KEY"},{"catalog_number":"ATV3409-001","name":"LEVER"},{"catalog_number":"ATV3403-238","name":"CYLINDER"},{"catalog_number":"ATV3402-984","name":"GEAR"},{"catalog_number":"ATV3402-977","name":"SEAL"},{"catalog_number":"ATV3402-794","name":"GASKET"},{"catalog_number":"ATV3402-785","name":"ELECTRIC EQUIP."},{"catalog_number":"ATV3402-757","name":"BELT"},{"catalog_number":"ATV3402-715","name":"GASKET"},{"catalog_number":"ATV3402-683","name":"ELECTRIC EQUIP."},{"catalog_number":"ATV3402-682","name":"REGULATOR"},{"catalog_number":"ATV3402-672","name":"HOLDER"},{"catalog_number":"ATV3402-671","name":"TERMINAL"},{"catalog_number":"ATV3402-664","name":"BELT"},{"catalog_number":"ATV3402-596","name":"PIN"},{"catalog_number":"ATV3402-591","name":"GASKET"},{"catalog_number":"ATV3402-590","name":"GASKET"},{"catalog_number":"ATV3402-579","name":"GASKET"},{"catalog_number":"ATV3402-577","name":"GASKET"},{"catalog_number":"ATV3402-567","name":"BEARING ASSY"},{"catalog_number":"ATV3402-533","name":"PIPE"},{"catalog_number":"ATV3402-468","name":"FACING"},{"catalog_number":"ATV3402-444","name":"GASKET"},{"catalog_number":"ATV3402-441","name":"GASKET"},{"catalog_number":"ATV3402-436","name":"GASKET"},{"catalog_number":"ATV3402-408","name":"HEAD GASKET"},{"catalog_number":"ATV3402-365","name":"GASKET"},{"catalog_number":"ATV3402-331","name":"CAP"},{"catalog_number":"ATV3402-327","name":"PLUG"},{"catalog_number":"ATV3402-306","name":"KIT, PISTON"},{"catalog_number":"ATV3402-300","name":"SEAL"},{"catalog_number":"ATV3402-298","name":"GASKET"},{"catalog_number":"ATV3402-287","name":"GASKET"},{"catalog_number":"ATV3402-281","name":"CHAIN"},{"catalog_number":"ATV3402-273","name":"KIT, CLUTCH"},{"catalog_number":"ATV3402-267","name":"PIN"},{"catalog_number":"ATV3402-266","name":"KIT, RING"},{"catalog_number":"ATV3402-265","name":"PISTON"},{"catalog_number":"ATV3402-262","name":"GASKET"},{"catalog_number":"ATV3402-252","name":"HEAD GASKET"},{"catalog_number":"ATV3402-249","name":"INSPECTION COVER"},{"catalog_number":"ATV3402-248","name":"HEAD GASKET"},{"catalog_number":"ATV3402-227","name":"SEAL"},{"catalog_number":"ATV3402-226","name":"SEAL"},{"catalog_number":"ATV3402-213","name":"PLUG"},{"catalog_number":"ATV3402-163","name":"GASKET"},{"catalog_number":"ATV3402-143","name":"EXHAUST VALVE"},{"catalog_number":"ATV3402-072","name":"SEAL"},{"catalog_number":"ATV3402-010","name":"GASKET"},{"catalog_number":"ATV3313-429","name":"THROTTLE"},{"catalog_number":"ATV3206-319","name":"STARTERMOTOR"},{"catalog_number":"ATV3206-317","name":"GASKET"},{"catalog_number":"ATV3206-194","name":"OIL FILTER"},{"catalog_number":"ATV3206-186","name":"GASKET"},{"catalog_number":"ATV3206-171","name":"PUMP"},{"catalog_number":"ATV3206-079","name":"SPACER"},{"catalog_number":"ATV3206-069","name":"HEAD GASKET"},{"catalog_number":"ATV3206-068","name":"CHAMBER"},{"catalog_number":"ATV3206-067","name":"NUT"},{"catalog_number":"ATV3206-042","name":"BELT"},{"catalog_number":"ATV3206-019","name":"CRANKSHAFT"},{"catalog_number":"ATV3206-012","name":"FILTER"},{"catalog_number":"ATV3201-451","name":"OIL FILTER"},{"catalog_number":"ATV3201-409","name":"CYLINDER HEAD"},{"catalog_number":"ATV3201-353","name":"PLUG"},{"catalog_number":"ATV3201-342","name":"O RING"},{"catalog_number":"ATV3201-337","name":"O RING"},{"catalog_number":"ATV3201-075","name":"CAP"},{"catalog_number":"ATV3008-549","name":"TERMINAL KIT"},{"catalog_number":"ATV3005-243","name":"GASKET"},{"catalog_number":"ATV3005-226","name":"O RING"},{"catalog_number":"ATV3004-336","name":"NUT"},{"catalog_number":"ATV3003-439","name":"CIRCLIP"},{"catalog_number":"ATV3003-188","name":"GASKET"},{"catalog_number":"ATV2406-630","name":"MIRROR"},{"catalog_number":"ATV2406-322","name":"MOUNTING"},{"catalog_number":"ATV2402-150","name":"SEAL"},{"catalog_number":"ATV1603-889","name":"RETAINER"},{"catalog_number":"ATV1506-209","name":"COVER"},{"catalog_number":"ATV1502-938","name":"AXLE"},{"catalog_number":"ATV1502-873","name":"AXLE"},{"catalog_number":"ATV1502-540","name":"AXLE"},{"catalog_number":"ATV1502-539","name":"RIGHT HAND AXLE"},{"catalog_number":"ATV1502-442","name":"UNIVERSAL JOINT"},{"catalog_number":"ATV1502-344","name":"AXLE"},{"catalog_number":"ATV1502-343","name":"AXLE"},{"catalog_number":"ATV1502-085","name":"SHAFT"},{"catalog_number":"ATV1502-015","name":"HOSE"},{"catalog_number":"ATV1441-816","name":"CLIP"},{"catalog_number":"ATV1436-422","name":"KIT"},{"catalog_number":"ATV1436-420","name":"KIT, PAD"},{"catalog_number":"ATV1436-228","name":"KIT"},{"catalog_number":"ATV1436-207","name":"KIT"},{"catalog_number":"ATV1436-164","name":"BRAKE DISC"},{"catalog_number":"ATV1436-163","name":"CALIPER"},{"catalog_number":"ATV1436-161","name":"STIRRUP"},{"catalog_number":"ATV1402-809","name":"BEARING ASSY"},{"catalog_number":"ATV1402-594","name":"BRAKE PIPE"},{"catalog_number":"ATV1402-564","name":"BELT"},{"catalog_number":"ATV1402-507","name":"SHAFT"},{"catalog_number":"ATV1402-369","name":"YOKE"},{"catalog_number":"ATV1402-233","name":"SHAFT"},{"catalog_number":"ATV1402-164","name":"SPIDER"},{"catalog_number":"ATV1402-126","name":"KIT, PAD"},{"catalog_number":"ATV1402-115","name":"WHEEL RIM"},{"catalog_number":"ATV1402-100","name":"TYRE"},{"catalog_number":"ATV1402-034","name":"LOCK SUPPORT"},{"catalog_number":"ATV1402-020","name":"BRAKE HOSE"},{"catalog_number":"ATV1402-011","name":"SEAL"},{"catalog_number":"ATV0830-116","name":"GASKET"},{"catalog_number":"ATV0830-017","name":"GASKET"},{"catalog_number":"ATV0824-038","name":"INSTRUCTION BOOK"},{"catalog_number":"ATV0812-034","name":"OIL FILTER"},{"catalog_number":"ATV0812-005","name":"OIL FILTER"},{"catalog_number":"ATV0691-785","name":"KEY"},{"catalog_number":"ATV0673-618","name":"RUBBER PART"},{"catalog_number":"ATV0623-362","name":"RIVET"},{"catalog_number":"ATV0612-887","name":"GASKET"},{"catalog_number":"ATV0612-668","name":"SPRING"},{"catalog_number":"ATV0610-007","name":"FUEL HOSE"},{"catalog_number":"ATV0604-310","name":"BUSH"},{"catalog_number":"ATV0570-086","name":"FUEL GAUGE"},{"catalog_number":"ATV0570-084","name":"MANIFOLD"},{"catalog_number":"ATV0530-006","name":"REGULATOR"},{"catalog_number":"ATV0512-262","name":"EXHAUST PIPE"},{"catalog_number":"ATV0512-077","name":"COUPLER"},{"catalog_number":"ATV0509-036","name":"HEAD LIGHT"},{"catalog_number":"ATV0509-025","name":"HOUSING"},{"catalog_number":"ATV0509-022","name":"SIDE TAIL LAMP"},{"catalog_number":"ATV0506-274","name":"FLARE"},{"catalog_number":"ATV0506-164","name":"PANEL"},{"catalog_number":"ATV0506-056","name":"FOAM"},{"catalog_number":"ATV0505-875","name":"END"},{"catalog_number":"ATV0504-380","name":"KNUCKLE"},{"catalog_number":"ATV0503-188","name":"RIGHT HAND ARM"},{"catalog_number":"ATV0502-975","name":"GEAR CASE ASSY."},{"catalog_number":"ATV0502-634","name":"BRAKE LEVER"},{"catalog_number":"ATV0502-633","name":"BRAKE CYLINDER"},{"catalog_number":"ATV0502-627","name":"HOSE"},{"catalog_number":"ATV0502-620","name":"BRAKE"},{"catalog_number":"ATV0502-609","name":"BLEEDER"},{"catalog_number":"ATV0502-607","name":"SEAL"},{"catalog_number":"ATV0502-606","name":"PISTON"},{"catalog_number":"ATV0502-605","name":"BRACKET"},{"catalog_number":"ATV0502-579","name":"ACTUATOR"},{"catalog_number":"ATV0502-564","name":"SWITCH"},{"catalog_number":"ATV0502-517","name":"YOKE"},{"catalog_number":"ATV0502-387","name":"BRAKE LEVER"},{"catalog_number":"ATV0502-221","name":"ARM"},{"catalog_number":"ATV0487-050","name":"CABLE"},{"catalog_number":"ATV0487-044","name":"THROTTLE CABLE"},{"catalog_number":"ATV0487-012","name":"CABLE"},{"catalog_number":"ATV0487-010","name":"CABLE"},{"catalog_number":"ATV0470-758","name":"FUEL PUMP"},{"catalog_number":"ATV0470-663","name":"AIR FILTER"},{"catalog_number":"ATV0470-620","name":"AIR FILTER"},{"catalog_number":"ATV0470-619","name":"AIR FILTER"},{"catalog_number":"ATV0470-531","name":"O RING"},{"catalog_number":"ATV0470-521","name":"SEAL"},{"catalog_number":"ATV0470-514","name":"LID"},{"catalog_number":"ATV0470-513","name":"COVER"},{"catalog_number":"ATV0470-475","name":"FUEL FILTER"},{"catalog_number":"ATV0470-460","name":"AIR FILTER"},{"catalog_number":"ATV0470-445","name":"COCK"},{"catalog_number":"ATV0470-438","name":"TANK CAP"},{"catalog_number":"ATV0470-421","name":"FILTER"},{"catalog_number":"ATV0470-408","name":"TURN BUTTON"},{"catalog_number":"ATV0470-391","name":"AIR FILTER"},{"catalog_number":"ATV0470-390","name":"CARBURETTOR"},{"catalog_number":"ATV0470-383","name":"INTAKE STACK"},{"catalog_number":"ATV0470-347","name":"AIR FILTER HOSE"},{"catalog_number":"ATV0470-322","name":"FILTER"},{"catalog_number":"ATV0470-305","name":"BOOT"},{"catalog_number":"ATV0445-058","name":"SOLENOID"},{"catalog_number":"ATV0445-055","name":"LEAD"},{"catalog_number":"ATV0441-587","name":"FORK WRENCH"},{"catalog_number":"ATV0437-053","name":"BRAKE"},{"catalog_number":"ATV0436-741","name":"SPRAYER"},{"catalog_number":"ATV0436-699","name":"WINCH"},{"catalog_number":"ATV0436-361","name":"KIT"},{"catalog_number":"ATV0430-050","name":"NUT"},{"catalog_number":"ATV0430-036","name":"IGNITION SWITCH"},{"catalog_number":"ATV0423-845","name":"SNAPRING"},{"catalog_number":"ATV0423-750","name":"SPRING"},{"catalog_number":"ATV0423-607","name":"NUT"},{"catalog_number":"ATV0423-557","name":"SCREW"},{"catalog_number":"ATV0423-423","name":"CIRCLIP"},{"catalog_number":"ATV0423-413","name":"BANJO BOLT"},{"catalog_number":"ATV0423-411","name":"CLAMP"},{"catalog_number":"ATV0423-408","name":"NUT"},{"catalog_number":"ATV0423-407","name":"PIN"},{"catalog_number":"ATV0423-394","name":"NUT"},{"catalog_number":"ATV0423-393","name":"CLAMP"},{"catalog_number":"ATV0423-334","name":"SCREW"},{"catalog_number":"ATV0423-178","name":"WASHER"},{"catalog_number":"ATV0423-157","name":"TOP LOCK NUT"},{"catalog_number":"ATV0423-146","name":"SCREW"},{"catalog_number":"ATV0423-120","name":"NUT"},{"catalog_number":"ATV0423-101","name":"SCREW"},{"catalog_number":"ATV0423-089","name":"O RING"},{"catalog_number":"ATV0423-046","name":"RIVET"},{"catalog_number":"ATV0423-034","name":"CIRCLIP"},{"catalog_number":"ATV0423-009","name":"CLIP"},{"catalog_number":"ATV0420-034","name":"INSTRUMENT PANEL"},{"catalog_number":"ATV0413-184","name":"RADIATOR"},{"catalog_number":"ATV0413-045","name":"SENDER"},{"catalog_number":"ATV0412-375","name":"SEAL"},{"catalog_number":"ATV0412-215","name":"BUSH"},{"catalog_number":"ATV0411-957","name":"LEFT HAND DECAL"},{"catalog_number":"ATV0411-956","name":"RIGHT HAND DECAL"},{"catalog_number":"ATV0411-894","name":"DECAL"},{"catalog_number":"ATV0411-832","name":"DECAL"},{"catalog_number":"ATV0411-383","name":"LEFT HAND DECAL"},{"catalog_number":"ATV0410-012","name":"UNION"},{"catalog_number":"ATV0409-056","name":"BULB"},{"catalog_number":"ATV0409-055","name":"BULB"},{"catalog_number":"ATV0409-045","name":"BULB"},{"catalog_number":"ATV0409-032","name":"HEAD LAMP ASS RH"},{"catalog_number":"ATV0409-031","name":"HEAD LAMP ASS LH"},{"catalog_number":"ATV0409-013","name":"COVER"},{"catalog_number":"ATV0409-009","name":"SWITCH"},{"catalog_number":"ATV0406-832","name":"GRILLE"},{"catalog_number":"ATV0406-082","name":"FLARE"},{"catalog_number":"ATV0405-502","name":"TOGGLE"},{"catalog_number":"ATV0405-483","name":"TOGGLE"},{"catalog_number":"ATV0405-283","name":"BALL JOINT"},{"catalog_number":"ATV0405-282","name":"TOGGLE"},{"catalog_number":"ATV0405-106","name":"GRIP"},{"catalog_number":"ATV0405-063","name":"INSTRUMENT PANEL"},{"catalog_number":"ATV0405-052","name":"BEARING"},{"catalog_number":"ATV0405-032","name":"ROD"},{"catalog_number":"ATV0405-020","name":"BEARING"},{"catalog_number":"ATV0404-150","name":"SHOCK ABSORBER"},{"catalog_number":"ATV0404-147","name":"SHOCK ABSORBER"},{"catalog_number":"ATV0404-145","name":"SPRING"},{"catalog_number":"ATV0404-056","name":"SHOCK ABSORBER"},{"catalog_number":"ATV0404-001","name":"SHOCK ABSORBER"},{"catalog_number":"ATV0403-409","name":"BUSH"},{"catalog_number":"ATV0403-289","name":"BUSH"},{"catalog_number":"ATV0403-283","name":"BUSH"},{"catalog_number":"ATV0403-214","name":"COLLAR"},{"catalog_number":"ATV0403-213","name":"COLLAR"},{"catalog_number":"ATV0403-208","name":"BUSH"},{"catalog_number":"ATV0403-206","name":"BUSH"},{"catalog_number":"ATV0403-038","name":"COLLAR"},{"catalog_number":"ATV0403-035","name":"CAP"},{"catalog_number":"ATV0403-028","name":"SLEEVE"},{"catalog_number":"ATV0403-027","name":"RETAINER"},{"catalog_number":"ATV0402-987","name":"UNIVERSAL JOINT"},{"catalog_number":"ATV0402-985","name":"BOOT"},{"catalog_number":"ATV0402-974","name":"STUD BOLT"},{"catalog_number":"ATV0402-963","name":"SHAFT"},{"catalog_number":"ATV0402-954","name":"BOOT"},{"catalog_number":"ATV0402-947","name":"GASKET"},{"catalog_number":"ATV0402-882","name":"BRAKE PAD"},{"catalog_number":"ATV0402-828","name":"SPRING"},{"catalog_number":"ATV0402-782","name":"CAP"},{"catalog_number":"ATV0402-685","name":"PLATE"},{"catalog_number":"ATV0402-553","name":"GASKET"},{"catalog_number":"ATV0402-508","name":"GRIP"},{"catalog_number":"ATV0402-495","name":"PIN"},{"catalog_number":"ATV0402-492","name":"SCREW"},{"catalog_number":"ATV0402-487","name":"O RING"},{"catalog_number":"ATV0402-395","name":"SEAL"},{"catalog_number":"ATV0402-275","name":"BEARING ASSY"},{"catalog_number":"ATV0402-191","name":"AXLE"},{"catalog_number":"ATV0402-181","name":"SEAL"},{"catalog_number":"ATV0402-129","name":"SPRING"},{"catalog_number":"ATV0402-089","name":"SEAL"},{"catalog_number":"ATV0402-069","name":"SEAL"},{"catalog_number":"ATV0217-713","name":"SPARK PLUG"},{"catalog_number":"ATV0217-708","name":"SPARK PLUG"},{"catalog_number":"ATV0217-632","name":"SPARK PLUG"},{"catalog_number":"ATV0123-321","name":"SPRING"},{"catalog_number":"ATP8070","name":"KIT"},{"catalog_number":"ATP3002","name":"TOOL"},{"catalog_number":"ASA40","name":"CHAIN"},{"catalog_number":"ALSI307","name":"COIL"},{"catalog_number":"AL965706","name":"TRIMA PART"},{"catalog_number":"AL951999","name":"PIN"},{"catalog_number":"AL9032614","name":"HOSE"},{"catalog_number":"AL9032381","name":"HYDRAULIC HOSE"},{"catalog_number":"AL9032380","name":"HYDRAULIC HOSE"},{"catalog_number":"AL9032342","name":"HYDR. HOSE"},{"catalog_number":"AL9032341","name":"HYDR. HOSE"},{"catalog_number":"AL9032339","name":"HYDR. HOSE"},{"catalog_number":"AL9032277","name":"KIT, HOSE"},{"catalog_number":"AL9031940","name":"HOSE"},{"catalog_number":"AL9031939","name":"HYDRAULIC HOSE"},{"catalog_number":"AL9031936","name":"KIT, HOSE"},{"catalog_number":"AL9031861","name":"HYDRAULIC HOSE"},{"catalog_number":"AL9031730","name":"HYDRAULIC HOSE"},{"catalog_number":"AL9031724","name":"HYDRAULIC HOSE"},{"catalog_number":"AL9031723","name":"HYDRAULIC HOSE"},{"catalog_number":"AL9031721","name":"HOSE"},{"catalog_number":"AL9031719","name":"HYDR. HOSE"},{"catalog_number":"AL9031718","name":"HYDRAULIC HOSE"},{"catalog_number":"AL9031715","name":"HYDR. HOSE"},{"catalog_number":"AL9031714","name":"HYDRAULIC HOSE"},{"catalog_number":"AL9031713","name":"HYDRAULIC HOSE"},{"catalog_number":"AL9031710","name":"HYDRAULIC HOSE"},{"catalog_number":"AL9031705","name":"KIT, HOSE"},{"catalog_number":"AL9031699","name":"HYDRAULIC HOSE"},{"catalog_number":"AL9031475","name":"HOSE"},{"catalog_number":"AL9031320","name":"DRIVE KIT"},{"catalog_number":"AL9031172","name":"HOSE"},{"catalog_number":"AL9031005","name":"HOSE"},{"catalog_number":"AL9031000","name":"HOSE"},{"catalog_number":"AL9030949","name":"HOSE"},{"catalog_number":"AL9030925","name":"HYDRAULIC HOSE"},{"catalog_number":"AL9030885","name":"HYDRAULIC HOSE"},{"catalog_number":"AL9030839","name":"HYDR. HOSE"},{"catalog_number":"AL9030184","name":"HOSE"},{"catalog_number":"AL902674","name":"TRIMA PART"},{"catalog_number":"AL9020120","name":"PIN"},{"catalog_number":"AL9020105","name":"PIN"},{"catalog_number":"AL9020100","name":"PIVOT"},{"catalog_number":"AL9020059","name":"PIN"},{"catalog_number":"AL9020058","name":"PIN"},{"catalog_number":"AL9020023","name":"CLEVIS PIN"},{"catalog_number":"AL9020022","name":"CLEVIS PIN"},{"catalog_number":"AL9020021","name":"CLEVIS PIN"},{"catalog_number":"AL830051","name":"FRAME"},{"catalog_number":"AL805024","name":"CYLINDER"},{"catalog_number":"AL798010","name":"CYLINDER"},{"catalog_number":"AL762225","name":"TRIMA PART"},{"catalog_number":"AL762224","name":"TRIMA PART"},{"catalog_number":"AL762221","name":"TRIMA PART"},{"catalog_number":"AL762215","name":"TRIMA PART"},{"catalog_number":"AL761023","name":"PISTON ROD"},{"catalog_number":"AL757010","name":"RAM"},{"catalog_number":"AL752702","name":"TRIMA PART"},{"catalog_number":"AL743019","name":"BLADE"},{"catalog_number":"AL743018","name":"BLADE"},{"catalog_number":"AL743016","name":"TRIMA PART"},{"catalog_number":"AL743014","name":"TRIMA PART"},{"catalog_number":"AL743013","name":"UNION"},{"catalog_number":"AL743011","name":"TRIMA PART"},{"catalog_number":"AL743007","name":"TRIMA PART"},{"catalog_number":"AL743003","name":"TRIMA PART"},{"catalog_number":"AL743002","name":"TRIMA PART"},{"catalog_number":"AL743001","name":"TRIMA PART"},{"catalog_number":"AL743000","name":"TRIMA PART"},{"catalog_number":"AL741108","name":"TRIMA PART"},{"catalog_number":"AL741068","name":"TRIMA PART"},{"catalog_number":"AL741066","name":"PLUG"},{"catalog_number":"AL741065","name":"PLUG"},{"catalog_number":"AL741064","name":"PLUG"},{"catalog_number":"AL741063","name":"PLUG"},{"catalog_number":"AL741062","name":"PLUG"},{"catalog_number":"AL741059","name":"TRIMA PART"},{"catalog_number":"AL741057","name":"TRIMA PART"},{"catalog_number":"AL741056","name":"TRIMA PART"},{"catalog_number":"AL741042","name":"CABLE"},{"catalog_number":"AL741031","name":"TRIMA PART"},{"catalog_number":"AL741030","name":"TRIMA PART"},{"catalog_number":"AL741026","name":"TRIMA PART"},{"catalog_number":"AL741025","name":"SLEEVE"},{"catalog_number":"AL741005","name":"CABLE"},{"catalog_number":"AL741004","name":"CONNECTOR"},{"catalog_number":"AL740817","name":"CABLE"},{"catalog_number":"AL740810","name":"TRIMA PART"},{"catalog_number":"AL740774","name":"TRIMA PART"},{"catalog_number":"AL740773","name":"TRIMA PART"},{"catalog_number":"AL740767","name":"PLATE"},{"catalog_number":"AL740766","name":"SWITCH"},{"catalog_number":"AL740763","name":"TRIMA PART"},{"catalog_number":"AL740762","name":"KIT"},{"catalog_number":"AL740761","name":"KIT"},{"catalog_number":"AL740760","name":"SWITCH"},{"catalog_number":"AL740759","name":"TRIMA PART"},{"catalog_number":"AL740758","name":"TRIMA PART"},{"catalog_number":"AL740750","name":"BATTERY CABLE"},{"catalog_number":"AL740743","name":"TRIMA PART"},{"catalog_number":"AL740742","name":"RELAY"},{"catalog_number":"AL740740","name":"TRIMA PART"},{"catalog_number":"AL740736","name":"HEAD LIGHT"},{"catalog_number":"AL740734","name":"BATTERY CABLE"},{"catalog_number":"AL740732","name":"TRIMA PART"},{"catalog_number":"AL740730","name":"CABLE"},{"catalog_number":"AL740727","name":"TRIMA PART"},{"catalog_number":"AL740725","name":"CONTACT"},{"catalog_number":"AL740724","name":"TRIMA PART"},{"catalog_number":"AL740723","name":"CONTACT"},{"catalog_number":"AL740722","name":"TRIMA PART"},{"catalog_number":"AL740721","name":"DIODE"},{"catalog_number":"AL740720","name":"TRIMA PART"},{"catalog_number":"AL740716","name":"BRACKET"},{"catalog_number":"AL740524","name":"TRIMA PART"},{"catalog_number":"AL740520","name":"COUPLING"},{"catalog_number":"AL738123","name":"BUFFER"},{"catalog_number":"AL738118","name":"TRIMA PART"},{"catalog_number":"AL738117","name":"TRIMA PART"},{"catalog_number":"AL738115","name":"TRIMA PART"},{"catalog_number":"AL738110","name":"BOOT"},{"catalog_number":"AL738108","name":"CABLE"},{"catalog_number":"AL738104","name":"TRIMA PART"},{"catalog_number":"AL738102","name":"LEAD"},{"catalog_number":"AL736028","name":"TRIMA PART"},{"catalog_number":"AL736027","name":"TRIMA PART"},{"catalog_number":"AL736026","name":"UNION"},{"catalog_number":"AL736025","name":"TRIMA PART"},{"catalog_number":"AL736024","name":"COUPLER"},{"catalog_number":"AL736023","name":"TRIMA PART"},{"catalog_number":"AL736022","name":"COUPLING"},{"catalog_number":"AL736021","name":"COUPLING"},{"catalog_number":"AL736018","name":"COUPLING"},{"catalog_number":"AL736015","name":"TRIMA PART"},{"catalog_number":"AL736014","name":"SLEEVE"},{"catalog_number":"AL736013","name":"TRIMA PART"},{"catalog_number":"AL736007","name":"COUPLING"},{"catalog_number":"AL736006","name":"COUPLING"},{"catalog_number":"AL736005","name":"LINK"},{"catalog_number":"AL735280","name":"TRIMA PART"},{"catalog_number":"AL735277","name":"TRIMA PART"},{"catalog_number":"AL735222","name":"TRIMA PART"},{"catalog_number":"AL735220","name":"CLAMP"},{"catalog_number":"AL735219","name":"TRIMA PART"},{"catalog_number":"AL735218","name":"CLAMP"},{"catalog_number":"AL735217","name":"CLAMP"},{"catalog_number":"AL735216","name":"CLAMP"},{"catalog_number":"AL735215","name":"CLAMP"},{"catalog_number":"AL735214","name":"CLAMP"},{"catalog_number":"AL735213","name":"TRIMA PART"},{"catalog_number":"AL735211","name":"CLAMP"},{"catalog_number":"AL735209","name":"LINER"},{"catalog_number":"AL735208","name":"CLAMP"},{"catalog_number":"AL735205","name":"TUBE"},{"catalog_number":"AL735204","name":"TRIMA PART"},{"catalog_number":"AL735088","name":"CLAMP"},{"catalog_number":"AL735087","name":"CLAMP"},{"catalog_number":"AL735085","name":"TRIMA PART"},{"catalog_number":"AL735082","name":"CLAMP"},{"catalog_number":"AL735079","name":"CLAMP"},{"catalog_number":"AL735078","name":"CLAMP"},{"catalog_number":"AL735075","name":"CLAMP"},{"catalog_number":"AL735072","name":"CLAMP"},{"catalog_number":"AL733005","name":"TRIMA PART"},{"catalog_number":"AL733002","name":"TRIMA PART"},{"catalog_number":"AL733001","name":"TRIMA PART"},{"catalog_number":"AL732522","name":"BUSH"},{"catalog_number":"AL732520","name":"BUSH"},{"catalog_number":"AL732518","name":"BUSH"},{"catalog_number":"AL732517","name":"BUSH"},{"catalog_number":"AL732516","name":"BUSH"},{"catalog_number":"AL732515","name":"BUSH"},{"catalog_number":"AL732512","name":"WASHER"},{"catalog_number":"AL732510","name":"BUSH"},{"catalog_number":"AL732509","name":"LEAD"},{"catalog_number":"AL732507","name":"BUSH"},{"catalog_number":"AL732506","name":"LEAD"},{"catalog_number":"AL732503","name":"LEAD"},{"catalog_number":"AL732500","name":"LEAD"},{"catalog_number":"AL732178","name":"TRIMA PART"},{"catalog_number":"AL732176","name":"TRIMA PART"},{"catalog_number":"AL732174","name":"TRIMA PART"},{"catalog_number":"AL732168","name":"RING"},{"catalog_number":"AL732164","name":"STEERING"},{"catalog_number":"AL732163","name":"BUSH"},{"catalog_number":"AL732157","name":"LEAD"},{"catalog_number":"AL732156","name":"BUSH"},{"catalog_number":"AL732155","name":"BUSH"},{"catalog_number":"AL732150","name":"BUSH"},{"catalog_number":"AL732007","name":"LINK"},{"catalog_number":"AL732004","name":"LINK"},{"catalog_number":"AL731862","name":"TRIMA PART"},{"catalog_number":"AL731860","name":"TRIMA PART"},{"catalog_number":"AL731859","name":"TRIMA PART"},{"catalog_number":"AL731852","name":"LINK"},{"catalog_number":"AL731851","name":"LINK"},{"catalog_number":"AL731850","name":"LINK"},{"catalog_number":"AL731514","name":"TRIMA PART"},{"catalog_number":"AL731513","name":"TRIMA PART"},{"catalog_number":"AL731102","name":"TRIMA PART"},{"catalog_number":"AL731004","name":"TRIMA PART"},{"catalog_number":"AL729831","name":"WIRE"},{"catalog_number":"AL729830","name":"WIRE"},{"catalog_number":"AL729828","name":"CABLE"},{"catalog_number":"AL729827","name":"CABLE"},{"catalog_number":"AL729826","name":"CABLE"},{"catalog_number":"AL729825","name":"CABLE"},{"catalog_number":"AL729824","name":"CABLE"},{"catalog_number":"AL729823","name":"CABLE"},{"catalog_number":"AL729822","name":"CABLE"},{"catalog_number":"AL729821","name":"CABLE"},{"catalog_number":"AL729820","name":"CABLE"},{"catalog_number":"AL729813","name":"CABLE"},{"catalog_number":"AL729812","name":"CABLE"},{"catalog_number":"AL729811","name":"WIRE"},{"catalog_number":"AL729810","name":"WIRE"},{"catalog_number":"AL729809","name":"WIRE"},{"catalog_number":"AL729808","name":"CABLE"},{"catalog_number":"AL729807","name":"CABLE"},{"catalog_number":"AL729805","name":"CABLE"},{"catalog_number":"AL729804","name":"CABLE"},{"catalog_number":"AL729803","name":"WIRE"},{"catalog_number":"AL729802","name":"CABLE"},{"catalog_number":"AL729801","name":"CABLE"},{"catalog_number":"AL729800","name":"CABLE"},{"catalog_number":"AL729512","name":"WIRE"},{"catalog_number":"AL729100","name":"TRIMA PART"},{"catalog_number":"AL728110","name":"NIPPLE"},{"catalog_number":"AL728101","name":"NIPPLE"},{"catalog_number":"AL727106","name":"TRIMA PART"},{"catalog_number":"AL727105","name":"KEY"},{"catalog_number":"AL725904","name":"PIN"},{"catalog_number":"AL725901","name":"TRIMA PART"},{"catalog_number":"AL725660","name":"TRIMA PART"},{"catalog_number":"AL725657","name":"TRIMA PART"},{"catalog_number":"AL725656","name":"PIN"},{"catalog_number":"AL725655","name":"PIN"},{"catalog_number":"AL725654","name":"PIN"},{"catalog_number":"AL725649","name":"PIN"},{"catalog_number":"AL725645","name":"PIN"},{"catalog_number":"AL725641","name":"PIN"},{"catalog_number":"AL725639","name":"PIPE"},{"catalog_number":"AL725638","name":"PIN"},{"catalog_number":"AL725637","name":"PIN"},{"catalog_number":"AL725634","name":"SPRING"},{"catalog_number":"AL725633","name":"PIN"},{"catalog_number":"AL725620","name":"PIN"},{"catalog_number":"AL725616","name":"TRIMA PART"},{"catalog_number":"AL725602","name":"PIN"},{"catalog_number":"AL725599","name":"TRIMA PART"},{"catalog_number":"AL725597","name":"TRIMA PART"},{"catalog_number":"AL725594","name":"TRIMA PART"},{"catalog_number":"AL725592","name":"TRIMA PART"},{"catalog_number":"AL725591","name":"TRIMA PART"},{"catalog_number":"AL725590","name":"PIN"},{"catalog_number":"AL725589","name":"TRIMA PART"},{"catalog_number":"AL725588","name":"TRIMA PART"},{"catalog_number":"AL725585","name":"LOCKNUT"},{"catalog_number":"AL725584","name":"LOCKNUT"},{"catalog_number":"AL725581","name":"LOCKNUT"},{"catalog_number":"AL725580","name":"RING"},{"catalog_number":"AL725579","name":"LOCKNUT"},{"catalog_number":"AL725578","name":"STOP"},{"catalog_number":"AL725574","name":"PIN"},{"catalog_number":"AL725569","name":"TRIMA PART"},{"catalog_number":"AL725561","name":"PIPE"},{"catalog_number":"AL725375","name":"LOCKNUT"},{"catalog_number":"AL725187","name":"TRIMA PART"},{"catalog_number":"AL725184","name":"TRIMA PART"},{"catalog_number":"AL725182","name":"RING"},{"catalog_number":"AL725180","name":"LOCKNUT"},{"catalog_number":"AL725170","name":"RING"},{"catalog_number":"AL725161","name":"TRIMA PART"},{"catalog_number":"AL725159","name":"RING"},{"catalog_number":"AL725150","name":"RETAINER"},{"catalog_number":"AL725141","name":"RING"},{"catalog_number":"AL725137","name":"TRIMA PART"},{"catalog_number":"AL725136","name":"RING"},{"catalog_number":"AL725116","name":"RING"},{"catalog_number":"AL725112","name":"PIN"},{"catalog_number":"AL725110","name":"PIN"},{"catalog_number":"AL725108","name":"LOCK"},{"catalog_number":"AL725106","name":"SPRING"},{"catalog_number":"AL725105","name":"PIN"},{"catalog_number":"AL725042","name":"TRIMA PART"},{"catalog_number":"AL725041","name":"TRIMA PART"},{"catalog_number":"AL725028","name":"TRIMA PART"},{"catalog_number":"AL724202","name":"TRIMA PART"},{"catalog_number":"AL724126","name":"SPRING"},{"catalog_number":"AL724124","name":"SPRING"},{"catalog_number":"AL724121","name":"TRIMA PART"},{"catalog_number":"AL724120","name":"SPRING"},{"catalog_number":"AL724117","name":"SPRING"},{"catalog_number":"AL724112","name":"SPRING"},{"catalog_number":"AL724110","name":"SPRING"},{"catalog_number":"AL724108","name":"SPRING"},{"catalog_number":"AL724003","name":"TRIMA PART"},{"catalog_number":"AL724002","name":"TRIMA PART"},{"catalog_number":"AL724001","name":"TRIMA PART"},{"catalog_number":"AL724000","name":"SPRING"},{"catalog_number":"AL723010","name":"RAM"},{"catalog_number":"AL721279","name":"SPRING"},{"catalog_number":"AL721229","name":"WASHER"},{"catalog_number":"AL721212","name":"WASHER"},{"catalog_number":"AL721209","name":"WASHER"},{"catalog_number":"AL721204","name":"WASHER"},{"catalog_number":"AL721136","name":"WASHER"},{"catalog_number":"AL721134","name":"TRIMA PART"},{"catalog_number":"AL721132","name":"WASHER"},{"catalog_number":"AL721127","name":"WASHER"},{"catalog_number":"AL721123","name":"WASHER"},{"catalog_number":"AL721119","name":"WASHER"},{"catalog_number":"AL721117","name":"RING"},{"catalog_number":"AL721115","name":"TRIMA PART"},{"catalog_number":"AL721109","name":"WASHER"},{"catalog_number":"AL721103","name":"TRIMA PART"},{"catalog_number":"AL721070","name":"LOCK WASHER"},{"catalog_number":"AL721034","name":"WASHER"},{"catalog_number":"AL721032","name":"LOCK WASHER"},{"catalog_number":"AL721031","name":"WASHER"},{"catalog_number":"AL721030","name":"TRIMA PART"}]}