{"machinery_brand_name":"Ag-Chem","parts":[{"catalog_number":"513045D1","name":"PIPE"},{"catalog_number":"513044D1","name":"HARNESS"},{"catalog_number":"513042D1","name":"INSERT"},{"catalog_number":"513041D1","name":"PIPE"},{"catalog_number":"513038D1","name":"MOUNT"},{"catalog_number":"513033D1","name":"SUPPORT BRACE"},{"catalog_number":"513032D1","name":"RADIATOR HOSE"},{"catalog_number":"513031D1","name":"RADIATOR HOSE"},{"catalog_number":"513029D1","name":"PIPE"},{"catalog_number":"513025D1","name":"ENGINE MOUNT"},{"catalog_number":"513023D1","name":"WIRE HARNESS"},{"catalog_number":"513022D1","name":"PLATE"},{"catalog_number":"513021D1","name":"SHUTOFF VALVE"},{"catalog_number":"513020D1","name":"BALL VALVE"},{"catalog_number":"513016D1","name":"MODULE"},{"catalog_number":"513004D1","name":"BAR"},{"catalog_number":"512906D1","name":"VALVE"},{"catalog_number":"512869D1","name":"SWITCH HARNESS"},{"catalog_number":"512854D1","name":"HOSE"},{"catalog_number":"512852D1","name":"HOSE"},{"catalog_number":"512851D1","name":"HOSE"},{"catalog_number":"512850D1","name":"HOSE"},{"catalog_number":"512771D1","name":"ELBOW FITTING"},{"catalog_number":"512767D1","name":"DECAL"},{"catalog_number":"512761D1","name":"WHEEL"},{"catalog_number":"512740D1","name":"BOOM REST"},{"catalog_number":"512722D1","name":"COVER BAR"},{"catalog_number":"512707D1","name":"HARNESS"},{"catalog_number":"512706D1","name":"HARNESS"},{"catalog_number":"512699D1","name":"GUARD"},{"catalog_number":"512676D1","name":"WIRE HARNESS"},{"catalog_number":"512675D1","name":"HARNESS"},{"catalog_number":"512674D1","name":"HARNESS"},{"catalog_number":"512673D1","name":"HARNESS"},{"catalog_number":"512671D1","name":"HARNESS"},{"catalog_number":"512670D1","name":"HARNESS"},{"catalog_number":"512668D1","name":"HARNESS"},{"catalog_number":"512666D1","name":"HARNESS"},{"catalog_number":"512665D1","name":"HARNESS"},{"catalog_number":"512616D1","name":"TYRE"},{"catalog_number":"512611D1","name":"HOSE"},{"catalog_number":"512561D1","name":"FILTER"},{"catalog_number":"512558D1","name":"FILTER ELEMENT"},{"catalog_number":"512555D1","name":"TUBE"},{"catalog_number":"512554D1","name":"WIRE HARNESS"},{"catalog_number":"512552D1","name":"PANEL"},{"catalog_number":"512551D1","name":"HYDRAULIC HOSE"},{"catalog_number":"512550D1","name":"HYDRAULIC HOSE"},{"catalog_number":"512549D1","name":"HYDRAULIC HOSE"},{"catalog_number":"512548D1","name":"HYDRAULIC HOSE"},{"catalog_number":"512547D1","name":"HYDRAULIC HOSE"},{"catalog_number":"512546D1","name":"HYDRAULIC HOSE"},{"catalog_number":"512545D2","name":"HYDRAULIC HOSE"},{"catalog_number":"512545D1","name":"HYDRAULIC HOSE"},{"catalog_number":"512544D1","name":"HYDRAULIC HOSE"},{"catalog_number":"512531D1","name":"BRACKET"},{"catalog_number":"512530D1","name":"WHEEL"},{"catalog_number":"512529D1","name":"WHEEL"},{"catalog_number":"512515D1","name":"HARNESS"},{"catalog_number":"512494D2","name":"PLATE"},{"catalog_number":"512491D1","name":"BRACKET"},{"catalog_number":"512489D1","name":"BRACKET"},{"catalog_number":"512488D1","name":"FRAME"},{"catalog_number":"512462D1","name":"BRACKET"},{"catalog_number":"512457D1","name":"DECAL"},{"catalog_number":"512456D1","name":"DECAL"},{"catalog_number":"512447D1","name":"HARNESS"},{"catalog_number":"512445D1","name":"HARNESS"},{"catalog_number":"512444D1","name":"HARNESS"},{"catalog_number":"512441D1","name":"CLIP"},{"catalog_number":"512440D1","name":"BALL STUD"},{"catalog_number":"512439D1","name":"SPRING ASSEMBLY"},{"catalog_number":"512438D1","name":"ELBOW"},{"catalog_number":"512432D1","name":"BRACKET"},{"catalog_number":"512430D1","name":"HOSE"},{"catalog_number":"512429D1","name":"HOSE"},{"catalog_number":"512428D1","name":"HOSE"},{"catalog_number":"512427D1","name":"HOSE"},{"catalog_number":"512426D1","name":"HOSE"},{"catalog_number":"512425D1","name":"HOSE"},{"catalog_number":"512410D1","name":"PLATE"},{"catalog_number":"512397D1","name":"BAR"},{"catalog_number":"512396D1","name":"BAR"},{"catalog_number":"512394D1","name":"HOSE"},{"catalog_number":"512392D1","name":"FLANGE"},{"catalog_number":"512383D1","name":"PLUG"},{"catalog_number":"512382D1","name":"DECAL"},{"catalog_number":"512381D1","name":"DECAL"},{"catalog_number":"512379D1","name":"HARNESS"},{"catalog_number":"512364D1","name":"LATCH"},{"catalog_number":"512361D1","name":"ENGINE BONNET"},{"catalog_number":"512356D1","name":"STEP"},{"catalog_number":"512339D1","name":"AXLE"},{"catalog_number":"512337D1","name":"DRIVE SHAFT"},{"catalog_number":"512336D1","name":"DRIVE SHAFT"},{"catalog_number":"512286D1","name":"WHEEL"},{"catalog_number":"512285D1","name":"WHEEL"},{"catalog_number":"512222D1","name":"SEAL"},{"catalog_number":"512212D1","name":"ELBOW"},{"catalog_number":"512209D1","name":"HOSE"},{"catalog_number":"512207D1","name":"HOSE"},{"catalog_number":"512206D1","name":"HOSE"},{"catalog_number":"512204D1","name":"HOSE"},{"catalog_number":"512203D1","name":"HOSE"},{"catalog_number":"512202D1","name":"HOSE"},{"catalog_number":"512201D1","name":"HOSE"},{"catalog_number":"512200D1","name":"HOSE"},{"catalog_number":"512199D1","name":"HOSE"},{"catalog_number":"512198D1","name":"HOSE"},{"catalog_number":"512197D1","name":"HOSE"},{"catalog_number":"512196D1","name":"HOSE"},{"catalog_number":"512195D1","name":"HOSE"},{"catalog_number":"512194D1","name":"HOSE"},{"catalog_number":"512193D1","name":"HOSE"},{"catalog_number":"512192D1","name":"HOSE"},{"catalog_number":"512191D1","name":"HOSE"},{"catalog_number":"512190D1","name":"HOSE"},{"catalog_number":"512189D1","name":"HOSE"},{"catalog_number":"512188D1","name":"HOSE"},{"catalog_number":"512186D1","name":"HOSE"},{"catalog_number":"512185D1","name":"HOSE"},{"catalog_number":"512184D1","name":"HOSE"},{"catalog_number":"512183D1","name":"HOSE"},{"catalog_number":"512182D1","name":"HOSE"},{"catalog_number":"512181D1","name":"HOSE"},{"catalog_number":"512180D1","name":"HOSE"},{"catalog_number":"512179D1","name":"HOSE"},{"catalog_number":"512178D1","name":"HOSE"},{"catalog_number":"512177D1","name":"HOSE"},{"catalog_number":"512176D1","name":"HOSE"},{"catalog_number":"512175D1","name":"HOSE"},{"catalog_number":"512173D1","name":"HOSE"},{"catalog_number":"512172D1","name":"HOSE"},{"catalog_number":"512171D1","name":"HOSE"},{"catalog_number":"512170D1","name":"HOSE"},{"catalog_number":"512168D1","name":"HOSE"},{"catalog_number":"512166D1","name":"HOSE"},{"catalog_number":"512164D1","name":"HOSE"},{"catalog_number":"512063D1","name":"MOUNTING"},{"catalog_number":"512061D1","name":"PLATE"},{"catalog_number":"512058D1","name":"MOUNTING"},{"catalog_number":"512002D1","name":"HUB"},{"catalog_number":"512001D1","name":"TUBE"},{"catalog_number":"511983D1","name":"BRAKE VALVE"},{"catalog_number":"511966D1","name":"MOUNTING KIT"},{"catalog_number":"511965D1","name":"UNIT"},{"catalog_number":"511953D1","name":"AIR DUCT"},{"catalog_number":"511941D1","name":"GRAB HANDLE"},{"catalog_number":"511932D1","name":"FAN"},{"catalog_number":"511931D1","name":"POWER HARNESS"},{"catalog_number":"511930D1","name":"CABLE"},{"catalog_number":"511929D1","name":"WIRE HARNESS"},{"catalog_number":"511928D1","name":"HARNESS"},{"catalog_number":"511924D1","name":"POWER HARNESS"},{"catalog_number":"511919D1","name":"WHEEL"},{"catalog_number":"511907D1","name":"BOX"},{"catalog_number":"511906D1","name":"BOX"},{"catalog_number":"511889D1","name":"PLATE"},{"catalog_number":"511877D1","name":"BAR"},{"catalog_number":"511872D1","name":"SHIELD"},{"catalog_number":"511823D1","name":"PIPE"},{"catalog_number":"511821D1","name":"TUBE"},{"catalog_number":"511813D1","name":"PLATE"},{"catalog_number":"511802D1","name":"HARNESS"},{"catalog_number":"511801D1","name":"HARNESS"},{"catalog_number":"511800D1","name":"HYD. OIL COOLER"},{"catalog_number":"511799D1","name":"RADIATOR HOSE"},{"catalog_number":"511798D1","name":"HARNESS"},{"catalog_number":"511791D1","name":"HANDLE"},{"catalog_number":"511790D1","name":"HANDLE"},{"catalog_number":"511788D1","name":"OIL COOLER"},{"catalog_number":"511770D1","name":"WELDING SET"},{"catalog_number":"511769D1","name":"WELDING SET"},{"catalog_number":"511764D1","name":"SUPPORT BRACKET"},{"catalog_number":"511763D1","name":"BRACKET"},{"catalog_number":"511759D1","name":"CONSOLE"},{"catalog_number":"511755D1","name":"ADAPTER PLATE"},{"catalog_number":"511753D1","name":"O-RING"},{"catalog_number":"511738D1","name":"TUBE"},{"catalog_number":"511687D1","name":"BRACKET"},{"catalog_number":"511678D1","name":"MOUNTING BRACKET"},{"catalog_number":"511676D1","name":"ENGINE MOUNT"},{"catalog_number":"511651D1","name":"PIPE"},{"catalog_number":"511649D1","name":"DOOR BUMPER"},{"catalog_number":"511645D1","name":"TUBE"},{"catalog_number":"511644D1","name":"TUBE"},{"catalog_number":"511643D1","name":"TUBE"},{"catalog_number":"511635D1","name":"ELBOW FITTING"},{"catalog_number":"511626D1","name":"OIL COOLER"},{"catalog_number":"511623D1","name":"HARNESS"},{"catalog_number":"511621D1","name":"NOZZLE HOUSING"},{"catalog_number":"511590D1","name":"MOUNTING BRACKET"},{"catalog_number":"511584D1","name":"GUARD"},{"catalog_number":"511560D1","name":"WELDING SET"},{"catalog_number":"511555D1","name":"WELDING SET"},{"catalog_number":"511548D1","name":"GRAB HANDLE"},{"catalog_number":"511521D1","name":"HYDRAULIC TUBE"},{"catalog_number":"511487D1","name":"SUPPORT"},{"catalog_number":"511486D1","name":"SUPPORT"},{"catalog_number":"511461D1","name":"EXTENSION CABLE"},{"catalog_number":"511451D1","name":"FOLD LINK"},{"catalog_number":"511450D1","name":"LINK"},{"catalog_number":"511433D1","name":"BRACKET"},{"catalog_number":"511432D1","name":"STANDOFF BRKT"},{"catalog_number":"511428D1","name":"BRACKET"},{"catalog_number":"511426D1","name":"PLATE"},{"catalog_number":"511418D1","name":"DECAL"},{"catalog_number":"511416D1","name":"WARNING DECAL"},{"catalog_number":"511415D1","name":"DECAL"},{"catalog_number":"511414D1","name":"DECAL"},{"catalog_number":"511413D1","name":"DECAL"},{"catalog_number":"511412D1","name":"DECAL"},{"catalog_number":"511402D1","name":"REPAIR KIT"},{"catalog_number":"511375D1","name":"MOUNTING"},{"catalog_number":"511364D1","name":"ADJUSTING BAR"},{"catalog_number":"511210D1","name":"DECAL"},{"catalog_number":"511209D1","name":"DECAL"},{"catalog_number":"511208D1","name":"DECAL"},{"catalog_number":"511207D1","name":"DECAL"},{"catalog_number":"511206D1","name":"DECAL"},{"catalog_number":"511205D1","name":"DECAL"},{"catalog_number":"511204D1","name":"DECAL"},{"catalog_number":"511203D1","name":"DECAL"},{"catalog_number":"511202D1","name":"DECAL"},{"catalog_number":"511201D1","name":"DECAL"},{"catalog_number":"511200D1","name":"DECAL"},{"catalog_number":"511199D1","name":"DECAL"},{"catalog_number":"511156D1","name":"SEAL"},{"catalog_number":"511155D1","name":"SEAL"},{"catalog_number":"511147D1","name":"INFORMAT. DECAL"},{"catalog_number":"511144D1","name":"DECAL"},{"catalog_number":"511143D1","name":"DECAL"},{"catalog_number":"511142D1","name":"DECAL"},{"catalog_number":"511140D1","name":"DECAL"},{"catalog_number":"511139D1","name":"DECAL"},{"catalog_number":"511136D1","name":"DECAL"},{"catalog_number":"511135D1","name":"DECAL"},{"catalog_number":"511134D1","name":"DECAL"},{"catalog_number":"511133D1","name":"WARNING DECAL"},{"catalog_number":"511132D1","name":"DECAL"},{"catalog_number":"511130D1","name":"INFORMAT. DECAL"},{"catalog_number":"511129D1","name":"INFORMAT. DECAL"},{"catalog_number":"511128D1","name":"DECAL"},{"catalog_number":"511127D1","name":"DECAL"},{"catalog_number":"511126D1","name":"WARNING DECAL"},{"catalog_number":"511108D1","name":"DECAL"},{"catalog_number":"511107D1","name":"DECAL"},{"catalog_number":"511096D1","name":"DECAL"},{"catalog_number":"511092D1","name":"DECAL"},{"catalog_number":"511091D1","name":"WARNING DECAL"},{"catalog_number":"511090D1","name":"DECAL"},{"catalog_number":"511089D1","name":"DECAL"},{"catalog_number":"511088D1","name":"DECAL"},{"catalog_number":"511087D1","name":"DECAL"},{"catalog_number":"511044D1","name":"TUBE"},{"catalog_number":"511043D1","name":"TUBE"},{"catalog_number":"511011D1","name":"ELECTRONIC BOX"},{"catalog_number":"510240D1","name":"RIM"},{"catalog_number":"510231D1","name":"RIM"},{"catalog_number":"509996D1","name":"BRACKET"},{"catalog_number":"509984D1","name":"DIVIDER"},{"catalog_number":"509945D1","name":"CYLINDER"},{"catalog_number":"509921D1","name":"BRACKET"},{"catalog_number":"509916D1","name":"MOTOR"},{"catalog_number":"509886D1","name":"BRACKET"},{"catalog_number":"509885D1","name":"STANDOFF BRKT"},{"catalog_number":"509884D1","name":"BRACKET"},{"catalog_number":"509883D1","name":"BRACKET"},{"catalog_number":"509882D1","name":"BRACKET"},{"catalog_number":"509881D1","name":"STANDOFF BRKT"},{"catalog_number":"509852D1","name":"GEARBOX"},{"catalog_number":"509746D1","name":"HARNESS"},{"catalog_number":"509745D1","name":"CABLE"},{"catalog_number":"509725D1","name":"BRACKET"},{"catalog_number":"509713D1","name":"HARNESS"},{"catalog_number":"509699D1","name":"SPEED SENSOR"},{"catalog_number":"509644D1","name":"WORKLIGHT"},{"catalog_number":"509637D1","name":"ANTENNA"},{"catalog_number":"509539D1","name":"BRACKET"},{"catalog_number":"509506D1","name":"BRACKET"},{"catalog_number":"509499D1","name":"BRACKET"},{"catalog_number":"509495D1","name":"MOUNTING BRACKET"},{"catalog_number":"509492D1","name":"MOUNTING"},{"catalog_number":"509418D1","name":"HARNESS"},{"catalog_number":"509417D1","name":"VALVE HARNESS"},{"catalog_number":"509416D1","name":"HARNESS"},{"catalog_number":"509415D1","name":"VALVE HARNESS"},{"catalog_number":"509414D1","name":"HARNESS"},{"catalog_number":"509394D1","name":"WIRE HARNESS"},{"catalog_number":"509383D1","name":"HOSE"},{"catalog_number":"509382D1","name":"ELBOW"},{"catalog_number":"509370D1","name":"EXHAUST"},{"catalog_number":"509342D1","name":"HYDRAULIC TUBE"},{"catalog_number":"509339D1","name":"HUB"},{"catalog_number":"509324D1","name":"SPACER"},{"catalog_number":"509280D1","name":"CONTROL MODULE"},{"catalog_number":"509278D1","name":"OIL FILTER"},{"catalog_number":"509270D1","name":"BALL VALVE"},{"catalog_number":"509269D1","name":"BRACKET"},{"catalog_number":"509268D1","name":"DECAL"},{"catalog_number":"509267D1","name":"COVER"},{"catalog_number":"509265D1","name":"MOUNTING BRACKET"},{"catalog_number":"509261D1","name":"MANIFOLD"},{"catalog_number":"509249D1","name":"FILTER ELEMENT"},{"catalog_number":"509248D1","name":"FUEL FILTER"},{"catalog_number":"509247D1","name":"FUEL FILTER"},{"catalog_number":"509244D1","name":"HARNESS"},{"catalog_number":"509242D1","name":"HARNESS"},{"catalog_number":"509223D1","name":"CONTROL MODULE"},{"catalog_number":"509133D1","name":"COIL NUT"},{"catalog_number":"509128D1A","name":"INSTRUCTIONS"},{"catalog_number":"509127D1","name":"DRIVE SHAFT"},{"catalog_number":"509111D1","name":"HARNESS"},{"catalog_number":"509027D1","name":"EXT HARNESS"},{"catalog_number":"509020D1","name":"MOUNTING BRACKET"},{"catalog_number":"509011D1","name":"SERPENTINE BELT"},{"catalog_number":"508980D1","name":"PUMP"},{"catalog_number":"508979D1","name":"HYDRAULIC PUMP"},{"catalog_number":"508965D1","name":"BLOCK"},{"catalog_number":"508955D1","name":"SEAL"},{"catalog_number":"508929D1","name":"KEY"},{"catalog_number":"508925D1","name":"CORE"},{"catalog_number":"508911D2","name":"PRESSURE SWITCH"},{"catalog_number":"508869D1","name":"PIN"},{"catalog_number":"508858D1","name":"HOSE BARB"},{"catalog_number":"508857D1","name":"MANIFOLD"},{"catalog_number":"508856D1","name":"ELBOW FITTING"},{"catalog_number":"508850D1","name":"PLATE"},{"catalog_number":"508835D1","name":"TUBE"},{"catalog_number":"508770D1","name":"HYDRAULIC BLOCK"},{"catalog_number":"508757D1","name":"AIR BOX"},{"catalog_number":"508731D1","name":"GRILLE"},{"catalog_number":"508718D1","name":"BRACKET ANGLE"},{"catalog_number":"508685D1","name":"PLATE"},{"catalog_number":"508666D1","name":"BODY GASKET"},{"catalog_number":"508665D1","name":"RING"},{"catalog_number":"508664D1","name":"CAP"},{"catalog_number":"508663D1","name":"BODY"},{"catalog_number":"508662D1","name":"STRAINER"},{"catalog_number":"508624D1","name":"MOUNTING BRACKET"},{"catalog_number":"508569D1","name":"MOUNTING KIT"},{"catalog_number":"508566D1","name":"PLATE"},{"catalog_number":"508528D1","name":"CRANK ARM KIT"},{"catalog_number":"508479D1","name":"AXLE"},{"catalog_number":"508467D1","name":"SPRING"},{"catalog_number":"508392D1","name":"HOSE"},{"catalog_number":"508391D1","name":"HOSE"},{"catalog_number":"508390D1","name":"HOSE"},{"catalog_number":"508389D1","name":"HOSE"},{"catalog_number":"508388D1","name":"HOSE"},{"catalog_number":"508386D1","name":"HOSE"},{"catalog_number":"508343D1","name":"ROCKER SWITCH"},{"catalog_number":"508340D1","name":"ROCKER SWITCH"},{"catalog_number":"508339D1","name":"ROCKER SWITCH"},{"catalog_number":"508337D1","name":"ROCKER SWITCH"},{"catalog_number":"508335D1","name":"ROCKER SWITCH"},{"catalog_number":"508333D1","name":"ROCKER SWITCH"},{"catalog_number":"508329D1","name":"ROCKER SWITCH"},{"catalog_number":"508328D1","name":"ROCKER SWITCH"},{"catalog_number":"508327D1","name":"SWITCH"},{"catalog_number":"508321D1","name":"SWITCH"},{"catalog_number":"508299D1","name":"PLATE"},{"catalog_number":"508298D1","name":"PLATE"},{"catalog_number":"508294D1","name":"EXT HARNESS"},{"catalog_number":"508293D1","name":"EXT HARNESS"},{"catalog_number":"508287D1","name":"REGULATOR"},{"catalog_number":"508273D1","name":"SERVICE KIT"},{"catalog_number":"508272D2","name":"KIT, COMPRESSOR"},{"catalog_number":"508271D1","name":"SPRING KIT"},{"catalog_number":"508270D1","name":"SERVICE KIT"},{"catalog_number":"508269D1","name":"ROLLER BRG KIT"},{"catalog_number":"508268D1","name":"BEARING SHAFT"},{"catalog_number":"508265D1","name":"BUMPER STOP"},{"catalog_number":"508264D1","name":"SEAT BELT KIT"},{"catalog_number":"508263D1","name":"SERVICE KIT"},{"catalog_number":"508262D1","name":"SERVICE KIT"},{"catalog_number":"508261D1","name":"KIT"},{"catalog_number":"508260D1","name":"KIT"},{"catalog_number":"508259D1","name":"SUSPENSION KIT"},{"catalog_number":"508258D1","name":"SERVICE KIT"},{"catalog_number":"508257D1","name":"ROCKER SWITCH"},{"catalog_number":"508256D1","name":"BOOT KIT"},{"catalog_number":"508240D1","name":"SEAT CUSHION KIT"},{"catalog_number":"508239D1","name":"KIT"},{"catalog_number":"508236D1","name":"SEAT CUSHION KIT"},{"catalog_number":"508234D1","name":"SERVICE KIT"},{"catalog_number":"508231D1","name":"CONSOLE KIT"},{"catalog_number":"508230D1","name":"KIT, SEAT"},{"catalog_number":"508229D1","name":"BOLT KIT"},{"catalog_number":"508211D1","name":"HEAT SHIELD"},{"catalog_number":"508206D1","name":"CONTROL PANEL"},{"catalog_number":"508196D1","name":"SOLENOID VALVE"},{"catalog_number":"508179D1","name":"DECAL"},{"catalog_number":"508155D1","name":"SPRING"},{"catalog_number":"508116D1","name":"FLOOR"},{"catalog_number":"508113D1","name":"PANEL"},{"catalog_number":"508112D1","name":"PANEL"},{"catalog_number":"508111D1","name":"PANEL"},{"catalog_number":"508110D1","name":"PANEL"},{"catalog_number":"508109D1","name":"PANEL"},{"catalog_number":"508099D1","name":"PANEL"},{"catalog_number":"508059D1","name":"PLATE"},{"catalog_number":"507998D1","name":"HOSE"},{"catalog_number":"507966D1","name":"HOSE"},{"catalog_number":"507965D1","name":"HOSE"},{"catalog_number":"507964D1","name":"HOSE"},{"catalog_number":"507963D1","name":"HOSE"},{"catalog_number":"507962D1","name":"HOSE"},{"catalog_number":"507961D1","name":"HOSE"},{"catalog_number":"507960D1","name":"HOSE"},{"catalog_number":"507959D1","name":"HOSE"},{"catalog_number":"507958D1","name":"HOSE"},{"catalog_number":"507957D1","name":"HOSE"},{"catalog_number":"507955D1","name":"JUMPER HARNESS"},{"catalog_number":"507953D1","name":"WIRE HARNESS"},{"catalog_number":"507952D1","name":"CONSOLE HARNESS"},{"catalog_number":"507941D1","name":"SUPPORT"},{"catalog_number":"507931D1","name":"PEDAL"},{"catalog_number":"507867D1","name":"MOTOR"},{"catalog_number":"507837D1","name":"TUBE"},{"catalog_number":"507830D1","name":"SHEET"},{"catalog_number":"507825D1","name":"PLATE"},{"catalog_number":"507811D1","name":"LEG"},{"catalog_number":"507810D1","name":"LEG"},{"catalog_number":"507808D1","name":"LEG"},{"catalog_number":"507806D1","name":"LEG"},{"catalog_number":"507784D1","name":"EXHAUST"},{"catalog_number":"507779D1","name":"HARNESS"},{"catalog_number":"507777D1","name":"TUBE"},{"catalog_number":"507775D1","name":"GASKET"},{"catalog_number":"507762D1","name":"BRACKET"},{"catalog_number":"507731D1","name":"HOSE BARB"},{"catalog_number":"507725D1","name":"CLEANER"},{"catalog_number":"507684D1","name":"TANK"},{"catalog_number":"507677D1","name":"WALL"},{"catalog_number":"507661D1","name":"GROMMET"},{"catalog_number":"507655D1","name":"CROSS UNION"},{"catalog_number":"507617D1","name":"CAP"},{"catalog_number":"507583D1","name":"GUIDE"},{"catalog_number":"507580D1","name":"ROD"},{"catalog_number":"507556D1","name":"COVER"},{"catalog_number":"507555D1","name":"HOSE ASSY"},{"catalog_number":"507554D1","name":"HOSE ASSY"},{"catalog_number":"507553D1","name":"HOSE ASSY"},{"catalog_number":"507535D1","name":"AIR TUBE"},{"catalog_number":"507523D1","name":"ALTERNATOR"},{"catalog_number":"507479D1","name":"HARNESS"},{"catalog_number":"507477D1","name":"ROCKER SWITCH"},{"catalog_number":"507433D1","name":"BAR-FRONT"},{"catalog_number":"507422D1","name":"COIL"},{"catalog_number":"507390D1","name":"VALVE"},{"catalog_number":"507356D1","name":"HARNESS"},{"catalog_number":"507354D1","name":"DECAL"},{"catalog_number":"507338D1","name":"SCREW"},{"catalog_number":"507337D1","name":"LOUVRE"},{"catalog_number":"507308D1","name":"HARNESS"},{"catalog_number":"507245D1","name":"BAR"},{"catalog_number":"507244D1","name":"COVER"},{"catalog_number":"507238D1","name":"COVER"},{"catalog_number":"507211D1","name":"ELBOW FITTING"},{"catalog_number":"507161D1","name":"SUPPORT"},{"catalog_number":"507160D1","name":"SUPPORT"},{"catalog_number":"507159D1","name":"CHANNEL"},{"catalog_number":"507158D1","name":"COVER"},{"catalog_number":"507090D1","name":"HARNESS"},{"catalog_number":"507002D1","name":"CAB HARNESS"},{"catalog_number":"506980D1","name":"FLOOR"},{"catalog_number":"506935D1","name":"LATCH CAM"},{"catalog_number":"506912D1","name":"WHEEL"},{"catalog_number":"506906D1","name":"MOUNTING BRACKET"},{"catalog_number":"506905D1","name":"EXT HARNESS"},{"catalog_number":"506904D1","name":"EXT HARNESS"},{"catalog_number":"506883D1","name":"MUFFLER CLAMP"},{"catalog_number":"506874D1","name":"TUBE"},{"catalog_number":"506857D1","name":"BRACKET"},{"catalog_number":"506846D1","name":"BRACKET"},{"catalog_number":"506807D1","name":"TUBE"},{"catalog_number":"506806D1","name":"PIPE"},{"catalog_number":"506805D1","name":"TUBE"},{"catalog_number":"506796D1","name":"TUBE"},{"catalog_number":"506750D1","name":"COVER"},{"catalog_number":"506720D1","name":"SLEEVE"},{"catalog_number":"506686D1","name":"MOUNTING BRACKET"},{"catalog_number":"506685D1","name":"BRACKET"},{"catalog_number":"506639D1","name":"UNIT"},{"catalog_number":"506631D1","name":"COOLER"},{"catalog_number":"506628D1","name":"SUPPORT"},{"catalog_number":"506596D1","name":"SPACER"},{"catalog_number":"506503D1","name":"CYLINDER LOCK"},{"catalog_number":"506472D1","name":"HANDLE"},{"catalog_number":"506466D1","name":"FRAME"},{"catalog_number":"506465D1","name":"FRAME"},{"catalog_number":"506462D1","name":"BRACKET"},{"catalog_number":"506461D1","name":"CONTROL BOX"},{"catalog_number":"506460D1","name":"CONTROL VALVE"},{"catalog_number":"506455D1","name":"FEED TUBE"},{"catalog_number":"506454D1","name":"TUBE"},{"catalog_number":"506452D1","name":"BRACKET"},{"catalog_number":"506437D1","name":"BRACKET"},{"catalog_number":"506436D1","name":"BRACKET"},{"catalog_number":"506435D1","name":"STANDOFF BRKT"},{"catalog_number":"506357D1","name":"HOSE NIPPLE"},{"catalog_number":"506356D1","name":"HOSE"},{"catalog_number":"506330D1","name":"HOSE"},{"catalog_number":"506315D1","name":"SPRING"},{"catalog_number":"506294D1","name":"DECAL"},{"catalog_number":"506293D1","name":"DECAL"},{"catalog_number":"506198D1","name":"BOOM"},{"catalog_number":"506197D1","name":"SPACER"},{"catalog_number":"506196D1","name":"PIVOT PIN"},{"catalog_number":"506181D1","name":"PAD"},{"catalog_number":"506179D1","name":"MODULE"},{"catalog_number":"506124D1","name":"BRACKET"},{"catalog_number":"506123D1","name":"BRACKET"},{"catalog_number":"506119D1","name":"GRILL"},{"catalog_number":"506118D1","name":"ENGINE BONNET"},{"catalog_number":"506089D1","name":"CONNECTOR"},{"catalog_number":"506075D1","name":"HARNESS"},{"catalog_number":"506046D1","name":"SUPPORT"},{"catalog_number":"506043D1","name":"HOSE"},{"catalog_number":"506042D1","name":"HOSE"},{"catalog_number":"506003D1","name":"BRACKET"},{"catalog_number":"505954D1","name":"PLATE"},{"catalog_number":"505891D1","name":"PEDAL"},{"catalog_number":"505872D1","name":"BOOM"},{"catalog_number":"505853D1","name":"COVER"},{"catalog_number":"505845D1","name":"COVER"},{"catalog_number":"505837D1","name":"BRACKET"},{"catalog_number":"505831D1","name":"DECAL"},{"catalog_number":"505830D1","name":"DECAL"},{"catalog_number":"505829D1","name":"DECAL"},{"catalog_number":"505812D1","name":"PANEL"},{"catalog_number":"505811D1","name":"PANEL"},{"catalog_number":"505810D1","name":"GAUGE PANEL"},{"catalog_number":"505802D1","name":"BEACON HARNESS"},{"catalog_number":"505801D1","name":"EXHAUST MUFFLER"},{"catalog_number":"505725D1","name":"POWER HARNESS"},{"catalog_number":"505702D1","name":"DECAL"},{"catalog_number":"505696D1","name":"HARNESS"},{"catalog_number":"505671D1","name":"SPACER"},{"catalog_number":"505667D1","name":"SENDER"},{"catalog_number":"505653D1","name":"OPERATOR MANUAL"},{"catalog_number":"505651D1","name":"BOWL"},{"catalog_number":"505628D1","name":"HARNESS"},{"catalog_number":"505624D1","name":"BRACKET"},{"catalog_number":"505619D1","name":"DECAL, LEFT HAND"},{"catalog_number":"505618D1","name":"DECAL, RH"},{"catalog_number":"505617D1","name":"DECAL"},{"catalog_number":"505615D1","name":"BRACKET"},{"catalog_number":"505595D1","name":"PLATE"},{"catalog_number":"505590D1","name":"BRACKET"},{"catalog_number":"505583D1","name":"HARNESS"},{"catalog_number":"505581D1","name":"CONTROL NODE"},{"catalog_number":"505577D1","name":"ENGINE MOUNT"},{"catalog_number":"505576D1","name":"SHROUD"},{"catalog_number":"505574D1","name":"RADIATOR HOSE"},{"catalog_number":"505573D1","name":"RADIATOR HOSE"},{"catalog_number":"505571D1","name":"GREASE"},{"catalog_number":"505567D1","name":"HARNESS"},{"catalog_number":"505566D1","name":"HARNESS"},{"catalog_number":"505565D1","name":"CONTROL UNIT"},{"catalog_number":"505561D1","name":"HARNESS"},{"catalog_number":"505558D1","name":"HARNESS"},{"catalog_number":"505540D1","name":"WIRE HARNESS"},{"catalog_number":"505530D1","name":"BRACKET"},{"catalog_number":"505516D1","name":"SPACER"},{"catalog_number":"505489D1","name":"PLATE"},{"catalog_number":"505483D1","name":"HARNESS"},{"catalog_number":"505467D1","name":"HARNESS"},{"catalog_number":"505453D1","name":"CAB HEADLINER"},{"catalog_number":"505416D1","name":"RETAINER"},{"catalog_number":"505374D1","name":"HARNESS"},{"catalog_number":"505372D1","name":"BEACON HARNESS"},{"catalog_number":"505366D1","name":"MOUNTING"},{"catalog_number":"505301D1","name":"MOUNTING BRACKET"},{"catalog_number":"505295D1","name":"PIN"},{"catalog_number":"505289D1","name":"HARNESS"},{"catalog_number":"505287D1","name":"BRACKET"},{"catalog_number":"505286D1","name":"HARNESS"},{"catalog_number":"505270D1","name":"VALVE HARNESS"},{"catalog_number":"505263D1","name":"BRACKET"},{"catalog_number":"505261D1","name":"PEDAL"},{"catalog_number":"505254D1","name":"AIR TUBE"},{"catalog_number":"505251D1","name":"COOLER"},{"catalog_number":"505236D1","name":"ADAPTER"},{"catalog_number":"505218D1","name":"PLUG"},{"catalog_number":"505206D1","name":"HOSE ASSY"},{"catalog_number":"505190D1","name":"DECAL"},{"catalog_number":"505153D1","name":"DECAL"},{"catalog_number":"505135D1","name":"HARNESS"},{"catalog_number":"505110D1","name":"HARNESS"},{"catalog_number":"505109D1","name":"HARNESS"},{"catalog_number":"505100D1","name":"HOSE"},{"catalog_number":"505099D1","name":"HOSE"},{"catalog_number":"505097D1","name":"UNIVERSAL JOINT"},{"catalog_number":"505086D1","name":"FLEXIBLE TUBING"},{"catalog_number":"505081D1","name":"WORKLIGHT"},{"catalog_number":"505055D1","name":"TUBE"},{"catalog_number":"505027D1","name":"PRIMER"},{"catalog_number":"505004D1","name":"COUPLER"}]}