{"machinery_brand_name":"Ag-Chem","parts":[{"catalog_number":"GM01535159","name":"GRIMME PART"},{"catalog_number":"GM01535113","name":"GRIMME PART"},{"catalog_number":"GM01535093","name":"STOP"},{"catalog_number":"GM01535092","name":"GRIMME PART"},{"catalog_number":"GM01535091","name":"GRIMME PART"},{"catalog_number":"GM01535048","name":"GRIMME PART"},{"catalog_number":"GM01535047","name":"GRIMME PART"},{"catalog_number":"GM01535030","name":"GRIMME PART"},{"catalog_number":"GM01535019","name":"GRIMME PART"},{"catalog_number":"GM01535015","name":"REINFORCEMENT"},{"catalog_number":"GM01534977","name":"LATCH"},{"catalog_number":"GM01534958","name":"GRIMME PART"},{"catalog_number":"GM01534902","name":"SHEET METAL"},{"catalog_number":"GM01534901","name":"SHEET METAL"},{"catalog_number":"GM01534898","name":"GRIMME PART"},{"catalog_number":"GM01534861","name":"SHEET METAL"},{"catalog_number":"GM01534848","name":"GRIMME PART"},{"catalog_number":"GM01534832","name":"GRIMME PART"},{"catalog_number":"GM01534831","name":"GRIMME PART"},{"catalog_number":"GM01534805","name":"GRIMME PART"},{"catalog_number":"GM01534804","name":"GRIMME PART"},{"catalog_number":"GM01534800","name":"GRIMME PART"},{"catalog_number":"GM01534799","name":"GRIMME PART"},{"catalog_number":"GM01534756","name":"GRIMME PART"},{"catalog_number":"GM01534749","name":"GRIMME PART"},{"catalog_number":"GM01534748","name":"GRIMME PART"},{"catalog_number":"GM01534731","name":"GRIMME PART"},{"catalog_number":"GM01534683","name":"LEVER"},{"catalog_number":"GM01534681","name":"GRIMME PART"},{"catalog_number":"GM01534680","name":"GRIMME PART"},{"catalog_number":"GM01534667","name":"GRIMME PART"},{"catalog_number":"GM01534666","name":"GRIMME PART"},{"catalog_number":"GM01534663","name":"GRIMME PART"},{"catalog_number":"GM01534662","name":"GRIMME PART"},{"catalog_number":"GM01534661","name":"GRIMME PART"},{"catalog_number":"GM01534660","name":"CHAIN"},{"catalog_number":"GM01534659","name":"GRIMME PART"},{"catalog_number":"GM01534658","name":"GRIMME PART"},{"catalog_number":"GM01534657","name":"GRIMME PART"},{"catalog_number":"GM01534656","name":"GRIMME PART"},{"catalog_number":"GM01534643","name":"GRIMME PART"},{"catalog_number":"GM01534642","name":"SENSOR"},{"catalog_number":"GM01534639","name":"SHEET METAL"},{"catalog_number":"GM01534635","name":"SHEET METAL"},{"catalog_number":"GM01534603","name":"PLATE"},{"catalog_number":"GM01534600","name":"PLATE"},{"catalog_number":"GM01534554","name":"GRIMME PART"},{"catalog_number":"GM01534548","name":"GRIMME PART"},{"catalog_number":"GM01534527","name":"ENGINE BONNET"},{"catalog_number":"GM01534526","name":"STOP"},{"catalog_number":"GM01534524","name":"GRIMME PART"},{"catalog_number":"GM01534506","name":"GRIMME PART"},{"catalog_number":"GM01534485","name":"GRIMME PART"},{"catalog_number":"GM01534484","name":"GRIMME PART"},{"catalog_number":"GM01534483","name":"GRIMME PART"},{"catalog_number":"GM01534475","name":"GRIMME PART"},{"catalog_number":"GM01534460","name":"GRIMME PART"},{"catalog_number":"GM01534402","name":"PROTECTION"},{"catalog_number":"GM01534390","name":"GRIMME PART"},{"catalog_number":"GM01534389","name":"GRIMME PART"},{"catalog_number":"GM01534349","name":"STOP"},{"catalog_number":"GM01534348","name":"STOP"},{"catalog_number":"GM01534331","name":"GRIMME PART"},{"catalog_number":"GM01534326","name":"GRIMME PART"},{"catalog_number":"GM01534309","name":"GRIMME PART"},{"catalog_number":"GM01534303","name":"GRIMME PART"},{"catalog_number":"GM01534297","name":"GRIMME PART"},{"catalog_number":"GM01534262","name":"GRIMME PART"},{"catalog_number":"GM01534255","name":"GRIMME PART"},{"catalog_number":"GM01534250","name":"GRIMME PART"},{"catalog_number":"GM01534249","name":"GRIMME PART"},{"catalog_number":"GM01534246","name":"STOP"},{"catalog_number":"GM01534245","name":"STOP"},{"catalog_number":"GM01534239","name":"COVER"},{"catalog_number":"GM01534238","name":"GRIMME PART"},{"catalog_number":"GM01534237","name":"GRIMME PART"},{"catalog_number":"GM01534191","name":"PLATE"},{"catalog_number":"GM01534189","name":"STAY"},{"catalog_number":"GM01534187","name":"STAY"},{"catalog_number":"GM01534179","name":"STOP"},{"catalog_number":"GM01534160","name":"SHEET METAL"},{"catalog_number":"GM01534122","name":"PLATE"},{"catalog_number":"GM01534025","name":"LEVER"},{"catalog_number":"GM01534024","name":"GRIMME PART"},{"catalog_number":"GM01534023","name":"GRIMME PART"},{"catalog_number":"GM01534022","name":"GRIMME PART"},{"catalog_number":"GM01534019","name":"GRIMME PART"},{"catalog_number":"GM01534018","name":"LEVER"},{"catalog_number":"GM01533976","name":"LATCH"},{"catalog_number":"GM01533973","name":"GRIMME PART"},{"catalog_number":"GM01533972","name":"GRIMME PART"},{"catalog_number":"GM01533951","name":"SHEET METAL"},{"catalog_number":"GM01533947","name":"PROTECTION"},{"catalog_number":"GM01533946","name":"GRIMME PART"},{"catalog_number":"GM01533913","name":"PLATE"},{"catalog_number":"GM01533911","name":"PLATE"},{"catalog_number":"GM01533909","name":"PROTECTION"},{"catalog_number":"GM01533908","name":"PROTECTION"},{"catalog_number":"GM01533905","name":"GRIMME PART"},{"catalog_number":"GM01533896","name":"PROTECTION"},{"catalog_number":"GM01533895","name":"GRIMME PART"},{"catalog_number":"GM01533875","name":"GRIMME PART"},{"catalog_number":"GM01533872","name":"GRIMME PART"},{"catalog_number":"GM01533860","name":"GRIMME PART"},{"catalog_number":"GM01533859","name":"GRIMME PART"},{"catalog_number":"GM01533857","name":"GRIMME PART"},{"catalog_number":"GM01533846","name":"GRIMME PART"},{"catalog_number":"GM01533825","name":"LINK"},{"catalog_number":"GM01533822","name":"LEVER"},{"catalog_number":"GM01533806","name":"GRIMME PART"},{"catalog_number":"GM01533805","name":"GRIMME PART"},{"catalog_number":"GM01533803","name":"GRIMME PART"},{"catalog_number":"GM01533802","name":"GRIMME PART"},{"catalog_number":"GM01533798","name":"LINK"},{"catalog_number":"GM01533791","name":"DISC"},{"catalog_number":"GM01533790","name":"DISC"},{"catalog_number":"GM01533781","name":"GRIMME PART"},{"catalog_number":"GM01533772","name":"GRIMME PART"},{"catalog_number":"GM01533771","name":"GRIMME PART"},{"catalog_number":"GM01533715","name":"GRIMME PART"},{"catalog_number":"GM01533696","name":"SHEET METAL"},{"catalog_number":"GM01533693","name":"ANGLE CONTROL"},{"catalog_number":"GM01533677","name":"GRIMME PART"},{"catalog_number":"GM01533658","name":"GRIMME PART"},{"catalog_number":"GM01533656","name":"GRIMME PART"},{"catalog_number":"GM01533644","name":"GRIMME PART"},{"catalog_number":"GM01533643","name":"GRIMME PART"},{"catalog_number":"GM01533642","name":"GRIMME PART"},{"catalog_number":"GM01533626","name":"GRIMME PART"},{"catalog_number":"GM01533624","name":"COVER"},{"catalog_number":"GM01533621","name":"STAY"},{"catalog_number":"GM01533619","name":"WALL"},{"catalog_number":"GM01533618","name":"GRIMME PART"},{"catalog_number":"GM01533616","name":"GRIMME PART"},{"catalog_number":"GM01533615","name":"FUNNEL"},{"catalog_number":"GM01533614","name":"FUNNEL"},{"catalog_number":"GM01533600","name":"PROTECTION"},{"catalog_number":"GM01533598","name":"GRIMME PART"},{"catalog_number":"GM01533597","name":"TAIL PIPE"},{"catalog_number":"GM01533596","name":"GRIMME PART"},{"catalog_number":"GM01533595","name":"GRIMME PART"},{"catalog_number":"GM01533594","name":"GRIMME PART"},{"catalog_number":"GM01533593","name":"GRIMME PART"},{"catalog_number":"GM01533583","name":"GRIMME PART"},{"catalog_number":"GM01533573","name":"GRIMME PART"},{"catalog_number":"GM01533562","name":"COUPLER"},{"catalog_number":"GM01533558","name":"SUPPORT"},{"catalog_number":"GM01533557","name":"GRIMME PART"},{"catalog_number":"GM01533556","name":"GRIMME PART"},{"catalog_number":"GM01533552","name":"GRIMME PART"},{"catalog_number":"GM01533542","name":"PROTECTION"},{"catalog_number":"GM01533527","name":"GRIMME PART"},{"catalog_number":"GM01533526","name":"GRIMME PART"},{"catalog_number":"GM01533492","name":"PLATE"},{"catalog_number":"GM01533481","name":"GRIMME PART"},{"catalog_number":"GM01533455","name":"GRIMME PART"},{"catalog_number":"GM01533454","name":"GRIMME PART"},{"catalog_number":"GM01533453","name":"GRIMME PART"},{"catalog_number":"GM01533452","name":"STOP"},{"catalog_number":"GM01533445","name":"GRIMME PART"},{"catalog_number":"GM01533444","name":"GRIMME PART"},{"catalog_number":"GM01533443","name":"GRIMME PART"},{"catalog_number":"GM01533442","name":"GRIMME PART"},{"catalog_number":"GM01533441","name":"GRIMME PART"},{"catalog_number":"GM01533440","name":"GRIMME PART"},{"catalog_number":"GM01533439","name":"GRIMME PART"},{"catalog_number":"GM01533438","name":"GRIMME PART"},{"catalog_number":"GM01533433","name":"GRIMME PART"},{"catalog_number":"GM01533425","name":"GRIMME PART"},{"catalog_number":"GM01533401","name":"STOP"},{"catalog_number":"GM01533382","name":"ENGINE BONNET"},{"catalog_number":"GM01533381","name":"STOP"},{"catalog_number":"GM01533380","name":"STOP"},{"catalog_number":"GM01533379","name":"GRIMME PART"},{"catalog_number":"GM01533369","name":"GRIMME PART"},{"catalog_number":"GM01533364","name":"GRIMME PART"},{"catalog_number":"GM01533363","name":"GRIMME PART"},{"catalog_number":"GM01533362","name":"GRIMME PART"},{"catalog_number":"GM01533361","name":"GRIMME PART"},{"catalog_number":"GM01533360","name":"GRIMME PART"},{"catalog_number":"GM01533355","name":"GRIMME PART"},{"catalog_number":"GM01533349","name":"GRIMME PART"},{"catalog_number":"GM01533344","name":"GRIMME PART"},{"catalog_number":"GM01533341","name":"SHEET METAL"},{"catalog_number":"GM01533331","name":"LATCH"},{"catalog_number":"GM01533330","name":"GRIMME PART"},{"catalog_number":"GM01533324","name":"GRIMME PART"},{"catalog_number":"GM01533322","name":"GRIMME PART"},{"catalog_number":"GM01533321","name":"STOP"},{"catalog_number":"GM01533320","name":"GRIMME PART"},{"catalog_number":"GM01533301","name":"GRIMME PART"},{"catalog_number":"GM01533295","name":"GRIMME PART"},{"catalog_number":"GM01533280","name":"GRIMME PART"},{"catalog_number":"GM01533260","name":"GRIMME PART"},{"catalog_number":"GM01533259","name":"GRIMME PART"},{"catalog_number":"GM01533251","name":"GRIMME PART"},{"catalog_number":"GM01533248","name":"GRIMME PART"},{"catalog_number":"GM01533247","name":"GRIMME PART"},{"catalog_number":"GM01533230","name":"GRIMME PART"},{"catalog_number":"GM01533229","name":"GRIMME PART"},{"catalog_number":"GM01533217","name":"GRIMME PART"},{"catalog_number":"GM01533216","name":"GRIMME PART"},{"catalog_number":"GM01533213","name":"GRIMME PART"},{"catalog_number":"GM01533212","name":"GRIMME PART"},{"catalog_number":"GM01533210","name":"GRIMME PART"},{"catalog_number":"GM01533201","name":"GRIMME PART"},{"catalog_number":"GM01533191","name":"GRIMME PART"},{"catalog_number":"GM01533179","name":"GRIMME PART"},{"catalog_number":"GM01533171","name":"GRIMME PART"},{"catalog_number":"GM01533170","name":"GRIMME PART"},{"catalog_number":"GM01533154","name":"GRIMME PART"},{"catalog_number":"GM01533153","name":"SHEET METAL"},{"catalog_number":"GM01533147","name":"STOP"},{"catalog_number":"GM01533135","name":"GRIMME PART"},{"catalog_number":"GM01533131","name":"GRIMME PART"},{"catalog_number":"GM01533125","name":"GRIMME PART"},{"catalog_number":"GM01533121","name":"GRIMME PART"},{"catalog_number":"GM01533109","name":"GRIMME PART"},{"catalog_number":"GM01533106","name":"SHEET METAL"},{"catalog_number":"GM01533083","name":"GRIMME PART"},{"catalog_number":"GM01533082","name":"GRIMME PART"},{"catalog_number":"GM01533081","name":"GRIMME PART"},{"catalog_number":"GM01533080","name":"GRIMME PART"},{"catalog_number":"GM01533079","name":"GRIMME PART"},{"catalog_number":"GM01533071","name":"GRIMME PART"},{"catalog_number":"GM01533021","name":"GRIMME PART"},{"catalog_number":"GM01533015","name":"GRIMME PART"},{"catalog_number":"GM01532946","name":"CABLE"},{"catalog_number":"GM01532912","name":"PLATE"},{"catalog_number":"GM01532911","name":"PLATE"},{"catalog_number":"GM01532902","name":"GRIMME PART"},{"catalog_number":"GM01532896","name":"GRIMME PART"},{"catalog_number":"GM01532871","name":"GRIMME PART"},{"catalog_number":"GM01532815","name":"GRIMME PART"},{"catalog_number":"GM01532762","name":"GRIMME PART"},{"catalog_number":"GM01532620","name":"GRIMME PART"},{"catalog_number":"GM01532619","name":"GRIMME PART"},{"catalog_number":"GM01532368","name":"GRIMME PART"},{"catalog_number":"GM01532362","name":"STOP"},{"catalog_number":"GM01532359","name":"GRIMME PART"},{"catalog_number":"GM01532280","name":"GRIMME PART"},{"catalog_number":"GM01532277","name":"KNOTTER"},{"catalog_number":"GM01532256","name":"GRIMME PART"},{"catalog_number":"GM01532255","name":"GRIMME PART"},{"catalog_number":"GM01532250","name":"COVER"},{"catalog_number":"GM01532232","name":"STOP"},{"catalog_number":"GM01532231","name":"STOP"},{"catalog_number":"GM01532210","name":"THRUST PIECE"},{"catalog_number":"GM01532204","name":"GRIMME PART"},{"catalog_number":"GM01532114","name":"STOP"},{"catalog_number":"GM01532077","name":"THRUST PLATE"},{"catalog_number":"GM01532003","name":"DISC"},{"catalog_number":"GM01531990","name":"GRIMME PART"},{"catalog_number":"GM01531979","name":"GRIMME PART"},{"catalog_number":"GM01531959","name":"GRIMME PART"},{"catalog_number":"GM01531925","name":"GRIMME PART"},{"catalog_number":"GM01531923","name":"GRIMME PART"},{"catalog_number":"GM01531922","name":"GRIMME PART"},{"catalog_number":"GM01531921","name":"GRIMME PART"},{"catalog_number":"GM01531920","name":"GRIMME PART"},{"catalog_number":"GM01531916","name":"GRIMME PART"},{"catalog_number":"GM01531913","name":"GRIMME PART"},{"catalog_number":"GM01531900","name":"GRIMME PART"},{"catalog_number":"GM01531830","name":"COVER"},{"catalog_number":"GM01531815","name":"GRIMME PART"},{"catalog_number":"GM01531813","name":"COVER"},{"catalog_number":"GM01531804","name":"GRIMME PART"},{"catalog_number":"GM01531802","name":"GRIMME PART"},{"catalog_number":"GM01531757","name":"GRIMME PART"},{"catalog_number":"GM01531754","name":"ADAPTER"},{"catalog_number":"GM01531710","name":"GRIMME PART"},{"catalog_number":"GM01531696","name":"GRIMME PART"},{"catalog_number":"GM01531695","name":"GRIMME PART"},{"catalog_number":"GM01531668","name":"BOLT"},{"catalog_number":"GM01531655","name":"GRIMME PART"},{"catalog_number":"GM01531637","name":"GRIMME PART"},{"catalog_number":"GM01531629","name":"CONSOLE"},{"catalog_number":"GM01531613","name":"ARM"},{"catalog_number":"GM01531579","name":"GRIMME PART"},{"catalog_number":"GM01531473","name":"GRIMME PART"},{"catalog_number":"GM01531451","name":"GRIMME PART"},{"catalog_number":"GM01531449","name":"GRIMME PART"},{"catalog_number":"GM01531447","name":"GRIMME PART"},{"catalog_number":"GM01531395","name":"GRIMME PART"},{"catalog_number":"GM01531394","name":"GRIMME PART"},{"catalog_number":"GM01531383","name":"GRIMME PART"},{"catalog_number":"GM01531381","name":"GRIMME PART"},{"catalog_number":"GM01531350","name":"GRIMME PART"},{"catalog_number":"GM01531347","name":"GRIMME PART"},{"catalog_number":"GM01531346","name":"GRIMME PART"},{"catalog_number":"GM01531342","name":"GRIMME PART"},{"catalog_number":"GM01531341","name":"GRIMME PART"},{"catalog_number":"GM01531338","name":"PROTECTION"},{"catalog_number":"GM01531337","name":"PROTECTION"},{"catalog_number":"GM01531320","name":"GRIMME PART"},{"catalog_number":"GM01531310","name":"GRIMME PART"},{"catalog_number":"GM01531282","name":"STOP"},{"catalog_number":"GM01531281","name":"SUPPORT"},{"catalog_number":"GM01531230","name":"STOP"},{"catalog_number":"GM01531226","name":"GRIMME PART"},{"catalog_number":"GM01531223","name":"PROTECTION"},{"catalog_number":"GM01531212","name":"GRIMME PART"},{"catalog_number":"GM01531197","name":"STOP"},{"catalog_number":"GM01531193","name":"GRIMME PART"},{"catalog_number":"GM01531192","name":"GRIMME PART"},{"catalog_number":"GM01531168","name":"GRIMME PART"},{"catalog_number":"GM01531166","name":"GRIMME PART"},{"catalog_number":"GM01531164","name":"GRIMME PART"},{"catalog_number":"GM01531163","name":"GRIMME PART"},{"catalog_number":"GM01531093","name":"STAY"},{"catalog_number":"GM01531088","name":"STOP"},{"catalog_number":"GM01531005","name":"GRIMME PART"},{"catalog_number":"GM01531004","name":"GRIMME PART"},{"catalog_number":"GM01530963","name":"COVER"},{"catalog_number":"GM01530945","name":"GRIMME PART"},{"catalog_number":"GM01530944","name":"GRIMME PART"},{"catalog_number":"GM01530943","name":"GRIMME PART"},{"catalog_number":"GM01530933","name":"GRIMME PART"},{"catalog_number":"GM01530931","name":"GRIMME PART"},{"catalog_number":"GM01530930","name":"GRIMME PART"},{"catalog_number":"GM01530925","name":"GRIMME PART"},{"catalog_number":"GM01530912","name":"GRIMME PART"},{"catalog_number":"GM01530907","name":"CONSOLE"},{"catalog_number":"GM01530904","name":"LATCH"},{"catalog_number":"GM01530903","name":"CONSOLE"},{"catalog_number":"GM01530902","name":"CONSOLE"},{"catalog_number":"GM01530900","name":"GRIMME PART"},{"catalog_number":"GM01530892","name":"GRIMME PART"},{"catalog_number":"GM01530890","name":"GRIMME PART"},{"catalog_number":"GM01530880","name":"GRIMME PART"},{"catalog_number":"GM01530879","name":"GRIMME PART"},{"catalog_number":"GM01530874","name":"GRIMME PART"},{"catalog_number":"GM01530873","name":"GRIMME PART"},{"catalog_number":"GM01530867","name":"DISC"},{"catalog_number":"GM01530823","name":"GRIMME PART"},{"catalog_number":"GM01530819","name":"GRIMME PART"},{"catalog_number":"GM01530817","name":"GRIMME PART"},{"catalog_number":"GM01530809","name":"GRIMME PART"},{"catalog_number":"GM01530807","name":"SHEET METAL"},{"catalog_number":"GM01530805","name":"GRIMME PART"},{"catalog_number":"GM01530804","name":"GRIMME PART"},{"catalog_number":"GM01530803","name":"GRIMME PART"},{"catalog_number":"GM01530802","name":"GRIMME PART"},{"catalog_number":"GM01530801","name":"GRIMME PART"},{"catalog_number":"GM01530800","name":"GRIMME PART"},{"catalog_number":"GM01530792","name":"GRIMME PART"},{"catalog_number":"GM01530786","name":"GRIMME PART"},{"catalog_number":"GM01530783","name":"GRIMME PART"},{"catalog_number":"GM01530782","name":"GRIMME PART"},{"catalog_number":"GM01530755","name":"GRIMME PART"},{"catalog_number":"GM01530754","name":"SHEET METAL"},{"catalog_number":"GM01530751","name":"GRIMME PART"},{"catalog_number":"GM01530750","name":"SHEET METAL"},{"catalog_number":"GM01530749","name":"SHEET METAL"},{"catalog_number":"GM01530748","name":"SHEET METAL"},{"catalog_number":"GM01530746","name":"GRIMME PART"},{"catalog_number":"GM01530728","name":"GRIMME PART"},{"catalog_number":"GM01530696","name":"GRIMME PART"},{"catalog_number":"GM01530693","name":"GRIMME PART"},{"catalog_number":"GM01530689","name":"GRIMME PART"},{"catalog_number":"GM01530688","name":"GRIMME PART"},{"catalog_number":"GM01530603","name":"PROTECTION"},{"catalog_number":"GM01530602","name":"GRIMME PART"},{"catalog_number":"GM01530599","name":"GRIMME PART"},{"catalog_number":"GM01530598","name":"GRIMME PART"},{"catalog_number":"GM01530597","name":"GRIMME PART"},{"catalog_number":"GM01530592","name":"GRIMME PART"},{"catalog_number":"GM01530591","name":"STOP"},{"catalog_number":"GM01530588","name":"GRIMME PART"},{"catalog_number":"GM01530540","name":"SHEET METAL"},{"catalog_number":"GM01530535","name":"GRIMME PART"},{"catalog_number":"GM01530506","name":"COVER"},{"catalog_number":"GM01530478","name":"GRIMME PART"},{"catalog_number":"GM01530475","name":"GRIMME PART"},{"catalog_number":"GM01530474","name":"GRIMME PART"},{"catalog_number":"GM01530473","name":"GRIMME PART"},{"catalog_number":"GM01530472","name":"GRIMME PART"},{"catalog_number":"GM01530430","name":"ROUND BLANK"},{"catalog_number":"GM01530426","name":"GRIMME PART"},{"catalog_number":"GM01530333","name":"GRIMME PART"},{"catalog_number":"GM01530330","name":"GRIMME PART"},{"catalog_number":"GM01530327","name":"GRIMME PART"},{"catalog_number":"GM01530326","name":"GRIMME PART"},{"catalog_number":"GM01530319","name":"GRIMME PART"},{"catalog_number":"GM01530298","name":"GRIMME PART"},{"catalog_number":"GM01530297","name":"GRIMME PART"},{"catalog_number":"GM01530294","name":"SHEET METAL"},{"catalog_number":"GM01530292","name":"STOP"},{"catalog_number":"GM01530291","name":"SHEET METAL"},{"catalog_number":"GM01530290","name":"FUNNEL"},{"catalog_number":"GM01530275","name":"SUPPORT"},{"catalog_number":"GM01530274","name":"SUPPORT"},{"catalog_number":"GM01530239","name":"GRIMME PART"},{"catalog_number":"GM01530238","name":"GRIMME PART"},{"catalog_number":"GM01530237","name":"GRIMME PART"},{"catalog_number":"GM01530234","name":"GRIMME PART"},{"catalog_number":"GM01530205","name":"GRIMME PART"},{"catalog_number":"GM01530203","name":"GRIMME PART"},{"catalog_number":"GM01530202","name":"GRIMME PART"},{"catalog_number":"GM01530201","name":"GRIMME PART"},{"catalog_number":"GM01530190","name":"REINFORCEMENT"},{"catalog_number":"GM01530189","name":"REINFORCEMENT"},{"catalog_number":"GM01530186","name":"FUNNEL"},{"catalog_number":"GM01530185","name":"FUNNEL"},{"catalog_number":"GM01530184","name":"GRIMME PART"},{"catalog_number":"GM01530136","name":"GRIMME PART"},{"catalog_number":"GM01530134","name":"GRIMME PART"},{"catalog_number":"GM01530126","name":"SHEET METAL"},{"catalog_number":"GM01530118","name":"GRIMME PART"},{"catalog_number":"GM01530093","name":"GRIMME PART"},{"catalog_number":"GM01530090","name":"GRIMME PART"},{"catalog_number":"GM01530089","name":"GRIMME PART"},{"catalog_number":"GM01530083","name":"GRIMME PART"},{"catalog_number":"GM01530078","name":"LEVER"},{"catalog_number":"GM01530033","name":"GRIMME PART"},{"catalog_number":"GM01530032","name":"GRIMME PART"},{"catalog_number":"GM01530027","name":"GRIMME PART"},{"catalog_number":"GM01530005","name":"GRIMME PART"},{"catalog_number":"GM01529979","name":"GRIMME PART"},{"catalog_number":"GM01529978","name":"GRIMME PART"},{"catalog_number":"GM01529903","name":"GRIMME PART"},{"catalog_number":"GM01529805","name":"GRIMME PART"},{"catalog_number":"GM01529797","name":"GRIMME PART"},{"catalog_number":"GM01529765","name":"DISC"},{"catalog_number":"GM01529764","name":"GRIMME PART"},{"catalog_number":"GM01529763","name":"GRIMME PART"},{"catalog_number":"GM01529712","name":"GRIMME PART"},{"catalog_number":"GM01529695","name":"FLANGE"},{"catalog_number":"GM01529673","name":"GRIMME PART"},{"catalog_number":"GM01529654","name":"GRIMME PART"},{"catalog_number":"GM01529623","name":"GRIMME PART"},{"catalog_number":"GM01529622","name":"GRIMME PART"},{"catalog_number":"GM01529612","name":"GRIMME PART"},{"catalog_number":"GM01529544","name":"GRIMME PART"},{"catalog_number":"GM01529529","name":"GRIMME PART"},{"catalog_number":"GM01529506","name":"GRIMME PART"},{"catalog_number":"GM01529472","name":"GRIMME PART"},{"catalog_number":"GM01529465","name":"SHEET METAL"},{"catalog_number":"GM01529464","name":"SHEET METAL"},{"catalog_number":"GM01529431","name":"GRIMME PART"},{"catalog_number":"GM01529407","name":"GRIMME PART"},{"catalog_number":"GM01529405","name":"GRIMME PART"},{"catalog_number":"GM01529402","name":"GRIMME PART"},{"catalog_number":"GM01529400","name":"CONNECTION"},{"catalog_number":"GM01529376","name":"SHEET METAL"},{"catalog_number":"GM01529365","name":"GRIMME PART"},{"catalog_number":"GM01529364","name":"GRIMME PART"},{"catalog_number":"GM01529360","name":"GRIMME PART"},{"catalog_number":"GM01529357","name":"GRIMME PART"},{"catalog_number":"GM01529356","name":"GRIMME PART"},{"catalog_number":"GM01529352","name":"GRIMME PART"},{"catalog_number":"GM01529348","name":"STOP"},{"catalog_number":"GM01529341","name":"GRIMME PART"},{"catalog_number":"GM01529332","name":"GRIMME PART"},{"catalog_number":"GM01529326","name":"GRIMME PART"},{"catalog_number":"GM01529320","name":"GRIMME PART"},{"catalog_number":"GM01529319","name":"GRIMME PART"},{"catalog_number":"GM01529318","name":"GRIMME PART"},{"catalog_number":"GM01529317","name":"GRIMME PART"},{"catalog_number":"GM01529316","name":"GRIMME PART"},{"catalog_number":"GM01529315","name":"GRIMME PART"},{"catalog_number":"GM01529314","name":"GRIMME PART"},{"catalog_number":"GM01529313","name":"GRIMME PART"},{"catalog_number":"GM01529295","name":"PROTECTION"},{"catalog_number":"GM01529286","name":"GRIMME PART"},{"catalog_number":"GM01529267","name":"GRIMME PART"},{"catalog_number":"GM01529229","name":"GRIMME PART"},{"catalog_number":"GM01529175","name":"EDGE"},{"catalog_number":"GM01529163","name":"SHEET METAL"},{"catalog_number":"GM01529138","name":"STOP"},{"catalog_number":"GM01529136","name":"STOP"},{"catalog_number":"GM01529135","name":"STOP"},{"catalog_number":"GM01529130","name":"GRIMME PART"},{"catalog_number":"GM01529124","name":"GRIMME PART"},{"catalog_number":"GM01529121","name":"GRIMME PART"},{"catalog_number":"GM01529113","name":"GRIMME PART"},{"catalog_number":"GM01529102","name":"GRIMME PART"},{"catalog_number":"GM01529087","name":"GRIMME PART"},{"catalog_number":"GM01529068","name":"GRIMME PART"},{"catalog_number":"GM01529067","name":"GRIMME PART"},{"catalog_number":"GM01529052","name":"GRIMME PART"},{"catalog_number":"GM01529050","name":"GRIMME PART"},{"catalog_number":"GM01529049","name":"GRIMME PART"},{"catalog_number":"GM01529031","name":"SUPPORT"},{"catalog_number":"GM01529012","name":"GRIMME PART"},{"catalog_number":"GM01529007","name":"GRIMME PART"},{"catalog_number":"GM01529005","name":"GRIMME PART"},{"catalog_number":"GM01528992","name":"GRIMME PART"},{"catalog_number":"GM01528991","name":"GRIMME PART"},{"catalog_number":"GM01528959","name":"GRIMME PART"},{"catalog_number":"GM01528958","name":"GRIMME PART"},{"catalog_number":"GM01528957","name":"GRIMME PART"},{"catalog_number":"GM01528949","name":"GRIMME PART"},{"catalog_number":"GM01528947","name":"GRIMME PART"},{"catalog_number":"GM01528915","name":"GRIMME PART"},{"catalog_number":"GM01528914","name":"GRIMME PART"},{"catalog_number":"GM01528906","name":"GRIMME PART"},{"catalog_number":"GM01528905","name":"CLAMP"},{"catalog_number":"GM01528904","name":"GRIMME PART"},{"catalog_number":"GM01528882","name":"GRIMME PART"},{"catalog_number":"GM01528881","name":"GRIMME PART"},{"catalog_number":"GM01528857","name":"GRIMME PART"},{"catalog_number":"GM01528856","name":"GRIMME PART"},{"catalog_number":"GM01528847","name":"GRIMME PART"},{"catalog_number":"GM01528825","name":"GRIMME PART"},{"catalog_number":"GM01528824","name":"GRIMME PART"},{"catalog_number":"GM01528821","name":"GRIMME PART"},{"catalog_number":"GM01528811","name":"GRIMME PART"},{"catalog_number":"GM01528810","name":"GRIMME PART"},{"catalog_number":"GM01528796","name":"GRIMME PART"},{"catalog_number":"GM01528786","name":"GRIMME PART"},{"catalog_number":"GM01528782","name":"GRIMME PART"},{"catalog_number":"GM01528765","name":"GRIMME PART"},{"catalog_number":"GM01528764","name":"GRIMME PART"},{"catalog_number":"GM01528756","name":"STOP"},{"catalog_number":"GM01528734","name":"GRIMME PART"},{"catalog_number":"GM01528731","name":"GRIMME PART"},{"catalog_number":"GM01528729","name":"GRIMME PART"},{"catalog_number":"GM01528726","name":"GRIMME PART"},{"catalog_number":"GM01528720","name":"GRIMME PART"},{"catalog_number":"GM01528718","name":"GRIMME PART"},{"catalog_number":"GM01528677","name":"STOP"},{"catalog_number":"GM01528676","name":"GRIMME PART"},{"catalog_number":"GM01528675","name":"GRIMME PART"},{"catalog_number":"GM01528634","name":"GRIMME PART"},{"catalog_number":"GM01528633","name":"GRIMME PART"},{"catalog_number":"GM01528632","name":"GRIMME PART"},{"catalog_number":"GM01528631","name":"GRIMME PART"},{"catalog_number":"GM01528630","name":"GRIMME PART"},{"catalog_number":"GM01528629","name":"GRIMME PART"},{"catalog_number":"GM01528628","name":"GRIMME PART"},{"catalog_number":"GM01528624","name":"GRIMME PART"},{"catalog_number":"GM01528598","name":"GRIMME PART"},{"catalog_number":"GM01528584","name":"GRIMME PART"},{"catalog_number":"GM01528582","name":"GRIMME PART"},{"catalog_number":"GM01528580","name":"GRIMME PART"},{"catalog_number":"GM01528572","name":"GRIMME PART"},{"catalog_number":"GM01528570","name":"GRIMME PART"},{"catalog_number":"GM01528567","name":"GRIMME PART"},{"catalog_number":"GM01528566","name":"GRIMME PART"},{"catalog_number":"GM01528552","name":"GRIMME PART"},{"catalog_number":"GM01528551","name":"GRIMME PART"},{"catalog_number":"GM01528549","name":"GRIMME PART"},{"catalog_number":"GM01528548","name":"GRIMME PART"},{"catalog_number":"GM01528547","name":"GRIMME PART"},{"catalog_number":"GM01528546","name":"GRIMME PART"},{"catalog_number":"GM01528545","name":"GRIMME PART"},{"catalog_number":"GM01528544","name":"GRIMME PART"},{"catalog_number":"GM01528538","name":"GRIMME PART"},{"catalog_number":"GM01528537","name":"GRIMME PART"},{"catalog_number":"GM01528536","name":"GRIMME PART"},{"catalog_number":"GM01528533","name":"SHEET METAL"},{"catalog_number":"GM01528525","name":"GRIMME PART"},{"catalog_number":"GM01528524","name":"GRIMME PART"},{"catalog_number":"GM01528512","name":"GRIMME PART"},{"catalog_number":"GM01528500","name":"GRIMME PART"},{"catalog_number":"GM01528497","name":"GRIMME PART"},{"catalog_number":"GM01528491","name":"GRIMME PART"},{"catalog_number":"GM01528490","name":"GRIMME PART"},{"catalog_number":"GM01528489","name":"GRIMME PART"},{"catalog_number":"GM01528487","name":"GRIMME PART"},{"catalog_number":"GM01528477","name":"GRIMME PART"},{"catalog_number":"GM01528470","name":"GRIMME PART"},{"catalog_number":"GM01528468","name":"GRIMME PART"},{"catalog_number":"GM01528450","name":"GRIMME PART"},{"catalog_number":"GM01528449","name":"GRIMME PART"},{"catalog_number":"GM01528446","name":"GRIMME PART"},{"catalog_number":"GM01528431","name":"GRIMME PART"},{"catalog_number":"GM01528430","name":"GRIMME PART"},{"catalog_number":"GM01528429","name":"GRIMME PART"},{"catalog_number":"GM01528428","name":"GRIMME PART"},{"catalog_number":"GM01528427","name":"GRIMME PART"},{"catalog_number":"GM01528409","name":"GRIMME PART"},{"catalog_number":"GM01528408","name":"GRIMME PART"},{"catalog_number":"GM01528407","name":"GRIMME PART"},{"catalog_number":"GM01528400","name":"GRIMME PART"},{"catalog_number":"GM01528395","name":"GRIMME PART"},{"catalog_number":"GM01528394","name":"GRIMME PART"},{"catalog_number":"GM01528393","name":"GRIMME PART"},{"catalog_number":"GM01528392","name":"GRIMME PART"},{"catalog_number":"GM01528391","name":"GRIMME PART"},{"catalog_number":"GM01528390","name":"GRIMME PART"},{"catalog_number":"GM01528376","name":"ENGINE BONNET"},{"catalog_number":"GM01528364","name":"GRIMME PART"},{"catalog_number":"GM01528351","name":"GRIMME PART"},{"catalog_number":"GM01528350","name":"GRIMME PART"},{"catalog_number":"GM01528348","name":"GRIMME PART"},{"catalog_number":"GM01528346","name":"GRIMME PART"},{"catalog_number":"GM01528344","name":"GRIMME PART"},{"catalog_number":"GM01528342","name":"GRIMME PART"},{"catalog_number":"GM01528336","name":"GRIMME PART"},{"catalog_number":"GM01528329","name":"FLANGE"},{"catalog_number":"GM01528328","name":"GRIMME PART"},{"catalog_number":"GM01528310","name":"GRIMME PART"},{"catalog_number":"GM01528305","name":"GRIMME PART"},{"catalog_number":"GM01528304","name":"GRIMME PART"},{"catalog_number":"GM01528287","name":"GRIMME PART"},{"catalog_number":"GM01528275","name":"GRIMME PART"},{"catalog_number":"GM01528272","name":"GRIMME PART"},{"catalog_number":"GM01528254","name":"GRIMME PART"}]}