{"machinery_brand_name":"Ag-Chem","parts":[{"catalog_number":"GM03200432","name":"GRIMME PART"},{"catalog_number":"GM03200431","name":"GRIMME PART"},{"catalog_number":"GM03200430","name":"GRIMME PART"},{"catalog_number":"GM03200429","name":"GRIMME PART"},{"catalog_number":"GM03200428","name":"GRIMME PART"},{"catalog_number":"GM03200427","name":"GRIMME PART"},{"catalog_number":"GM03200408","name":"GRIMME PART"},{"catalog_number":"GM03200407","name":"GRIMME PART"},{"catalog_number":"GM03200406","name":"ROD"},{"catalog_number":"GM03200394","name":"ROD"},{"catalog_number":"GM03200393","name":"GRIMME PART"},{"catalog_number":"GM03200392","name":"GRIMME PART"},{"catalog_number":"GM03200391","name":"GRIMME PART"},{"catalog_number":"GM03200389","name":"GRIMME PART"},{"catalog_number":"GM03200385","name":"GRIMME PART"},{"catalog_number":"GM03200384","name":"GRIMME PART"},{"catalog_number":"GM03200381","name":"GRIMME PART"},{"catalog_number":"GM03200380","name":"GRIMME PART"},{"catalog_number":"GM03200379","name":"GRIMME PART"},{"catalog_number":"GM03200378","name":"GRIMME PART"},{"catalog_number":"GM03200377","name":"BOLT"},{"catalog_number":"GM03200373","name":"BAR"},{"catalog_number":"GM03200371","name":"TOY"},{"catalog_number":"GM03200370","name":"GRIMME PART"},{"catalog_number":"GM03200369","name":"GRIMME PART"},{"catalog_number":"GM03200368","name":"GRIMME PART"},{"catalog_number":"GM03200367","name":"STAY"},{"catalog_number":"GM03200364","name":"GRIMME PART"},{"catalog_number":"GM03200362","name":"GRIMME PART"},{"catalog_number":"GM03200359","name":"GRIMME PART"},{"catalog_number":"GM03200354","name":"BAR"},{"catalog_number":"GM03200351","name":"GRIMME PART"},{"catalog_number":"GM03200348","name":"GRIMME PART"},{"catalog_number":"GM03200347","name":"GRIMME PART"},{"catalog_number":"GM03200344","name":"GRIMME PART"},{"catalog_number":"GM03200340","name":"GRIMME PART"},{"catalog_number":"GM03200339","name":"GRIMME PART"},{"catalog_number":"GM03200335","name":"GRIMME PART"},{"catalog_number":"GM03200329","name":"GRIMME PART"},{"catalog_number":"GM03200328","name":"GRIMME PART"},{"catalog_number":"GM03200323","name":"GRIMME PART"},{"catalog_number":"GM03200318","name":"GRIMME PART"},{"catalog_number":"GM03200315","name":"GRIMME PART"},{"catalog_number":"GM03200314","name":"GRIMME PART"},{"catalog_number":"GM03200311","name":"GRIMME PART"},{"catalog_number":"GM03200309","name":"GRIMME PART"},{"catalog_number":"GM03200308","name":"GRIMME PART"},{"catalog_number":"GM03200301","name":"GRIMME PART"},{"catalog_number":"GM03200300","name":"GRIMME PART"},{"catalog_number":"GM03200299","name":"STAY"},{"catalog_number":"GM03200298","name":"ROD"},{"catalog_number":"GM03200297","name":"GRIMME PART"},{"catalog_number":"GM03200293","name":"GRIMME PART"},{"catalog_number":"GM03200292","name":"TOY"},{"catalog_number":"GM03200291","name":"GRIMME PART"},{"catalog_number":"GM03200289","name":"GRIMME PART"},{"catalog_number":"GM03200288","name":"GRIMME PART"},{"catalog_number":"GM03200286","name":"TOY"},{"catalog_number":"GM03200285","name":"ROD"},{"catalog_number":"GM03200278","name":"GRIMME PART"},{"catalog_number":"GM03200274","name":"GRIMME PART"},{"catalog_number":"GM03200273","name":"GRIMME PART"},{"catalog_number":"GM03200269","name":"GRIMME PART"},{"catalog_number":"GM03200268","name":"GRIMME PART"},{"catalog_number":"GM03200267","name":"GRIMME PART"},{"catalog_number":"GM03200266","name":"GRIMME PART"},{"catalog_number":"GM03200263","name":"PART"},{"catalog_number":"GM03200260","name":"GRIMME PART"},{"catalog_number":"GM03200258","name":"GRIMME PART"},{"catalog_number":"GM03200257","name":"TOY"},{"catalog_number":"GM03200251","name":"GRIMME PART"},{"catalog_number":"GM03200249","name":"BAR"},{"catalog_number":"GM03200246","name":"PART"},{"catalog_number":"GM03200235","name":"GRIMME PART"},{"catalog_number":"GM03200231","name":"GRIMME PART"},{"catalog_number":"GM03200229","name":"GRIMME PART"},{"catalog_number":"GM03200227","name":"PART"},{"catalog_number":"GM03200226","name":"GRIMME PART"},{"catalog_number":"GM03200225","name":"GRIMME PART"},{"catalog_number":"GM03200224","name":"STAY"},{"catalog_number":"GM03200222","name":"GRIMME PART"},{"catalog_number":"GM03200221","name":"GRIMME PART"},{"catalog_number":"GM03200218","name":"GRIMME PART"},{"catalog_number":"GM03200217","name":"GRIMME PART"},{"catalog_number":"GM03200216","name":"ROD"},{"catalog_number":"GM03200215","name":"PART"},{"catalog_number":"GM03200209","name":"GRIMME PART"},{"catalog_number":"GM03200204","name":"GRIMME PART"},{"catalog_number":"GM03200201","name":"GRIMME PART"},{"catalog_number":"GM03200190","name":"GRIMME PART"},{"catalog_number":"GM03200189","name":"GRIMME PART"},{"catalog_number":"GM03200188","name":"GRIMME PART"},{"catalog_number":"GM03200185","name":"PART"},{"catalog_number":"GM03200184","name":"GRIMME PART"},{"catalog_number":"GM03200183","name":"GRIMME PART"},{"catalog_number":"GM03200181","name":"GRIMME PART"},{"catalog_number":"GM03200180","name":"GRIMME PART"},{"catalog_number":"GM03200174","name":"GRIMME PART"},{"catalog_number":"GM03200172","name":"GRIMME PART"},{"catalog_number":"GM03200167","name":"STAY"},{"catalog_number":"GM03200166","name":"GRIMME PART"},{"catalog_number":"GM03200165","name":"GRIMME PART"},{"catalog_number":"GM03200164","name":"GRIMME PART"},{"catalog_number":"GM03200163","name":"GRIMME PART"},{"catalog_number":"GM03200153","name":"GRIMME PART"},{"catalog_number":"GM03200152","name":"GRIMME PART"},{"catalog_number":"GM03200144","name":"STAY"},{"catalog_number":"GM03200143","name":"STAY"},{"catalog_number":"GM03200141","name":"TOY"},{"catalog_number":"GM03200139","name":"GRIMME PART"},{"catalog_number":"GM03200135","name":"GRIMME PART"},{"catalog_number":"GM03200134","name":"GRIMME PART"},{"catalog_number":"GM03200132","name":"TOY"},{"catalog_number":"GM03200127","name":"PART"},{"catalog_number":"GM03200126","name":"GRIMME PART"},{"catalog_number":"GM03200125","name":"PART"},{"catalog_number":"GM03200119","name":"GRIMME PART"},{"catalog_number":"GM03200118","name":"GRIMME PART"},{"catalog_number":"GM03200112","name":"GRIMME PART"},{"catalog_number":"GM03200111","name":"GRIMME PART"},{"catalog_number":"GM03200110","name":"GRIMME PART"},{"catalog_number":"GM03200109","name":"GRIMME PART"},{"catalog_number":"GM03200108","name":"GRIMME PART"},{"catalog_number":"GM03200105","name":"GRIMME PART"},{"catalog_number":"GM03200104","name":"GRIMME PART"},{"catalog_number":"GM03200103","name":"GRIMME PART"},{"catalog_number":"GM03200102","name":"GRIMME PART"},{"catalog_number":"GM03200100","name":"GRIMME PART"},{"catalog_number":"GM03200097","name":"GRIMME PART"},{"catalog_number":"GM03200095","name":"PART"},{"catalog_number":"GM03200094","name":"GRIMME PART"},{"catalog_number":"GM03200093","name":"GRIMME PART"},{"catalog_number":"GM03200091","name":"GRIMME PART"},{"catalog_number":"GM03200089","name":"GRIMME PART"},{"catalog_number":"GM03200088","name":"GRIMME PART"},{"catalog_number":"GM03200087","name":"BAR"},{"catalog_number":"GM03200086","name":"GRIMME PART"},{"catalog_number":"GM03200085","name":"GRIMME PART"},{"catalog_number":"GM03200084","name":"STAY"},{"catalog_number":"GM03200083","name":"GRIMME PART"},{"catalog_number":"GM03200082","name":"GRIMME PART"},{"catalog_number":"GM03200081","name":"GRIMME PART"},{"catalog_number":"GM03200079","name":"GRIMME PART"},{"catalog_number":"GM03200076","name":"GRIMME PART"},{"catalog_number":"GM03200071","name":"GRIMME PART"},{"catalog_number":"GM03200070","name":"GRIMME PART"},{"catalog_number":"GM03200069","name":"GRIMME PART"},{"catalog_number":"GM03200068","name":"GRIMME PART"},{"catalog_number":"GM03200067","name":"PART"},{"catalog_number":"GM03200064","name":"GRIMME PART"},{"catalog_number":"GM03200063","name":"GRIMME PART"},{"catalog_number":"GM03200061","name":"GRIMME PART"},{"catalog_number":"GM03200057","name":"TOY"},{"catalog_number":"GM03200055","name":"GRIMME PART"},{"catalog_number":"GM03200054","name":"GRIMME PART"},{"catalog_number":"GM03200053","name":"MOULDING"},{"catalog_number":"GM03200052","name":"PART"},{"catalog_number":"GM03200051","name":"PART"},{"catalog_number":"GM03200047","name":"GRIMME PART"},{"catalog_number":"GM03200045","name":"PART"},{"catalog_number":"GM03200044","name":"GRIMME PART"},{"catalog_number":"GM03200043","name":"GRIMME PART"},{"catalog_number":"GM03200038","name":"GRIMME PART"},{"catalog_number":"GM03200037","name":"GRIMME PART"},{"catalog_number":"GM03200036","name":"PART"},{"catalog_number":"GM03200035","name":"GRIMME PART"},{"catalog_number":"GM03200033","name":"GRIMME PART"},{"catalog_number":"GM03200032","name":"GRIMME PART"},{"catalog_number":"GM03200031","name":"GRIMME PART"},{"catalog_number":"GM03200030","name":"BAR"},{"catalog_number":"GM03200029","name":"GRIMME PART"},{"catalog_number":"GM03200027","name":"GRIMME PART"},{"catalog_number":"GM03200026","name":"GRIMME PART"},{"catalog_number":"GM03200025","name":"GRIMME PART"},{"catalog_number":"GM03200023","name":"TOY"},{"catalog_number":"GM03200022","name":"PIN"},{"catalog_number":"GM03200021","name":"TOY"},{"catalog_number":"GM03200020","name":"MIRROR"},{"catalog_number":"GM03200019","name":"GRIMME PART"},{"catalog_number":"GM03200013","name":"GRIMME PART"},{"catalog_number":"GM03200010","name":"GRIMME PART"},{"catalog_number":"GM03200009","name":"GRIMME PART"},{"catalog_number":"GM03103343","name":"TAP"},{"catalog_number":"GM03103330","name":"DISC"},{"catalog_number":"GM03103329","name":"FLANGE"},{"catalog_number":"GM03103318","name":"SPRING"},{"catalog_number":"GM03103298","name":"GRIMME PART"},{"catalog_number":"GM03103281","name":"EXTENSION"},{"catalog_number":"GM03103274","name":"SPRING"},{"catalog_number":"GM03103269","name":"BAR"},{"catalog_number":"GM03103256","name":"FLANGE"},{"catalog_number":"GM03103241","name":"HOUSING"},{"catalog_number":"GM03103237","name":"THREADED BUSH"},{"catalog_number":"GM03103197","name":"GRIMME PART"},{"catalog_number":"GM03103194","name":"RING"},{"catalog_number":"GM03103190","name":"GRIMME PART"},{"catalog_number":"GM03103189","name":"TAP"},{"catalog_number":"GM03103151","name":"SCREW"},{"catalog_number":"GM03103137","name":"ROLLER"},{"catalog_number":"GM03103124","name":"GRIMME PART"},{"catalog_number":"GM03103103","name":"GRIMME PART"},{"catalog_number":"GM03103099","name":"SEAL"},{"catalog_number":"GM03103086","name":"GRIMME PART"},{"catalog_number":"GM03103084","name":"GRIMME PART"},{"catalog_number":"GM03103078","name":"HOUSING"},{"catalog_number":"GM03103071","name":"GRIMME PART"},{"catalog_number":"GM03103054","name":"GRIMME PART"},{"catalog_number":"GM03103053","name":"GRIMME PART"},{"catalog_number":"GM03103050","name":"GRIMME PART"},{"catalog_number":"GM03103027","name":"GRIMME PART"},{"catalog_number":"GM03103026","name":"GRIMME PART"},{"catalog_number":"GM03103025","name":"GRIMME PART"},{"catalog_number":"GM03103024","name":"GRIMME PART"},{"catalog_number":"GM03102993","name":"SCREW"},{"catalog_number":"GM03102982","name":"GRIMME PART"},{"catalog_number":"GM03102970","name":"GRIMME PART"},{"catalog_number":"GM03102968","name":"GRIMME PART"},{"catalog_number":"GM03102967","name":"BOLT"},{"catalog_number":"GM03102946","name":"SOCKET"},{"catalog_number":"GM03102938","name":"GRIMME PART"},{"catalog_number":"GM03102909","name":"GRIMME PART"},{"catalog_number":"GM03102897","name":"SOCKET"},{"catalog_number":"GM03102893","name":"GRIMME PART"},{"catalog_number":"GM03102890","name":"GRIMME PART"},{"catalog_number":"GM03102878","name":"GRIMME PART"},{"catalog_number":"GM03102842","name":"GRIMME PART"},{"catalog_number":"GM03102841","name":"GRIMME PART"},{"catalog_number":"GM03102817","name":"GRIMME PART"},{"catalog_number":"GM03102808","name":"GRIMME PART"},{"catalog_number":"GM03102797","name":"SOCKET"},{"catalog_number":"GM03102786","name":"GRIMME PART"},{"catalog_number":"GM03102783","name":"GRIMME PART"},{"catalog_number":"GM03102777","name":"BOLT"},{"catalog_number":"GM03102773","name":"GRIMME PART"},{"catalog_number":"GM03102772","name":"GRIMME PART"},{"catalog_number":"GM03102765","name":"RING"},{"catalog_number":"GM03102755","name":"GRIMME PART"},{"catalog_number":"GM03102746","name":"BOLT"},{"catalog_number":"GM03102741","name":"GRIMME PART"},{"catalog_number":"GM03102728","name":"GRIMME PART"},{"catalog_number":"GM03102725","name":"GRIMME PART"},{"catalog_number":"GM03102724","name":"GRIMME PART"},{"catalog_number":"GM03102695","name":"GRIMME PART"},{"catalog_number":"GM03102687","name":"GRIMME PART"},{"catalog_number":"GM03102681","name":"GRIMME PART"},{"catalog_number":"GM03102636","name":"TAP"},{"catalog_number":"GM03102611","name":"GRIMME PART"},{"catalog_number":"GM03102610","name":"GRIMME PART"},{"catalog_number":"GM03102584","name":"GRIMME PART"},{"catalog_number":"GM03102583","name":"GRIMME PART"},{"catalog_number":"GM03102555","name":"GRIMME PART"},{"catalog_number":"GM03102552","name":"GRIMME PART"},{"catalog_number":"GM03102508","name":"GRIMME PART"},{"catalog_number":"GM03102465","name":"GRIMME PART"},{"catalog_number":"GM03102447","name":"GRIMME PART"},{"catalog_number":"GM03102441","name":"GRIMME PART"},{"catalog_number":"GM03102437","name":"GRIMME PART"},{"catalog_number":"GM03102436","name":"GRIMME PART"},{"catalog_number":"GM03102405","name":"GRIMME PART"},{"catalog_number":"GM03102404","name":"GRIMME PART"},{"catalog_number":"GM03102402","name":"GRIMME PART"},{"catalog_number":"GM03102399","name":"GRIMME PART"},{"catalog_number":"GM03102394","name":"GRIMME PART"},{"catalog_number":"GM03102376","name":"BOLT"},{"catalog_number":"GM03102357","name":"GRIMME PART"},{"catalog_number":"GM03102356","name":"GRIMME PART"},{"catalog_number":"GM03102350","name":"GRIMME PART"},{"catalog_number":"GM03102345","name":"GRIMME PART"},{"catalog_number":"GM03102339","name":"GRIMME PART"},{"catalog_number":"GM03102334","name":"GRIMME PART"},{"catalog_number":"GM03102331","name":"BAR"},{"catalog_number":"GM03102330","name":"GRIMME PART"},{"catalog_number":"GM03102328","name":"BOLT"},{"catalog_number":"GM03102325","name":"GRIMME PART"},{"catalog_number":"GM03102321","name":"GRIMME PART"},{"catalog_number":"GM03102250","name":"GRIMME PART"},{"catalog_number":"GM03102194","name":"GRIMME PART"},{"catalog_number":"GM03102191","name":"SOCKET"},{"catalog_number":"GM03102190","name":"GRIMME PART"},{"catalog_number":"GM03102176","name":"GRIMME PART"},{"catalog_number":"GM03102155","name":"GRIMME PART"},{"catalog_number":"GM03102150","name":"GRIMME PART"},{"catalog_number":"GM03102143","name":"GRIMME PART"},{"catalog_number":"GM03102141","name":"GRIMME PART"},{"catalog_number":"GM03102139","name":"GRIMME PART"},{"catalog_number":"GM03102132","name":"GRIMME PART"},{"catalog_number":"GM03102128","name":"GRIMME PART"},{"catalog_number":"GM03102127","name":"GRIMME PART"},{"catalog_number":"GM03102124","name":"GRIMME PART"},{"catalog_number":"GM03102122","name":"GRIMME PART"},{"catalog_number":"GM03102109","name":"GRIMME PART"},{"catalog_number":"GM03102108","name":"GRIMME PART"},{"catalog_number":"GM03102107","name":"GRIMME PART"},{"catalog_number":"GM03102106","name":"SEAL"},{"catalog_number":"GM03102105","name":"HOLDER"},{"catalog_number":"GM03102104","name":"BUSH"},{"catalog_number":"GM03102102","name":"SOCKET"},{"catalog_number":"GM03102096","name":"GRIMME PART"},{"catalog_number":"GM03102095","name":"GRIMME PART"},{"catalog_number":"GM03102092","name":"GRIMME PART"},{"catalog_number":"GM03102083","name":"SHAFT"},{"catalog_number":"GM03102045","name":"GRIMME PART"},{"catalog_number":"GM03102042","name":"GRIMME PART"},{"catalog_number":"GM03102009","name":"GRIMME PART"},{"catalog_number":"GM03102003","name":"GRIMME PART"},{"catalog_number":"GM03102002","name":"GRIMME PART"},{"catalog_number":"GM03101999","name":"GRIMME PART"},{"catalog_number":"GM03101998","name":"TAP"},{"catalog_number":"GM03101992","name":"GRIMME PART"},{"catalog_number":"GM03101990","name":"ECCENTRIC"},{"catalog_number":"GM03101989","name":"BOLT"},{"catalog_number":"GM03101988","name":"GRIMME PART"},{"catalog_number":"GM03101984","name":"GRIMME PART"},{"catalog_number":"GM03101979","name":"BOLT"},{"catalog_number":"GM03101978","name":"GRIMME PART"},{"catalog_number":"GM03101962","name":"SHAFT"},{"catalog_number":"GM03101958","name":"GRIMME PART"},{"catalog_number":"GM03101954","name":"GRIMME PART"},{"catalog_number":"GM03101944","name":"BOLT"},{"catalog_number":"GM03101941","name":"GRIMME PART"},{"catalog_number":"GM03101939","name":"GRIMME PART"},{"catalog_number":"GM03101929","name":"GRIMME PART"},{"catalog_number":"GM03101927","name":"SHAFT"},{"catalog_number":"GM03101925","name":"GRIMME PART"},{"catalog_number":"GM03101918","name":"GRIMME PART"},{"catalog_number":"GM03101898","name":"GRIMME PART"},{"catalog_number":"GM03101882","name":"GRIMME PART"},{"catalog_number":"GM03101862","name":"GRIMME PART"},{"catalog_number":"GM03101858","name":"SHAFT"},{"catalog_number":"GM03101857","name":"BOLT"},{"catalog_number":"GM03101856","name":"GRIMME PART"},{"catalog_number":"GM03101855","name":"GRIMME PART"},{"catalog_number":"GM03101841","name":"GRIMME PART"},{"catalog_number":"GM03101831","name":"GRIMME PART"},{"catalog_number":"GM03101814","name":"GRIMME PART"},{"catalog_number":"GM03101811","name":"GRIMME PART"},{"catalog_number":"GM03101797","name":"GRIMME PART"},{"catalog_number":"GM03101790","name":"GRIMME PART"},{"catalog_number":"GM03101785","name":"GRIMME PART"},{"catalog_number":"GM03101775","name":"BOLT"},{"catalog_number":"GM03101773","name":"SOCKET"},{"catalog_number":"GM03101761","name":"GRIMME PART"},{"catalog_number":"GM03101747","name":"GRIMME PART"},{"catalog_number":"GM03101743","name":"GRIMME PART"},{"catalog_number":"GM03101740","name":"GRIMME PART"},{"catalog_number":"GM03101739","name":"GRIMME PART"},{"catalog_number":"GM03101729","name":"GRIMME PART"},{"catalog_number":"GM03101701","name":"GRIMME PART"},{"catalog_number":"GM03101686","name":"GRIMME PART"},{"catalog_number":"GM03101676","name":"GRIMME PART"},{"catalog_number":"GM03101651","name":"GRIMME PART"},{"catalog_number":"GM03101647","name":"EXTENSION"},{"catalog_number":"GM03101646","name":"GRIMME PART"},{"catalog_number":"GM03101641","name":"DRIVE SHAFT"},{"catalog_number":"GM03101626","name":"SOCKET"},{"catalog_number":"GM03101625","name":"GRIMME PART"},{"catalog_number":"GM03101610","name":"GRIMME PART"},{"catalog_number":"GM03101609","name":"GRIMME PART"},{"catalog_number":"GM03101608","name":"GRIMME PART"},{"catalog_number":"GM03101591","name":"BAR"},{"catalog_number":"GM03101588","name":"GRIMME PART"},{"catalog_number":"GM03101575","name":"GRIMME PART"},{"catalog_number":"GM03101571","name":"BOLT"},{"catalog_number":"GM03101567","name":"GRIMME PART"},{"catalog_number":"GM03101565","name":"GRIMME PART"},{"catalog_number":"GM03101563","name":"GRIMME PART"},{"catalog_number":"GM03101556","name":"SHAFT"},{"catalog_number":"GM03101546","name":"GRIMME PART"},{"catalog_number":"GM03101528","name":"GRIMME PART"},{"catalog_number":"GM03101527","name":"GRIMME PART"},{"catalog_number":"GM03101526","name":"GRIMME PART"},{"catalog_number":"GM03101525","name":"TAP"},{"catalog_number":"GM03101524","name":"GRIMME PART"},{"catalog_number":"GM03101517","name":"GRIMME PART"},{"catalog_number":"GM03101508","name":"SHAFT"},{"catalog_number":"GM03101504","name":"BOLT"},{"catalog_number":"GM03101503","name":"GRIMME PART"},{"catalog_number":"GM03101496","name":"GRIMME PART"},{"catalog_number":"GM03101485","name":"GRIMME PART"},{"catalog_number":"GM03101484","name":"GRIMME PART"},{"catalog_number":"GM03101481","name":"GRIMME PART"},{"catalog_number":"GM03101480","name":"GRIMME PART"},{"catalog_number":"GM03101479","name":"GRIMME PART"},{"catalog_number":"GM03101476","name":"GRIMME PART"},{"catalog_number":"GM03101471","name":"GRIMME PART"},{"catalog_number":"GM03101458","name":"SCREW"},{"catalog_number":"GM03101448","name":"GRIMME PART"},{"catalog_number":"GM03101438","name":"GRIMME PART"},{"catalog_number":"GM03101437","name":"GRIMME PART"},{"catalog_number":"GM03101436","name":"GRIMME PART"},{"catalog_number":"GM03101434","name":"GRIMME PART"},{"catalog_number":"GM03101432","name":"GRIMME PART"},{"catalog_number":"GM03101424","name":"TRANSMISSION"},{"catalog_number":"GM03101417","name":"GRIMME PART"},{"catalog_number":"GM03101414","name":"GRIMME PART"},{"catalog_number":"GM03101407","name":"GRIMME PART"},{"catalog_number":"GM03101404","name":"GRIMME PART"},{"catalog_number":"GM03101398","name":"GRIMME PART"},{"catalog_number":"GM03101393","name":"GRIMME PART"},{"catalog_number":"GM03101376","name":"GRIMME PART"},{"catalog_number":"GM03101367","name":"GRIMME PART"},{"catalog_number":"GM03101362","name":"GRIMME PART"},{"catalog_number":"GM03101358","name":"BOLT"},{"catalog_number":"GM03101357","name":"BOLT"},{"catalog_number":"GM03101355","name":"GRIMME PART"},{"catalog_number":"GM03101353","name":"GRIMME PART"},{"catalog_number":"GM03101351","name":"GRIMME PART"},{"catalog_number":"GM03101347","name":"GRIMME PART"},{"catalog_number":"GM03101342","name":"GRIMME PART"},{"catalog_number":"GM03101332","name":"GRIMME PART"},{"catalog_number":"GM03101326","name":"GRIMME PART"},{"catalog_number":"GM03101319","name":"GRIMME PART"},{"catalog_number":"GM03101300","name":"GRIMME PART"},{"catalog_number":"GM03101296","name":"SHAFT"},{"catalog_number":"GM03101287","name":"GRIMME PART"},{"catalog_number":"GM03101274","name":"GRIMME PART"},{"catalog_number":"GM03101263","name":"GRIMME PART"},{"catalog_number":"GM03101251","name":"GRIMME PART"},{"catalog_number":"GM03101250","name":"GRIMME PART"},{"catalog_number":"GM03101241","name":"GRIMME PART"},{"catalog_number":"GM03101224","name":"GRIMME PART"},{"catalog_number":"GM03101207","name":"GRIMME PART"},{"catalog_number":"GM03101206","name":"GRIMME PART"},{"catalog_number":"GM03101205","name":"GRIMME PART"},{"catalog_number":"GM03101198","name":"GRIMME PART"},{"catalog_number":"GM03101195","name":"GRIMME PART"},{"catalog_number":"GM03101191","name":"GRIMME PART"},{"catalog_number":"GM03101188","name":"GRIMME PART"},{"catalog_number":"GM03101183","name":"GRIMME PART"},{"catalog_number":"GM03101172","name":"GRIMME PART"},{"catalog_number":"GM03101164","name":"GRIMME PART"},{"catalog_number":"GM03101158","name":"GRIMME PART"},{"catalog_number":"GM03101153","name":"GRIMME PART"},{"catalog_number":"GM03101149","name":"GRIMME PART"},{"catalog_number":"GM03101148","name":"GRIMME PART"},{"catalog_number":"GM03101146","name":"GRIMME PART"},{"catalog_number":"GM03101137","name":"GRIMME PART"},{"catalog_number":"GM03101136","name":"GRIMME PART"},{"catalog_number":"GM03101135","name":"GRIMME PART"},{"catalog_number":"GM03101133","name":"GRIMME PART"},{"catalog_number":"GM03101132","name":"GRIMME PART"},{"catalog_number":"GM03101128","name":"GRIMME PART"},{"catalog_number":"GM03101117","name":"GRIMME PART"},{"catalog_number":"GM03101115","name":"LEAD"},{"catalog_number":"GM03101110","name":"GRIMME PART"},{"catalog_number":"GM03101095","name":"GRIMME PART"},{"catalog_number":"GM03101093","name":"GRIMME PART"},{"catalog_number":"GM03101087","name":"GRIMME PART"},{"catalog_number":"GM03101085","name":"GRIMME PART"},{"catalog_number":"GM03101084","name":"GRIMME PART"},{"catalog_number":"GM03101080","name":"GRIMME PART"},{"catalog_number":"GM03101078","name":"GRIMME PART"},{"catalog_number":"GM03101077","name":"GRIMME PART"},{"catalog_number":"GM03101063","name":"GRIMME PART"},{"catalog_number":"GM03101059","name":"BOLT"},{"catalog_number":"GM03101058","name":"GRIMME PART"},{"catalog_number":"GM03101057","name":"GRIMME PART"},{"catalog_number":"GM03101048","name":"GRIMME PART"},{"catalog_number":"GM03101046","name":"GRIMME PART"},{"catalog_number":"GM03101044","name":"GRIMME PART"},{"catalog_number":"GM03101039","name":"GRIMME PART"},{"catalog_number":"GM03101022","name":"BOLT"},{"catalog_number":"GM03101013","name":"GRIMME PART"},{"catalog_number":"GM03100987","name":"GRIMME PART"},{"catalog_number":"GM03100979","name":"GRIMME PART"},{"catalog_number":"GM03100978","name":"GRIMME PART"},{"catalog_number":"GM03100973","name":"GRIMME PART"},{"catalog_number":"GM03100970","name":"GRIMME PART"},{"catalog_number":"GM03100969","name":"BUSH"},{"catalog_number":"GM03100964","name":"GRIMME PART"},{"catalog_number":"GM03100961","name":"GRIMME PART"},{"catalog_number":"GM03100947","name":"GRIMME PART"},{"catalog_number":"GM03100942","name":"SUPPORT"},{"catalog_number":"GM03100940","name":"GRIMME PART"},{"catalog_number":"GM03100939","name":"GRIMME PART"},{"catalog_number":"GM03100934","name":"GRIMME PART"},{"catalog_number":"GM03100930","name":"GRIMME PART"},{"catalog_number":"GM03100921","name":"GRIMME PART"},{"catalog_number":"GM03100920","name":"GRIMME PART"},{"catalog_number":"GM03100919","name":"GRIMME PART"},{"catalog_number":"GM03100915","name":"GRIMME PART"},{"catalog_number":"GM03100912","name":"GRIMME PART"},{"catalog_number":"GM03100898","name":"SHAFT"},{"catalog_number":"GM03100897","name":"GRIMME PART"},{"catalog_number":"GM03100894","name":"GRIMME PART"},{"catalog_number":"GM03100887","name":"GRIMME PART"},{"catalog_number":"GM03100881","name":"GRIMME PART"},{"catalog_number":"GM03100863","name":"GRIMME PART"},{"catalog_number":"GM03100848","name":"GRIMME PART"},{"catalog_number":"GM03100836","name":"GRIMME PART"},{"catalog_number":"GM03100819","name":"GRIMME PART"},{"catalog_number":"GM03100809","name":"GRIMME PART"},{"catalog_number":"GM03100801","name":"GRIMME PART"},{"catalog_number":"GM03100800","name":"GRIMME PART"},{"catalog_number":"GM03100786","name":"BOLT"},{"catalog_number":"GM03100781","name":"GRIMME PART"},{"catalog_number":"GM03100770","name":"GRIMME PART"},{"catalog_number":"GM03100769","name":"GRIMME PART"},{"catalog_number":"GM03100754","name":"GRIMME PART"},{"catalog_number":"GM03100753","name":"GRIMME PART"},{"catalog_number":"GM03100749","name":"GRIMME PART"},{"catalog_number":"GM03100733","name":"GRIMME PART"},{"catalog_number":"GM03100720","name":"GRIMME PART"},{"catalog_number":"GM03100717","name":"GRIMME PART"},{"catalog_number":"GM03100716","name":"GRIMME PART"},{"catalog_number":"GM03100715","name":"GRIMME PART"},{"catalog_number":"GM03100713","name":"GRIMME PART"},{"catalog_number":"GM03100711","name":"GRIMME PART"},{"catalog_number":"GM03100710","name":"GRIMME PART"},{"catalog_number":"GM03100709","name":"GRIMME PART"},{"catalog_number":"GM03100708","name":"SHAFT"},{"catalog_number":"GM03100706","name":"GRIMME PART"},{"catalog_number":"GM03100703","name":"GRIMME PART"},{"catalog_number":"GM03100702","name":"GRIMME PART"},{"catalog_number":"GM03100701","name":"GRIMME PART"},{"catalog_number":"GM03100700","name":"GRIMME PART"},{"catalog_number":"GM03100699","name":"GRIMME PART"},{"catalog_number":"GM03100698","name":"GRIMME PART"},{"catalog_number":"GM03100697","name":"GRIMME PART"},{"catalog_number":"GM03100696","name":"GRIMME PART"},{"catalog_number":"GM03100694","name":"GRIMME PART"},{"catalog_number":"GM03100693","name":"GRIMME PART"},{"catalog_number":"GM03100691","name":"GRIMME PART"},{"catalog_number":"GM03100687","name":"GRIMME PART"},{"catalog_number":"GM03100686","name":"GRIMME PART"},{"catalog_number":"GM03100685","name":"SHAFT"},{"catalog_number":"GM03100680","name":"GRIMME PART"},{"catalog_number":"GM03100679","name":"GRIMME PART"},{"catalog_number":"GM03100678","name":"GRIMME PART"},{"catalog_number":"GM03100675","name":"TAP"},{"catalog_number":"GM03100674","name":"GRIMME PART"},{"catalog_number":"GM03100673","name":"GRIMME PART"},{"catalog_number":"GM03100672","name":"GRIMME PART"},{"catalog_number":"GM03100671","name":"GRIMME PART"},{"catalog_number":"GM03100670","name":"GRIMME PART"},{"catalog_number":"GM03100669","name":"GRIMME PART"},{"catalog_number":"GM03100668","name":"GRIMME PART"},{"catalog_number":"GM03100665","name":"GRIMME PART"},{"catalog_number":"GM03100664","name":"GRIMME PART"},{"catalog_number":"GM03100663","name":"GRIMME PART"},{"catalog_number":"GM03100662","name":"GRIMME PART"},{"catalog_number":"GM03100661","name":"GRIMME PART"},{"catalog_number":"GM03100660","name":"GRIMME PART"},{"catalog_number":"GM03100659","name":"GRIMME PART"},{"catalog_number":"GM03100656","name":"GRIMME PART"},{"catalog_number":"GM03100655","name":"GRIMME PART"},{"catalog_number":"GM03100654","name":"GRIMME PART"},{"catalog_number":"GM03100653","name":"GRIMME PART"},{"catalog_number":"GM03100652","name":"GRIMME PART"},{"catalog_number":"GM03100650","name":"GRIMME PART"},{"catalog_number":"GM03100649","name":"GRIMME PART"},{"catalog_number":"GM03100641","name":"PIN"},{"catalog_number":"GM03100638","name":"GRIMME PART"},{"catalog_number":"GM03100637","name":"GRIMME PART"},{"catalog_number":"GM03100636","name":"GRIMME PART"},{"catalog_number":"GM03100635","name":"SCREW"},{"catalog_number":"GM03100634","name":"SCREW"},{"catalog_number":"GM03100633","name":"SHAFT"},{"catalog_number":"GM03100632","name":"PART"},{"catalog_number":"GM03100631","name":"GRIMME PART"},{"catalog_number":"GM03100627","name":"GRIMME PART"},{"catalog_number":"GM03100618","name":"GRIMME PART"},{"catalog_number":"GM03100609","name":"GRIMME PART"},{"catalog_number":"GM03100601","name":"GRIMME PART"},{"catalog_number":"GM03100580","name":"GRIMME PART"},{"catalog_number":"GM03100568","name":"GRIMME PART"},{"catalog_number":"GM03100567","name":"GRIMME PART"},{"catalog_number":"GM03100559","name":"GRIMME PART"},{"catalog_number":"GM03100558","name":"AXLE"},{"catalog_number":"GM03100538","name":"GRIMME PART"},{"catalog_number":"GM03100537","name":"GRIMME PART"},{"catalog_number":"GM03100531","name":"GRIMME PART"},{"catalog_number":"GM03100525","name":"GRIMME PART"},{"catalog_number":"GM03100521","name":"GRIMME PART"},{"catalog_number":"GM03100519","name":"NUT"},{"catalog_number":"GM03100514","name":"GRIMME PART"},{"catalog_number":"GM03100513","name":"GRIMME PART"},{"catalog_number":"GM03100512","name":"GRIMME PART"},{"catalog_number":"GM03100509","name":"GRIMME PART"},{"catalog_number":"GM03100506","name":"GRIMME PART"},{"catalog_number":"GM03100499","name":"GRIMME PART"},{"catalog_number":"GM03100498","name":"GRIMME PART"},{"catalog_number":"GM03100497","name":"GRIMME PART"},{"catalog_number":"GM03100489","name":"GRIMME PART"},{"catalog_number":"GM03100486","name":"BAR"},{"catalog_number":"GM03100484","name":"GRIMME PART"},{"catalog_number":"GM03100480","name":"GRIMME PART"},{"catalog_number":"GM03100472","name":"GRIMME PART"},{"catalog_number":"GM03100449","name":"GRIMME PART"},{"catalog_number":"GM03100440","name":"GRIMME PART"},{"catalog_number":"GM03100438","name":"TRANSMISSION"},{"catalog_number":"GM03100430","name":"GRIMME PART"},{"catalog_number":"GM03100426","name":"GRIMME PART"},{"catalog_number":"GM03100419","name":"GRIMME PART"},{"catalog_number":"GM03100416","name":"GRIMME PART"},{"catalog_number":"GM03100407","name":"GRIMME PART"},{"catalog_number":"GM03100404","name":"GRIMME PART"},{"catalog_number":"GM01503836","name":"GRIMME PART"},{"catalog_number":"GM01503824","name":"GRIMME PART"},{"catalog_number":"GM01503816","name":"GRIMME PART"}]}