{"machinery_brand_name":"Ag-Chem","parts":[{"catalog_number":"GM07600335","name":"GRIMME PART"},{"catalog_number":"GM07600333","name":"GRIMME PART"},{"catalog_number":"GM07600330","name":"GRIMME PART"},{"catalog_number":"GM07600320","name":"GRIMME PART"},{"catalog_number":"GM07600315","name":"GRIMME PART"},{"catalog_number":"GM07600309","name":"GRIMME PART"},{"catalog_number":"GM07600295","name":"PLATE"},{"catalog_number":"GM07600294","name":"PLATE"},{"catalog_number":"GM07600293","name":"PLATE"},{"catalog_number":"GM07600291","name":"PLATE"},{"catalog_number":"GM07600290","name":"O RING"},{"catalog_number":"GM07600289","name":"GRIMME PART"},{"catalog_number":"GM07600285","name":"PLATE"},{"catalog_number":"GM07600284","name":"GRIMME PART"},{"catalog_number":"GM07600278","name":"GRIMME PART"},{"catalog_number":"GM07600272","name":"GRIMME PART"},{"catalog_number":"GM07600268","name":"RUBBER"},{"catalog_number":"GM07600265","name":"GRIMME PART"},{"catalog_number":"GM07600264","name":"GRIMME PART"},{"catalog_number":"GM07600263","name":"GRIMME PART"},{"catalog_number":"GM07600261","name":"GRIMME PART"},{"catalog_number":"GM07600258","name":"GRIMME PART"},{"catalog_number":"GM07600257","name":"RUBBER"},{"catalog_number":"GM07600256","name":"GRIMME PART"},{"catalog_number":"GM07600255","name":"GRIMME PART"},{"catalog_number":"GM07600254","name":"GRIMME PART"},{"catalog_number":"GM07600252","name":"GRIMME PART"},{"catalog_number":"GM07600251","name":"GRIMME PART"},{"catalog_number":"GM07600250","name":"GRIMME PART"},{"catalog_number":"GM07600243","name":"GRIMME PART"},{"catalog_number":"GM07600241","name":"GRIMME PART"},{"catalog_number":"GM07600237","name":"GRIMME PART"},{"catalog_number":"GM07600233","name":"GRIMME PART"},{"catalog_number":"GM07600228","name":"GRIMME PART"},{"catalog_number":"GM07600227","name":"GRIMME PART"},{"catalog_number":"GM07600226","name":"GRIMME PART"},{"catalog_number":"GM07600222","name":"PART"},{"catalog_number":"GM07600221","name":"GRIMME PART"},{"catalog_number":"GM07600220","name":"GRIMME PART"},{"catalog_number":"GM07600217","name":"GRIMME PART"},{"catalog_number":"GM07600213","name":"RUBBER"},{"catalog_number":"GM07600212","name":"GRIMME PART"},{"catalog_number":"GM07600211","name":"GRIMME PART"},{"catalog_number":"GM07600210","name":"PART"},{"catalog_number":"GM07600209","name":"RUBBER"},{"catalog_number":"GM07600208","name":"RUBBER"},{"catalog_number":"GM07600207","name":"GRIMME PART"},{"catalog_number":"GM07600206","name":"RING"},{"catalog_number":"GM07600205","name":"RING"},{"catalog_number":"GM07600203","name":"GRIMME PART"},{"catalog_number":"GM07600197","name":"GRIMME PART"},{"catalog_number":"GM07600195","name":"GRIMME PART"},{"catalog_number":"GM07600189","name":"GRIMME PART"},{"catalog_number":"GM07600179","name":"GRIMME PART"},{"catalog_number":"GM07600177","name":"GRIMME PART"},{"catalog_number":"GM07600173","name":"GRIMME PART"},{"catalog_number":"GM07600159","name":"LIST"},{"catalog_number":"GM07600157","name":"RING"},{"catalog_number":"GM07600155","name":"GRIMME PART"},{"catalog_number":"GM07600153","name":"GRIMME PART"},{"catalog_number":"GM07600149","name":"TAP"},{"catalog_number":"GM07600148","name":"GRIMME PART"},{"catalog_number":"GM07600147","name":"GRIMME PART"},{"catalog_number":"GM07600145","name":"GRIMME PART"},{"catalog_number":"GM07600144","name":"GRIMME PART"},{"catalog_number":"GM07600143","name":"GRIMME PART"},{"catalog_number":"GM07600137","name":"GRIMME PART"},{"catalog_number":"GM07600114","name":"HOSE"},{"catalog_number":"GM07600113","name":"GRIMME PART"},{"catalog_number":"GM07600106","name":"GRIMME PART"},{"catalog_number":"GM07600103","name":"GRIMME PART"},{"catalog_number":"GM07600093","name":"GRIMME PART"},{"catalog_number":"GM07600089","name":"LIST"},{"catalog_number":"GM07600085","name":"GRIMME PART"},{"catalog_number":"GM07600084","name":"RUBBER"},{"catalog_number":"GM07600081","name":"GRIMME PART"},{"catalog_number":"GM07600080","name":"GRIMME PART"},{"catalog_number":"GM07600077","name":"ROLL"},{"catalog_number":"GM07600075","name":"GRIMME PART"},{"catalog_number":"GM07600063","name":"GRIMME PART"},{"catalog_number":"GM07600061","name":"GRIMME PART"},{"catalog_number":"GM07600057","name":"GRIMME PART"},{"catalog_number":"GM07600055","name":"GRIMME PART"},{"catalog_number":"GM07600050","name":"LIST"},{"catalog_number":"GM07600040","name":"ROLL"},{"catalog_number":"GM07600037","name":"GRIMME PART"},{"catalog_number":"GM07600036","name":"GRIMME PART"},{"catalog_number":"GM07600033","name":"GRIMME PART"},{"catalog_number":"GM07600032","name":"LEAD"},{"catalog_number":"GM07600030","name":"GRIMME PART"},{"catalog_number":"GM07600029","name":"DISC"},{"catalog_number":"GM07600026","name":"GRIMME PART"},{"catalog_number":"GM07600020","name":"GRIMME PART"},{"catalog_number":"GM07600014","name":"GRIMME PART"},{"catalog_number":"GM07600012","name":"GRIMME PART"},{"catalog_number":"GM07600007","name":"DISC"},{"catalog_number":"GM07600006","name":"FINGER"},{"catalog_number":"GM07600005","name":"GRIMME PART"},{"catalog_number":"GM07600004","name":"GRIMME PART"},{"catalog_number":"GM07401603","name":"GRIMME PART"},{"catalog_number":"GM07401602","name":"GRIMME PART"},{"catalog_number":"GM07401601","name":"GRIMME PART"},{"catalog_number":"GM07401538","name":"GRIMME PART"},{"catalog_number":"GM07401514","name":"GRIMME PART"},{"catalog_number":"GM07401501","name":"GRIMME PART"},{"catalog_number":"GM07401461","name":"GRIMME PART"},{"catalog_number":"GM07401460","name":"GRIMME PART"},{"catalog_number":"GM07401437","name":"GRIMME PART"},{"catalog_number":"GM07401436","name":"GRIMME PART"},{"catalog_number":"GM07401358","name":"GRIMME PART"},{"catalog_number":"GM07401349","name":"GRIMME PART"},{"catalog_number":"GM07401345","name":"GRIMME PART"},{"catalog_number":"GM07401157","name":"GRIMME PART"},{"catalog_number":"GM07401156","name":"GRIMME PART"},{"catalog_number":"GM07401025","name":"GRIMME PART"},{"catalog_number":"GM07401001","name":"GRIMME PART"},{"catalog_number":"GM07401000","name":"GRIMME PART"},{"catalog_number":"GM07400999","name":"GRIMME PART"},{"catalog_number":"GM07400995","name":"GRIMME PART"},{"catalog_number":"GM07400991","name":"GRIMME PART"},{"catalog_number":"GM07400823","name":"GRIMME PART"},{"catalog_number":"GM07400724","name":"GRIMME PART"},{"catalog_number":"GM07400384","name":"BELT"},{"catalog_number":"GM07400238","name":"LINK"},{"catalog_number":"GM07400237","name":"GRIMME PART"},{"catalog_number":"GM07400236","name":"GRIMME PART"},{"catalog_number":"GM07400235","name":"GRIMME PART"},{"catalog_number":"GM07400213","name":"GRIMME PART"},{"catalog_number":"GM07400212","name":"GRIMME PART"},{"catalog_number":"GM07400100","name":"GRIMME PART"},{"catalog_number":"GM07300215","name":"GRIMME PART"},{"catalog_number":"GM07300188","name":"GRIMME PART"},{"catalog_number":"GM07300187","name":"GRIMME PART"},{"catalog_number":"GM07300186","name":"GRIMME PART"},{"catalog_number":"GM07300183","name":"GRIMME PART"},{"catalog_number":"GM07300182","name":"GRIMME PART"},{"catalog_number":"GM07300173","name":"GRIMME PART"},{"catalog_number":"GM07300156","name":"GRIMME PART"},{"catalog_number":"GM07300155","name":"GRIMME PART"},{"catalog_number":"GM07300154","name":"GRIMME PART"},{"catalog_number":"GM07300153","name":"GRIMME PART"},{"catalog_number":"GM07300151","name":"GRIMME PART"},{"catalog_number":"GM07300150","name":"GRIMME PART"},{"catalog_number":"GM07300149","name":"GRIMME PART"},{"catalog_number":"GM07300140","name":"GRIMME PART"},{"catalog_number":"GM07300139","name":"GRIMME PART"},{"catalog_number":"GM07300138","name":"GRIMME PART"},{"catalog_number":"GM07300137","name":"GRIMME PART"},{"catalog_number":"GM07300131","name":"GRIMME PART"},{"catalog_number":"GM07300127","name":"GRIMME PART"},{"catalog_number":"GM07300126","name":"GRIMME PART"},{"catalog_number":"GM07300124","name":"GRIMME PART"},{"catalog_number":"GM07300122","name":"GRIMME PART"},{"catalog_number":"GM07300114","name":"GRIMME PART"},{"catalog_number":"GM07300111","name":"GRIMME PART"},{"catalog_number":"GM07300109","name":"GRIMME PART"},{"catalog_number":"GM07300100","name":"STRAP"},{"catalog_number":"GM07300087","name":"GRIMME PART"},{"catalog_number":"GM07300053","name":"GRIMME PART"},{"catalog_number":"GM07300050","name":"GRIMME PART"},{"catalog_number":"GM07300023","name":"GRIMME PART"},{"catalog_number":"GM07300020","name":"GRIMME PART"},{"catalog_number":"GM07300013","name":"GRIMME PART"},{"catalog_number":"GM07300008","name":"GRIMME PART"},{"catalog_number":"GM07300003","name":"GRIMME PART"},{"catalog_number":"GM07000988","name":"PROFILE"},{"catalog_number":"GM07000983","name":"HOSE"},{"catalog_number":"GM07000979","name":"PIPE"},{"catalog_number":"GM07000969","name":"DISC"},{"catalog_number":"GM07000968","name":"PIPE"},{"catalog_number":"GM07000924","name":"GRIMME PART"},{"catalog_number":"GM07000923","name":"GRIMME PART"},{"catalog_number":"GM07000892","name":"HOSE"},{"catalog_number":"GM07000891","name":"HOSE"},{"catalog_number":"GM07000847","name":"GRIMME PART"},{"catalog_number":"GM07000846","name":"GRIMME PART"},{"catalog_number":"GM07000839","name":"GRIMME PART"},{"catalog_number":"GM07000835","name":"PROFILE"},{"catalog_number":"GM07000833","name":"HOSE"},{"catalog_number":"GM07000823","name":"GRIMME PART"},{"catalog_number":"GM07000809","name":"GRIMME PART"},{"catalog_number":"GM07000808","name":"GRIMME PART"},{"catalog_number":"GM07000806","name":"GRIMME PART"},{"catalog_number":"GM07000805","name":"GRIMME PART"},{"catalog_number":"GM07000803","name":"GRIMME PART"},{"catalog_number":"GM07000790","name":"GRIMME PART"},{"catalog_number":"GM07000789","name":"PIPE"},{"catalog_number":"GM07000787","name":"GRIMME PART"},{"catalog_number":"GM07000764","name":"GRIMME PART"},{"catalog_number":"GM07000760","name":"GRIMME PART"},{"catalog_number":"GM07000759","name":"GRIMME PART"},{"catalog_number":"GM07000756","name":"GRIMME PART"},{"catalog_number":"GM07000750","name":"GRIMME PART"},{"catalog_number":"GM07000749","name":"GRIMME PART"},{"catalog_number":"GM07000748","name":"GRIMME PART"},{"catalog_number":"GM07000745","name":"GRIMME PART"},{"catalog_number":"GM07000744","name":"GRIMME PART"},{"catalog_number":"GM07000743","name":"GRIMME PART"},{"catalog_number":"GM07000742","name":"GRIMME PART"},{"catalog_number":"GM07000741","name":"GRIMME PART"},{"catalog_number":"GM07000740","name":"GRIMME PART"},{"catalog_number":"GM07000736","name":"GRIMME PART"},{"catalog_number":"GM07000735","name":"GRIMME PART"},{"catalog_number":"GM07000734","name":"GRIMME PART"},{"catalog_number":"GM07000732","name":"GRIMME PART"},{"catalog_number":"GM07000731","name":"GRIMME PART"},{"catalog_number":"GM07000729","name":"GRIMME PART"},{"catalog_number":"GM07000726","name":"GRIMME PART"},{"catalog_number":"GM07000716","name":"GRIMME PART"},{"catalog_number":"GM07000715","name":"GRIMME PART"},{"catalog_number":"GM07000714","name":"SUPPORT"},{"catalog_number":"GM07000711","name":"GRIMME PART"},{"catalog_number":"GM07000707","name":"GRIMME PART"},{"catalog_number":"GM07000706","name":"HOSE"},{"catalog_number":"GM07000705","name":"HOSE"},{"catalog_number":"GM07000704","name":"GRIMME PART"},{"catalog_number":"GM07000702","name":"GRIMME PART"},{"catalog_number":"GM07000701","name":"GRIMME PART"},{"catalog_number":"GM07000700","name":"GRIMME PART"},{"catalog_number":"GM07000697","name":"GRIMME PART"},{"catalog_number":"GM07000689","name":"GRIMME PART"},{"catalog_number":"GM07000688","name":"GRIMME PART"},{"catalog_number":"GM07000683","name":"GRIMME PART"},{"catalog_number":"GM07000681","name":"GRIMME PART"},{"catalog_number":"GM07000678","name":"GRIMME PART"},{"catalog_number":"GM07000672","name":"GRIMME PART"},{"catalog_number":"GM07000671","name":"GRIMME PART"},{"catalog_number":"GM07000670","name":"GRIMME PART"},{"catalog_number":"GM07000661","name":"SUPPORT"},{"catalog_number":"GM07000657","name":"PIPE"},{"catalog_number":"GM07000656","name":"HOSE"},{"catalog_number":"GM07000654","name":"GRIMME PART"},{"catalog_number":"GM07000653","name":"GRIMME PART"},{"catalog_number":"GM07000650","name":"GRIMME PART"},{"catalog_number":"GM07000645","name":"GRIMME PART"},{"catalog_number":"GM07000639","name":"GRIMME PART"},{"catalog_number":"GM07000638","name":"GRIMME PART"},{"catalog_number":"GM07000631","name":"GRIMME PART"},{"catalog_number":"GM07000626","name":"GRIMME PART"},{"catalog_number":"GM07000625","name":"GRIMME PART"},{"catalog_number":"GM07000624","name":"GRIMME PART"},{"catalog_number":"GM07000623","name":"GRIMME PART"},{"catalog_number":"GM07000621","name":"GRIMME PART"},{"catalog_number":"GM07000619","name":"GRIMME PART"},{"catalog_number":"GM07000616","name":"GRIMME PART"},{"catalog_number":"GM07000613","name":"GRIMME PART"},{"catalog_number":"GM07000612","name":"GRIMME PART"},{"catalog_number":"GM07000611","name":"GRIMME PART"},{"catalog_number":"GM07000609","name":"GRIMME PART"},{"catalog_number":"GM07000606","name":"GRIMME PART"},{"catalog_number":"GM07000603","name":"GRIMME PART"},{"catalog_number":"GM07000602","name":"GRIMME PART"},{"catalog_number":"GM07000599","name":"GRIMME PART"},{"catalog_number":"GM07000597","name":"GRIMME PART"},{"catalog_number":"GM07000596","name":"GRIMME PART"},{"catalog_number":"GM07000594","name":"GRIMME PART"},{"catalog_number":"GM07000593","name":"GRIMME PART"},{"catalog_number":"GM07000592","name":"GRIMME PART"},{"catalog_number":"GM07000589","name":"GRIMME PART"},{"catalog_number":"GM07000588","name":"GRIMME PART"},{"catalog_number":"GM07000586","name":"GRIMME PART"},{"catalog_number":"GM07000585","name":"GRIMME PART"},{"catalog_number":"GM07000584","name":"GRIMME PART"},{"catalog_number":"GM07000583","name":"GRIMME PART"},{"catalog_number":"GM07000581","name":"GRIMME PART"},{"catalog_number":"GM07000580","name":"GRIMME PART"},{"catalog_number":"GM07000579","name":"GRIMME PART"},{"catalog_number":"GM07000578","name":"GRIMME PART"},{"catalog_number":"GM07000577","name":"GRIMME PART"},{"catalog_number":"GM07000576","name":"GRIMME PART"},{"catalog_number":"GM07000574","name":"SEAL"},{"catalog_number":"GM07000573","name":"GRIMME PART"},{"catalog_number":"GM07000571","name":"GRIMME PART"},{"catalog_number":"GM07000569","name":"GRIMME PART"},{"catalog_number":"GM07000568","name":"GRIMME PART"},{"catalog_number":"GM07000567","name":"WASHER"},{"catalog_number":"GM07000565","name":"GRIMME PART"},{"catalog_number":"GM07000564","name":"GRIMME PART"},{"catalog_number":"GM07000563","name":"GRIMME PART"},{"catalog_number":"GM07000560","name":"GRIMME PART"},{"catalog_number":"GM07000559","name":"GRIMME PART"},{"catalog_number":"GM07000558","name":"GRIMME PART"},{"catalog_number":"GM07000555","name":"PIPE"},{"catalog_number":"GM07000554","name":"SUPPORT"},{"catalog_number":"GM07000549","name":"GRIMME PART"},{"catalog_number":"GM07000548","name":"GRIMME PART"},{"catalog_number":"GM07000546","name":"GRIMME PART"},{"catalog_number":"GM07000544","name":"GRIMME PART"},{"catalog_number":"GM07000543","name":"GRIMME PART"},{"catalog_number":"GM07000542","name":"GRIMME PART"},{"catalog_number":"GM07000541","name":"GRIMME PART"},{"catalog_number":"GM07000540","name":"ROD"},{"catalog_number":"GM07000538","name":"GRIMME PART"},{"catalog_number":"GM07000531","name":"GRIMME PART"},{"catalog_number":"GM07000530","name":"TUBE"},{"catalog_number":"GM07000521","name":"GRIMME PART"},{"catalog_number":"GM07000518","name":"GRIMME PART"},{"catalog_number":"GM07000517","name":"GRIMME PART"},{"catalog_number":"GM07000516","name":"GRIMME PART"},{"catalog_number":"GM07000514","name":"GRIMME PART"},{"catalog_number":"GM07000513","name":"GRIMME PART"},{"catalog_number":"GM07000511","name":"GRIMME PART"},{"catalog_number":"GM07000510","name":"GRIMME PART"},{"catalog_number":"GM07000509","name":"GRIMME PART"},{"catalog_number":"GM07000507","name":"GRIMME PART"},{"catalog_number":"GM07000505","name":"GRIMME PART"},{"catalog_number":"GM07000504","name":"GRIMME PART"},{"catalog_number":"GM07000502","name":"GRIMME PART"},{"catalog_number":"GM07000501","name":"GRIMME PART"},{"catalog_number":"GM07000497","name":"GRIMME PART"},{"catalog_number":"GM07000496","name":"GRIMME PART"},{"catalog_number":"GM07000495","name":"GRIMME PART"},{"catalog_number":"GM07000494","name":"GRIMME PART"},{"catalog_number":"GM07000493","name":"RUBBER"},{"catalog_number":"GM07000492","name":"GRIMME PART"},{"catalog_number":"GM07000491","name":"PIPE"},{"catalog_number":"GM07000490","name":"GRIMME PART"},{"catalog_number":"GM07000489","name":"GRIMME PART"},{"catalog_number":"GM07000488","name":"GRIMME PART"},{"catalog_number":"GM07000482","name":"GRIMME PART"},{"catalog_number":"GM07000480","name":"GRIMME PART"},{"catalog_number":"GM07000478","name":"GRIMME PART"},{"catalog_number":"GM07000476","name":"SUPPORT"},{"catalog_number":"GM07000471","name":"GRIMME PART"},{"catalog_number":"GM07000470","name":"GRIMME PART"},{"catalog_number":"GM07000469","name":"GRIMME PART"},{"catalog_number":"GM07000468","name":"GRIMME PART"},{"catalog_number":"GM07000466","name":"GRIMME PART"},{"catalog_number":"GM07000465","name":"HOSE"},{"catalog_number":"GM07000460","name":"GRIMME PART"},{"catalog_number":"GM07000459","name":"GRIMME PART"},{"catalog_number":"GM07000458","name":"GRIMME PART"},{"catalog_number":"GM07000457","name":"GRIMME PART"},{"catalog_number":"GM07000456","name":"GRIMME PART"},{"catalog_number":"GM07000455","name":"SUPPORT"},{"catalog_number":"GM07000454","name":"GRIMME PART"},{"catalog_number":"GM07000453","name":"GRIMME PART"},{"catalog_number":"GM07000451","name":"GRIMME PART"},{"catalog_number":"GM07000450","name":"GRIMME PART"},{"catalog_number":"GM07000448","name":"SCRAPER"},{"catalog_number":"GM07000447","name":"DRIVE"},{"catalog_number":"GM07000446","name":"GRIMME PART"},{"catalog_number":"GM07000445","name":"GRIMME PART"},{"catalog_number":"GM07000442","name":"GRIMME PART"},{"catalog_number":"GM07000440","name":"WASHER"},{"catalog_number":"GM07000437","name":"GRIMME PART"},{"catalog_number":"GM07000435","name":"GRIMME PART"},{"catalog_number":"GM07000431","name":"GRIMME PART"},{"catalog_number":"GM07000430","name":"GRIMME PART"},{"catalog_number":"GM07000423","name":"GRIMME PART"},{"catalog_number":"GM07000422","name":"HANGER"},{"catalog_number":"GM07000421","name":"GRIMME PART"},{"catalog_number":"GM07000420","name":"GRIMME PART"},{"catalog_number":"GM07000419","name":"HOSE"},{"catalog_number":"GM07000417","name":"GRIMME PART"},{"catalog_number":"GM07000416","name":"GRIMME PART"},{"catalog_number":"GM07000415","name":"GRIMME PART"},{"catalog_number":"GM07000414","name":"GRIMME PART"},{"catalog_number":"GM07000413","name":"GRIMME PART"},{"catalog_number":"GM07000408","name":"GRIMME PART"},{"catalog_number":"GM07000406","name":"GRIMME PART"},{"catalog_number":"GM07000404","name":"GRIMME PART"},{"catalog_number":"GM07000401","name":"GRIMME PART"},{"catalog_number":"GM07000400","name":"GRIMME PART"},{"catalog_number":"GM07000399","name":"GRIMME PART"},{"catalog_number":"GM07000398","name":"GRIMME PART"},{"catalog_number":"GM07000394","name":"GRIMME PART"},{"catalog_number":"GM07000392","name":"GRIMME PART"},{"catalog_number":"GM07000391","name":"GRIMME PART"},{"catalog_number":"GM07000386","name":"GRIMME PART"},{"catalog_number":"GM07000385","name":"GRIMME PART"},{"catalog_number":"GM07000381","name":"HOSE"},{"catalog_number":"GM07000375","name":"GRIMME PART"},{"catalog_number":"GM07000374","name":"GRIMME PART"},{"catalog_number":"GM07000371","name":"GRIMME PART"},{"catalog_number":"GM07000370","name":"GRIMME PART"},{"catalog_number":"GM07000367","name":"HOSE"},{"catalog_number":"GM07000366","name":"GRIMME PART"},{"catalog_number":"GM07000365","name":"GRIMME PART"},{"catalog_number":"GM07000363","name":"GRIMME PART"},{"catalog_number":"GM07000362","name":"GRIMME PART"},{"catalog_number":"GM07000356","name":"GRIMME PART"},{"catalog_number":"GM07000355","name":"GRIMME PART"},{"catalog_number":"GM07000353","name":"GRIMME PART"},{"catalog_number":"GM07000348","name":"GRIMME PART"},{"catalog_number":"GM07000346","name":"GRIMME PART"},{"catalog_number":"GM07000345","name":"GRIMME PART"},{"catalog_number":"GM07000344","name":"GRIMME PART"},{"catalog_number":"GM07000342","name":"GRIMME PART"},{"catalog_number":"GM07000339","name":"PROFILE"},{"catalog_number":"GM07000338","name":"GRIMME PART"},{"catalog_number":"GM07000334","name":"GRIMME PART"},{"catalog_number":"GM07000333","name":"GRIMME PART"},{"catalog_number":"GM07000332","name":"GRIMME PART"},{"catalog_number":"GM07000331","name":"GRIMME PART"},{"catalog_number":"GM07000329","name":"RUBBER"},{"catalog_number":"GM07000328","name":"GRIMME PART"},{"catalog_number":"GM07000325","name":"GRIMME PART"},{"catalog_number":"GM07000324","name":"HOSE"},{"catalog_number":"GM07000323","name":"GRIMME PART"},{"catalog_number":"GM07000322","name":"GRIMME PART"},{"catalog_number":"GM07000320","name":"GRIMME PART"},{"catalog_number":"GM07000312","name":"GRIMME PART"},{"catalog_number":"GM07000311","name":"RUBBER"},{"catalog_number":"GM07000310","name":"GRIMME PART"},{"catalog_number":"GM07000308","name":"GRIMME PART"},{"catalog_number":"GM07000307","name":"GRIMME PART"},{"catalog_number":"GM07000306","name":"GRIMME PART"},{"catalog_number":"GM07000302","name":"GRIMME PART"},{"catalog_number":"GM07000299","name":"GRIMME PART"},{"catalog_number":"GM07000298","name":"GRIMME PART"},{"catalog_number":"GM07000297","name":"GRIMME PART"},{"catalog_number":"GM07000294","name":"GRIMME PART"},{"catalog_number":"GM07000293","name":"GRIMME PART"},{"catalog_number":"GM07000291","name":"GRIMME PART"},{"catalog_number":"GM07000289","name":"GRIMME PART"},{"catalog_number":"GM07000286","name":"GRIMME PART"},{"catalog_number":"GM07000285","name":"GRIMME PART"},{"catalog_number":"GM07000283","name":"PART"},{"catalog_number":"GM07000282","name":"GRIMME PART"},{"catalog_number":"GM07000281","name":"GRIMME PART"},{"catalog_number":"GM07000280","name":"GRIMME PART"},{"catalog_number":"GM07000274","name":"GRIMME PART"},{"catalog_number":"GM07000273","name":"FOLLOWER"},{"catalog_number":"GM07000272","name":"GRIMME PART"},{"catalog_number":"GM07000267","name":"GRIMME PART"},{"catalog_number":"GM07000266","name":"GRIMME PART"},{"catalog_number":"GM07000265","name":"GRIMME PART"},{"catalog_number":"GM07000261","name":"GRIMME PART"},{"catalog_number":"GM07000256","name":"GRIMME PART"},{"catalog_number":"GM07000253","name":"PROFILE"},{"catalog_number":"GM07000248","name":"HOSE"},{"catalog_number":"GM07000241","name":"DRIVE"},{"catalog_number":"GM07000234","name":"GRIMME PART"},{"catalog_number":"GM07000230","name":"GRIMME PART"},{"catalog_number":"GM07000226","name":"PART"},{"catalog_number":"GM07000225","name":"GRIMME PART"},{"catalog_number":"GM01540736","name":"COVER"},{"catalog_number":"GM01540733","name":"SHEET METAL"},{"catalog_number":"GM01540665","name":"SHEET METAL"},{"catalog_number":"GM01540664","name":"SHEET METAL"},{"catalog_number":"GM01540660","name":"PROTECTION"},{"catalog_number":"GM01540659","name":"PLATE"},{"catalog_number":"GM01540638","name":"PROTECTION"},{"catalog_number":"GM01540613","name":"PLATE"},{"catalog_number":"GM01540612","name":"PLATE"},{"catalog_number":"GM01540601","name":"ANGLE CONTROL"},{"catalog_number":"GM01540600","name":"LATCH"},{"catalog_number":"GM01540526","name":"GRIMME PART"},{"catalog_number":"GM01540508","name":"DISC"},{"catalog_number":"GM01540435","name":"HOSE"},{"catalog_number":"GM01540413","name":"TINE"},{"catalog_number":"GM01540393","name":"GRIMME PART"},{"catalog_number":"GM01540392","name":"GRIMME PART"},{"catalog_number":"GM01540329","name":"STOP"},{"catalog_number":"GM01540328","name":"STOP"},{"catalog_number":"GM01540325","name":"GRIMME PART"},{"catalog_number":"GM01540321","name":"PLATE"},{"catalog_number":"GM01540290","name":"GRIMME PART"},{"catalog_number":"GM01540252","name":"SHEET METAL"},{"catalog_number":"GM01540242","name":"SHEET METAL"},{"catalog_number":"GM01540236","name":"GRIMME PART"},{"catalog_number":"GM01540229","name":"STOP"},{"catalog_number":"GM01540228","name":"STOP"},{"catalog_number":"GM01540192","name":"GRIMME PART"},{"catalog_number":"GM01540191","name":"GRIMME PART"},{"catalog_number":"GM01540178","name":"SHEET METAL"},{"catalog_number":"GM01540136","name":"STOP"},{"catalog_number":"GM01540102","name":"PROTECTION"},{"catalog_number":"GM01540095","name":"COVER"},{"catalog_number":"GM01540057","name":"GRIMME PART"},{"catalog_number":"GM01540041","name":"SHEET METAL"},{"catalog_number":"GM01539914","name":"SHEET METAL"},{"catalog_number":"GM01539913","name":"GRIMME PART"},{"catalog_number":"GM01539889","name":"SHEET METAL"},{"catalog_number":"GM01539878","name":"FORK"},{"catalog_number":"GM01539847","name":"GRIMME PART"},{"catalog_number":"GM01539835","name":"GRIMME PART"},{"catalog_number":"GM01539805","name":"STOP"},{"catalog_number":"GM01539782","name":"STOP"},{"catalog_number":"GM01539760","name":"STOP"},{"catalog_number":"GM01539747","name":"GRIMME PART"},{"catalog_number":"GM01539709","name":"STOP"},{"catalog_number":"GM01539708","name":"STOP"},{"catalog_number":"GM01539704","name":"PROTECTION"},{"catalog_number":"GM01539702","name":"FLANGE"},{"catalog_number":"GM01539700","name":"FLANGE"},{"catalog_number":"GM01539699","name":"FLANGE"},{"catalog_number":"GM01539697","name":"LATCH"},{"catalog_number":"GM01539696","name":"LATCH"},{"catalog_number":"GM01539682","name":"GRIMME PART"},{"catalog_number":"GM01539681","name":"CONSOLE"},{"catalog_number":"GM01539673","name":"COVER"},{"catalog_number":"GM01539671","name":"GRIMME PART"},{"catalog_number":"GM01539670","name":"SHEET METAL"},{"catalog_number":"GM01539658","name":"STOP"},{"catalog_number":"GM01539608","name":"CONSOLE"},{"catalog_number":"GM01539553","name":"TRANSMISSION"},{"catalog_number":"GM01539527","name":"SHEET METAL"},{"catalog_number":"GM01539526","name":"SHEET METAL"},{"catalog_number":"GM01539523","name":"STOP"},{"catalog_number":"GM01539496","name":"GRIMME PART"},{"catalog_number":"GM01539443","name":"PROTECTION"},{"catalog_number":"GM01539356","name":"STOP"},{"catalog_number":"GM01539355","name":"STOP"},{"catalog_number":"GM01539328","name":"GRIMME PART"},{"catalog_number":"GM01539293","name":"ELEVATOR"},{"catalog_number":"GM01539292","name":"GRIMME PART"},{"catalog_number":"GM01539291","name":"GRIMME PART"},{"catalog_number":"GM01539290","name":"GRIMME PART"},{"catalog_number":"GM01539275","name":"SHEET METAL"},{"catalog_number":"GM01539274","name":"SHEET METAL"},{"catalog_number":"GM01539273","name":"BAR"},{"catalog_number":"GM01539272","name":"BAR"},{"catalog_number":"GM01539271","name":"PROFILE"},{"catalog_number":"GM01539265","name":"CONSOLE"},{"catalog_number":"GM01539264","name":"STOP"},{"catalog_number":"GM01539263","name":"STOP"},{"catalog_number":"GM01539258","name":"REINFORCEMENT"},{"catalog_number":"GM01539257","name":"PLATE"},{"catalog_number":"GM01539255","name":"GRIMME PART"},{"catalog_number":"GM01539254","name":"GRIMME PART"},{"catalog_number":"GM01539253","name":"GRIMME PART"},{"catalog_number":"GM01539250","name":"STOP"},{"catalog_number":"GM01539249","name":"STOP"},{"catalog_number":"GM01539248","name":"LATCH"},{"catalog_number":"GM01539247","name":"LATCH"},{"catalog_number":"GM01539245","name":"GRIMME PART"},{"catalog_number":"GM01539244","name":"GRIMME PART"},{"catalog_number":"GM01539242","name":"SHEET METAL"},{"catalog_number":"GM01539241","name":"GRIMME PART"},{"catalog_number":"GM01539240","name":"STOP"},{"catalog_number":"GM01539239","name":"GRIMME PART"},{"catalog_number":"GM01539238","name":"GRIMME PART"},{"catalog_number":"GM01539229","name":"STOP"},{"catalog_number":"GM01539187","name":"GRIMME PART"},{"catalog_number":"GM01539181","name":"GRIMME PART"},{"catalog_number":"GM01539180","name":"GRIMME PART"},{"catalog_number":"GM01539175","name":"RAIL"},{"catalog_number":"GM01539170","name":"RAIL"},{"catalog_number":"GM01539169","name":"RAIL"},{"catalog_number":"GM01539160","name":"PLATE"},{"catalog_number":"GM01539159","name":"GRIMME PART"},{"catalog_number":"GM01539156","name":"STOP"},{"catalog_number":"GM01539155","name":"STOP"},{"catalog_number":"GM01539151","name":"GRIP"},{"catalog_number":"GM01539122","name":"COVER"},{"catalog_number":"GM01539113","name":"STOP"},{"catalog_number":"GM01539111","name":"GRIMME PART"},{"catalog_number":"GM01539096","name":"GRIMME PART"},{"catalog_number":"GM01539071","name":"GRIMME PART"},{"catalog_number":"GM01539069","name":"COVER"},{"catalog_number":"GM01539061","name":"SHEET METAL"},{"catalog_number":"GM01539060","name":"SHEET METAL"},{"catalog_number":"GM01539059","name":"SHEET METAL"},{"catalog_number":"GM01539058","name":"SHEET METAL"},{"catalog_number":"GM01539041","name":"GRIMME PART"},{"catalog_number":"GM01539035","name":"GRIMME PART"},{"catalog_number":"GM01539034","name":"GRIMME PART"},{"catalog_number":"GM01538977","name":"GRIMME PART"},{"catalog_number":"GM01538946","name":"STOP"},{"catalog_number":"GM01538944","name":"STRIP"},{"catalog_number":"GM01538898","name":"GRIMME PART"},{"catalog_number":"GM01538879","name":"GRIMME PART"},{"catalog_number":"GM01538878","name":"GRIMME PART"},{"catalog_number":"GM01538877","name":"GRIMME PART"},{"catalog_number":"GM01538876","name":"GRIMME PART"},{"catalog_number":"GM01538875","name":"GRIMME PART"},{"catalog_number":"GM01538874","name":"GRIMME PART"},{"catalog_number":"GM01538873","name":"GRIMME PART"},{"catalog_number":"GM01538872","name":"GRIMME PART"},{"catalog_number":"GM01538826","name":"SHEET METAL"},{"catalog_number":"GM01538813","name":"SHEET METAL"},{"catalog_number":"GM01538795","name":"SUPPORT"},{"catalog_number":"GM01538794","name":"ANGLE CONTROL"},{"catalog_number":"GM01538764","name":"GRIMME PART"},{"catalog_number":"GM01538763","name":"GRIMME PART"},{"catalog_number":"GM01538716","name":"GRIMME PART"},{"catalog_number":"GM01538715","name":"GRIMME PART"},{"catalog_number":"GM01538613","name":"PLATE"},{"catalog_number":"GM01538562","name":"PLATE"},{"catalog_number":"GM01538561","name":"PLATE"},{"catalog_number":"GM01538560","name":"HEAD LIGHT"},{"catalog_number":"GM01538559","name":"HEAD LIGHT"},{"catalog_number":"GM01538558","name":"GRIMME PART"},{"catalog_number":"GM01538557","name":"GRIMME PART"},{"catalog_number":"GM01538556","name":"GRIMME PART"},{"catalog_number":"GM01538554","name":"STOP"},{"catalog_number":"GM01538553","name":"LATCH"},{"catalog_number":"GM01538537","name":"STRIP"},{"catalog_number":"GM01538514","name":"STOP"},{"catalog_number":"GM01538512","name":"GRIMME PART"},{"catalog_number":"GM01538511","name":"GRIMME PART"},{"catalog_number":"GM01538467","name":"GRIMME PART"},{"catalog_number":"GM01538451","name":"STOP"},{"catalog_number":"GM01538446","name":"GRIMME PART"},{"catalog_number":"GM01538395","name":"STOP"},{"catalog_number":"GM01538367","name":"ANGLE CONTROL"},{"catalog_number":"GM01538362","name":"GRIMME PART"},{"catalog_number":"GM01538361","name":"GRIMME PART"}]}