{"machinery_brand_name":"Ag-Chem","parts":[{"catalog_number":"GM10043641","name":"GRIMME PART"},{"catalog_number":"GM10043634","name":"GRIMME PART"},{"catalog_number":"GM10043633","name":"GRIMME PART"},{"catalog_number":"GM10043618","name":"GRIMME PART"},{"catalog_number":"GM10043600","name":"GRIMME PART"},{"catalog_number":"GM10043587","name":"STOP"},{"catalog_number":"GM10043586","name":"STOP"},{"catalog_number":"GM10043584","name":"GRIMME PART"},{"catalog_number":"GM10043583","name":"GRIMME PART"},{"catalog_number":"GM10043580","name":"GRIMME PART"},{"catalog_number":"GM10043579","name":"GRIMME PART"},{"catalog_number":"GM10043572","name":"GRIMME PART"},{"catalog_number":"GM10043521","name":"GRIMME PART"},{"catalog_number":"GM10043520","name":"GRIMME PART"},{"catalog_number":"GM10043519","name":"GRIMME PART"},{"catalog_number":"GM10043502","name":"GRIMME PART"},{"catalog_number":"GM10043501","name":"GRIMME PART"},{"catalog_number":"GM10043497","name":"GRIMME PART"},{"catalog_number":"GM10043484","name":"GRIMME PART"},{"catalog_number":"GM10043456","name":"FRAME"},{"catalog_number":"GM10043455","name":"GRIMME PART"},{"catalog_number":"GM10043454","name":"GRIMME PART"},{"catalog_number":"GM10043451","name":"GRIMME PART"},{"catalog_number":"GM10043450","name":"GRIMME PART"},{"catalog_number":"GM10043449","name":"GRIMME PART"},{"catalog_number":"GM10043446","name":"GRIMME PART"},{"catalog_number":"GM10043440","name":"GRIMME PART"},{"catalog_number":"GM10043439","name":"CONSOLE"},{"catalog_number":"GM10043438","name":"GRIP"},{"catalog_number":"GM10043436","name":"ARM"},{"catalog_number":"GM10043435","name":"GRIMME PART"},{"catalog_number":"GM10043433","name":"GRIMME PART"},{"catalog_number":"GM10043432","name":"FRAME"},{"catalog_number":"GM10043431","name":"GRIMME PART"},{"catalog_number":"GM10043430","name":"GRIMME PART"},{"catalog_number":"GM10043429","name":"GRIMME PART"},{"catalog_number":"GM10043428","name":"GRIMME PART"},{"catalog_number":"GM10043427","name":"GRIMME PART"},{"catalog_number":"GM10043425","name":"GRIMME PART"},{"catalog_number":"GM10043423","name":"GRIMME PART"},{"catalog_number":"GM10043422","name":"GRIMME PART"},{"catalog_number":"GM10043419","name":"ADJUSTER"},{"catalog_number":"GM10043414","name":"GRIMME PART"},{"catalog_number":"GM10043413","name":"GRIMME PART"},{"catalog_number":"GM10043411","name":"GRIMME PART"},{"catalog_number":"GM10043408","name":"BAR"},{"catalog_number":"GM10043407","name":"GRIMME PART"},{"catalog_number":"GM10043406","name":"GRIMME PART"},{"catalog_number":"GM10043405","name":"GRIMME PART"},{"catalog_number":"GM10043402","name":"GRIMME PART"},{"catalog_number":"GM10043401","name":"GRIMME PART"},{"catalog_number":"GM10043400","name":"GRIMME PART"},{"catalog_number":"GM10043399","name":"SHAFT"},{"catalog_number":"GM10043365","name":"GRIMME PART"},{"catalog_number":"GM10043364","name":"GRIMME PART"},{"catalog_number":"GM10043363","name":"GRIMME PART"},{"catalog_number":"GM10043356","name":"GRIMME PART"},{"catalog_number":"GM10043355","name":"GRIMME PART"},{"catalog_number":"GM10043354","name":"GRIMME PART"},{"catalog_number":"GM10043341","name":"GRIMME PART"},{"catalog_number":"GM10043339","name":"GRIMME PART"},{"catalog_number":"GM10043336","name":"GRIMME PART"},{"catalog_number":"GM10043332","name":"FLANGE"},{"catalog_number":"GM10043331","name":"GRIMME PART"},{"catalog_number":"GM10043294","name":"GRIMME PART"},{"catalog_number":"GM10043293","name":"GRIMME PART"},{"catalog_number":"GM10043291","name":"GRIMME PART"},{"catalog_number":"GM10043288","name":"PIPE"},{"catalog_number":"GM10043277","name":"GRIMME PART"},{"catalog_number":"GM10043268","name":"GRIMME PART"},{"catalog_number":"GM10043267","name":"GRIMME PART"},{"catalog_number":"GM10043232","name":"GRIMME PART"},{"catalog_number":"GM10043220","name":"GRIMME PART"},{"catalog_number":"GM10043218","name":"PIPE"},{"catalog_number":"GM10043216","name":"GRIMME PART"},{"catalog_number":"GM10043215","name":"GRIMME PART"},{"catalog_number":"GM10043214","name":"GRIMME PART"},{"catalog_number":"GM10043212","name":"GRIMME PART"},{"catalog_number":"GM10043211","name":"GRIMME PART"},{"catalog_number":"GM10043209","name":"GRIMME PART"},{"catalog_number":"GM10043197","name":"GRIMME PART"},{"catalog_number":"GM10043196","name":"GRIMME PART"},{"catalog_number":"GM10043195","name":"GRIMME PART"},{"catalog_number":"GM10043192","name":"GRIMME PART"},{"catalog_number":"GM10043189","name":"GRIMME PART"},{"catalog_number":"GM10043180","name":"GRIMME PART"},{"catalog_number":"GM10043177","name":"GRIMME PART"},{"catalog_number":"GM10043176","name":"GRIMME PART"},{"catalog_number":"GM10043175","name":"GRIMME PART"},{"catalog_number":"GM10043174","name":"GRIMME PART"},{"catalog_number":"GM10043173","name":"GRIMME PART"},{"catalog_number":"GM10043172","name":"GRIMME PART"},{"catalog_number":"GM10043169","name":"GRIMME PART"},{"catalog_number":"GM10043024","name":"GRIMME PART"},{"catalog_number":"GM10043022","name":"GRIMME PART"},{"catalog_number":"GM10043018","name":"STOP"},{"catalog_number":"GM10042987","name":"GRIMME PART"},{"catalog_number":"GM10042984","name":"ROLLER"},{"catalog_number":"GM10042983","name":"ROLLER"},{"catalog_number":"GM10042981","name":"STOP"},{"catalog_number":"GM10042980","name":"GRIMME PART"},{"catalog_number":"GM10042978","name":"GRIMME PART"},{"catalog_number":"GM10042947","name":"GRIMME PART"},{"catalog_number":"GM10042946","name":"GRIMME PART"},{"catalog_number":"GM10042945","name":"GRIMME PART"},{"catalog_number":"GM10042943","name":"GRIMME PART"},{"catalog_number":"GM10042942","name":"GRIMME PART"},{"catalog_number":"GM10042925","name":"GRIMME PART"},{"catalog_number":"GM10042923","name":"GRIMME PART"},{"catalog_number":"GM10042922","name":"GRIMME PART"},{"catalog_number":"GM10042921","name":"GRIMME PART"},{"catalog_number":"GM10042920","name":"GRIMME PART"},{"catalog_number":"GM10042914","name":"GRIMME PART"},{"catalog_number":"GM10042913","name":"GRIMME PART"},{"catalog_number":"GM10042910","name":"GRIMME PART"},{"catalog_number":"GM10042909","name":"GRIMME PART"},{"catalog_number":"GM10042908","name":"GRIMME PART"},{"catalog_number":"GM10042907","name":"GRIMME PART"},{"catalog_number":"GM10042906","name":"GRIMME PART"},{"catalog_number":"GM10042905","name":"GRIMME PART"},{"catalog_number":"GM10042904","name":"GRIMME PART"},{"catalog_number":"GM10042903","name":"GRIMME PART"},{"catalog_number":"GM10042902","name":"GRIMME PART"},{"catalog_number":"GM10042901","name":"GRIMME PART"},{"catalog_number":"GM10042900","name":"GRIMME PART"},{"catalog_number":"GM10042899","name":"GRIMME PART"},{"catalog_number":"GM10042898","name":"GRIMME PART"},{"catalog_number":"GM10042897","name":"GRIMME PART"},{"catalog_number":"GM10042896","name":"GRIMME PART"},{"catalog_number":"GM10042895","name":"GRIMME PART"},{"catalog_number":"GM10042894","name":"GRIMME PART"},{"catalog_number":"GM10042893","name":"GRIMME PART"},{"catalog_number":"GM10042892","name":"GRIMME PART"},{"catalog_number":"GM10042891","name":"GRIMME PART"},{"catalog_number":"GM10042890","name":"GRIMME PART"},{"catalog_number":"GM10042889","name":"GRIMME PART"},{"catalog_number":"GM10042887","name":"GRIMME PART"},{"catalog_number":"GM10042886","name":"SPACER"},{"catalog_number":"GM10042885","name":"GRIMME PART"},{"catalog_number":"GM10042884","name":"GRIMME PART"},{"catalog_number":"GM10042883","name":"GRIMME PART"},{"catalog_number":"GM10042874","name":"GRIMME PART"},{"catalog_number":"GM10042873","name":"GRIMME PART"},{"catalog_number":"GM10042864","name":"GRIMME PART"},{"catalog_number":"GM10042863","name":"GRIMME PART"},{"catalog_number":"GM10042862","name":"GRIMME PART"},{"catalog_number":"GM10042861","name":"GRIMME PART"},{"catalog_number":"GM10042860","name":"GRIMME PART"},{"catalog_number":"GM10042859","name":"GRIMME PART"},{"catalog_number":"GM10042858","name":"GRIMME PART"},{"catalog_number":"GM10042857","name":"GRIMME PART"},{"catalog_number":"GM10042856","name":"GRIMME PART"},{"catalog_number":"GM10042855","name":"GRIMME PART"},{"catalog_number":"GM10042848","name":"GRIMME PART"},{"catalog_number":"GM10042843","name":"GRIMME PART"},{"catalog_number":"GM10042842","name":"GRIMME PART"},{"catalog_number":"GM10042825","name":"ELBOW"},{"catalog_number":"GM10042818","name":"GRIMME PART"},{"catalog_number":"GM10042813","name":"GRIMME PART"},{"catalog_number":"GM10042811","name":"GRIMME PART"},{"catalog_number":"GM10042810","name":"GRIMME PART"},{"catalog_number":"GM10042795","name":"GRIMME PART"},{"catalog_number":"GM10042794","name":"GRIMME PART"},{"catalog_number":"GM10042792","name":"GRIMME PART"},{"catalog_number":"GM10042767","name":"DRUM"},{"catalog_number":"GM10042720","name":"GRIMME PART"},{"catalog_number":"GM10042719","name":"GRIMME PART"},{"catalog_number":"GM10042718","name":"GRIMME PART"},{"catalog_number":"GM10042717","name":"GRIMME PART"},{"catalog_number":"GM10042713","name":"GRIMME PART"},{"catalog_number":"GM10042712","name":"GRIMME PART"},{"catalog_number":"GM10042711","name":"GRIMME PART"},{"catalog_number":"GM10042710","name":"GRIMME PART"},{"catalog_number":"GM10042709","name":"GRIMME PART"},{"catalog_number":"GM10042675","name":"GRIMME PART"},{"catalog_number":"GM10042673","name":"GRIMME PART"},{"catalog_number":"GM10042672","name":"GRIMME PART"},{"catalog_number":"GM10042671","name":"GRIMME PART"},{"catalog_number":"GM10042670","name":"GRIMME PART"},{"catalog_number":"GM10042669","name":"GRIMME PART"},{"catalog_number":"GM10042668","name":"GRIMME PART"},{"catalog_number":"GM10042666","name":"GRIMME PART"},{"catalog_number":"GM10042661","name":"GRIMME PART"},{"catalog_number":"GM10042660","name":"GRIMME PART"},{"catalog_number":"GM10042659","name":"GRIMME PART"},{"catalog_number":"GM10042658","name":"GRIMME PART"},{"catalog_number":"GM10042656","name":"GRIMME PART"},{"catalog_number":"GM10042653","name":"GRIMME PART"},{"catalog_number":"GM10042648","name":"GRIMME PART"},{"catalog_number":"GM10042647","name":"GRIMME PART"},{"catalog_number":"GM10042644","name":"GRIMME PART"},{"catalog_number":"GM10042643","name":"GRIMME PART"},{"catalog_number":"GM10042642","name":"GRIMME PART"},{"catalog_number":"GM10042639","name":"GRIMME PART"},{"catalog_number":"GM10042638","name":"GRIMME PART"},{"catalog_number":"GM10042636","name":"GRIMME PART"},{"catalog_number":"GM10042635","name":"GRIMME PART"},{"catalog_number":"GM10042634","name":"GRIMME PART"},{"catalog_number":"GM10042553","name":"GRIMME PART"},{"catalog_number":"GM10042552","name":"GRIMME PART"},{"catalog_number":"GM10042551","name":"GRIMME PART"},{"catalog_number":"GM10042550","name":"GRIMME PART"},{"catalog_number":"GM10042548","name":"GRIMME PART"},{"catalog_number":"GM10042547","name":"GRIMME PART"},{"catalog_number":"GM10042546","name":"GRIMME PART"},{"catalog_number":"GM10042545","name":"GRIMME PART"},{"catalog_number":"GM10042544","name":"GRIMME PART"},{"catalog_number":"GM10042542","name":"GRIMME PART"},{"catalog_number":"GM10042541","name":"GRIMME PART"},{"catalog_number":"GM10042540","name":"GRIMME PART"},{"catalog_number":"GM10042539","name":"GRIMME PART"},{"catalog_number":"GM10042538","name":"GRIMME PART"},{"catalog_number":"GM10042528","name":"GRIMME PART"},{"catalog_number":"GM10042526","name":"GRIMME PART"},{"catalog_number":"GM10042525","name":"GRIMME PART"},{"catalog_number":"GM10042523","name":"GRIMME PART"},{"catalog_number":"GM10042521","name":"GRIMME PART"},{"catalog_number":"GM10042520","name":"GRIMME PART"},{"catalog_number":"GM10042519","name":"GRIMME PART"},{"catalog_number":"GM10042509","name":"GRIMME PART"},{"catalog_number":"GM10042485","name":"GRIMME PART"},{"catalog_number":"GM10042477","name":"GRIMME PART"},{"catalog_number":"GM10042476","name":"GRIMME PART"},{"catalog_number":"GM10042475","name":"GRIMME PART"},{"catalog_number":"GM10042474","name":"GRIMME PART"},{"catalog_number":"GM10042471","name":"GRIMME PART"},{"catalog_number":"GM10042470","name":"GRIMME PART"},{"catalog_number":"GM10042391","name":"GRIMME PART"},{"catalog_number":"GM10042390","name":"GRIMME PART"},{"catalog_number":"GM10042364","name":"GRIMME PART"},{"catalog_number":"GM10042361","name":"GRIMME PART"},{"catalog_number":"GM10042355","name":"GRIMME PART"},{"catalog_number":"GM10042341","name":"GRIMME PART"},{"catalog_number":"GM10042340","name":"GRIMME PART"},{"catalog_number":"GM10042339","name":"GRIMME PART"},{"catalog_number":"GM10042338","name":"GRIMME PART"},{"catalog_number":"GM10042297","name":"GRIMME PART"},{"catalog_number":"GM10042296","name":"GRIMME PART"},{"catalog_number":"GM10042295","name":"GRIMME PART"},{"catalog_number":"GM10042290","name":"GRIMME PART"},{"catalog_number":"GM10042269","name":"GRIMME PART"},{"catalog_number":"GM10042268","name":"GRIMME PART"},{"catalog_number":"GM10042267","name":"GRIMME PART"},{"catalog_number":"GM10042224","name":"GRIMME PART"},{"catalog_number":"GM10042204","name":"GRIMME PART"},{"catalog_number":"GM10042154","name":"GRIMME PART"},{"catalog_number":"GM10042144","name":"GRIMME PART"},{"catalog_number":"GM10042143","name":"GRIMME PART"},{"catalog_number":"GM10042142","name":"PROTECTION"},{"catalog_number":"GM10042129","name":"GRIMME PART"},{"catalog_number":"GM10042064","name":"GRIMME PART"},{"catalog_number":"GM10042059","name":"GRIMME PART"},{"catalog_number":"GM10042043","name":"GRIMME PART"},{"catalog_number":"GM10042019","name":"GRIMME PART"},{"catalog_number":"GM10041968","name":"GRIMME PART"},{"catalog_number":"GM10041967","name":"GRIMME PART"},{"catalog_number":"GM10041964","name":"GRIMME PART"},{"catalog_number":"GM10041963","name":"GRIMME PART"},{"catalog_number":"GM10041929","name":"GRIMME PART"},{"catalog_number":"GM10041898","name":"GRIMME PART"},{"catalog_number":"GM10041838","name":"GRIMME PART"},{"catalog_number":"GM10041816","name":"GRIMME PART"},{"catalog_number":"GM10041801","name":"GRIMME PART"},{"catalog_number":"GM10041786","name":"CLUTCH"},{"catalog_number":"GM10041695","name":"GRIMME PART"},{"catalog_number":"GM10041684","name":"GRIMME PART"},{"catalog_number":"GM10041681","name":"GRIMME PART"},{"catalog_number":"GM10041680","name":"GRIMME PART"},{"catalog_number":"GM10041679","name":"GRIMME PART"},{"catalog_number":"GM10041677","name":"GRIMME PART"},{"catalog_number":"GM10041622","name":"GRIMME PART"},{"catalog_number":"GM10041621","name":"GRIMME PART"},{"catalog_number":"GM10041620","name":"GRIMME PART"},{"catalog_number":"GM10041619","name":"GRIMME PART"},{"catalog_number":"GM10041618","name":"GRIMME PART"},{"catalog_number":"GM10041617","name":"GRIMME PART"},{"catalog_number":"GM10041611","name":"GRIMME PART"},{"catalog_number":"GM10041601","name":"GRIMME PART"},{"catalog_number":"GM10041598","name":"GRIMME PART"},{"catalog_number":"GM10041597","name":"GRIMME PART"},{"catalog_number":"GM10041596","name":"GRIMME PART"},{"catalog_number":"GM10041595","name":"GRIMME PART"},{"catalog_number":"GM10041592","name":"GRIMME PART"},{"catalog_number":"GM10041591","name":"GRIMME PART"},{"catalog_number":"GM10041590","name":"GRIMME PART"},{"catalog_number":"GM10041589","name":"GRIMME PART"},{"catalog_number":"GM10041587","name":"GRIMME PART"},{"catalog_number":"GM10041585","name":"GRIMME PART"},{"catalog_number":"GM10041584","name":"GRIMME PART"},{"catalog_number":"GM10041580","name":"GRIMME PART"},{"catalog_number":"GM10041578","name":"GRIMME PART"},{"catalog_number":"GM10041576","name":"GRIMME PART"},{"catalog_number":"GM10041556","name":"GRIMME PART"},{"catalog_number":"GM10041547","name":"GRIMME PART"},{"catalog_number":"GM10041546","name":"GRIMME PART"},{"catalog_number":"GM10041516","name":"GRIMME PART"},{"catalog_number":"GM10041513","name":"GRIMME PART"},{"catalog_number":"GM10041502","name":"GRIMME PART"},{"catalog_number":"GM10041501","name":"GRIMME PART"},{"catalog_number":"GM10041500","name":"GRIMME PART"},{"catalog_number":"GM10041499","name":"GRIMME PART"},{"catalog_number":"GM10041468","name":"GRIMME PART"},{"catalog_number":"GM10041467","name":"GRIMME PART"},{"catalog_number":"GM10041465","name":"GRIMME PART"},{"catalog_number":"GM10041462","name":"GRIMME PART"},{"catalog_number":"GM10041459","name":"GRIMME PART"},{"catalog_number":"GM10041457","name":"GRIMME PART"},{"catalog_number":"GM10041456","name":"GRIMME PART"},{"catalog_number":"GM10041454","name":"GRIMME PART"},{"catalog_number":"GM10041453","name":"GRIMME PART"},{"catalog_number":"GM10041452","name":"GRIMME PART"},{"catalog_number":"GM10041450","name":"GRIMME PART"},{"catalog_number":"GM10041445","name":"GRIMME PART"},{"catalog_number":"GM10041444","name":"GRIMME PART"},{"catalog_number":"GM10041426","name":"GRIMME PART"},{"catalog_number":"GM10041409","name":"GRIMME PART"},{"catalog_number":"GM10041408","name":"GRIMME PART"},{"catalog_number":"GM10041407","name":"GRIMME PART"},{"catalog_number":"GM10041394","name":"GRIMME PART"},{"catalog_number":"GM10041393","name":"GRIMME PART"},{"catalog_number":"GM10041387","name":"GRIMME PART"},{"catalog_number":"GM10041386","name":"GRIMME PART"},{"catalog_number":"GM10041374","name":"GRIMME PART"},{"catalog_number":"GM10041373","name":"GRIMME PART"},{"catalog_number":"GM10041372","name":"GRIMME PART"},{"catalog_number":"GM10041371","name":"GRIMME PART"},{"catalog_number":"GM10041369","name":"FRAME"},{"catalog_number":"GM10041365","name":"GRIMME PART"},{"catalog_number":"GM10041362","name":"GRIMME PART"},{"catalog_number":"GM10041361","name":"GRIMME PART"},{"catalog_number":"GM10041360","name":"GRIMME PART"},{"catalog_number":"GM10041343","name":"GRIMME PART"},{"catalog_number":"GM10041338","name":"GRIMME PART"},{"catalog_number":"GM10041337","name":"GRIMME PART"},{"catalog_number":"GM10041336","name":"GRIMME PART"},{"catalog_number":"GM10041334","name":"GRIMME PART"},{"catalog_number":"GM10041329","name":"GRIMME PART"},{"catalog_number":"GM10041328","name":"GRIMME PART"},{"catalog_number":"GM10041323","name":"GRIMME PART"},{"catalog_number":"GM10041322","name":"GRIMME PART"},{"catalog_number":"GM10041321","name":"GRIMME PART"},{"catalog_number":"GM10041308","name":"GRIMME PART"},{"catalog_number":"GM10041307","name":"GRIMME PART"},{"catalog_number":"GM10041306","name":"GRIMME PART"},{"catalog_number":"GM10041286","name":"GRIMME PART"},{"catalog_number":"GM10041282","name":"GRIMME PART"},{"catalog_number":"GM10041281","name":"GRIMME PART"},{"catalog_number":"GM10041280","name":"GRIMME PART"},{"catalog_number":"GM10041279","name":"GRIMME PART"},{"catalog_number":"GM10041278","name":"GRIMME PART"},{"catalog_number":"GM10041277","name":"GRIMME PART"},{"catalog_number":"GM10041276","name":"GRIMME PART"},{"catalog_number":"GM10041275","name":"GRIMME PART"},{"catalog_number":"GM10041274","name":"GRIMME PART"},{"catalog_number":"GM10041272","name":"GRIMME PART"},{"catalog_number":"GM10041118","name":"GRIMME PART"},{"catalog_number":"GM10041117","name":"GRIMME PART"},{"catalog_number":"GM10041109","name":"GRIMME PART"},{"catalog_number":"GM10041101","name":"GRIMME PART"},{"catalog_number":"GM10041099","name":"GRIMME PART"},{"catalog_number":"GM10041098","name":"GRIMME PART"},{"catalog_number":"GM10041091","name":"GRIMME PART"},{"catalog_number":"GM10041039","name":"GRIMME PART"},{"catalog_number":"GM10041027","name":"GRIMME PART"},{"catalog_number":"GM10041024","name":"GRIMME PART"},{"catalog_number":"GM10041017","name":"GRIMME PART"},{"catalog_number":"GM10041000","name":"EXTENSION"},{"catalog_number":"GM10040997","name":"GRIMME PART"},{"catalog_number":"GM10040996","name":"GRIMME PART"},{"catalog_number":"GM10040993","name":"GRIMME PART"},{"catalog_number":"GM10040948","name":"GRIMME PART"},{"catalog_number":"GM10040947","name":"GRIMME PART"},{"catalog_number":"GM10040923","name":"GRIMME PART"},{"catalog_number":"GM10040922","name":"GRIMME PART"},{"catalog_number":"GM10040885","name":"GRIMME PART"},{"catalog_number":"GM10040844","name":"GRIMME PART"},{"catalog_number":"GM10040834","name":"GRIMME PART"},{"catalog_number":"GM10040830","name":"GRIMME PART"},{"catalog_number":"GM10040802","name":"CLIP"},{"catalog_number":"GM10040801","name":"FRAME"},{"catalog_number":"GM10040797","name":"FRAME"},{"catalog_number":"GM10040769","name":"GRIMME PART"},{"catalog_number":"GM10040768","name":"GRIMME PART"},{"catalog_number":"GM10040751","name":"GRIMME PART"},{"catalog_number":"GM10040745","name":"GRIMME PART"},{"catalog_number":"GM10040678","name":"GRIMME PART"},{"catalog_number":"GM10040676","name":"GRIMME PART"},{"catalog_number":"GM10040675","name":"GRIMME PART"},{"catalog_number":"GM10040672","name":"GRIMME PART"},{"catalog_number":"GM10040671","name":"GRIMME PART"},{"catalog_number":"GM10040655","name":"GRIMME PART"},{"catalog_number":"GM10040643","name":"GRIMME PART"},{"catalog_number":"GM10040642","name":"GRIMME PART"},{"catalog_number":"GM10040612","name":"GRIMME PART"},{"catalog_number":"GM10040500","name":"GRIMME PART"},{"catalog_number":"GM10040429","name":"GRIMME PART"},{"catalog_number":"GM10040313","name":"GRIMME PART"},{"catalog_number":"GM10040290","name":"GRIMME PART"},{"catalog_number":"GM10040253","name":"GRIMME PART"},{"catalog_number":"GM10040180","name":"GRIMME PART"},{"catalog_number":"GM10040179","name":"GRIMME PART"},{"catalog_number":"GM10040176","name":"GRIMME PART"},{"catalog_number":"GM10040170","name":"GRIMME PART"},{"catalog_number":"GM10040169","name":"GRIMME PART"},{"catalog_number":"GM10040167","name":"GRIMME PART"},{"catalog_number":"GM10040166","name":"GRIMME PART"},{"catalog_number":"GM10040165","name":"GRIMME PART"},{"catalog_number":"GM10040164","name":"GRIMME PART"},{"catalog_number":"GM10039884","name":"GRIMME PART"},{"catalog_number":"GM10039815","name":"GRIMME PART"},{"catalog_number":"GM10039814","name":"GRIMME PART"},{"catalog_number":"GM10039801","name":"GRIMME PART"},{"catalog_number":"GM10039800","name":"PLATE"},{"catalog_number":"GM10039795","name":"GRIMME PART"},{"catalog_number":"GM10039792","name":"GRIMME PART"},{"catalog_number":"GM10039791","name":"GRIMME PART"},{"catalog_number":"GM10039784","name":"LEVER"},{"catalog_number":"GM10039781","name":"GRIMME PART"},{"catalog_number":"GM10039780","name":"GRIMME PART"},{"catalog_number":"GM10039779","name":"GRIMME PART"},{"catalog_number":"GM10039778","name":"ROLLER"},{"catalog_number":"GM10039777","name":"GRIMME PART"},{"catalog_number":"GM10039774","name":"PLATE"},{"catalog_number":"GM10039773","name":"GRIMME PART"},{"catalog_number":"GM10039772","name":"GRIMME PART"},{"catalog_number":"GM10039770","name":"GRIMME PART"},{"catalog_number":"GM10039769","name":"SHAFT"},{"catalog_number":"GM10039768","name":"GRIMME PART"},{"catalog_number":"GM10039758","name":"GRIMME PART"},{"catalog_number":"GM10039734","name":"GRIMME PART"},{"catalog_number":"GM10039729","name":"GRIMME PART"},{"catalog_number":"GM10039728","name":"GRIMME PART"},{"catalog_number":"GM10039726","name":"GRIMME PART"},{"catalog_number":"GM10039725","name":"GRIMME PART"},{"catalog_number":"GM10039724","name":"GRIMME PART"},{"catalog_number":"GM10039723","name":"GRIMME PART"},{"catalog_number":"GM10039722","name":"GRIMME PART"},{"catalog_number":"GM10039719","name":"GRIMME PART"},{"catalog_number":"GM10039714","name":"GRIMME PART"},{"catalog_number":"GM10039713","name":"GRIMME PART"},{"catalog_number":"GM10039706","name":"PROTECTION"},{"catalog_number":"GM10039704","name":"ENGINE BONNET"},{"catalog_number":"GM10039702","name":"GRIMME PART"},{"catalog_number":"GM10039608","name":"GRIMME PART"},{"catalog_number":"GM10039605","name":"GRIMME PART"},{"catalog_number":"GM10039597","name":"STOP"},{"catalog_number":"GM10039594","name":"GRIMME PART"},{"catalog_number":"GM10039592","name":"GRIMME PART"},{"catalog_number":"GM10039591","name":"GRIMME PART"},{"catalog_number":"GM10039590","name":"SHARE"},{"catalog_number":"GM10039589","name":"GRIMME PART"},{"catalog_number":"GM10039567","name":"STOP"},{"catalog_number":"GM10039566","name":"GRIMME PART"},{"catalog_number":"GM10039550","name":"GRIMME PART"},{"catalog_number":"GM10039549","name":"GRIMME PART"},{"catalog_number":"GM10039500","name":"GRIMME PART"},{"catalog_number":"GM10039444","name":"GRIMME PART"},{"catalog_number":"GM10039417","name":"GRIMME PART"},{"catalog_number":"GM10039385","name":"GRIMME PART"},{"catalog_number":"GM10039344","name":"PROFILE"},{"catalog_number":"GM10039338","name":"STOP"},{"catalog_number":"GM10039312","name":"GRIMME PART"},{"catalog_number":"GM10039311","name":"GRIMME PART"},{"catalog_number":"GM10039249","name":"GRIMME PART"},{"catalog_number":"GM10039217","name":"GRIMME PART"},{"catalog_number":"GM10039204","name":"BAR"},{"catalog_number":"GM10039188","name":"GRIMME PART"},{"catalog_number":"GM10039187","name":"GRIMME PART"},{"catalog_number":"GM10039162","name":"GRIMME PART"},{"catalog_number":"GM10039161","name":"GRIMME PART"},{"catalog_number":"GM10039140","name":"GRIMME PART"},{"catalog_number":"GM10039135","name":"GRIMME PART"},{"catalog_number":"GM10039120","name":"TINE"},{"catalog_number":"GM10039113","name":"FRAME"},{"catalog_number":"GM10039101","name":"GRIMME PART"},{"catalog_number":"GM10039097","name":"GRIMME PART"},{"catalog_number":"GM10039084","name":"SCREW"},{"catalog_number":"GM10039079","name":"GRIMME PART"},{"catalog_number":"GM10039078","name":"GRIMME PART"},{"catalog_number":"GM10039067","name":"GRIMME PART"},{"catalog_number":"GM10039063","name":"GRIMME PART"},{"catalog_number":"GM10039062","name":"GRIMME PART"},{"catalog_number":"GM10039018","name":"GRIMME PART"},{"catalog_number":"GM10038964","name":"GRIMME PART"},{"catalog_number":"GM10038963","name":"GRIMME PART"},{"catalog_number":"GM10038960","name":"GRIMME PART"},{"catalog_number":"GM10038956","name":"GRIMME PART"},{"catalog_number":"GM10038955","name":"GRIMME PART"},{"catalog_number":"GM10038954","name":"GRIMME PART"},{"catalog_number":"GM10038936","name":"GRIMME PART"},{"catalog_number":"GM10038934","name":"GRIMME PART"},{"catalog_number":"GM10038931","name":"GRIMME PART"},{"catalog_number":"GM10038930","name":"GRIMME PART"},{"catalog_number":"GM10038929","name":"GRIMME PART"},{"catalog_number":"GM10038928","name":"GRIMME PART"},{"catalog_number":"GM10038881","name":"STOP"},{"catalog_number":"GM10038873","name":"GRIMME PART"},{"catalog_number":"GM10038872","name":"LEVER"},{"catalog_number":"GM10038871","name":"LEVER"},{"catalog_number":"GM10038859","name":"GRIMME PART"},{"catalog_number":"GM10038857","name":"PLATFORM"},{"catalog_number":"GM10038835","name":"GRIMME PART"},{"catalog_number":"GM10038830","name":"GRIMME PART"},{"catalog_number":"GM10038829","name":"GRIMME PART"},{"catalog_number":"GM10038821","name":"GRIMME PART"},{"catalog_number":"GM10038820","name":"GRIMME PART"},{"catalog_number":"GM10038813","name":"GRIMME PART"},{"catalog_number":"GM10038802","name":"GRIMME PART"},{"catalog_number":"GM10038801","name":"GRIMME PART"},{"catalog_number":"GM10038800","name":"GRIMME PART"},{"catalog_number":"GM10038719","name":"GRIMME PART"},{"catalog_number":"GM10038717","name":"GRIMME PART"},{"catalog_number":"GM10038710","name":"GRIMME PART"},{"catalog_number":"GM10038709","name":"GRIMME PART"},{"catalog_number":"GM10038702","name":"BOX"},{"catalog_number":"GM10038687","name":"GRIMME PART"},{"catalog_number":"GM10038686","name":"SHEET METAL"},{"catalog_number":"GM10038685","name":"GRIMME PART"},{"catalog_number":"GM10038674","name":"GRIMME PART"},{"catalog_number":"GM10038673","name":"PART"},{"catalog_number":"GM10038652","name":"GRIMME PART"},{"catalog_number":"GM10038651","name":"GRIMME PART"},{"catalog_number":"GM10038650","name":"GRIMME PART"},{"catalog_number":"GM10038649","name":"GRIMME PART"},{"catalog_number":"GM10038648","name":"GRIMME PART"},{"catalog_number":"GM10038647","name":"GRIMME PART"},{"catalog_number":"GM10038638","name":"GRIMME PART"},{"catalog_number":"GM10038637","name":"GRIMME PART"},{"catalog_number":"GM10038512","name":"GRIMME PART"},{"catalog_number":"GM10038511","name":"GRIMME PART"},{"catalog_number":"GM10038510","name":"GRIMME PART"},{"catalog_number":"GM10038509","name":"GRIMME PART"},{"catalog_number":"GM10038508","name":"GRIMME PART"},{"catalog_number":"GM10038505","name":"BOLT"},{"catalog_number":"GM10038504","name":"PIPE"},{"catalog_number":"GM10038498","name":"GRIMME PART"},{"catalog_number":"GM10038497","name":"GRIMME PART"},{"catalog_number":"GM10038494","name":"FRAME"},{"catalog_number":"GM10038491","name":"GRIMME PART"},{"catalog_number":"GM10038490","name":"SHEET METAL"},{"catalog_number":"GM10038489","name":"GRIMME PART"},{"catalog_number":"GM10038281","name":"RAIL"},{"catalog_number":"GM10038262","name":"STEP"},{"catalog_number":"GM10038261","name":"GRIMME PART"},{"catalog_number":"GM10038258","name":"GRIMME PART"},{"catalog_number":"GM10038257","name":"GRIMME PART"},{"catalog_number":"GM10038256","name":"GRIMME PART"},{"catalog_number":"GM10038255","name":"GRIMME PART"},{"catalog_number":"GM10038254","name":"GRIMME PART"},{"catalog_number":"GM10038240","name":"GRIMME PART"},{"catalog_number":"GM10038223","name":"GRIMME PART"},{"catalog_number":"GM10038196","name":"GRIMME PART"},{"catalog_number":"GM10038175","name":"GRIMME PART"},{"catalog_number":"GM10038174","name":"GRIMME PART"},{"catalog_number":"GM10038170","name":"GRIMME PART"},{"catalog_number":"GM10038138","name":"GRIMME PART"},{"catalog_number":"GM10038137","name":"GRIMME PART"},{"catalog_number":"GM10038133","name":"GRIMME PART"},{"catalog_number":"GM10038124","name":"GRIMME PART"},{"catalog_number":"GM10038121","name":"GRIMME PART"},{"catalog_number":"GM10038106","name":"GRIMME PART"},{"catalog_number":"GM10038105","name":"GRIMME PART"},{"catalog_number":"GM10038097","name":"GRIMME PART"},{"catalog_number":"GM10038083","name":"GRIMME PART"},{"catalog_number":"GM10038082","name":"GRIMME PART"},{"catalog_number":"GM10038081","name":"GRIMME PART"},{"catalog_number":"GM10038072","name":"GRIMME PART"},{"catalog_number":"GM10038067","name":"GRIMME PART"},{"catalog_number":"GM10038064","name":"GRIMME PART"},{"catalog_number":"GM10038063","name":"GRIMME PART"},{"catalog_number":"GM10038036","name":"GRIMME PART"},{"catalog_number":"GM10037989","name":"GRIMME PART"},{"catalog_number":"GM10037988","name":"GRIMME PART"},{"catalog_number":"GM10037987","name":"GRIMME PART"},{"catalog_number":"GM10037986","name":"GRIMME PART"},{"catalog_number":"GM10037984","name":"GRIMME PART"},{"catalog_number":"GM10037974","name":"GRIMME PART"},{"catalog_number":"GM10037973","name":"GRIMME PART"},{"catalog_number":"GM10037903","name":"HOLDER"},{"catalog_number":"GM10037902","name":"PLATE"},{"catalog_number":"GM10037901","name":"GRIMME PART"},{"catalog_number":"GM10037900","name":"GRIMME PART"},{"catalog_number":"GM10037878","name":"GRIMME PART"},{"catalog_number":"GM10037876","name":"GRIMME PART"},{"catalog_number":"GM10037875","name":"GRIMME PART"},{"catalog_number":"GM10037872","name":"FRAME"},{"catalog_number":"GM10037868","name":"GRIMME PART"},{"catalog_number":"GM10037866","name":"PIPE"},{"catalog_number":"GM10037865","name":"BRACKET"},{"catalog_number":"GM10037864","name":"GRIMME PART"},{"catalog_number":"GM10037863","name":"GRIMME PART"},{"catalog_number":"GM10037862","name":"GRIMME PART"},{"catalog_number":"GM10037861","name":"GRIMME PART"},{"catalog_number":"GM10037857","name":"GRIMME PART"},{"catalog_number":"GM10037854","name":"GRIMME PART"},{"catalog_number":"GM10037853","name":"GRIMME PART"},{"catalog_number":"GM10037852","name":"GRIMME PART"},{"catalog_number":"GM10037850","name":"GRIMME PART"},{"catalog_number":"GM10037849","name":"GRIMME PART"},{"catalog_number":"GM10037848","name":"GRIMME PART"}]}