{"machinery_brand_name":"Ag-Chem","parts":[{"catalog_number":"GM20042444","name":"GRIMME PART"},{"catalog_number":"GM20042442","name":"GRIMME PART"},{"catalog_number":"GM20042437","name":"GRIMME PART"},{"catalog_number":"GM20042436","name":"GRIMME PART"},{"catalog_number":"GM20042435","name":"GRIMME PART"},{"catalog_number":"GM20042432","name":"GRIMME PART"},{"catalog_number":"GM20042430","name":"GRIMME PART"},{"catalog_number":"GM20042429","name":"GRIMME PART"},{"catalog_number":"GM20042426","name":"GRIMME PART"},{"catalog_number":"GM20042423","name":"EXTENSION"},{"catalog_number":"GM20042422","name":"COUPLER"},{"catalog_number":"GM20042421","name":"GRIMME PART"},{"catalog_number":"GM20042420","name":"GRIMME PART"},{"catalog_number":"GM20042419","name":"GRIMME PART"},{"catalog_number":"GM20042418","name":"MANOMETER"},{"catalog_number":"GM20042399","name":"GRIMME PART"},{"catalog_number":"GM20042398","name":"GRIMME PART"},{"catalog_number":"GM20042396","name":"ADAPTER"},{"catalog_number":"GM20042395","name":"ADAPTER"},{"catalog_number":"GM20042394","name":"ADAPTER"},{"catalog_number":"GM20042393","name":"ADAPTER"},{"catalog_number":"GM20042392","name":"ADAPTER"},{"catalog_number":"GM20042359","name":"GRIMME PART"},{"catalog_number":"GM20042358","name":"GRIMME PART"},{"catalog_number":"GM20042354","name":"GRIMME PART"},{"catalog_number":"GM20042352","name":"GRIMME PART"},{"catalog_number":"GM20042335","name":"GRIMME PART"},{"catalog_number":"GM20042315","name":"GRIMME PART"},{"catalog_number":"GM20042298","name":"GRIMME PART"},{"catalog_number":"GM20042286","name":"ROLLER"},{"catalog_number":"GM20042285","name":"KIT"},{"catalog_number":"GM20042284","name":"GRIMME PART"},{"catalog_number":"GM20042283","name":"GRIMME PART"},{"catalog_number":"GM20042278","name":"GRIMME PART"},{"catalog_number":"GM20042274","name":"GRIMME PART"},{"catalog_number":"GM20042273","name":"GRIMME PART"},{"catalog_number":"GM20042271","name":"GRIMME PART"},{"catalog_number":"GM20042172","name":"GRIMME PART"},{"catalog_number":"GM20042125","name":"GRIMME PART"},{"catalog_number":"GM20042115","name":"GRIMME PART"},{"catalog_number":"GM20042113","name":"GRIMME PART"},{"catalog_number":"GM20042088","name":"GRIMME PART"},{"catalog_number":"GM20042087","name":"GRIMME PART"},{"catalog_number":"GM20042085","name":"GRIMME PART"},{"catalog_number":"GM20042084","name":"GRIMME PART"},{"catalog_number":"GM20042083","name":"GRIMME PART"},{"catalog_number":"GM20042082","name":"GRIMME PART"},{"catalog_number":"GM20042081","name":"GRIMME PART"},{"catalog_number":"GM20042079","name":"GRIMME PART"},{"catalog_number":"GM20042078","name":"GRIMME PART"},{"catalog_number":"GM20042077","name":"GRIMME PART"},{"catalog_number":"GM20042065","name":"GRIMME PART"},{"catalog_number":"GM20042056","name":"ROLLER"},{"catalog_number":"GM20042047","name":"GRIMME PART"},{"catalog_number":"GM20042018","name":"GRIMME PART"},{"catalog_number":"GM20041998","name":"GRIMME PART"},{"catalog_number":"GM20041901","name":"GRIMME PART"},{"catalog_number":"GM20041882","name":"GRIMME PART"},{"catalog_number":"GM20041876","name":"GRIMME PART"},{"catalog_number":"GM20041866","name":"GRIMME PART"},{"catalog_number":"GM20041840","name":"GRIMME PART"},{"catalog_number":"GM20041839","name":"GRIMME PART"},{"catalog_number":"GM20041835","name":"GRIMME PART"},{"catalog_number":"GM20041834","name":"GRIMME PART"},{"catalog_number":"GM20041800","name":"GRIMME PART"},{"catalog_number":"GM20041795","name":"GRIMME PART"},{"catalog_number":"GM20041794","name":"GRIMME PART"},{"catalog_number":"GM20041778","name":"GRIMME PART"},{"catalog_number":"GM20041766","name":"GRIMME PART"},{"catalog_number":"GM20041764","name":"GRIMME PART"},{"catalog_number":"GM20041761","name":"GRIMME PART"},{"catalog_number":"GM20041760","name":"GRIMME PART"},{"catalog_number":"GM20041759","name":"GRIMME PART"},{"catalog_number":"GM20041757","name":"GRIMME PART"},{"catalog_number":"GM20041755","name":"GRIMME PART"},{"catalog_number":"GM20041754","name":"GRIMME PART"},{"catalog_number":"GM20041751","name":"GRIMME PART"},{"catalog_number":"GM20041750","name":"GRIMME PART"},{"catalog_number":"GM20041735","name":"GRIMME PART"},{"catalog_number":"GM20041723","name":"GRIMME PART"},{"catalog_number":"GM20041722","name":"CABLE"},{"catalog_number":"GM20041691","name":"GRIMME PART"},{"catalog_number":"GM20041675","name":"GRIMME PART"},{"catalog_number":"GM20041674","name":"GRIMME PART"},{"catalog_number":"GM20041672","name":"PLATE"},{"catalog_number":"GM20041671","name":"GRIMME PART"},{"catalog_number":"GM20041669","name":"GRIMME PART"},{"catalog_number":"GM20041630","name":"GRIMME PART"},{"catalog_number":"GM20041627","name":"GRIMME PART"},{"catalog_number":"GM20041581","name":"GRIMME PART"},{"catalog_number":"GM20041579","name":"GRIMME PART"},{"catalog_number":"GM20041573","name":"GRIMME PART"},{"catalog_number":"GM20041572","name":"GRIMME PART"},{"catalog_number":"GM20041567","name":"GRIMME PART"},{"catalog_number":"GM20041559","name":"GRIMME PART"},{"catalog_number":"GM20041554","name":"GRIMME PART"},{"catalog_number":"GM20041553","name":"GRIMME PART"},{"catalog_number":"GM20041535","name":"GRIMME PART"},{"catalog_number":"GM20041534","name":"GRIMME PART"},{"catalog_number":"GM20041531","name":"GRIMME PART"},{"catalog_number":"GM20041530","name":"GRIMME PART"},{"catalog_number":"GM20041522","name":"GRIMME PART"},{"catalog_number":"GM20041521","name":"GRIMME PART"},{"catalog_number":"GM20041520","name":"GRIMME PART"},{"catalog_number":"GM20041519","name":"GRIMME PART"},{"catalog_number":"GM20041518","name":"GRIMME PART"},{"catalog_number":"GM20041517","name":"GRIMME PART"},{"catalog_number":"GM20041510","name":"GRIMME PART"},{"catalog_number":"GM20041509","name":"GRIMME PART"},{"catalog_number":"GM20041508","name":"GRIMME PART"},{"catalog_number":"GM20041507","name":"GRIMME PART"},{"catalog_number":"GM20041506","name":"GRIMME PART"},{"catalog_number":"GM20041505","name":"GRIMME PART"},{"catalog_number":"GM20041504","name":"GRIMME PART"},{"catalog_number":"GM20041503","name":"GRIMME PART"},{"catalog_number":"GM20041496","name":"GRIMME PART"},{"catalog_number":"GM20041485","name":"GRIMME PART"},{"catalog_number":"GM20041484","name":"GRIMME PART"},{"catalog_number":"GM20041483","name":"GRIMME PART"},{"catalog_number":"GM20041482","name":"GRIMME PART"},{"catalog_number":"GM20041476","name":"GRIMME PART"},{"catalog_number":"GM20041474","name":"GRIMME PART"},{"catalog_number":"GM20041449","name":"GRIMME PART"},{"catalog_number":"GM20041448","name":"GRIMME PART"},{"catalog_number":"GM20041430","name":"FLAP"},{"catalog_number":"GM20041428","name":"GRIMME PART"},{"catalog_number":"GM20041375","name":"BAR"},{"catalog_number":"GM20041359","name":"GRIMME PART"},{"catalog_number":"GM20041358","name":"GRIMME PART"},{"catalog_number":"GM20041355","name":"GRIMME PART"},{"catalog_number":"GM20041333","name":"GRIMME PART"},{"catalog_number":"GM20041292","name":"GRIMME PART"},{"catalog_number":"GM20041252","name":"GRIMME PART"},{"catalog_number":"GM20041238","name":"GRIMME PART"},{"catalog_number":"GM20041237","name":"GRIMME PART"},{"catalog_number":"GM20041236","name":"GRIMME PART"},{"catalog_number":"GM20041235","name":"GRIMME PART"},{"catalog_number":"GM20041233","name":"GRIMME PART"},{"catalog_number":"GM20041232","name":"GRIMME PART"},{"catalog_number":"GM20041231","name":"GRIMME PART"},{"catalog_number":"GM20041230","name":"GRIMME PART"},{"catalog_number":"GM20041228","name":"GRIMME PART"},{"catalog_number":"GM20041227","name":"GRIMME PART"},{"catalog_number":"GM20041224","name":"GRIMME PART"},{"catalog_number":"GM20041212","name":"GRIMME PART"},{"catalog_number":"GM20041211","name":"GRIMME PART"},{"catalog_number":"GM20041210","name":"GRIMME PART"},{"catalog_number":"GM20041207","name":"GRIMME PART"},{"catalog_number":"GM20041205","name":"GRIMME PART"},{"catalog_number":"GM20041204","name":"GRIMME PART"},{"catalog_number":"GM20041186","name":"GRIMME PART"},{"catalog_number":"GM20041184","name":"GRIMME PART"},{"catalog_number":"GM20041183","name":"GRIMME PART"},{"catalog_number":"GM20041182","name":"GRIMME PART"},{"catalog_number":"GM20041159","name":"GRIMME PART"},{"catalog_number":"GM20041158","name":"GRIMME PART"},{"catalog_number":"GM20041156","name":"GRIMME PART"},{"catalog_number":"GM20041155","name":"GRIMME PART"},{"catalog_number":"GM20041139","name":"GRIMME PART"},{"catalog_number":"GM20041108","name":"GRIMME PART"},{"catalog_number":"GM20041106","name":"GRIMME PART"},{"catalog_number":"GM20041100","name":"ROLLER"},{"catalog_number":"GM20041096","name":"FLAP"},{"catalog_number":"GM20041071","name":"GRIMME PART"},{"catalog_number":"GM20041070","name":"GRIMME PART"},{"catalog_number":"GM20041069","name":"GRIMME PART"},{"catalog_number":"GM20041065","name":"GRIMME PART"},{"catalog_number":"GM20041064","name":"GRIMME PART"},{"catalog_number":"GM20041062","name":"GRIMME PART"},{"catalog_number":"GM20041053","name":"GRIMME PART"},{"catalog_number":"GM20041052","name":"GRIMME PART"},{"catalog_number":"GM20041043","name":"ADJUSTER"},{"catalog_number":"GM20041038","name":"GRIMME PART"},{"catalog_number":"GM20041036","name":"GRIMME PART"},{"catalog_number":"GM20041032","name":"GRIMME PART"},{"catalog_number":"GM20041030","name":"GRIMME PART"},{"catalog_number":"GM20041023","name":"GRIMME PART"},{"catalog_number":"GM20041016","name":"GRIMME PART"},{"catalog_number":"GM20041005","name":"GRIMME PART"},{"catalog_number":"GM20040967","name":"GRIMME PART"},{"catalog_number":"GM20040965","name":"GRIMME PART"},{"catalog_number":"GM20040960","name":"GRIMME PART"},{"catalog_number":"GM20040959","name":"GRIMME PART"},{"catalog_number":"GM20040958","name":"GRIMME PART"},{"catalog_number":"GM20040957","name":"GRIMME PART"},{"catalog_number":"GM20040951","name":"GRIMME PART"},{"catalog_number":"GM20040946","name":"GRIMME PART"},{"catalog_number":"GM20040941","name":"GRIMME PART"},{"catalog_number":"GM20040939","name":"GRIMME PART"},{"catalog_number":"GM20040936","name":"GRIMME PART"},{"catalog_number":"GM20040935","name":"GRIMME PART"},{"catalog_number":"GM20040932","name":"GRIMME PART"},{"catalog_number":"GM20040915","name":"GRIMME PART"},{"catalog_number":"GM20040911","name":"GRIMME PART"},{"catalog_number":"GM20040900","name":"GRIMME PART"},{"catalog_number":"GM20040899","name":"GRIMME PART"},{"catalog_number":"GM20040893","name":"GRIMME PART"},{"catalog_number":"GM20040892","name":"GRIMME PART"},{"catalog_number":"GM20040889","name":"GRIMME PART"},{"catalog_number":"GM20040888","name":"GRIMME PART"},{"catalog_number":"GM20040886","name":"GRIMME PART"},{"catalog_number":"GM20040879","name":"GRIMME PART"},{"catalog_number":"GM20040862","name":"JOYSTICK"},{"catalog_number":"GM20040857","name":"GRIMME PART"},{"catalog_number":"GM20040848","name":"GRIMME PART"},{"catalog_number":"GM20040846","name":"GRIMME PART"},{"catalog_number":"GM20040843","name":"GRIMME PART"},{"catalog_number":"GM20040822","name":"STOP"},{"catalog_number":"GM20040820","name":"GRIMME PART"},{"catalog_number":"GM20040803","name":"GRIMME PART"},{"catalog_number":"GM20040779","name":"GRIMME PART"},{"catalog_number":"GM20040778","name":"GRIMME PART"},{"catalog_number":"GM20040773","name":"SHEET METAL"},{"catalog_number":"GM20040772","name":"GRIMME PART"},{"catalog_number":"GM20040771","name":"GRIMME PART"},{"catalog_number":"GM20040770","name":"GRIMME PART"},{"catalog_number":"GM20040763","name":"GRIMME PART"},{"catalog_number":"GM20040742","name":"GRIMME PART"},{"catalog_number":"GM20040741","name":"GRIMME PART"},{"catalog_number":"GM20040738","name":"GRIMME PART"},{"catalog_number":"GM20040732","name":"GRIMME PART"},{"catalog_number":"GM20040717","name":"GRIMME PART"},{"catalog_number":"GM20040716","name":"GRIMME PART"},{"catalog_number":"GM20040715","name":"GRIMME PART"},{"catalog_number":"GM20040711","name":"GRIMME PART"},{"catalog_number":"GM20040709","name":"GRIMME PART"},{"catalog_number":"GM20040708","name":"GRIMME PART"},{"catalog_number":"GM20040707","name":"GRIMME PART"},{"catalog_number":"GM20040706","name":"GRIMME PART"},{"catalog_number":"GM20040696","name":"GRIMME PART"},{"catalog_number":"GM20040685","name":"GRIMME PART"},{"catalog_number":"GM20040677","name":"AIR BRAKE"},{"catalog_number":"GM20040653","name":"GRIMME PART"},{"catalog_number":"GM20040649","name":"GRIMME PART"},{"catalog_number":"GM20040648","name":"GRIMME PART"},{"catalog_number":"GM20040630","name":"GRIMME PART"},{"catalog_number":"GM20040628","name":"GRIMME PART"},{"catalog_number":"GM20040623","name":"GRIMME PART"},{"catalog_number":"GM20040621","name":"GRIMME PART"},{"catalog_number":"GM20040620","name":"GRIMME PART"},{"catalog_number":"GM20040616","name":"GRIMME PART"},{"catalog_number":"GM20040610","name":"GRIMME PART"},{"catalog_number":"GM20040609","name":"GRIMME PART"},{"catalog_number":"GM20040608","name":"GRIMME PART"},{"catalog_number":"GM20040607","name":"GRIMME PART"},{"catalog_number":"GM20040606","name":"GRIMME PART"},{"catalog_number":"GM20040605","name":"GRIMME PART"},{"catalog_number":"GM20040604","name":"GRIMME PART"},{"catalog_number":"GM20040603","name":"ROLLER"},{"catalog_number":"GM20040602","name":"GRIMME PART"},{"catalog_number":"GM20040587","name":"GRIMME PART"},{"catalog_number":"GM20040585","name":"MOTOR"},{"catalog_number":"GM20040518","name":"GRIMME PART"},{"catalog_number":"GM20040511","name":"GRIMME PART"},{"catalog_number":"GM20040497","name":"GRIMME PART"},{"catalog_number":"GM20040494","name":"GRIMME PART"},{"catalog_number":"GM20040491","name":"GRIMME PART"},{"catalog_number":"GM20040490","name":"GRIMME PART"},{"catalog_number":"GM20040488","name":"GRIMME PART"},{"catalog_number":"GM20040486","name":"GRIMME PART"},{"catalog_number":"GM20040483","name":"PLATFORM"},{"catalog_number":"GM20040481","name":"TABLE"},{"catalog_number":"GM20040480","name":"GRIMME PART"},{"catalog_number":"GM20040479","name":"GRIMME PART"},{"catalog_number":"GM20040478","name":"ADJUSTER"},{"catalog_number":"GM20040474","name":"GRIMME PART"},{"catalog_number":"GM20040473","name":"GRIMME PART"},{"catalog_number":"GM20040472","name":"GRIMME PART"},{"catalog_number":"GM20040471","name":"ADJUSTER"},{"catalog_number":"GM20040462","name":"GRIMME PART"},{"catalog_number":"GM20040461","name":"GRIMME PART"},{"catalog_number":"GM20040460","name":"GRIMME PART"},{"catalog_number":"GM20040450","name":"GRIMME PART"},{"catalog_number":"GM20040449","name":"GRIMME PART"},{"catalog_number":"GM20040448","name":"GRIMME PART"},{"catalog_number":"GM20040447","name":"GRIMME PART"},{"catalog_number":"GM20040444","name":"GRIMME PART"},{"catalog_number":"GM20040443","name":"GRIMME PART"},{"catalog_number":"GM20040441","name":"GRIMME PART"},{"catalog_number":"GM20040436","name":"GRIMME PART"},{"catalog_number":"GM20040435","name":"GRIMME PART"},{"catalog_number":"GM20040423","name":"GRIMME PART"},{"catalog_number":"GM20040422","name":"GRIMME PART"},{"catalog_number":"GM20040418","name":"GRIMME PART"},{"catalog_number":"GM20040412","name":"GRIMME PART"},{"catalog_number":"GM20040411","name":"GRIMME PART"},{"catalog_number":"GM20040409","name":"GRIMME PART"},{"catalog_number":"GM20040408","name":"GRIMME PART"},{"catalog_number":"GM20040406","name":"GRIMME PART"},{"catalog_number":"GM20040405","name":"GRIMME PART"},{"catalog_number":"GM20040402","name":"GRIMME PART"},{"catalog_number":"GM20040400","name":"GRIMME PART"},{"catalog_number":"GM20040398","name":"GRIMME PART"},{"catalog_number":"GM20040395","name":"GRIMME PART"},{"catalog_number":"GM20040393","name":"GRIMME PART"},{"catalog_number":"GM20040386","name":"GRIMME PART"},{"catalog_number":"GM20040383","name":"GRIMME PART"},{"catalog_number":"GM20040379","name":"GRIMME PART"},{"catalog_number":"GM20040375","name":"GRIMME PART"},{"catalog_number":"GM20040374","name":"GRIMME PART"},{"catalog_number":"GM20040373","name":"GRIMME PART"},{"catalog_number":"GM20040371","name":"GRIMME PART"},{"catalog_number":"GM20040370","name":"GRIMME PART"},{"catalog_number":"GM20040369","name":"GRIMME PART"},{"catalog_number":"GM20040350","name":"GRIMME PART"},{"catalog_number":"GM20040349","name":"GRIMME PART"},{"catalog_number":"GM20040345","name":"GRIMME PART"},{"catalog_number":"GM20040344","name":"GRIMME PART"},{"catalog_number":"GM20040343","name":"GRIMME PART"},{"catalog_number":"GM20040342","name":"GRIMME PART"},{"catalog_number":"GM20040337","name":"GRIMME PART"},{"catalog_number":"GM20040334","name":"GRIMME PART"},{"catalog_number":"GM20040330","name":"GRIMME PART"},{"catalog_number":"GM20040329","name":"GRIMME PART"},{"catalog_number":"GM20040326","name":"GRIMME PART"},{"catalog_number":"GM20040324","name":"GRIMME PART"},{"catalog_number":"GM20040317","name":"GRIMME PART"},{"catalog_number":"GM20040315","name":"TYRE"},{"catalog_number":"GM20040314","name":"GRIMME PART"},{"catalog_number":"GM20040312","name":"GRIMME PART"},{"catalog_number":"GM20040309","name":"GRIMME PART"},{"catalog_number":"GM20040308","name":"GRIMME PART"},{"catalog_number":"GM20040286","name":"GRIMME PART"},{"catalog_number":"GM20040281","name":"GRIMME PART"},{"catalog_number":"GM20040274","name":"GRIMME PART"},{"catalog_number":"GM20040273","name":"GRIMME PART"},{"catalog_number":"GM20040272","name":"GRIMME PART"},{"catalog_number":"GM20040271","name":"GRIMME PART"},{"catalog_number":"GM20040270","name":"GRIMME PART"},{"catalog_number":"GM20040269","name":"GRIMME PART"},{"catalog_number":"GM20040268","name":"GRIMME PART"},{"catalog_number":"GM20040232","name":"GRIMME PART"},{"catalog_number":"GM20040231","name":"GRIMME PART"},{"catalog_number":"GM20040223","name":"GRIMME PART"},{"catalog_number":"GM20040221","name":"GRIMME PART"},{"catalog_number":"GM20040217","name":"GRIMME PART"},{"catalog_number":"GM20040210","name":"GRIMME PART"},{"catalog_number":"GM20040206","name":"GRIMME PART"},{"catalog_number":"GM20040200","name":"ROLL"},{"catalog_number":"GM20040194","name":"GRIMME PART"},{"catalog_number":"GM20040192","name":"GRIMME PART"},{"catalog_number":"GM20040190","name":"GRIMME PART"},{"catalog_number":"GM20040186","name":"GRIMME PART"},{"catalog_number":"GM20040172","name":"GRIMME PART"},{"catalog_number":"GM20040168","name":"GRIMME PART"},{"catalog_number":"GM20040161","name":"GRIMME PART"},{"catalog_number":"GM20040160","name":"GRIMME PART"},{"catalog_number":"GM20040159","name":"GRIMME PART"},{"catalog_number":"GM20040156","name":"GRIMME PART"},{"catalog_number":"GM20040155","name":"GRIMME PART"},{"catalog_number":"GM20040154","name":"STONE TRAP"},{"catalog_number":"GM20040152","name":"GRIMME PART"},{"catalog_number":"GM20040150","name":"GRIMME PART"},{"catalog_number":"GM20040149","name":"GRIMME PART"},{"catalog_number":"GM20040148","name":"GRIMME PART"},{"catalog_number":"GM20040147","name":"TANK"},{"catalog_number":"GM20040146","name":"GRIMME PART"},{"catalog_number":"GM20040145","name":"GRIMME PART"},{"catalog_number":"GM20040143","name":"ROLLER"},{"catalog_number":"GM20040142","name":"GRIMME PART"},{"catalog_number":"GM20040141","name":"GRIMME PART"},{"catalog_number":"GM20040140","name":"GRIMME PART"},{"catalog_number":"GM20040139","name":"GRIMME PART"},{"catalog_number":"GM20040138","name":"GRIMME PART"},{"catalog_number":"GM20040137","name":"GRIMME PART"},{"catalog_number":"GM20040135","name":"GRIMME PART"},{"catalog_number":"GM20040131","name":"GRIMME PART"},{"catalog_number":"GM20040129","name":"GRIMME PART"},{"catalog_number":"GM20040128","name":"KIT"},{"catalog_number":"GM20040127","name":"GRIMME PART"},{"catalog_number":"GM20040126","name":"GRIMME PART"},{"catalog_number":"GM20040125","name":"GRIMME PART"},{"catalog_number":"GM20040124","name":"GRIMME PART"},{"catalog_number":"GM20040123","name":"GRIMME PART"},{"catalog_number":"GM20040122","name":"GRIMME PART"},{"catalog_number":"GM20040121","name":"GRIMME PART"},{"catalog_number":"GM20040120","name":"GRIMME PART"},{"catalog_number":"GM20040119","name":"GRIMME PART"},{"catalog_number":"GM20040118","name":"GRIMME PART"},{"catalog_number":"GM20040117","name":"GRIMME PART"},{"catalog_number":"GM20040116","name":"GRIMME PART"},{"catalog_number":"GM20040114","name":"GRIMME PART"},{"catalog_number":"GM20040113","name":"GRIMME PART"},{"catalog_number":"GM20040112","name":"GRIMME PART"},{"catalog_number":"GM20040110","name":"GRIMME PART"},{"catalog_number":"GM20040109","name":"GRIMME PART"},{"catalog_number":"GM20040108","name":"CONTROL"},{"catalog_number":"GM20040107","name":"GRIMME PART"},{"catalog_number":"GM20040106","name":"GRIMME PART"},{"catalog_number":"GM20040105","name":"GRIMME PART"},{"catalog_number":"GM20040100","name":"PUMP"},{"catalog_number":"GM20040087","name":"GRIMME PART"},{"catalog_number":"GM20040084","name":"GRIMME PART"},{"catalog_number":"GM20040081","name":"GRIMME PART"},{"catalog_number":"GM20040079","name":"GRIMME PART"},{"catalog_number":"GM10037811","name":"GRIMME PART"},{"catalog_number":"GM10037810","name":"GRIMME PART"},{"catalog_number":"GM10037806","name":"GRIMME PART"},{"catalog_number":"GM10037796","name":"GRIMME PART"},{"catalog_number":"GM10037794","name":"GRIMME PART"},{"catalog_number":"GM10037793","name":"GRIMME PART"},{"catalog_number":"GM10037767","name":"GRIMME PART"},{"catalog_number":"GM10037751","name":"SUPPORT"},{"catalog_number":"GM10037746","name":"GRIMME PART"},{"catalog_number":"GM10037745","name":"GRIMME PART"},{"catalog_number":"GM10037744","name":"GRIMME PART"},{"catalog_number":"GM10037742","name":"GRIMME PART"},{"catalog_number":"GM10037741","name":"GRIMME PART"},{"catalog_number":"GM10037740","name":"GRIMME PART"},{"catalog_number":"GM10037737","name":"GRIMME PART"},{"catalog_number":"GM10037736","name":"GRIMME PART"},{"catalog_number":"GM10037735","name":"GRIMME PART"},{"catalog_number":"GM10037734","name":"GRIMME PART"},{"catalog_number":"GM10037730","name":"GRIMME PART"},{"catalog_number":"GM10037729","name":"GRIMME PART"},{"catalog_number":"GM10037726","name":"GRIMME PART"},{"catalog_number":"GM10037720","name":"GRIMME PART"},{"catalog_number":"GM10037719","name":"GRIMME PART"},{"catalog_number":"GM10037710","name":"GRIMME PART"},{"catalog_number":"GM10037707","name":"GRIMME PART"},{"catalog_number":"GM10037706","name":"GRIMME PART"},{"catalog_number":"GM10037691","name":"GRIMME PART"},{"catalog_number":"GM10037683","name":"GRIMME PART"},{"catalog_number":"GM10037666","name":"TINE"},{"catalog_number":"GM10037620","name":"GRIMME PART"},{"catalog_number":"GM10037619","name":"GRIMME PART"},{"catalog_number":"GM10037615","name":"GRIMME PART"},{"catalog_number":"GM10037604","name":"HANGER"},{"catalog_number":"GM10037601","name":"GRIMME PART"},{"catalog_number":"GM10037592","name":"GRIMME PART"},{"catalog_number":"GM10037591","name":"GRIMME PART"},{"catalog_number":"GM10037577","name":"GRIMME PART"},{"catalog_number":"GM10037576","name":"HOLDER"},{"catalog_number":"GM10037572","name":"GRIMME PART"},{"catalog_number":"GM10037571","name":"GRIMME PART"},{"catalog_number":"GM10037555","name":"GRIMME PART"},{"catalog_number":"GM10037525","name":"GRIMME PART"},{"catalog_number":"GM10037524","name":"GRIMME PART"},{"catalog_number":"GM10037520","name":"GRIMME PART"},{"catalog_number":"GM10037519","name":"GRIMME PART"},{"catalog_number":"GM10037515","name":"GRIMME PART"},{"catalog_number":"GM10037512","name":"GRIMME PART"},{"catalog_number":"GM10037511","name":"GRIMME PART"},{"catalog_number":"GM10037510","name":"GRIMME PART"},{"catalog_number":"GM10037509","name":"GRIMME PART"},{"catalog_number":"GM10037508","name":"GRIMME PART"},{"catalog_number":"GM10037507","name":"GRIMME PART"},{"catalog_number":"GM10037506","name":"GRIMME PART"},{"catalog_number":"GM10037505","name":"GUARD"},{"catalog_number":"GM10037504","name":"GRIMME PART"},{"catalog_number":"GM10037467","name":"GRIMME PART"},{"catalog_number":"GM10037464","name":"GRIMME PART"},{"catalog_number":"GM10037463","name":"GRIMME PART"},{"catalog_number":"GM10037462","name":"GRIMME PART"},{"catalog_number":"GM10037461","name":"GRIMME PART"},{"catalog_number":"GM10037425","name":"GRIMME PART"},{"catalog_number":"GM10037424","name":"GRIMME PART"},{"catalog_number":"GM10037423","name":"GRIMME PART"},{"catalog_number":"GM10037407","name":"SUPPORT"},{"catalog_number":"GM10037406","name":"SUPPORT"},{"catalog_number":"GM10037405","name":"GRIMME PART"},{"catalog_number":"GM10037403","name":"GRIMME PART"},{"catalog_number":"GM10037393","name":"GRIMME PART"},{"catalog_number":"GM10037307","name":"GRIMME PART"},{"catalog_number":"GM10037299","name":"GRIMME PART"},{"catalog_number":"GM10037278","name":"GRIMME PART"},{"catalog_number":"GM10037277","name":"GRIMME PART"},{"catalog_number":"GM10037271","name":"GRIMME PART"},{"catalog_number":"GM10037270","name":"GRIMME PART"},{"catalog_number":"GM10037248","name":"GRIMME PART"},{"catalog_number":"GM10037236","name":"GUIDE"},{"catalog_number":"GM10037232","name":"TABLE"},{"catalog_number":"GM10037199","name":"GRIMME PART"},{"catalog_number":"GM10037190","name":"GRIMME PART"},{"catalog_number":"GM10037189","name":"GRIMME PART"},{"catalog_number":"GM10037164","name":"GRIMME PART"},{"catalog_number":"GM10037163","name":"GRIMME PART"},{"catalog_number":"GM10037161","name":"GRIMME PART"},{"catalog_number":"GM10037160","name":"GRIMME PART"},{"catalog_number":"GM10037156","name":"GRIMME PART"},{"catalog_number":"GM10037155","name":"GRIMME PART"},{"catalog_number":"GM10037154","name":"GRIMME PART"},{"catalog_number":"GM10037144","name":"GRIMME PART"},{"catalog_number":"GM10037142","name":"GRIMME PART"},{"catalog_number":"GM10037141","name":"GRIMME PART"},{"catalog_number":"GM10037140","name":"GRIMME PART"},{"catalog_number":"GM10037135","name":"GRIMME PART"},{"catalog_number":"GM10037122","name":"GRIMME PART"},{"catalog_number":"GM10037109","name":"GRIMME PART"},{"catalog_number":"GM10037095","name":"GRIMME PART"},{"catalog_number":"GM10037094","name":"GRIMME PART"},{"catalog_number":"GM10037071","name":"GRIMME PART"},{"catalog_number":"GM10037060","name":"GRIMME PART"},{"catalog_number":"GM10037059","name":"GRIMME PART"},{"catalog_number":"GM10037058","name":"GRIMME PART"},{"catalog_number":"GM10037057","name":"GRIMME PART"},{"catalog_number":"GM10037056","name":"GRIMME PART"},{"catalog_number":"GM10037011","name":"GRIMME PART"},{"catalog_number":"GM10037008","name":"GRIMME PART"},{"catalog_number":"GM10037006","name":"GRIMME PART"},{"catalog_number":"GM10037005","name":"GRIMME PART"},{"catalog_number":"GM10036999","name":"GRIMME PART"},{"catalog_number":"GM10036984","name":"GRIMME PART"},{"catalog_number":"GM10036983","name":"GRIMME PART"},{"catalog_number":"GM10036982","name":"GRIMME PART"},{"catalog_number":"GM10036950","name":"GRIMME PART"},{"catalog_number":"GM10036948","name":"GRIMME PART"},{"catalog_number":"GM10036947","name":"GRIMME PART"},{"catalog_number":"GM10036913","name":"GRIMME PART"},{"catalog_number":"GM10036910","name":"GRIMME PART"},{"catalog_number":"GM10036909","name":"GRIMME PART"},{"catalog_number":"GM10036906","name":"GRIMME PART"},{"catalog_number":"GM10036901","name":"GRIMME PART"},{"catalog_number":"GM10036900","name":"GRIMME PART"},{"catalog_number":"GM10036889","name":"GRIMME PART"},{"catalog_number":"GM10036883","name":"GRIMME PART"},{"catalog_number":"GM10036874","name":"GRIMME PART"},{"catalog_number":"GM10036872","name":"GRIMME PART"},{"catalog_number":"GM10036871","name":"GRIMME PART"},{"catalog_number":"GM10036870","name":"GRIMME PART"},{"catalog_number":"GM10036869","name":"GRIMME PART"},{"catalog_number":"GM10036856","name":"GRIMME PART"},{"catalog_number":"GM10036849","name":"GRIMME PART"},{"catalog_number":"GM10036815","name":"GRIMME PART"},{"catalog_number":"GM10036808","name":"GRIMME PART"},{"catalog_number":"GM10036807","name":"GRIMME PART"},{"catalog_number":"GM10036801","name":"GRIMME PART"},{"catalog_number":"GM10036800","name":"LEVER"},{"catalog_number":"GM10036796","name":"GRIMME PART"},{"catalog_number":"GM10036790","name":"GRIMME PART"},{"catalog_number":"GM10036781","name":"GRIMME PART"},{"catalog_number":"GM10036766","name":"GRIMME PART"},{"catalog_number":"GM10036763","name":"PIPE"},{"catalog_number":"GM10036762","name":"GRIMME PART"},{"catalog_number":"GM10036749","name":"GRIMME PART"},{"catalog_number":"GM10036748","name":"GRIMME PART"},{"catalog_number":"GM10036726","name":"GRIMME PART"},{"catalog_number":"GM10036725","name":"GRIMME PART"},{"catalog_number":"GM10036717","name":"GRIMME PART"},{"catalog_number":"GM10036716","name":"GRIMME PART"},{"catalog_number":"GM10036711","name":"GRIMME PART"},{"catalog_number":"GM10036710","name":"GRIMME PART"},{"catalog_number":"GM10036657","name":"GRIMME PART"},{"catalog_number":"GM10036655","name":"GRIMME PART"},{"catalog_number":"GM10036647","name":"GRIMME PART"},{"catalog_number":"GM10036646","name":"GRIMME PART"},{"catalog_number":"GM10036578","name":"GRIMME PART"},{"catalog_number":"GM10036577","name":"GRIMME PART"},{"catalog_number":"GM10036576","name":"GRIMME PART"},{"catalog_number":"GM10036548","name":"GRIMME PART"},{"catalog_number":"GM10036543","name":"LEVER"},{"catalog_number":"GM10036541","name":"GRIMME PART"},{"catalog_number":"GM10036533","name":"GRIMME PART"},{"catalog_number":"GM10036531","name":"GRIMME PART"},{"catalog_number":"GM10036530","name":"GRIMME PART"},{"catalog_number":"GM10036525","name":"GRIMME PART"},{"catalog_number":"GM10036524","name":"GRIMME PART"},{"catalog_number":"GM10036523","name":"GRIMME PART"},{"catalog_number":"GM10036522","name":"GRIMME PART"},{"catalog_number":"GM10036519","name":"GRIMME PART"},{"catalog_number":"GM10036518","name":"GRIMME PART"},{"catalog_number":"GM10036517","name":"GRIMME PART"},{"catalog_number":"GM10036503","name":"GRIMME PART"},{"catalog_number":"GM10036502","name":"GRIMME PART"},{"catalog_number":"GM10036488","name":"GRIMME PART"},{"catalog_number":"GM10036460","name":"GRIMME PART"},{"catalog_number":"GM10036455","name":"GRIMME PART"},{"catalog_number":"GM10036400","name":"GRIMME PART"},{"catalog_number":"GM10036382","name":"GRIMME PART"},{"catalog_number":"GM10036381","name":"GRIMME PART"},{"catalog_number":"GM10036370","name":"GRIMME PART"},{"catalog_number":"GM10036369","name":"GRIMME PART"},{"catalog_number":"GM10036368","name":"GRIMME PART"},{"catalog_number":"GM10036367","name":"GRIMME PART"},{"catalog_number":"GM10036365","name":"GRIMME PART"},{"catalog_number":"GM10036362","name":"GRIMME PART"},{"catalog_number":"GM10036361","name":"GRIMME PART"},{"catalog_number":"GM10036360","name":"GRIMME PART"},{"catalog_number":"GM10036358","name":"GRIMME PART"},{"catalog_number":"GM10036357","name":"GRIMME PART"},{"catalog_number":"GM10036335","name":"GRIMME PART"},{"catalog_number":"GM10036304","name":"GRIMME PART"},{"catalog_number":"GM10036303","name":"GRIMME PART"},{"catalog_number":"GM10036301","name":"GRIMME PART"},{"catalog_number":"GM10036275","name":"GRIMME PART"},{"catalog_number":"GM10036274","name":"PLATE"},{"catalog_number":"GM10036273","name":"GRIMME PART"},{"catalog_number":"GM10036245","name":"GRIMME PART"},{"catalog_number":"GM10036231","name":"GRIMME PART"},{"catalog_number":"GM10036199","name":"GRIMME PART"},{"catalog_number":"GM10036197","name":"GRIMME PART"},{"catalog_number":"GM10036196","name":"GRIMME PART"},{"catalog_number":"GM10036195","name":"GRIMME PART"},{"catalog_number":"GM10036194","name":"GRIMME PART"},{"catalog_number":"GM10036191","name":"GRIMME PART"},{"catalog_number":"GM10036190","name":"GRIMME PART"},{"catalog_number":"GM10036187","name":"GRIMME PART"},{"catalog_number":"GM10036090","name":"GRIMME PART"},{"catalog_number":"GM10036089","name":"GRIMME PART"},{"catalog_number":"GM10036088","name":"GRIMME PART"}]}