{"machinery_brand_name":"Ag-Chem","parts":[{"catalog_number":"AG121852","name":"FUEL FILTER"},{"catalog_number":"AG121842","name":"CLAMP"},{"catalog_number":"AG121841","name":"INSULATOR"},{"catalog_number":"AG121839","name":"BRACKET"},{"catalog_number":"AG121838","name":"MANIFOLD"},{"catalog_number":"AG121836","name":"FILTER KIT"},{"catalog_number":"AG121835","name":"FILTER"},{"catalog_number":"AG121832","name":"SPACER"},{"catalog_number":"AG121830","name":"STRAP"},{"catalog_number":"AG121827","name":"BRACKET"},{"catalog_number":"AG121826","name":"SUPPORT BRACKET"},{"catalog_number":"AG121825","name":"BRACKET, RH"},{"catalog_number":"AG121806","name":"HEX HEAD PLUG"},{"catalog_number":"AG121805","name":"DECAL"},{"catalog_number":"AG121792","name":"PROTECTION"},{"catalog_number":"AG121791","name":"GAUGE PANEL"},{"catalog_number":"AG121788","name":"GAUGE PANEL"},{"catalog_number":"AG121778","name":"FILTER BREATHER"},{"catalog_number":"AG121776","name":"COVER"},{"catalog_number":"AG121775","name":"PUMP"},{"catalog_number":"AG121774","name":"PUMP"},{"catalog_number":"AG121773","name":"SEAL KIT"},{"catalog_number":"AG121772","name":"SEAL KIT"},{"catalog_number":"AG121771","name":"PLATE"},{"catalog_number":"AG121768","name":"HYDRAULIC CAP"},{"catalog_number":"AG121752","name":"DISPLAY"},{"catalog_number":"AG121751","name":"THROTTLE MODULE"},{"catalog_number":"AG121750","name":"RELAY MODULE"},{"catalog_number":"AG121749","name":"RELAY MODULE"},{"catalog_number":"AG121748","name":"MODULE"},{"catalog_number":"AG121721","name":"HARNESS"},{"catalog_number":"AG121718","name":"HARNESS"},{"catalog_number":"AG121716","name":"ENG WIRE HARNESS"},{"catalog_number":"AG121715","name":"ENG WIRE HARNESS"},{"catalog_number":"AG121714","name":"HARNESS"},{"catalog_number":"AG121681","name":"HYDRAULIC VALVE"},{"catalog_number":"AG121609","name":"DIODE"},{"catalog_number":"AG121608","name":"DIODE"},{"catalog_number":"AG121607","name":"CONNECTOR"},{"catalog_number":"AG121606","name":"CONNECTOR"},{"catalog_number":"AG121605","name":"CONNECTOR"},{"catalog_number":"AG121599","name":"CONNECTOR"},{"catalog_number":"AG121593","name":"MOUNTING BRACKET"},{"catalog_number":"AG121591","name":"COVER"},{"catalog_number":"AG121589","name":"ADAPTER"},{"catalog_number":"AG121588","name":"FILTER"},{"catalog_number":"AG121587","name":"HYDRAULIC FILTER"},{"catalog_number":"AG121585","name":"SHROUD"},{"catalog_number":"AG121578","name":"SEAL KIT"},{"catalog_number":"AG121551","name":"HOSE"},{"catalog_number":"AG121548","name":"RADIATOR HOSE"},{"catalog_number":"AG121547","name":"RADIATOR HOSE"},{"catalog_number":"AG121545","name":"MOUNTING BRACKET"},{"catalog_number":"AG121528","name":"CONNECTOR PLUG"},{"catalog_number":"AG121525","name":"SUPPORT"},{"catalog_number":"AG121495","name":"SEAL KIT"},{"catalog_number":"AG121489","name":"PRESSURE VALVE"},{"catalog_number":"AG121486","name":"SPACER"},{"catalog_number":"AG121485","name":"SPACER"},{"catalog_number":"AG121484","name":"COIL"},{"catalog_number":"AG121483","name":"COIL"},{"catalog_number":"AG121465","name":"CARTRIDGE"},{"catalog_number":"AG121464","name":"RELIEF VALVE"},{"catalog_number":"AG121463","name":"MAT"},{"catalog_number":"AG121462","name":"MAT"},{"catalog_number":"AG121461","name":"MAT"},{"catalog_number":"AG121445","name":"ELBOW FITTING"},{"catalog_number":"AG121444","name":"HYDRAULIC PUMP"},{"catalog_number":"AG121443","name":"HYDRAULIC PUMP"},{"catalog_number":"AG121390","name":"SEAL KIT"},{"catalog_number":"AG121388","name":"SOLENOID"},{"catalog_number":"AG121385","name":"SEAL KIT"},{"catalog_number":"AG121384","name":"BLOCK"},{"catalog_number":"AG121383","name":"REGULATOR"},{"catalog_number":"AG121381","name":"RETURN SPRING"},{"catalog_number":"AG121380","name":"SEAL KIT"},{"catalog_number":"AG121369","name":"TUBE"},{"catalog_number":"AG121364","name":"CROSSMEMBER"},{"catalog_number":"AG121291","name":"HARNESS"},{"catalog_number":"AG121228","name":"DECAL"},{"catalog_number":"AG121184","name":"HARNESS"},{"catalog_number":"AG121160","name":"PANEL"},{"catalog_number":"AG121136","name":"COVER"},{"catalog_number":"AG121126","name":"DOOR"},{"catalog_number":"AG121093","name":"SUPPORT"},{"catalog_number":"AG121057","name":"STRAP"},{"catalog_number":"AG121055","name":"STRAP"},{"catalog_number":"AG121042","name":"PLATE"},{"catalog_number":"AG121040","name":"PLATE"},{"catalog_number":"AG120989","name":"CARRIER"},{"catalog_number":"AG120976","name":"A/C COMPRESSOR"},{"catalog_number":"AG120975","name":"MOUNTING BRACKET"},{"catalog_number":"AG120973","name":"COOLER"},{"catalog_number":"AG120971","name":"BRACKET"},{"catalog_number":"AG120970","name":"SPACER"},{"catalog_number":"AG120968","name":"PUMP"},{"catalog_number":"AG120967","name":"PUMP"},{"catalog_number":"AG120966","name":"PUMP"},{"catalog_number":"AG120962","name":"LEG"},{"catalog_number":"AG120961","name":"LEG"},{"catalog_number":"AG120959","name":"PRIORITY VALVE"},{"catalog_number":"AG120958","name":"STEERING UNIT"},{"catalog_number":"AG120950","name":"BLOCK"},{"catalog_number":"AG120949","name":"CONTROL"},{"catalog_number":"AG120948","name":"BLOCK"},{"catalog_number":"AG120947","name":"BRACKET"},{"catalog_number":"AG120946","name":"BRACKET"},{"catalog_number":"AG120932","name":"SUPPORT"},{"catalog_number":"AG120926","name":"TYRE"},{"catalog_number":"AG120912","name":"SPACER"},{"catalog_number":"AG120899","name":"FRONT"},{"catalog_number":"AG120847","name":"WHEEL RIM"},{"catalog_number":"AG120840","name":"ACCUMULATOR"},{"catalog_number":"AG120819","name":"TUBE"},{"catalog_number":"AG120755","name":"CASING"},{"catalog_number":"AG120708","name":"TANK"},{"catalog_number":"AG120707","name":"HARNESS"},{"catalog_number":"AG120705","name":"HARNESS"},{"catalog_number":"AG120700","name":"GAUGE"},{"catalog_number":"AG120658","name":"CONTROL UNIT"},{"catalog_number":"AG120615","name":"PLATE"},{"catalog_number":"AG120575","name":"PUMP"},{"catalog_number":"AG120574","name":"PUMP"},{"catalog_number":"AG120558","name":"TUBE"},{"catalog_number":"AG120511","name":"VALVE STEM"},{"catalog_number":"AG120463","name":"SPACER"},{"catalog_number":"AG120334","name":"KIT"},{"catalog_number":"AG120329","name":"BRACKET"},{"catalog_number":"AG120283","name":"BUSH"},{"catalog_number":"AG120282","name":"CONVEYOR"},{"catalog_number":"AG120281","name":"CONVEYOR"},{"catalog_number":"AG120249","name":"BRACKET"},{"catalog_number":"AG120242","name":"WASHER"},{"catalog_number":"AG120226","name":"SLEEVE"},{"catalog_number":"AG120189","name":"KEY"},{"catalog_number":"AG120075","name":"KEY"},{"catalog_number":"AG120072","name":"PIN"},{"catalog_number":"AG120059","name":"SPRING"},{"catalog_number":"AG120058","name":"TUBE"},{"catalog_number":"AG120056","name":"ROD"},{"catalog_number":"AG120055","name":"ROD"},{"catalog_number":"AG120047","name":"SPACER"},{"catalog_number":"AG120006","name":"CONVEYOR BELT"},{"catalog_number":"AG119851","name":"SPACER"},{"catalog_number":"AG115056","name":"PLUG"},{"catalog_number":"AG115003","name":"REFLECTOR"},{"catalog_number":"AG114698","name":"CHAIN"},{"catalog_number":"AG112095","name":"STUD BOLT"},{"catalog_number":"AG109975","name":"KEY"},{"catalog_number":"AG109953","name":"BOOM RACK BUMPER"},{"catalog_number":"AG109948","name":"SPACER"},{"catalog_number":"AG109937","name":"SHIM"},{"catalog_number":"AG109914","name":"CYLINDER PIN"},{"catalog_number":"AG109903","name":"SPACER"},{"catalog_number":"AG109902","name":"SPACER"},{"catalog_number":"AG109897","name":"CONNECTING ROD"},{"catalog_number":"AG109819","name":"SPACER"},{"catalog_number":"AG109812","name":"SPACER TUBE"},{"catalog_number":"AG109778","name":"HEX HEAD BOLT"},{"catalog_number":"AG109754","name":"MAT"},{"catalog_number":"AG109742","name":"MAT"},{"catalog_number":"AG109658","name":"SPACER"},{"catalog_number":"AG109613","name":"ROD"},{"catalog_number":"AG109605","name":"CLAMP"},{"catalog_number":"AG109600","name":"MATTING"},{"catalog_number":"AG109597","name":"MATTING"},{"catalog_number":"AG109448","name":"SPACER"},{"catalog_number":"AG109445","name":"FLAT WASHER"},{"catalog_number":"AG109430","name":"INDICATOR"},{"catalog_number":"AG109415","name":"CAP"},{"catalog_number":"AG109372","name":"SPACER"},{"catalog_number":"AG109342","name":"DECAL"},{"catalog_number":"AG109305","name":"ROD"},{"catalog_number":"AG109190","name":"INFORMAT. DECAL"},{"catalog_number":"AG109055","name":"WASHER"},{"catalog_number":"AG109049","name":"WASHER"},{"catalog_number":"AG109038","name":"PLUG"},{"catalog_number":"AG108961","name":"ROD COLLAR"},{"catalog_number":"AG108935","name":"PLATE"},{"catalog_number":"AG108934","name":"DECAL"},{"catalog_number":"AG108898","name":"GROMMET"},{"catalog_number":"AG108727","name":"SPACER"},{"catalog_number":"AG108622","name":"FLAT WASHER"},{"catalog_number":"AG108621","name":"DECAL"},{"catalog_number":"AG108618","name":"NIPPLE"},{"catalog_number":"AG108617","name":"SPACER"},{"catalog_number":"AG108604","name":"SPRING"},{"catalog_number":"AG108487","name":"MATTING"},{"catalog_number":"AG108486","name":"MATTING"},{"catalog_number":"AG108435","name":"ROLLER"},{"catalog_number":"AG108431","name":"SHAFT"},{"catalog_number":"AG108374","name":"DECAL"},{"catalog_number":"AG108373","name":"DECAL"},{"catalog_number":"AG108372","name":"DECAL"},{"catalog_number":"AG108337","name":"DECAL"},{"catalog_number":"AG108321","name":"DECAL"},{"catalog_number":"AG108316","name":"ROD"},{"catalog_number":"AG108299","name":"PIN"},{"catalog_number":"AG107890","name":"SLEEVE"},{"catalog_number":"AG107883","name":"MOUNTING"},{"catalog_number":"AG107833","name":"DECAL"},{"catalog_number":"AG107737","name":"CONVEYOR BELT"},{"catalog_number":"AG107735","name":"WEAR STRIP"},{"catalog_number":"AG107555","name":"WEAR STRIP"},{"catalog_number":"AG107437","name":"CABLE"},{"catalog_number":"AG107427","name":"STIFFENER"},{"catalog_number":"AG107411","name":"COUPLING"},{"catalog_number":"AG106674","name":"KEY"},{"catalog_number":"AG106152","name":"TUBE DIFFUSER"},{"catalog_number":"AG105603","name":"SHIM"},{"catalog_number":"AG105574","name":"SPRING GUIDE"},{"catalog_number":"AG105561","name":"BOLT"},{"catalog_number":"AG10436","name":"SHARE"},{"catalog_number":"AG103289","name":"HARNESS"},{"catalog_number":"AG100676","name":"FLAT WASHER"},{"catalog_number":"AG100315","name":"BUSH"},{"catalog_number":"AG100285","name":"COVER"},{"catalog_number":"AG100277","name":"WASHER"},{"catalog_number":"AG100110","name":"SHIM"},{"catalog_number":"AG063594","name":"PRESSURE VALVE"},{"catalog_number":"AG061283","name":"CONTROL VALVE"},{"catalog_number":"AG061276","name":"END"},{"catalog_number":"AG061274","name":"KIT"},{"catalog_number":"AG061269","name":"LEVER KIT"},{"catalog_number":"AG061265","name":"FLAT WASHER"},{"catalog_number":"AG061261","name":"BEZEL"},{"catalog_number":"AG061259","name":"BREAKER"},{"catalog_number":"AG061258","name":"CIRCUIT BOARD"},{"catalog_number":"AG061257","name":"SPRING CLIP"},{"catalog_number":"AG061251","name":"GREASE RING"},{"catalog_number":"AG061250","name":"PLUG"},{"catalog_number":"AG061249","name":"SHAFT"},{"catalog_number":"AG061247","name":"COIL"},{"catalog_number":"AG061244","name":"BEARING"},{"catalog_number":"AG061240","name":"COVER"},{"catalog_number":"AG061236","name":"SETSCREW"},{"catalog_number":"AG061233","name":"GLAND"},{"catalog_number":"AG061232","name":"PISTON"},{"catalog_number":"AG061231","name":"CAP"},{"catalog_number":"AG061229","name":"ROCKER SWITCH"},{"catalog_number":"AG061228","name":"REPAIR KIT"},{"catalog_number":"AG061212","name":"TUBE"},{"catalog_number":"AG061211","name":"SCREW"},{"catalog_number":"AG061210","name":"ADAPTER"},{"catalog_number":"AG061209","name":"MOUNTING BRACKET"},{"catalog_number":"AG061208","name":"ACTUATOR"},{"catalog_number":"AG061207","name":"LABEL"},{"catalog_number":"AG061206","name":"CAM"},{"catalog_number":"AG061205","name":"KNOB"},{"catalog_number":"AG061204","name":"LABEL"},{"catalog_number":"AG061203","name":"LABEL"},{"catalog_number":"AG061202","name":"LABEL"},{"catalog_number":"AG061200","name":"PANEL"},{"catalog_number":"AG061199","name":"POTENTIOMETER"},{"catalog_number":"AG061198","name":"ROTARY SWITCH"},{"catalog_number":"AG061196","name":"RESISTOR"},{"catalog_number":"AG061192","name":"ROCKER SWITCH"},{"catalog_number":"AG061191","name":"GRILLE"},{"catalog_number":"AG061190","name":"COVER"},{"catalog_number":"AG061189","name":"BASE"},{"catalog_number":"AG061188","name":"HARNESS"},{"catalog_number":"AG061187","name":"LABEL"},{"catalog_number":"AG061186","name":"YOKE"},{"catalog_number":"AG061184","name":"WATER VALVE"},{"catalog_number":"AG061179","name":"BRACE"},{"catalog_number":"AG061156","name":"KIT, BRAKE"},{"catalog_number":"AG061155","name":"VALVE"},{"catalog_number":"AG061150","name":"BUTTON"},{"catalog_number":"AG061146","name":"BUSH"},{"catalog_number":"AG061145","name":"GASKET"},{"catalog_number":"AG061144","name":"GASKET"},{"catalog_number":"AG061143","name":"COVER"},{"catalog_number":"AG061142","name":"LATCH"},{"catalog_number":"AG061141","name":"SPACER"},{"catalog_number":"AG061140","name":"BRACKET"},{"catalog_number":"AG061139","name":"GRIP"},{"catalog_number":"AG061135","name":"BRAKE DRUM"},{"catalog_number":"AG061105","name":"SHIM"},{"catalog_number":"AG061104","name":"SHIM"},{"catalog_number":"AG061103","name":"SHIM"},{"catalog_number":"AG061010","name":"IDLER SHAFT"},{"catalog_number":"AG060925","name":"HYDRAULIC HOSE"},{"catalog_number":"AG060923","name":"TIE WRAP"},{"catalog_number":"AG060922","name":"BRACE"},{"catalog_number":"AG060921","name":"REPAIR KIT"},{"catalog_number":"AG060920","name":"WASHER"},{"catalog_number":"AG060919","name":"SPRING"},{"catalog_number":"AG060918","name":"CLIP"},{"catalog_number":"AG060917","name":"PANEL"},{"catalog_number":"AG060916","name":"PLATE"},{"catalog_number":"AG060915","name":"ANTI-SKID TAPE"},{"catalog_number":"AG060914","name":"PLATFORM"},{"catalog_number":"AG060913","name":"SPACER"},{"catalog_number":"AG060912","name":"STRAP"},{"catalog_number":"AG060911","name":"TROUGH"},{"catalog_number":"AG060910","name":"BUMPER"},{"catalog_number":"AG060909","name":"REFLECTOR"},{"catalog_number":"AG060908","name":"REFLECTOR"},{"catalog_number":"AG060907","name":"BUMPER"},{"catalog_number":"AG060904","name":"KEYBOARD"},{"catalog_number":"AG060869","name":"LEVER"},{"catalog_number":"AG060814","name":"CONSOLE"},{"catalog_number":"AG060749","name":"TRANSMISSION"},{"catalog_number":"AG060702","name":"COIL"},{"catalog_number":"AG060698","name":"WATER PUMP BELT"},{"catalog_number":"AG060676","name":"OIL FILTER"},{"catalog_number":"AG060675","name":"KIT"},{"catalog_number":"AG060646","name":"BUMPER"},{"catalog_number":"AG060644","name":"DIODE"},{"catalog_number":"AG060643","name":"CARTRIDGE"},{"catalog_number":"AG060640","name":"DIVIDER"},{"catalog_number":"AG060616","name":"O-RING KIT"},{"catalog_number":"AG060613","name":"SCREEN"},{"catalog_number":"AG060598","name":"BEARING"},{"catalog_number":"AG060597","name":"BEARING"},{"catalog_number":"AG060596","name":"PLATE"},{"catalog_number":"AG060595","name":"COMPRESS. SPRING"},{"catalog_number":"AG060594","name":"FEEDER"},{"catalog_number":"AG060592","name":"FITTING"},{"catalog_number":"AG060591","name":"HYDRAULIC HOSE"},{"catalog_number":"AG060590","name":"HYDRAULIC HOSE"},{"catalog_number":"AG060589","name":"HYDRAULIC HOSE"},{"catalog_number":"AG060588","name":"HYDRAULIC HOSE"},{"catalog_number":"AG060586","name":"HYDRAULIC HOSE"},{"catalog_number":"AG060585","name":"RING"},{"catalog_number":"AG060584","name":"ROLLER"},{"catalog_number":"AG060583","name":"ROLLER"},{"catalog_number":"AG060582","name":"HEX HEAD BOLT"},{"catalog_number":"AG060581","name":"GEAR"},{"catalog_number":"AG060580","name":"SPACER"},{"catalog_number":"AG060579","name":"BEARING"},{"catalog_number":"AG060578","name":"SPACER"},{"catalog_number":"AG060577","name":"MOUNT, LEFT HAND"},{"catalog_number":"AG060576","name":"SHAFT"},{"catalog_number":"AG060575","name":"HUB"},{"catalog_number":"AG060574","name":"GEAR"},{"catalog_number":"AG060573","name":"MOUNT, RH"},{"catalog_number":"AG060567","name":"ORIFICE"},{"catalog_number":"AG060566","name":"ORIFICE"},{"catalog_number":"AG060565","name":"CAP"},{"catalog_number":"AG060564","name":"FITTING"},{"catalog_number":"AG060563","name":"HYDRAULIC HOSE"},{"catalog_number":"AG060562","name":"ELBOW FITTING"},{"catalog_number":"AG060560","name":"FITTING"},{"catalog_number":"AG060559","name":"HYDRAULIC MOTOR"},{"catalog_number":"AG060558","name":"HYDRAULIC HOSE"},{"catalog_number":"AG060557","name":"FITTING"},{"catalog_number":"AG060556","name":"HYDRAULIC HOSE"},{"catalog_number":"AG060555","name":"TEE FITTING"},{"catalog_number":"AG060554","name":"ADAPTER FITTING"},{"catalog_number":"AG060553","name":"ADAPTER FITTING"},{"catalog_number":"AG060551","name":"TEE FITTING"},{"catalog_number":"AG060550","name":"VALVE MOUNT"},{"catalog_number":"AG060549","name":"FITTING"},{"catalog_number":"AG060548","name":"CHECK VALVE"},{"catalog_number":"AG060547","name":"TEE FITTING"},{"catalog_number":"AG060546","name":"FITTING"},{"catalog_number":"AG060545","name":"TEE FITTING"},{"catalog_number":"AG060544","name":"PRESSURE GAUGE"},{"catalog_number":"AG060543","name":"PRESSURE GAUGE"},{"catalog_number":"AG060542","name":"FITTING"},{"catalog_number":"AG060541","name":"BRACKET"},{"catalog_number":"AG060540","name":"ADAPTER FITTING"},{"catalog_number":"AG060539","name":"HYDRAULIC HOSE"},{"catalog_number":"AG060538","name":"HYDRAULIC HOSE"},{"catalog_number":"AG060537","name":"FITTING"},{"catalog_number":"AG060536","name":"HYDRAULIC HOSE"},{"catalog_number":"AG060535","name":"HYDRAULIC HOSE"},{"catalog_number":"AG060534","name":"HYDRAULIC HOSE"},{"catalog_number":"AG060533","name":"FITTING"},{"catalog_number":"AG060531","name":"FITTING"},{"catalog_number":"AG060530","name":"HYDRAULIC HOSE"},{"catalog_number":"AG060529","name":"ADAPTER FITTING"},{"catalog_number":"AG060527","name":"HEATER HOSE"},{"catalog_number":"AG060523","name":"HYDRAULIC HOSE"},{"catalog_number":"AG060522","name":"BALL VALVE"},{"catalog_number":"AG060521","name":"ELBOW FITTING"},{"catalog_number":"AG060520","name":"PIPE NIPPLE"},{"catalog_number":"AG060519","name":"ADAPTER FITTING"},{"catalog_number":"AG060518","name":"BALL VALVE"},{"catalog_number":"AG060517","name":"ELBOW FITTING"},{"catalog_number":"AG060516","name":"FITTING"},{"catalog_number":"AG060515","name":"ADAPTER FITTING"},{"catalog_number":"AG060514","name":"TEE FITTING"},{"catalog_number":"AG060513","name":"FITTING"},{"catalog_number":"AG060511","name":"PIPE"},{"catalog_number":"AG060510","name":"RESERVOIR"},{"catalog_number":"AG060509","name":"ROLLER ASSY"},{"catalog_number":"AG060508","name":"ROLLER SHAFT"},{"catalog_number":"AG060507","name":"GEAR"},{"catalog_number":"AG060506","name":"BALL BEARING"},{"catalog_number":"AG060505","name":"TEE FITTING"},{"catalog_number":"AG060504","name":"HYDRAULIC HOSE"},{"catalog_number":"AG060503","name":"FITTING"},{"catalog_number":"AG060502","name":"TEE FITTING"},{"catalog_number":"AG060501","name":"BOLT"},{"catalog_number":"AG060500","name":"HYDRAULIC HOSE"},{"catalog_number":"AG060499","name":"HYDRAULIC HOSE"},{"catalog_number":"AG060498","name":"FITTING"},{"catalog_number":"AG060497","name":"FITTING"},{"catalog_number":"AG060496","name":"FITTING"},{"catalog_number":"AG060494","name":"FITTING"},{"catalog_number":"AG060492","name":"FITTING"},{"catalog_number":"AG060491","name":"CONNECTOR"},{"catalog_number":"AG060490","name":"SIGHT GLASS"},{"catalog_number":"AG060489","name":"ROLLER"},{"catalog_number":"AG060486","name":"BRACKET"},{"catalog_number":"AG060485","name":"MOUNTING"},{"catalog_number":"AG060484","name":"SQUARE NUT"},{"catalog_number":"AG060483","name":"ADJUSTMENT"},{"catalog_number":"AG060482","name":"PLATE"},{"catalog_number":"AG060481","name":"GUIDE"},{"catalog_number":"AG060480","name":"BEARING"},{"catalog_number":"AG060479","name":"ROLLER SHAFT"},{"catalog_number":"AG060478","name":"ROLLER"},{"catalog_number":"AG060477","name":"GUIDE"},{"catalog_number":"AG060476","name":"CONNECTING ROD"},{"catalog_number":"AG060475","name":"BELT"},{"catalog_number":"AG060474","name":"PLATE"},{"catalog_number":"AG060473","name":"GREASE"},{"catalog_number":"AG060472","name":"TUBE"},{"catalog_number":"AG060471","name":"TROUGH"},{"catalog_number":"AG060470","name":"FOAM"},{"catalog_number":"AG060469","name":"PLATE"},{"catalog_number":"AG060468","name":"PIPE PLUG"},{"catalog_number":"AG060466","name":"THRUST BLOCK"},{"catalog_number":"AG060465","name":"PRESSURE VALVE"},{"catalog_number":"AG060464","name":"PRESSURE VALVE"},{"catalog_number":"AG060463","name":"PRESSURE VALVE"},{"catalog_number":"AG060459","name":"PLATE"},{"catalog_number":"AG060458","name":"FUNNEL"},{"catalog_number":"AG060457","name":"BOLT"},{"catalog_number":"AG060456","name":"RUBBER"},{"catalog_number":"AG060455","name":"BRACKET"},{"catalog_number":"AG060452","name":"PLATE"},{"catalog_number":"AG060451","name":"FAN"},{"catalog_number":"AG060450","name":"SENSOR PLATE"},{"catalog_number":"AG060449","name":"BUSH"},{"catalog_number":"AG060448","name":"FAN HOUSING"},{"catalog_number":"AG060447","name":"HOSE CLAMP"},{"catalog_number":"AG060446","name":"PLATE"},{"catalog_number":"AG060445","name":"HOSE CLAMP"},{"catalog_number":"AG060444","name":"BUSH"},{"catalog_number":"AG060443","name":"SUSPENSION"},{"catalog_number":"AG060442","name":"SUSPENSION"},{"catalog_number":"AG060440","name":"COLLAR"},{"catalog_number":"AG060439","name":"COLLAR"},{"catalog_number":"AG060438","name":"FLEX HOSE"},{"catalog_number":"AG060437","name":"PIN"},{"catalog_number":"AG060436","name":"LEVER ARM, LH"},{"catalog_number":"AG060435","name":"LEVER ARM, RH"},{"catalog_number":"AG060434","name":"CLEVIS"},{"catalog_number":"AG060433","name":"HEX NUT"},{"catalog_number":"AG060432","name":"LINK"},{"catalog_number":"AG060431","name":"CLEVIS"},{"catalog_number":"AG060430","name":"COLLAR"},{"catalog_number":"AG060429","name":"CLEVIS"},{"catalog_number":"AG060426","name":"CLEVIS"},{"catalog_number":"AG060425","name":"LINK"},{"catalog_number":"AG060424","name":"HYD CYLINDER"},{"catalog_number":"AG060423","name":"COLLAR"},{"catalog_number":"AG060422","name":"O RING"},{"catalog_number":"AG060421","name":"BRACE"},{"catalog_number":"AG060420","name":"PIVOT"},{"catalog_number":"AG060419","name":"PIVOT"},{"catalog_number":"AG060418","name":"PIVOT"},{"catalog_number":"AG060417","name":"PIVOT"},{"catalog_number":"AG060416","name":"CAP"},{"catalog_number":"AG060415","name":"BRACKET"},{"catalog_number":"AG060414","name":"PIN"},{"catalog_number":"AG060410","name":"HYD CYLINDER"},{"catalog_number":"AG060409","name":"BUMPER"},{"catalog_number":"AG060408","name":"BRACKET"},{"catalog_number":"AG060407","name":"FRONT GRILLE"},{"catalog_number":"AG060406","name":"TUBE"},{"catalog_number":"AG060405","name":"DIVIDER"},{"catalog_number":"AG060402","name":"HATCH"},{"catalog_number":"AG060400","name":"GASKET"},{"catalog_number":"AG060399","name":"RUBBER SEAL"},{"catalog_number":"AG060398","name":"SPRING"},{"catalog_number":"AG060397","name":"LADDER"},{"catalog_number":"AG060396","name":"LADDER"},{"catalog_number":"AG060394","name":"LADDER"},{"catalog_number":"AG060392","name":"WINDOW"},{"catalog_number":"AG060391","name":"GATE"},{"catalog_number":"AG060390","name":"DOOR CLIP"},{"catalog_number":"AG060389","name":"DOOR LATCH"},{"catalog_number":"AG060388","name":"CRADLE"},{"catalog_number":"AG060387","name":"CRADLE"},{"catalog_number":"AG060386","name":"TIP"},{"catalog_number":"AG060385","name":"EYE"},{"catalog_number":"AG060382","name":"THREADED ROD"},{"catalog_number":"AG060381","name":"BOOM"},{"catalog_number":"AG060380","name":"CLEVIS"},{"catalog_number":"AG060379","name":"BOOM"},{"catalog_number":"AG060378","name":"BOOM"},{"catalog_number":"AG060377","name":"BOOM"},{"catalog_number":"AG060376","name":"HINGE"},{"catalog_number":"AG060375","name":"BUMPER"},{"catalog_number":"AG060374","name":"COMPRESS. SPRING"},{"catalog_number":"AG060373","name":"ECCENTRIC"},{"catalog_number":"AG060372","name":"STRUT"},{"catalog_number":"AG060371","name":"LINK"},{"catalog_number":"AG060370","name":"HEX NUT"},{"catalog_number":"AG060369","name":"ROLLER"},{"catalog_number":"AG060368","name":"HOSE CLAMP"},{"catalog_number":"AG060313","name":"SHAFT"},{"catalog_number":"AG060293","name":"CAP"},{"catalog_number":"AG060281","name":"BOOM"},{"catalog_number":"AG060236","name":"TUBE"},{"catalog_number":"AG060232","name":"CROSS BAR"},{"catalog_number":"AG060231","name":"FLANGE"},{"catalog_number":"AG060200","name":"SEAL KIT"},{"catalog_number":"AG060166","name":"WASHER"},{"catalog_number":"AG060165","name":"WASHER"},{"catalog_number":"AG060164","name":"BUSH"},{"catalog_number":"AG060163","name":"CAP"},{"catalog_number":"AG060161","name":"SCREW"},{"catalog_number":"AG060113","name":"BALL"},{"catalog_number":"AG060085","name":"OUTLET"},{"catalog_number":"AG060084","name":"SENSOR"},{"catalog_number":"AG060083","name":"SENSOR"},{"catalog_number":"AG060056","name":"JAM NUT"},{"catalog_number":"AG060040","name":"SPACER"},{"catalog_number":"AG060039","name":"SHROUD"},{"catalog_number":"AG060038","name":"SCREEN"},{"catalog_number":"AG060003","name":"LENS"},{"catalog_number":"AG059972","name":"ROLL PIN"},{"catalog_number":"AG059914","name":"FLOW CONTROL"},{"catalog_number":"AG059807","name":"RETAINER"},{"catalog_number":"AG059766","name":"BALL VALVE"},{"catalog_number":"AG059716","name":"MOTOR"},{"catalog_number":"AG059665","name":"CLEVIS"},{"catalog_number":"AG059583","name":"MANIFOLD"},{"catalog_number":"AG059582","name":"FLANGE ADAPTER"},{"catalog_number":"AG059581","name":"FLANGE ADAPTER"},{"catalog_number":"AG059579","name":"ELBOW FITTING"},{"catalog_number":"AG059575","name":"PLUG"},{"catalog_number":"AG059574","name":"PLUG"},{"catalog_number":"AG059572","name":"PLUG"},{"catalog_number":"AG059570","name":"FLANGE ADAPTER"},{"catalog_number":"AG059566","name":"FLANGE ADAPTER"},{"catalog_number":"AG059565","name":"ELBOW FITTING"},{"catalog_number":"AG059564","name":"ELBOW"},{"catalog_number":"AG059562","name":"ADAPTER"},{"catalog_number":"AG059558","name":"FLANGE ADAPTER"},{"catalog_number":"AG059556","name":"ADAPTER FITTING"},{"catalog_number":"AG059555","name":"FLANGE ADAPTER"},{"catalog_number":"AG059545","name":"CAP"},{"catalog_number":"AG059536","name":"ELBOW FITTING"},{"catalog_number":"AG059483","name":"SHAFT COUPLER"},{"catalog_number":"AG059440","name":"PLUG"},{"catalog_number":"AG059426","name":"BALL VALVE"},{"catalog_number":"AG059387","name":"ADAPTER"},{"catalog_number":"AG059386","name":"ADAPTER"},{"catalog_number":"AG059385","name":"MOUNTING"},{"catalog_number":"AG059384","name":"BELT"},{"catalog_number":"AG059382","name":"GATE VALVE"},{"catalog_number":"AG059380","name":"TUBE"},{"catalog_number":"AG059375","name":"ADAPTER FITTING"},{"catalog_number":"AG059372","name":"SETSCREW"},{"catalog_number":"AG059371","name":"HYDRAULIC TUBE"},{"catalog_number":"AG059368","name":"IDLER PULLEY"},{"catalog_number":"AG059367","name":"GEAR"},{"catalog_number":"AG059362","name":"DIVIDER"},{"catalog_number":"AG059359","name":"HOSE"},{"catalog_number":"AG059353","name":"BACK PLATE"},{"catalog_number":"AG059351","name":"ROLL PIN"},{"catalog_number":"AG059350","name":"TUBE"},{"catalog_number":"AG059348","name":"GUARD"},{"catalog_number":"AG059347","name":"GUARD"},{"catalog_number":"AG059346","name":"FAN"},{"catalog_number":"AG059345","name":"FAN"},{"catalog_number":"AG059344","name":"DIVIDER"},{"catalog_number":"AG059343","name":"DEFLECTOR"},{"catalog_number":"AG059342","name":"KIT"},{"catalog_number":"AG059337","name":"DIVIDER"},{"catalog_number":"AG059336","name":"DIVIDER"},{"catalog_number":"AG059335","name":"TANK"},{"catalog_number":"AG059334","name":"PRESSURE VALVE"},{"catalog_number":"AG059332","name":"MOUNTING BRACKET"},{"catalog_number":"AG059331","name":"PANEL"},{"catalog_number":"AG059330","name":"PANEL"},{"catalog_number":"AG059329","name":"MOUNTING"},{"catalog_number":"AG059328","name":"DEFLECTOR"},{"catalog_number":"AG059327","name":"RIGHT HAND FAN"},{"catalog_number":"AG059326","name":"LEFT HAND FAN"},{"catalog_number":"AG059323","name":"MOUNTING BRACKET"},{"catalog_number":"AG059322","name":"SHAFT"},{"catalog_number":"AG059321","name":"MOUNTING"},{"catalog_number":"AG059320","name":"MOUNTING"},{"catalog_number":"AG059319","name":"BACK PLATE"},{"catalog_number":"AG059318","name":"BACK PLATE"},{"catalog_number":"AG059317","name":"MOUNTING"},{"catalog_number":"AG059316","name":"HANDLE"},{"catalog_number":"AG059315","name":"GUARD"},{"catalog_number":"AG059314","name":"PLATE"},{"catalog_number":"AG059313","name":"PLATE"},{"catalog_number":"AG059312","name":"SPACER"},{"catalog_number":"AG059310","name":"PIN"}]}