{"machinery_brand_name":"Ag-Chem","parts":[{"catalog_number":"GM30023045","name":"GRIMME PART"},{"catalog_number":"GM30023044","name":"GRIMME PART"},{"catalog_number":"GM30023031","name":"GRIMME PART"},{"catalog_number":"GM30023030","name":"GRIMME PART"},{"catalog_number":"GM30022946","name":"GRIMME PART"},{"catalog_number":"GM30022931","name":"GRIMME PART"},{"catalog_number":"GM30022871","name":"GRIMME PART"},{"catalog_number":"GM30022870","name":"GRIMME PART"},{"catalog_number":"GM30022869","name":"GRIMME PART"},{"catalog_number":"GM30022802","name":"GRIMME PART"},{"catalog_number":"GM30022771","name":"GRIMME PART"},{"catalog_number":"GM30022770","name":"BELT"},{"catalog_number":"GM30022769","name":"GRIMME PART"},{"catalog_number":"GM30022765","name":"GRIMME PART"},{"catalog_number":"GM30022764","name":"GRIMME PART"},{"catalog_number":"GM30022752","name":"GRIMME PART"},{"catalog_number":"GM30022655","name":"GRIMME PART"},{"catalog_number":"GM30022591","name":"GRIMME PART"},{"catalog_number":"GM30022590","name":"GRIMME PART"},{"catalog_number":"GM30022482","name":"GRIMME PART"},{"catalog_number":"GM30022470","name":"GRIMME PART"},{"catalog_number":"GM30022458","name":"GRIMME PART"},{"catalog_number":"GM30022241","name":"PIPE"},{"catalog_number":"GM30022240","name":"TUBE"},{"catalog_number":"GM30022239","name":"PIPE"},{"catalog_number":"GM30022203","name":"GRIMME PART"},{"catalog_number":"GM30022201","name":"GRIMME PART"},{"catalog_number":"GM30022108","name":"GRIMME PART"},{"catalog_number":"GM30021664","name":"GRIMME PART"},{"catalog_number":"GM30021663","name":"GRIMME PART"},{"catalog_number":"GM30021568","name":"GRIMME PART"},{"catalog_number":"GM30021492","name":"CONTROL"},{"catalog_number":"GM30021087","name":"GRIMME PART"},{"catalog_number":"GM30020851","name":"GRIMME PART"},{"catalog_number":"GM30020849","name":"BELT"},{"catalog_number":"GM30020844","name":"GRIMME PART"},{"catalog_number":"GM30020843","name":"GRIMME PART"},{"catalog_number":"GM30020841","name":"BELT"},{"catalog_number":"GM30020840","name":"GRIMME PART"},{"catalog_number":"GM30020839","name":"BAND"},{"catalog_number":"GM30020837","name":"GRIMME PART"},{"catalog_number":"GM30020836","name":"GRIMME PART"},{"catalog_number":"GM30020835","name":"GRIMME PART"},{"catalog_number":"GM30020833","name":"WEB"},{"catalog_number":"GM30020832","name":"GRIMME PART"},{"catalog_number":"GM30020830","name":"GRIMME PART"},{"catalog_number":"GM30020829","name":"GRIMME PART"},{"catalog_number":"GM30020634","name":"GRIMME PART"},{"catalog_number":"GM30020566","name":"GRIMME PART"},{"catalog_number":"GM30020551","name":"GRIMME PART"},{"catalog_number":"GM30020516","name":"GRIMME PART"},{"catalog_number":"GM30020514","name":"GRIMME PART"},{"catalog_number":"GM30020513","name":"GRIMME PART"},{"catalog_number":"GM30020452","name":"GRIMME PART"},{"catalog_number":"GM30020450","name":"GRIMME PART"},{"catalog_number":"GM30020445","name":"BOLT"},{"catalog_number":"GM30020335","name":"GRIMME PART"},{"catalog_number":"GM30020328","name":"GRIMME PART"},{"catalog_number":"GM30020296","name":"GRIMME PART"},{"catalog_number":"GM30020292","name":"GRIMME PART"},{"catalog_number":"GM30020289","name":"BELT"},{"catalog_number":"GM30020288","name":"GRIMME PART"},{"catalog_number":"GM30020282","name":"GRIMME PART"},{"catalog_number":"GM30020219","name":"GRIMME PART"},{"catalog_number":"GM30020205","name":"GRIMME PART"},{"catalog_number":"GM30020132","name":"GRIMME PART"},{"catalog_number":"GM30020048","name":"GRIMME PART"},{"catalog_number":"GM30020046","name":"GRIMME PART"},{"catalog_number":"GM30019980","name":"GRIMME PART"},{"catalog_number":"GM30019956","name":"GRIMME PART"},{"catalog_number":"GM30019820","name":"GRIMME PART"},{"catalog_number":"GM30019797","name":"GRIMME PART"},{"catalog_number":"GM30019795","name":"BELT"},{"catalog_number":"GM30019793","name":"BELT"},{"catalog_number":"GM30019641","name":"GRIMME PART"},{"catalog_number":"GM30019618","name":"GRIMME PART"},{"catalog_number":"GM30019349","name":"GRIMME PART"},{"catalog_number":"GM30019335","name":"GRIMME PART"},{"catalog_number":"GM30019296","name":"GRIMME PART"},{"catalog_number":"GM30019281","name":"GRIMME PART"},{"catalog_number":"GM30019045","name":"BOLT"},{"catalog_number":"GM30019044","name":"GRIMME PART"},{"catalog_number":"GM30019037","name":"GRIMME PART"},{"catalog_number":"GM30019036","name":"BELT"},{"catalog_number":"GM30019035","name":"BELT"},{"catalog_number":"GM30018963","name":"PART"},{"catalog_number":"GM30018807","name":"GRIMME PART"},{"catalog_number":"GM30018806","name":"GRIMME PART"},{"catalog_number":"GM30018728","name":"GRIMME PART"},{"catalog_number":"GM30018661","name":"GRIMME PART"},{"catalog_number":"GM30018660","name":"GRIMME PART"},{"catalog_number":"GM30018646","name":"PART"},{"catalog_number":"GM30018641","name":"GRIMME PART"},{"catalog_number":"GM30018637","name":"GRIMME PART"},{"catalog_number":"GM30018624","name":"GRIMME PART"},{"catalog_number":"GM30018520","name":"GRIMME PART"},{"catalog_number":"GM30018516","name":"GRIMME PART"},{"catalog_number":"GM30018515","name":"GRIMME PART"},{"catalog_number":"GM30018512","name":"GRIMME PART"},{"catalog_number":"GM30018511","name":"GRIMME PART"},{"catalog_number":"GM30018461","name":"GRIMME PART"},{"catalog_number":"GM30018445","name":"GRIMME PART"},{"catalog_number":"GM30018420","name":"GRIMME PART"},{"catalog_number":"GM30018407","name":"GRIMME PART"},{"catalog_number":"GM30018354","name":"LEVER"},{"catalog_number":"GM30018330","name":"GRIMME PART"},{"catalog_number":"GM30018232","name":"GRIMME PART"},{"catalog_number":"GM30018155","name":"GRIMME PART"},{"catalog_number":"GM30018151","name":"PART"},{"catalog_number":"GM30018133","name":"GRIMME PART"},{"catalog_number":"GM30018132","name":"GRIMME PART"},{"catalog_number":"GM30018130","name":"GRIMME PART"},{"catalog_number":"GM30018105","name":"GRIMME PART"},{"catalog_number":"GM30017783","name":"GRIMME PART"},{"catalog_number":"GM30017782","name":"GRIMME PART"},{"catalog_number":"GM30017781","name":"GRIMME PART"},{"catalog_number":"GM30017780","name":"GRIMME PART"},{"catalog_number":"GM30017733","name":"GRIMME PART"},{"catalog_number":"GM30017732","name":"GRIMME PART"},{"catalog_number":"GM30017687","name":"GRIMME PART"},{"catalog_number":"GM30017674","name":"GRIMME PART"},{"catalog_number":"GM30017664","name":"GRIMME PART"},{"catalog_number":"GM30017650","name":"GRIMME PART"},{"catalog_number":"GM30017616","name":"GRIMME PART"},{"catalog_number":"GM30017580","name":"GRIMME PART"},{"catalog_number":"GM30017573","name":"BUSH"},{"catalog_number":"GM30017411","name":"GRIMME PART"},{"catalog_number":"GM30017384","name":"GRIMME PART"},{"catalog_number":"GM30017370","name":"GRIMME PART"},{"catalog_number":"GM30017354","name":"GRIMME PART"},{"catalog_number":"GM30017335","name":"GRIMME PART"},{"catalog_number":"GM30017291","name":"GRIMME PART"},{"catalog_number":"GM30017112","name":"GRIMME PART"},{"catalog_number":"GM30017110","name":"GRIMME PART"},{"catalog_number":"GM30017109","name":"GRIMME PART"},{"catalog_number":"GM30017108","name":"GRIMME PART"},{"catalog_number":"GM30017101","name":"GRIMME PART"},{"catalog_number":"GM30017075","name":"GRIMME PART"},{"catalog_number":"GM30017074","name":"GRIMME PART"},{"catalog_number":"GM30017045","name":"GRIMME PART"},{"catalog_number":"GM30016822","name":"GRIMME PART"},{"catalog_number":"GM30016764","name":"GRIMME PART"},{"catalog_number":"GM30016763","name":"BELT"},{"catalog_number":"GM30016440","name":"GRIMME PART"},{"catalog_number":"GM30016439","name":"END"},{"catalog_number":"GM30016432","name":"GRIMME PART"},{"catalog_number":"GM30016426","name":"GRIMME PART"},{"catalog_number":"GM30016226","name":"GRIMME PART"},{"catalog_number":"GM30016134","name":"GRIMME PART"},{"catalog_number":"GM30016131","name":"GRIMME PART"},{"catalog_number":"GM30016087","name":"GRIMME PART"},{"catalog_number":"GM30016073","name":"GRIMME PART"},{"catalog_number":"GM30016072","name":"GRIMME PART"},{"catalog_number":"GM30015852","name":"GRIMME PART"},{"catalog_number":"GM30015851","name":"GRIMME PART"},{"catalog_number":"GM30015850","name":"GRIMME PART"},{"catalog_number":"GM30015849","name":"GRIMME PART"},{"catalog_number":"GM30015814","name":"GRIMME PART"},{"catalog_number":"GM30015812","name":"GRIMME PART"},{"catalog_number":"GM30015810","name":"GRIMME PART"},{"catalog_number":"GM30015724","name":"GRIMME PART"},{"catalog_number":"GM30015707","name":"GRIMME PART"},{"catalog_number":"GM30015695","name":"GRIMME PART"},{"catalog_number":"GM30015450","name":"GRIMME PART"},{"catalog_number":"GM30014984","name":"GRIMME PART"},{"catalog_number":"GM30014964","name":"GRIMME PART"},{"catalog_number":"GM30014963","name":"GRIMME PART"},{"catalog_number":"GM30014951","name":"GRIMME PART"},{"catalog_number":"GM30014811","name":"GRIMME PART"},{"catalog_number":"GM30014809","name":"GRIMME PART"},{"catalog_number":"GM30014807","name":"GRIMME PART"},{"catalog_number":"GM30014805","name":"GRIMME PART"},{"catalog_number":"GM30014793","name":"GRIMME PART"},{"catalog_number":"GM30014790","name":"GRIMME PART"},{"catalog_number":"GM30014785","name":"GRIMME PART"},{"catalog_number":"GM30014784","name":"GRIMME PART"},{"catalog_number":"GM30014780","name":"GRIMME PART"},{"catalog_number":"GM30014762","name":"GRIMME PART"},{"catalog_number":"GM30014248","name":"GRIMME PART"},{"catalog_number":"GM30014246","name":"GRIMME PART"},{"catalog_number":"GM30014245","name":"GRIMME PART"},{"catalog_number":"GM30014244","name":"GRIMME PART"},{"catalog_number":"GM30014243","name":"GRIMME PART"},{"catalog_number":"GM30014242","name":"GRIMME PART"},{"catalog_number":"GM30014166","name":"GRIMME PART"},{"catalog_number":"GM30014165","name":"GRIMME PART"},{"catalog_number":"GM30014164","name":"GRIMME PART"},{"catalog_number":"GM30014163","name":"GRIMME PART"},{"catalog_number":"GM30014162","name":"GRIMME PART"},{"catalog_number":"GM30014161","name":"GRIMME PART"},{"catalog_number":"GM30014134","name":"O RING"},{"catalog_number":"GM30013957","name":"GRIMME PART"},{"catalog_number":"GM30013949","name":"GRIMME PART"},{"catalog_number":"GM30013900","name":"GRIMME PART"},{"catalog_number":"GM30013888","name":"GRIMME PART"},{"catalog_number":"GM30013697","name":"GRIMME PART"},{"catalog_number":"GM30013616","name":"GRIMME PART"},{"catalog_number":"GM30013521","name":"GRIMME PART"},{"catalog_number":"GM30013520","name":"GRIMME PART"},{"catalog_number":"GM30013514","name":"GRIMME PART"},{"catalog_number":"GM30013449","name":"GRIMME PART"},{"catalog_number":"GM30013370","name":"GRIMME PART"},{"catalog_number":"GM30013109","name":"GRIMME PART"},{"catalog_number":"GM30012451","name":"GRIMME PART"},{"catalog_number":"GM30012444","name":"GRIMME PART"},{"catalog_number":"GM30012126","name":"GRIMME PART"},{"catalog_number":"GM30012097","name":"GRIMME PART"},{"catalog_number":"GM30011786","name":"GRIMME PART"},{"catalog_number":"GM30011643","name":"GRIMME PART"},{"catalog_number":"GM30011607","name":"GRIMME PART"},{"catalog_number":"GM30011554","name":"GRIMME PART"},{"catalog_number":"GM30011516","name":"GRIMME PART"},{"catalog_number":"GM30011404","name":"GRIMME PART"},{"catalog_number":"GM30011385","name":"GRIMME PART"},{"catalog_number":"GM30011371","name":"GRIMME PART"},{"catalog_number":"GM30011368","name":"GRIMME PART"},{"catalog_number":"GM30011367","name":"GRIMME PART"},{"catalog_number":"GM30011356","name":"GRIMME PART"},{"catalog_number":"GM30011294","name":"GRIMME PART"},{"catalog_number":"GM30011270","name":"GRIMME PART"},{"catalog_number":"GM30011269","name":"GRIMME PART"},{"catalog_number":"GM30011247","name":"GRIMME PART"},{"catalog_number":"GM30011193","name":"GRIMME PART"},{"catalog_number":"GM30011075","name":"GRIMME PART"},{"catalog_number":"GM30011074","name":"GRIMME PART"},{"catalog_number":"GM30010973","name":"GRIMME PART"},{"catalog_number":"GM30010958","name":"GRIMME PART"},{"catalog_number":"GM30010792","name":"GRIMME PART"},{"catalog_number":"GM30010631","name":"GRIMME PART"},{"catalog_number":"GM30010494","name":"GRIMME PART"},{"catalog_number":"GM30010488","name":"GRIMME PART"},{"catalog_number":"GM30010452","name":"GRIMME PART"},{"catalog_number":"GM30010451","name":"GRIMME PART"},{"catalog_number":"GM30010437","name":"GRIMME PART"},{"catalog_number":"GM20009185","name":"GRIMME PART"},{"catalog_number":"GM20009182","name":"GRIMME PART"},{"catalog_number":"GM20009181","name":"GRIMME PART"},{"catalog_number":"GM20009151","name":"GRIMME PART"},{"catalog_number":"GM20009150","name":"GRIMME PART"},{"catalog_number":"GM20009145","name":"GRIMME PART"},{"catalog_number":"GM20009144","name":"BALL BEARING"},{"catalog_number":"GM20009130","name":"GRIMME PART"},{"catalog_number":"GM20009129","name":"GRIMME PART"},{"catalog_number":"GM20009128","name":"GRIMME PART"},{"catalog_number":"GM20009119","name":"GRIMME PART"},{"catalog_number":"GM20009118","name":"GRIMME PART"},{"catalog_number":"GM20009114","name":"GRIMME PART"},{"catalog_number":"GM20009060","name":"GRIMME PART"},{"catalog_number":"GM20009059","name":"GRIMME PART"},{"catalog_number":"GM20009057","name":"GRIMME PART"},{"catalog_number":"GM20009052","name":"GRIMME PART"},{"catalog_number":"GM20009051","name":"GRIMME PART"},{"catalog_number":"GM20008894","name":"GRIMME PART"},{"catalog_number":"GM20008807","name":"ROD"},{"catalog_number":"GM20008793","name":"TOY"},{"catalog_number":"GM20008792","name":"GRIMME PART"},{"catalog_number":"GM20008788","name":"GRIMME PART"},{"catalog_number":"GM20008762","name":"GRIMME PART"},{"catalog_number":"GM20008721","name":"GRIMME PART"},{"catalog_number":"GM20008704","name":"PART"},{"catalog_number":"GM20008703","name":"GRIMME PART"},{"catalog_number":"GM20008674","name":"BEARING"},{"catalog_number":"GM20008672","name":"GRIMME PART"},{"catalog_number":"GM20008647","name":"BALL BEARING"},{"catalog_number":"GM20008562","name":"GRIMME PART"},{"catalog_number":"GM20008557","name":"GEARBOX"},{"catalog_number":"GM20008546","name":"GRIMME PART"},{"catalog_number":"GM20008541","name":"PART"},{"catalog_number":"GM20008510","name":"TRANSMISSION"},{"catalog_number":"GM20008509","name":"GRIMME PART"},{"catalog_number":"GM20008507","name":"GRIMME PART"},{"catalog_number":"GM20008504","name":"GRIMME PART"},{"catalog_number":"GM20008499","name":"SHAFT"},{"catalog_number":"GM20008497","name":"GRIMME PART"},{"catalog_number":"GM20008496","name":"GEAR,GEARBOX"},{"catalog_number":"GM20008483","name":"GRIMME PART"},{"catalog_number":"GM20008464","name":"GRIMME PART"},{"catalog_number":"GM20008460","name":"GRIMME PART"},{"catalog_number":"GM20008438","name":"GRIMME PART"},{"catalog_number":"GM20008424","name":"GRIMME PART"},{"catalog_number":"GM20008423","name":"GRIMME PART"},{"catalog_number":"GM20008411","name":"GRIMME PART"},{"catalog_number":"GM20008399","name":"GRIMME PART"},{"catalog_number":"GM20008364","name":"GRIMME PART"},{"catalog_number":"GM20008355","name":"GRIMME PART"},{"catalog_number":"GM20008350","name":"GRIMME PART"},{"catalog_number":"GM20008263","name":"GRIMME PART"},{"catalog_number":"GM20008262","name":"GRIMME PART"},{"catalog_number":"GM20008260","name":"ROLL"},{"catalog_number":"GM20008136","name":"GRIMME PART"},{"catalog_number":"GM20008124","name":"GRIMME PART"},{"catalog_number":"GM20008116","name":"GRIMME PART"},{"catalog_number":"GM20008053","name":"GRIMME PART"},{"catalog_number":"GM20008049","name":"GRIMME PART"},{"catalog_number":"GM20008031","name":"GRIMME PART"},{"catalog_number":"GM20007968","name":"GRIMME PART"},{"catalog_number":"GM20007967","name":"GRIMME PART"},{"catalog_number":"GM20007938","name":"FINGER"},{"catalog_number":"GM20007929","name":"GRIMME PART"},{"catalog_number":"GM20007918","name":"GRIMME PART"},{"catalog_number":"GM20007898","name":"GRIMME PART"},{"catalog_number":"GM20007893","name":"GRIMME PART"},{"catalog_number":"GM20007825","name":"GRIMME PART"},{"catalog_number":"GM20007824","name":"GRIMME PART"},{"catalog_number":"GM20007823","name":"GRIMME PART"},{"catalog_number":"GM20007819","name":"GRIMME PART"},{"catalog_number":"GM20007818","name":"GRIMME PART"},{"catalog_number":"GM20007784","name":"GRIMME PART"},{"catalog_number":"GM20007666","name":"GRIMME PART"},{"catalog_number":"GM20007624","name":"ROLLER"},{"catalog_number":"GM20007611","name":"GRIMME PART"},{"catalog_number":"GM20007605","name":"GRIMME PART"},{"catalog_number":"GM20007580","name":"GRIMME PART"},{"catalog_number":"GM20007579","name":"GRIMME PART"},{"catalog_number":"GM20007577","name":"AXLE"},{"catalog_number":"GM20007574","name":"GRIMME PART"},{"catalog_number":"GM20007518","name":"GRIMME PART"},{"catalog_number":"GM20007517","name":"GRIMME PART"},{"catalog_number":"GM20007513","name":"GRIMME PART"},{"catalog_number":"GM20007512","name":"GRIMME PART"},{"catalog_number":"GM20007168","name":"GRIMME PART"},{"catalog_number":"GM20007124","name":"GRIMME PART"},{"catalog_number":"GM20007117","name":"GRIMME PART"},{"catalog_number":"GM20007116","name":"GRIMME PART"},{"catalog_number":"GM20007113","name":"GRIMME PART"},{"catalog_number":"GM20006562","name":"VARIATOR"},{"catalog_number":"GM20006561","name":"GRIMME PART"},{"catalog_number":"GM20006560","name":"VARIATOR"},{"catalog_number":"GM20006526","name":"GRIMME PART"},{"catalog_number":"GM20006521","name":"GRIMME PART"},{"catalog_number":"GM20006505","name":"GRIMME PART"},{"catalog_number":"GM20006503","name":"GRIMME PART"},{"catalog_number":"GM20006490","name":"GRIMME PART"},{"catalog_number":"GM20006471","name":"GRIMME PART"},{"catalog_number":"GM20006470","name":"GRIMME PART"},{"catalog_number":"GM20006468","name":"HOUSING"},{"catalog_number":"GM20006467","name":"HOUSING"},{"catalog_number":"GM20006404","name":"GRIMME PART"},{"catalog_number":"GM20006377","name":"GRIMME PART"},{"catalog_number":"GM20006376","name":"GRIMME PART"},{"catalog_number":"GM20006350","name":"GRIMME PART"},{"catalog_number":"GM20006349","name":"RING"},{"catalog_number":"GM20006312","name":"BOLT"},{"catalog_number":"GM20006310","name":"DRIVE"},{"catalog_number":"GM20006306","name":"GRIMME PART"},{"catalog_number":"GM20006177","name":"GRIMME PART"},{"catalog_number":"GM20006176","name":"GRIMME PART"},{"catalog_number":"GM20006153","name":"GRIMME PART"},{"catalog_number":"GM20006106","name":"GRIMME PART"},{"catalog_number":"GM20006101","name":"GRIMME PART"},{"catalog_number":"GM20006069","name":"BEARING"},{"catalog_number":"GM20006068","name":"BEARING"},{"catalog_number":"GM20006050","name":"GRIMME PART"},{"catalog_number":"GM20006046","name":"GRIMME PART"},{"catalog_number":"GM20006044","name":"GRIMME PART"},{"catalog_number":"GM20005960","name":"GRIMME PART"},{"catalog_number":"GM20005893","name":"GRIMME PART"},{"catalog_number":"GM20005876","name":"FINGER"},{"catalog_number":"GM20005875","name":"GRIMME PART"},{"catalog_number":"GM20005832","name":"GRIMME PART"},{"catalog_number":"GM20005825","name":"GRIMME PART"},{"catalog_number":"GM20005824","name":"BEARING"},{"catalog_number":"GM20005823","name":"GRIMME PART"},{"catalog_number":"GM20005772","name":"GRIMME PART"},{"catalog_number":"GM20005771","name":"GRIMME PART"},{"catalog_number":"GM20005770","name":"GRIMME PART"},{"catalog_number":"GM20005769","name":"GRIMME PART"},{"catalog_number":"GM20005748","name":"PART"},{"catalog_number":"GM20005747","name":"GRIMME PART"},{"catalog_number":"GM20005744","name":"GRIMME PART"},{"catalog_number":"GM20005743","name":"GRIMME PART"},{"catalog_number":"GM20005730","name":"GRIMME PART"},{"catalog_number":"GM20005722","name":"GRIMME PART"},{"catalog_number":"GM20005703","name":"GRIMME PART"},{"catalog_number":"GM20005697","name":"BALL BEARING"},{"catalog_number":"GM20005696","name":"BEARING"},{"catalog_number":"GM20005695","name":"GRIMME PART"},{"catalog_number":"GM20005690","name":"BALL BEARING"},{"catalog_number":"GM20005659","name":"BALL BEARING"},{"catalog_number":"GM20005657","name":"GRIMME PART"},{"catalog_number":"GM20005655","name":"GRIMME PART"},{"catalog_number":"GM20005614","name":"GRIMME PART"},{"catalog_number":"GM20005613","name":"BEARING"},{"catalog_number":"GM20005604","name":"GRIMME PART"},{"catalog_number":"GM20005565","name":"GRIMME PART"},{"catalog_number":"GM20005522","name":"GRIMME PART"},{"catalog_number":"GM20005479","name":"GRIMME PART"},{"catalog_number":"GM20005467","name":"GRIMME PART"},{"catalog_number":"GM20005446","name":"GRIMME PART"},{"catalog_number":"GM20005445","name":"GRIMME PART"},{"catalog_number":"GM20005444","name":"GRIMME PART"},{"catalog_number":"GM20005443","name":"GRIMME PART"},{"catalog_number":"GM20005442","name":"GRIMME PART"},{"catalog_number":"GM20005437","name":"PART"},{"catalog_number":"GM20005426","name":"GRIMME PART"},{"catalog_number":"GM20005415","name":"GRIMME PART"},{"catalog_number":"GM20005413","name":"GRIMME PART"},{"catalog_number":"GM20005406","name":"GRIMME PART"},{"catalog_number":"GM20005402","name":"GRIMME PART"},{"catalog_number":"GM20005388","name":"GRIMME PART"},{"catalog_number":"GM20005380","name":"GRIMME PART"},{"catalog_number":"GM20005358","name":"GRIMME PART"},{"catalog_number":"GM20005355","name":"GRIMME PART"},{"catalog_number":"GM20005354","name":"GRIMME PART"},{"catalog_number":"GM20005353","name":"GRIMME PART"},{"catalog_number":"GM20005351","name":"GRIMME PART"},{"catalog_number":"GM20005343","name":"HOUSING"},{"catalog_number":"GM20005341","name":"GRIMME PART"},{"catalog_number":"GM20005339","name":"FLANGE"},{"catalog_number":"GM20005337","name":"GRIMME PART"},{"catalog_number":"GM20005336","name":"GRIMME PART"},{"catalog_number":"GM20005335","name":"GRIMME PART"},{"catalog_number":"GM20005333","name":"GRIMME PART"},{"catalog_number":"GM20005331","name":"GRIMME PART"},{"catalog_number":"GM20005327","name":"GRIMME PART"},{"catalog_number":"GM20005322","name":"GRIMME PART"},{"catalog_number":"GM20005315","name":"GRIMME PART"},{"catalog_number":"GM20005291","name":"GRIMME PART"},{"catalog_number":"GM20005283","name":"GRIMME PART"},{"catalog_number":"GM20005279","name":"SUPPORT"},{"catalog_number":"GM20005266","name":"GRIMME PART"},{"catalog_number":"GM20005262","name":"GRIMME PART"},{"catalog_number":"GM20005261","name":"GRIMME PART"},{"catalog_number":"GM20005260","name":"GRIMME PART"},{"catalog_number":"GM20005246","name":"STOP"},{"catalog_number":"GM20005239","name":"GRIMME PART"},{"catalog_number":"GM20005237","name":"GRIMME PART"},{"catalog_number":"GM20005236","name":"GRIMME PART"},{"catalog_number":"GM20005226","name":"GRIMME PART"},{"catalog_number":"GM20005193","name":"GRIMME PART"},{"catalog_number":"GM20005188","name":"GRIMME PART"},{"catalog_number":"GM20005186","name":"GRIMME PART"},{"catalog_number":"GM20005170","name":"PART"},{"catalog_number":"GM20005169","name":"GRIMME PART"},{"catalog_number":"GM20005168","name":"ROLL"},{"catalog_number":"GM20005150","name":"GRIMME PART"},{"catalog_number":"GM20005128","name":"GRIMME PART"},{"catalog_number":"GM20005127","name":"GRIMME PART"},{"catalog_number":"GM20005125","name":"GRIMME PART"},{"catalog_number":"GM20005124","name":"GRIMME PART"},{"catalog_number":"GM20005123","name":"BAR"},{"catalog_number":"GM20005110","name":"PART"},{"catalog_number":"GM20005104","name":"GRIMME PART"},{"catalog_number":"GM20005103","name":"PULLEY"},{"catalog_number":"GM20005099","name":"GRIMME PART"},{"catalog_number":"GM20005098","name":"GRIMME PART"},{"catalog_number":"GM20005085","name":"GRIMME PART"},{"catalog_number":"GM20005084","name":"GRIMME PART"},{"catalog_number":"GM20005083","name":"GRIMME PART"},{"catalog_number":"GM20005082","name":"GRIMME PART"},{"catalog_number":"GM20005081","name":"GRIMME PART"},{"catalog_number":"GM20005080","name":"GRIMME PART"},{"catalog_number":"GM20005073","name":"GRIMME PART"},{"catalog_number":"GM20005064","name":"GRIMME PART"},{"catalog_number":"GM20005060","name":"GRIMME PART"},{"catalog_number":"GM20005059","name":"GRIMME PART"},{"catalog_number":"GM20005058","name":"GRIMME PART"},{"catalog_number":"GM20005057","name":"GRIMME PART"},{"catalog_number":"GM20005047","name":"GRIMME PART"},{"catalog_number":"GM20005005","name":"GRIMME PART"},{"catalog_number":"GM20004992","name":"GRIMME PART"},{"catalog_number":"GM20004986","name":"GRIMME PART"},{"catalog_number":"GM20004981","name":"GRIMME PART"},{"catalog_number":"GM20004950","name":"GRIMME PART"},{"catalog_number":"GM20004949","name":"GRIMME PART"},{"catalog_number":"GM20004867","name":"PART"},{"catalog_number":"GM20004845","name":"GRIMME PART"},{"catalog_number":"GM20004779","name":"ROLL"},{"catalog_number":"GM20004747","name":"GRIMME PART"},{"catalog_number":"GM20004744","name":"GRIMME PART"},{"catalog_number":"GM20004741","name":"GRIMME PART"},{"catalog_number":"GM20004727","name":"GRIMME PART"},{"catalog_number":"GM20004712","name":"GRIMME PART"},{"catalog_number":"GM20004672","name":"GRIMME PART"},{"catalog_number":"GM20004659","name":"GRIMME PART"},{"catalog_number":"GM20004654","name":"GRIMME PART"},{"catalog_number":"GM20004645","name":"GRIMME PART"},{"catalog_number":"GM20004637","name":"GRIMME PART"},{"catalog_number":"GM20004625","name":"GRIMME PART"},{"catalog_number":"GM20004624","name":"GRIMME PART"},{"catalog_number":"GM20004622","name":"GRIMME PART"},{"catalog_number":"GM20004615","name":"GRIMME PART"},{"catalog_number":"GM20004614","name":"GRIMME PART"},{"catalog_number":"GM20004613","name":"GRIMME PART"},{"catalog_number":"GM20004612","name":"GRIMME PART"},{"catalog_number":"GM20004605","name":"GRIMME PART"},{"catalog_number":"GM20004590","name":"GRIMME PART"},{"catalog_number":"GM20004589","name":"GRIMME PART"},{"catalog_number":"GM20004582","name":"GRIMME PART"},{"catalog_number":"GM20004545","name":"GRIMME PART"},{"catalog_number":"GM20004533","name":"GRIMME PART"},{"catalog_number":"GM20004532","name":"GRIMME PART"},{"catalog_number":"GM20004439","name":"GRIMME PART"},{"catalog_number":"GM20004367","name":"GRIMME PART"},{"catalog_number":"GM20004363","name":"GRIMME PART"},{"catalog_number":"GM20004362","name":"GRIMME PART"},{"catalog_number":"GM20004227","name":"GRIMME PART"},{"catalog_number":"GM20004208","name":"GRIMME PART"},{"catalog_number":"GM20004174","name":"GRIMME PART"},{"catalog_number":"GM20004170","name":"CLUTCH"},{"catalog_number":"GM20004163","name":"MAT"},{"catalog_number":"GM20004154","name":"BAR"},{"catalog_number":"GM20004143","name":"GRIMME PART"},{"catalog_number":"GM20004139","name":"GRIMME PART"},{"catalog_number":"GM20004138","name":"GRIMME PART"},{"catalog_number":"GM20003999","name":"GRIMME PART"},{"catalog_number":"GM20003971","name":"GRIMME PART"},{"catalog_number":"GM20003955","name":"GRIMME PART"},{"catalog_number":"GM20003953","name":"GRIMME PART"},{"catalog_number":"GM20003760","name":"GRIMME PART"},{"catalog_number":"GM20003733","name":"GRIMME PART"},{"catalog_number":"GM20003713","name":"GRIMME PART"},{"catalog_number":"GM20003712","name":"GRIMME PART"},{"catalog_number":"GM20003695","name":"GRIMME PART"},{"catalog_number":"GM20003694","name":"GRIMME PART"},{"catalog_number":"GM20003584","name":"GRIMME PART"},{"catalog_number":"GM20003575","name":"GRIMME PART"},{"catalog_number":"GM20003570","name":"GRIMME PART"},{"catalog_number":"GM20003513","name":"GRIMME PART"},{"catalog_number":"GM20003500","name":"BEARING"},{"catalog_number":"GM20003491","name":"GRIMME PART"},{"catalog_number":"GM20003487","name":"GRIMME PART"},{"catalog_number":"GM20003472","name":"BEARING"},{"catalog_number":"GM20003441","name":"GRIMME PART"},{"catalog_number":"GM20003437","name":"GRIMME PART"},{"catalog_number":"GM20003433","name":"GRIMME PART"},{"catalog_number":"GM20003432","name":"GRIMME PART"},{"catalog_number":"GM20003431","name":"GRIMME PART"},{"catalog_number":"GM20003417","name":"GRIMME PART"},{"catalog_number":"GM20003217","name":"BELT"},{"catalog_number":"GM20003144","name":"GRIMME PART"},{"catalog_number":"GM20003090","name":"GRIMME PART"},{"catalog_number":"GM20003089","name":"GRIMME PART"},{"catalog_number":"GM20003072","name":"GRIMME PART"},{"catalog_number":"GM20003023","name":"GRIMME PART"},{"catalog_number":"GM20002944","name":"PART"},{"catalog_number":"GM20002931","name":"GRIMME PART"},{"catalog_number":"GM20002930","name":"BELT"},{"catalog_number":"GM20002920","name":"GRIMME PART"},{"catalog_number":"GM20002869","name":"ROLL"},{"catalog_number":"GM20002835","name":"DISC"},{"catalog_number":"GM20002725","name":"WHEEL"},{"catalog_number":"GM20002680","name":"PART"},{"catalog_number":"GM20002674","name":"GRIMME PART"},{"catalog_number":"GM20002541","name":"GRIMME PART"},{"catalog_number":"GM20002478","name":"GRIMME PART"},{"catalog_number":"GM20002474","name":"GRIMME PART"},{"catalog_number":"GM20002343","name":"PART"},{"catalog_number":"GM20002307","name":"GRIMME PART"},{"catalog_number":"GM20002278","name":"GRIMME PART"},{"catalog_number":"GM20002250","name":"GRIMME PART"},{"catalog_number":"GM20002068","name":"GRIMME PART"},{"catalog_number":"GM20002035","name":"GRIMME PART"},{"catalog_number":"GM20002034","name":"GRIMME PART"},{"catalog_number":"GM20001972","name":"GRIMME PART"},{"catalog_number":"GM20001940","name":"PART"},{"catalog_number":"GM20001920","name":"PART"},{"catalog_number":"GM20001877","name":"GRIMME PART"},{"catalog_number":"GM20001866","name":"GRIMME PART"},{"catalog_number":"GM20001844","name":"GRIMME PART"},{"catalog_number":"GM20001752","name":"GRIMME PART"},{"catalog_number":"GM20001651","name":"GRIMME PART"},{"catalog_number":"GM20001583","name":"ROLL"},{"catalog_number":"GM20001582","name":"ROLLER"},{"catalog_number":"GM20001452","name":"GRIMME PART"},{"catalog_number":"GM20001313","name":"GRIMME PART"},{"catalog_number":"GM20001216","name":"GRIMME PART"},{"catalog_number":"GM20001210","name":"GRIMME PART"},{"catalog_number":"GM20001195","name":"GRIMME PART"},{"catalog_number":"GM20001192","name":"GRIMME PART"},{"catalog_number":"GM20001174","name":"GRIMME PART"},{"catalog_number":"GM20001165","name":"GRIMME PART"},{"catalog_number":"GM20001163","name":"GRIMME PART"},{"catalog_number":"GM20001156","name":"GRIMME PART"},{"catalog_number":"GM20001111","name":"GRIMME PART"},{"catalog_number":"GM20001107","name":"GRIMME PART"},{"catalog_number":"GM20001104","name":"GRIMME PART"},{"catalog_number":"GM20001101","name":"GRIMME PART"},{"catalog_number":"GM20001004","name":"ROLL"},{"catalog_number":"GM20000992","name":"GRIMME PART"},{"catalog_number":"GM20000989","name":"GRIMME PART"},{"catalog_number":"GM20000988","name":"GRIMME PART"},{"catalog_number":"GM20000981","name":"GRIMME PART"},{"catalog_number":"GM20000925","name":"GRIMME PART"},{"catalog_number":"GM20000923","name":"GRIMME PART"},{"catalog_number":"GM20000922","name":"GRIMME PART"},{"catalog_number":"GM20000921","name":"GRIMME PART"},{"catalog_number":"GM20000851","name":"GRIMME PART"},{"catalog_number":"GM20000834","name":"GRIMME PART"},{"catalog_number":"GM20000831","name":"GRIMME PART"},{"catalog_number":"GM20000830","name":"GRIMME PART"},{"catalog_number":"GM20000824","name":"GRIMME PART"},{"catalog_number":"GM20000821","name":"ROLLER"},{"catalog_number":"GM20000811","name":"GRIMME PART"},{"catalog_number":"GM20000807","name":"ROLL"},{"catalog_number":"GM20000772","name":"GRIMME PART"},{"catalog_number":"GM20000750","name":"GRIMME PART"},{"catalog_number":"GM20000710","name":"GRIMME PART"},{"catalog_number":"GM20000607","name":"TRANSMISSION"},{"catalog_number":"GM20000606","name":"GRIMME PART"}]}