{"machinery_brand_name":"Ag-Chem","parts":[{"catalog_number":"GMB9501046","name":"GRIMME PART"},{"catalog_number":"GMB9501045","name":"GRIMME PART"},{"catalog_number":"GMB9501033","name":"GRIMME PART"},{"catalog_number":"GMB9501031","name":"GRIMME PART"},{"catalog_number":"GMB9501022","name":"GRIMME PART"},{"catalog_number":"GMB9501016","name":"GRIMME PART"},{"catalog_number":"GMB9501015","name":"GRIMME PART"},{"catalog_number":"GMB9501014","name":"GRIMME PART"},{"catalog_number":"GMB9501009","name":"GRIMME PART"},{"catalog_number":"GMB9501007","name":"GRIMME PART"},{"catalog_number":"GMB9501005","name":"GRIMME PART"},{"catalog_number":"GMB9501004","name":"GRIMME PART"},{"catalog_number":"GMB9501003","name":"GRIMME PART"},{"catalog_number":"GMB9501002","name":"GRIMME PART"},{"catalog_number":"GMB9501001","name":"GRIMME PART"},{"catalog_number":"GMB9501000","name":"GRIMME PART"},{"catalog_number":"GMB9500558","name":"GRIMME PART"},{"catalog_number":"GMB9500553","name":"GRIMME PART"},{"catalog_number":"GMB9500552","name":"GRIMME PART"},{"catalog_number":"GMB9500550","name":"GRIMME PART"},{"catalog_number":"GMB9500549","name":"GRIMME PART"},{"catalog_number":"GMB9500547","name":"GRIMME PART"},{"catalog_number":"GMB9500546","name":"GRIMME PART"},{"catalog_number":"GMB9500545","name":"GRIMME PART"},{"catalog_number":"GMB9500544","name":"GRIMME PART"},{"catalog_number":"GMB9500543","name":"CHAIN"},{"catalog_number":"GMB9500542","name":"GRIMME PART"},{"catalog_number":"GMB9500541","name":"GRIMME PART"},{"catalog_number":"GMB9500539","name":"GRIMME PART"},{"catalog_number":"GMB9500538","name":"GRIMME PART"},{"catalog_number":"GMB9500537","name":"GRIMME PART"},{"catalog_number":"GMB9500536","name":"GRIMME PART"},{"catalog_number":"GMB9500535","name":"GRIMME PART"},{"catalog_number":"GMB9500533","name":"GRIMME PART"},{"catalog_number":"GMB9500531","name":"GRIMME PART"},{"catalog_number":"GMB9500529","name":"GRIMME PART"},{"catalog_number":"GMB9500526","name":"GRIMME PART"},{"catalog_number":"GMB9500525","name":"GRIMME PART"},{"catalog_number":"GMB9500524","name":"GRIMME PART"},{"catalog_number":"GMB9500522","name":"GRIMME PART"},{"catalog_number":"GMB9500520","name":"GRIMME PART"},{"catalog_number":"GMB9500517","name":"GRIMME PART"},{"catalog_number":"GMB9500516","name":"GRIMME PART"},{"catalog_number":"GMB9500515","name":"GRIMME PART"},{"catalog_number":"GMB9500513","name":"GRIMME PART"},{"catalog_number":"GMB9500512","name":"GRIMME PART"},{"catalog_number":"GMB9500511","name":"GRIMME PART"},{"catalog_number":"GMB9500510","name":"GRIMME PART"},{"catalog_number":"GMB9500509","name":"KNOTTER"},{"catalog_number":"GMB9500506","name":"GRIMME PART"},{"catalog_number":"GMB9500501","name":"GRIMME PART"},{"catalog_number":"GMB9500120","name":"FLANGE"},{"catalog_number":"GMB9500025","name":"GRIMME PART"},{"catalog_number":"GMB9500009","name":"COUPLING"},{"catalog_number":"GMB9500008","name":"PART"},{"catalog_number":"GMB9404292","name":"CAN"},{"catalog_number":"GMB9403489","name":"GRIMME PART"},{"catalog_number":"GMB9403482","name":"SENSOR"},{"catalog_number":"GMB9403474","name":"FLANGE"},{"catalog_number":"GMB9403473","name":"PIN"},{"catalog_number":"GMB9403426","name":"GRIMME PART"},{"catalog_number":"GMB9403425","name":"GRIMME PART"},{"catalog_number":"GMB9403410","name":"LOCK"},{"catalog_number":"GMB9403404","name":"MAGNET"},{"catalog_number":"GMB9403369","name":"GRIMME PART"},{"catalog_number":"GMB9403351","name":"GRIMME PART"},{"catalog_number":"GMB9403339","name":"POWER PACK"},{"catalog_number":"GMB9403338","name":"GRIMME PART"},{"catalog_number":"GMB9403337","name":"TOOTH"},{"catalog_number":"GMB9403330","name":"RELAY"},{"catalog_number":"GMB9403268","name":"GRIMME PART"},{"catalog_number":"GMB9403264","name":"SENSOR"},{"catalog_number":"GMB9403253","name":"REDUCER"},{"catalog_number":"GMB9403246","name":"CONTROL"},{"catalog_number":"GMB9403240","name":"GRIMME PART"},{"catalog_number":"GMB9403230","name":"GRIMME PART"},{"catalog_number":"GMB9403228","name":"THERMOSTAT"},{"catalog_number":"GMB9403227","name":"CAP"},{"catalog_number":"GMB9403223","name":"THERMOSTAT"},{"catalog_number":"GMB9403222","name":"THERMOSTAT"},{"catalog_number":"GMB9403218","name":"GRIMME PART"},{"catalog_number":"GMB9403217","name":"GRIMME PART"},{"catalog_number":"GMB9403216","name":"GRIMME PART"},{"catalog_number":"GMB9403204","name":"SAFETY DEVICE"},{"catalog_number":"GMB9403203","name":"SAFETY DEVICE"},{"catalog_number":"GMB9403196","name":"GRIMME PART"},{"catalog_number":"GMB9403143","name":"MOTOR"},{"catalog_number":"GMB9403114","name":"GRIMME PART"},{"catalog_number":"GMB9403113","name":"COUPLER"},{"catalog_number":"GMB9403112","name":"COUPLER"},{"catalog_number":"GMB9403110","name":"GRIMME PART"},{"catalog_number":"GMB9403098","name":"ADAPTER"},{"catalog_number":"GMB9403076","name":"GRIMME PART"},{"catalog_number":"GMB9403062","name":"SENSOR"},{"catalog_number":"GMB9403053","name":"HARNESS"},{"catalog_number":"GMB9403029","name":"GRIMME PART"},{"catalog_number":"GMB9403022","name":"GRIMME PART"},{"catalog_number":"GMB9403001","name":"GRIMME PART"},{"catalog_number":"GMB9403000","name":"GRIMME PART"},{"catalog_number":"GMB9402996","name":"HARNESS"},{"catalog_number":"GMB9402993","name":"PROTECTION"},{"catalog_number":"GMB9402984","name":"GRIMME PART"},{"catalog_number":"GMB9402976","name":"GRIMME PART"},{"catalog_number":"GMB9402975","name":"GRIMME PART"},{"catalog_number":"GMB9402973","name":"GRIMME PART"},{"catalog_number":"GMB9402972","name":"GRIMME PART"},{"catalog_number":"GMB9402971","name":"GRIMME PART"},{"catalog_number":"GMB9402947","name":"MOTOR"},{"catalog_number":"GMB9402946","name":"HARNESS"},{"catalog_number":"GMB9402941","name":"HARNESS"},{"catalog_number":"GMB9402937","name":"HARNESS"},{"catalog_number":"GMB9402936","name":"HARNESS"},{"catalog_number":"GMB9402934","name":"HARNESS"},{"catalog_number":"GMB9402932","name":"HARNESS"},{"catalog_number":"GMB9402931","name":"HARNESS"},{"catalog_number":"GMB9402930","name":"HARNESS"},{"catalog_number":"GMB9402929","name":"SENSOR"},{"catalog_number":"GMB9402928","name":"HARNESS"},{"catalog_number":"GMB9402918","name":"CONTROL UNIT"},{"catalog_number":"GMB9402917","name":"GRIMME PART"},{"catalog_number":"GMB9402889","name":"GRIMME PART"},{"catalog_number":"GMB9402886","name":"HEAD LIGHT"},{"catalog_number":"GMB9402881","name":"COVER"},{"catalog_number":"GMB9402878","name":"HARNESS"},{"catalog_number":"GMB9402877","name":"COUPLER"},{"catalog_number":"GMB9402876","name":"PLUG"},{"catalog_number":"GMB9402872","name":"EXTENSION"},{"catalog_number":"GMB9402871","name":"EXTENSION"},{"catalog_number":"GMB9402866","name":"ACTUATOR"},{"catalog_number":"GMB9402865","name":"ACTUATOR"},{"catalog_number":"GMB9402864","name":"MOTOR"},{"catalog_number":"GMB9402863","name":"GRIMME PART"},{"catalog_number":"GMB9402862","name":"GRIMME PART"},{"catalog_number":"GMB9402861","name":"GRIMME PART"},{"catalog_number":"GMB9402860","name":"GRIMME PART"},{"catalog_number":"GMB9402859","name":"GRIMME PART"},{"catalog_number":"GMB9402852","name":"GRIMME PART"},{"catalog_number":"GMB9402807","name":"GRIMME PART"},{"catalog_number":"GMB9402792","name":"SOCKET"},{"catalog_number":"GMB9402784","name":"HEAD LIGHT"},{"catalog_number":"GMB9402783","name":"HEAD LIGHT"},{"catalog_number":"GMB9402773","name":"HEAD LIGHT"},{"catalog_number":"GMB9402771","name":"EXTENSION"},{"catalog_number":"GMB9402766","name":"PROTECTION"},{"catalog_number":"GMB9402762","name":"GRIMME PART"},{"catalog_number":"GMB9402736","name":"GRIMME PART"},{"catalog_number":"GMB9402717","name":"GRIMME PART"},{"catalog_number":"GMB9402706","name":"GRIMME PART"},{"catalog_number":"GMB9402693","name":"GRIMME PART"},{"catalog_number":"GMB9402678","name":"HARNESS"},{"catalog_number":"GMB9402676","name":"GRIMME PART"},{"catalog_number":"GMB9402666","name":"PLUG"},{"catalog_number":"GMB9402665","name":"PLUG"},{"catalog_number":"GMB9402664","name":"PLUG"},{"catalog_number":"GMB9402663","name":"PLUG"},{"catalog_number":"GMB9402662","name":"CASE"},{"catalog_number":"GMB9402661","name":"CASE"},{"catalog_number":"GMB9402660","name":"GRIMME PART"},{"catalog_number":"GMB9402653","name":"COUPLER"},{"catalog_number":"GMB9402631","name":"HARNESS"},{"catalog_number":"GMB9402630","name":"HARNESS"},{"catalog_number":"GMB9402628","name":"GRIMME PART"},{"catalog_number":"GMB9402626","name":"GRIMME PART"},{"catalog_number":"GMB9402611","name":"GRIMME PART"},{"catalog_number":"GMB9402609","name":"HARNESS"},{"catalog_number":"GMB9402607","name":"HARNESS"},{"catalog_number":"GMB9402601","name":"HARNESS"},{"catalog_number":"GMB9402600","name":"HARNESS"},{"catalog_number":"GMB9402598","name":"GRIMME PART"},{"catalog_number":"GMB9402595","name":"HARNESS"},{"catalog_number":"GMB9402592","name":"GRIMME PART"},{"catalog_number":"GMB9402591","name":"GRIMME PART"},{"catalog_number":"GMB9402590","name":"GRIMME PART"},{"catalog_number":"GMB9402589","name":"GRIMME PART"},{"catalog_number":"GMB9402588","name":"GRIMME PART"},{"catalog_number":"GMB9402587","name":"GRIMME PART"},{"catalog_number":"GMB9402586","name":"GRIMME PART"},{"catalog_number":"GMB9402585","name":"GRIMME PART"},{"catalog_number":"GMB9402584","name":"GRIMME PART"},{"catalog_number":"GMB9402583","name":"GRIMME PART"},{"catalog_number":"GMB9402582","name":"COVER"},{"catalog_number":"GMB9402581","name":"GRIMME PART"},{"catalog_number":"GMB9402580","name":"GRIMME PART"},{"catalog_number":"GMB9402579","name":"GRIMME PART"},{"catalog_number":"GMB9402578","name":"PLUG"},{"catalog_number":"GMB9402571","name":"LIGHT"},{"catalog_number":"GMB9402570","name":"LIGHT"},{"catalog_number":"GMB9402569","name":"CATCH"},{"catalog_number":"GMB9402561","name":"GRIMME PART"},{"catalog_number":"GMB9402559","name":"ADAPTER"},{"catalog_number":"GMB9402552","name":"GRIMME PART"},{"catalog_number":"GMB9402549","name":"GRIMME PART"},{"catalog_number":"GMB9402546","name":"GRIMME PART"},{"catalog_number":"GMB9402545","name":"GRIMME PART"},{"catalog_number":"GMB9402537","name":"GRIMME PART"},{"catalog_number":"GMB9402536","name":"GRIMME PART"},{"catalog_number":"GMB9402524","name":"GRIMME PART"},{"catalog_number":"GMB9402522","name":"GRIMME PART"},{"catalog_number":"GMB9402521","name":"GRIMME PART"},{"catalog_number":"GMB9402520","name":"GRIMME PART"},{"catalog_number":"GMB9402519","name":"GRIMME PART"},{"catalog_number":"GMB9402514","name":"GRIMME PART"},{"catalog_number":"GMB9402479","name":"GRIMME PART"},{"catalog_number":"GMB9402478","name":"GRIMME PART"},{"catalog_number":"GMB9402476","name":"HARNESS"},{"catalog_number":"GMB9402473","name":"GRIMME PART"},{"catalog_number":"GMB9402472","name":"GRIMME PART"},{"catalog_number":"GMB9402470","name":"GRIMME PART"},{"catalog_number":"GMB9402469","name":"HARNESS"},{"catalog_number":"GMB9402468","name":"PROTECTION"},{"catalog_number":"GMB9402467","name":"PLUG"},{"catalog_number":"GMB9402466","name":"GRIMME PART"},{"catalog_number":"GMB9402463","name":"GRIMME PART"},{"catalog_number":"GMB9402461","name":"GRIMME PART"},{"catalog_number":"GMB9402460","name":"GRIMME PART"},{"catalog_number":"GMB9402459","name":"GRIMME PART"},{"catalog_number":"GMB9402457","name":"GRIMME PART"},{"catalog_number":"GMB9402456","name":"GRIMME PART"},{"catalog_number":"GMB9402455","name":"GRIMME PART"},{"catalog_number":"GMB9402453","name":"GRIMME PART"},{"catalog_number":"GMB9402452","name":"GRIMME PART"},{"catalog_number":"GMB9402451","name":"DISC"},{"catalog_number":"GMB9402444","name":"GRIMME PART"},{"catalog_number":"GMB9402439","name":"GRIMME PART"},{"catalog_number":"GMB9402437","name":"GRIMME PART"},{"catalog_number":"GMB9402436","name":"GRIMME PART"},{"catalog_number":"GMB9402434","name":"GRIMME PART"},{"catalog_number":"GMB9402432","name":"GRIMME PART"},{"catalog_number":"GMB9402431","name":"GRIMME PART"},{"catalog_number":"GMB9402430","name":"GRIMME PART"},{"catalog_number":"GMB9402428","name":"GRIMME PART"},{"catalog_number":"GMB9402425","name":"GRIMME PART"},{"catalog_number":"GMB9402420","name":"GRIMME PART"},{"catalog_number":"GMB9402417","name":"GRIMME PART"},{"catalog_number":"GMB9402410","name":"GRIMME PART"},{"catalog_number":"GMB9402403","name":"GRIMME PART"},{"catalog_number":"GMB9402402","name":"GRIMME PART"},{"catalog_number":"GMB9402400","name":"GRIMME PART"},{"catalog_number":"GMB9402393","name":"GRIMME PART"},{"catalog_number":"GMB9402391","name":"GRIMME PART"},{"catalog_number":"GMB9402390","name":"GRIMME PART"},{"catalog_number":"GMB9402389","name":"GRIMME PART"},{"catalog_number":"GMB9402388","name":"GRIMME PART"},{"catalog_number":"GMB9402387","name":"STOP"},{"catalog_number":"GMB9402386","name":"GRIMME PART"},{"catalog_number":"GMB9402385","name":"GRIMME PART"},{"catalog_number":"GMB9402384","name":"GRIMME PART"},{"catalog_number":"GMB9402383","name":"GRIMME PART"},{"catalog_number":"GMB9402382","name":"GRIMME PART"},{"catalog_number":"GMB9402381","name":"GRIMME PART"},{"catalog_number":"GMB9402380","name":"GRIMME PART"},{"catalog_number":"GMB9402379","name":"GRIMME PART"},{"catalog_number":"GMB9402378","name":"GRIMME PART"},{"catalog_number":"GMB9402377","name":"GRIMME PART"},{"catalog_number":"GMB9402375","name":"SENSOR"},{"catalog_number":"GMB9402370","name":"GRIMME PART"},{"catalog_number":"GMB9402369","name":"GRIMME PART"},{"catalog_number":"GMB9402368","name":"COUPLER"},{"catalog_number":"GMB9402366","name":"GRIMME PART"},{"catalog_number":"GMB9402365","name":"GRIMME PART"},{"catalog_number":"GMB9402361","name":"GRIMME PART"},{"catalog_number":"GMB9402355","name":"GRIMME PART"},{"catalog_number":"GMB9402351","name":"GRIMME PART"},{"catalog_number":"GMB9402350","name":"GRIMME PART"},{"catalog_number":"GMB9402348","name":"GRIMME PART"},{"catalog_number":"GMB9402342","name":"GRIMME PART"},{"catalog_number":"GMB9402341","name":"GRIMME PART"},{"catalog_number":"GMB9402340","name":"GRIMME PART"},{"catalog_number":"GMB9402338","name":"GRIMME PART"},{"catalog_number":"GMB9402337","name":"GRIMME PART"},{"catalog_number":"GMB9402333","name":"FOOT"},{"catalog_number":"GMB9402330","name":"GRIMME PART"},{"catalog_number":"GMB9402311","name":"GRIMME PART"},{"catalog_number":"GMB9402310","name":"GRIMME PART"},{"catalog_number":"GMB9402309","name":"GRIMME PART"},{"catalog_number":"GMB9402308","name":"GRIMME PART"},{"catalog_number":"GMB9402307","name":"GRIMME PART"},{"catalog_number":"GMB9402306","name":"GRIMME PART"},{"catalog_number":"GMB9402303","name":"HEAD LIGHT"},{"catalog_number":"GMB9402302","name":"GRIMME PART"},{"catalog_number":"GMB9402293","name":"GRIMME PART"},{"catalog_number":"GMB9402292","name":"GRIMME PART"},{"catalog_number":"GMB9402286","name":"GRIMME PART"},{"catalog_number":"GMB9402285","name":"GRIMME PART"},{"catalog_number":"GMB9402283","name":"GRIMME PART"},{"catalog_number":"GMB9402281","name":"GRIMME PART"},{"catalog_number":"GMB9402277","name":"PIN"},{"catalog_number":"GMB9402276","name":"GRIMME PART"},{"catalog_number":"GMB9402274","name":"GRIMME PART"},{"catalog_number":"GMB9402272","name":"GRIMME PART"},{"catalog_number":"GMB9402270","name":"GRIMME PART"},{"catalog_number":"GMB9402267","name":"GRIMME PART"},{"catalog_number":"GMB9402265","name":"GRIMME PART"},{"catalog_number":"GMB9402264","name":"GRIMME PART"},{"catalog_number":"GMB9402263","name":"GRIMME PART"},{"catalog_number":"GMB9402262","name":"GRIMME PART"},{"catalog_number":"GMB9402260","name":"GRIMME PART"},{"catalog_number":"GMB9402258","name":"GRIMME PART"},{"catalog_number":"GMB9402257","name":"GRIMME PART"},{"catalog_number":"GMB9402256","name":"GRIMME PART"},{"catalog_number":"GMB9402254","name":"GRIMME PART"},{"catalog_number":"GMB9402253","name":"GRIMME PART"},{"catalog_number":"GMB9402252","name":"GRIMME PART"},{"catalog_number":"GMB9402251","name":"GRIMME PART"},{"catalog_number":"GMB9402250","name":"GRIMME PART"},{"catalog_number":"GMB9402249","name":"HARNESS"},{"catalog_number":"GMB9402246","name":"GRIMME PART"},{"catalog_number":"GMB9402245","name":"GRIMME PART"},{"catalog_number":"GMB9402244","name":"GRIMME PART"},{"catalog_number":"GMB9402241","name":"GRIMME PART"},{"catalog_number":"GMB9402240","name":"GRIMME PART"},{"catalog_number":"GMB9402239","name":"GRIMME PART"},{"catalog_number":"GMB9402237","name":"GRIMME PART"},{"catalog_number":"GMB9402236","name":"GRIMME PART"},{"catalog_number":"GMB9402235","name":"GRIMME PART"},{"catalog_number":"GMB9402234","name":"GRIMME PART"},{"catalog_number":"GMB9402232","name":"GRIMME PART"},{"catalog_number":"GMB9402231","name":"GRIMME PART"},{"catalog_number":"GMB9402229","name":"GRIMME PART"},{"catalog_number":"GMB9402228","name":"GRIMME PART"},{"catalog_number":"GMB9402227","name":"GRIMME PART"},{"catalog_number":"GMB9402226","name":"GRIMME PART"},{"catalog_number":"GMB9402225","name":"GRIMME PART"},{"catalog_number":"GMB9402224","name":"GRIMME PART"},{"catalog_number":"GMB9402223","name":"GRIMME PART"},{"catalog_number":"GMB9402220","name":"GRIMME PART"},{"catalog_number":"GMB9402218","name":"GRIMME PART"},{"catalog_number":"GMB9402216","name":"GRIMME PART"},{"catalog_number":"GMB9402214","name":"GRIMME PART"},{"catalog_number":"GMB9402211","name":"GRIMME PART"},{"catalog_number":"GMB9402208","name":"GRIMME PART"},{"catalog_number":"GMB9402206","name":"GRIMME PART"},{"catalog_number":"GMB9402202","name":"GRIMME PART"},{"catalog_number":"GMB9402201","name":"GRIMME PART"},{"catalog_number":"GMB9402200","name":"GRIMME PART"},{"catalog_number":"GMB9402199","name":"GRIMME PART"},{"catalog_number":"GMB9402198","name":"GRIMME PART"},{"catalog_number":"GMB9402197","name":"GRIMME PART"},{"catalog_number":"GMB9402196","name":"GRIMME PART"},{"catalog_number":"GMB9402195","name":"GRIMME PART"},{"catalog_number":"GMB9402194","name":"GRIMME PART"},{"catalog_number":"GMB9402193","name":"GRIMME PART"},{"catalog_number":"GMB9402192","name":"GRIMME PART"},{"catalog_number":"GMB9402190","name":"GRIMME PART"},{"catalog_number":"GMB9402189","name":"GRIMME PART"},{"catalog_number":"GMB9402187","name":"HEAD LIGHT"},{"catalog_number":"GMB9402182","name":"GRIMME PART"},{"catalog_number":"GMB9402181","name":"BOARD"},{"catalog_number":"GMB9402180","name":"GRIMME PART"},{"catalog_number":"GMB9402179","name":"GRIMME PART"},{"catalog_number":"GMB9402178","name":"GRIMME PART"},{"catalog_number":"GMB9402177","name":"GRIMME PART"},{"catalog_number":"GMB9402176","name":"GRIMME PART"},{"catalog_number":"GMB9402174","name":"GRIMME PART"},{"catalog_number":"GMB9402173","name":"GRIMME PART"},{"catalog_number":"GMB9402170","name":"GRIMME PART"},{"catalog_number":"GMB9402168","name":"HARNESS"},{"catalog_number":"GMB9402163","name":"GRIMME PART"},{"catalog_number":"GMB9402162","name":"GRIMME PART"},{"catalog_number":"GMB9402161","name":"GRIMME PART"},{"catalog_number":"GMB9402159","name":"RUBBER"},{"catalog_number":"GMB9402154","name":"GRIMME PART"},{"catalog_number":"GMB9402151","name":"GRIMME PART"},{"catalog_number":"GMB9402150","name":"GRIMME PART"},{"catalog_number":"GMB9402149","name":"MOTOR"},{"catalog_number":"GMB9402144","name":"GRIMME PART"},{"catalog_number":"GMB9402141","name":"GRIMME PART"},{"catalog_number":"GMB9402140","name":"GRIMME PART"},{"catalog_number":"GMB9402136","name":"GRIMME PART"},{"catalog_number":"GMB9402135","name":"GRIMME PART"},{"catalog_number":"GMB9402129","name":"GRIMME PART"},{"catalog_number":"GMB9402128","name":"CASE"},{"catalog_number":"GMB9402126","name":"GRIMME PART"},{"catalog_number":"GMB9402123","name":"GRIMME PART"},{"catalog_number":"GMB9402122","name":"GRIMME PART"},{"catalog_number":"GMB9402121","name":"GRIMME PART"},{"catalog_number":"GMB9402108","name":"GRIMME PART"},{"catalog_number":"GMB9402107","name":"GRIMME PART"},{"catalog_number":"GMB9402103","name":"GRIMME PART"},{"catalog_number":"GMB9402099","name":"GRIMME PART"},{"catalog_number":"GMB9402083","name":"GRIMME PART"},{"catalog_number":"GMB9402079","name":"GRIMME PART"},{"catalog_number":"GMB9402078","name":"GRIMME PART"},{"catalog_number":"GMB9402077","name":"GRIMME PART"},{"catalog_number":"GMB9402076","name":"GRIMME PART"},{"catalog_number":"GMB9402075","name":"GRIMME PART"},{"catalog_number":"GMB9402074","name":"GRIMME PART"},{"catalog_number":"GMB9402073","name":"GRIMME PART"},{"catalog_number":"GMB9402072","name":"GRIMME PART"},{"catalog_number":"GMB9402071","name":"GRIMME PART"},{"catalog_number":"GMB9402069","name":"GRIMME PART"},{"catalog_number":"GMB9402068","name":"GRIMME PART"},{"catalog_number":"GMB9402067","name":"GRIMME PART"},{"catalog_number":"GMB9402066","name":"GRIMME PART"},{"catalog_number":"GMB9402065","name":"CLAMP"},{"catalog_number":"GMB9402064","name":"CLAMP"},{"catalog_number":"GMB9402062","name":"GRIMME PART"},{"catalog_number":"GMB9402061","name":"GRIMME PART"},{"catalog_number":"GMB9402060","name":"GRIMME PART"},{"catalog_number":"GMB9402059","name":"GRIMME PART"},{"catalog_number":"GMB9402058","name":"GRIMME PART"},{"catalog_number":"GMB9402057","name":"GRIMME PART"},{"catalog_number":"GMB9402056","name":"GRIMME PART"},{"catalog_number":"GMB9402054","name":"GRIMME PART"},{"catalog_number":"GMB9402053","name":"GRIMME PART"},{"catalog_number":"GMB9402052","name":"GRIMME PART"},{"catalog_number":"GMB9402051","name":"GRIMME PART"},{"catalog_number":"GMB9402046","name":"GRIMME PART"},{"catalog_number":"GMB9402045","name":"GRIMME PART"},{"catalog_number":"GMB9402043","name":"SENSOR"},{"catalog_number":"GMB9402040","name":"GRIMME PART"},{"catalog_number":"GMB9402035","name":"GRIMME PART"},{"catalog_number":"GMB9402034","name":"GRIMME PART"},{"catalog_number":"GMB9402033","name":"GRIMME PART"},{"catalog_number":"GMB9402032","name":"GRIMME PART"},{"catalog_number":"GMB9402030","name":"GRIMME PART"},{"catalog_number":"GMB9402029","name":"GRIMME PART"},{"catalog_number":"GMB9402028","name":"GRIMME PART"},{"catalog_number":"GMB9402027","name":"GRIMME PART"},{"catalog_number":"GMB9402026","name":"GRIMME PART"},{"catalog_number":"GMB9402025","name":"GRIMME PART"},{"catalog_number":"GMB9402023","name":"GRIMME PART"},{"catalog_number":"GMB9402022","name":"GRIMME PART"},{"catalog_number":"GMB9402020","name":"GRIMME PART"},{"catalog_number":"GMB9402018","name":"GRIMME PART"},{"catalog_number":"GMB9402013","name":"GRIMME PART"},{"catalog_number":"GMB9402009","name":"GRIMME PART"},{"catalog_number":"GMB9402008","name":"GRIMME PART"},{"catalog_number":"GMB9402007","name":"GRIMME PART"},{"catalog_number":"GMB9402006","name":"GRIMME PART"},{"catalog_number":"GMB9402005","name":"GRIMME PART"},{"catalog_number":"GMB9402002","name":"GRIMME PART"},{"catalog_number":"GMB9401998","name":"GRIMME PART"},{"catalog_number":"GMB9401997","name":"GRIMME PART"},{"catalog_number":"GMB9401996","name":"GRIMME PART"},{"catalog_number":"GMB9401995","name":"GRIMME PART"},{"catalog_number":"GMB9401994","name":"GRIMME PART"},{"catalog_number":"GMB9401993","name":"GRIMME PART"},{"catalog_number":"GMB9401992","name":"HEAD LIGHT"},{"catalog_number":"GMB9401991","name":"GRIMME PART"},{"catalog_number":"GMB9401988","name":"GRIMME PART"},{"catalog_number":"GMB9401975","name":"HARNESS"},{"catalog_number":"GMB9401969","name":"GRIMME PART"},{"catalog_number":"GMB9401965","name":"HARNESS"},{"catalog_number":"GMB9401962","name":"HARNESS"},{"catalog_number":"GMB9401951","name":"MOTOR"},{"catalog_number":"GMB9401933","name":"GRIMME PART"},{"catalog_number":"GMB9401931","name":"GRIMME PART"},{"catalog_number":"GMB9401928","name":"GRIMME PART"},{"catalog_number":"GMB9401927","name":"GRIMME PART"},{"catalog_number":"GMB9401926","name":"GRIMME PART"},{"catalog_number":"GMB9401925","name":"GRIMME PART"},{"catalog_number":"GMB9401923","name":"GRIMME PART"},{"catalog_number":"GMB9401922","name":"MODULE"},{"catalog_number":"GMB9401921","name":"GRIMME PART"},{"catalog_number":"GMB9401914","name":"GRIMME PART"},{"catalog_number":"GMB9401913","name":"GRIMME PART"},{"catalog_number":"GMB9401910","name":"GRIMME PART"},{"catalog_number":"GMB9401908","name":"MODULE"},{"catalog_number":"GMB9401906","name":"GRIMME PART"},{"catalog_number":"GMB9401904","name":"MODULE"},{"catalog_number":"GMB9401902","name":"GRIMME PART"},{"catalog_number":"GMB9401901","name":"GRIMME PART"},{"catalog_number":"GMB9401900","name":"GRIMME PART"},{"catalog_number":"GMB9401895","name":"GRIMME PART"},{"catalog_number":"GMB9401889","name":"GRIMME PART"},{"catalog_number":"GMB9401888","name":"GRIMME PART"},{"catalog_number":"GMB9401887","name":"GRIMME PART"},{"catalog_number":"GMB9401885","name":"GRIMME PART"},{"catalog_number":"GMB9401882","name":"GRIMME PART"},{"catalog_number":"GMB9401881","name":"GRIMME PART"},{"catalog_number":"GMB9401880","name":"GRIMME PART"},{"catalog_number":"GMB9401878","name":"GRIMME PART"},{"catalog_number":"GMB9401876","name":"GRIMME PART"},{"catalog_number":"GMB9401874","name":"GRIMME PART"},{"catalog_number":"GMB9401873","name":"GRIMME PART"},{"catalog_number":"GMB9401872","name":"GRIMME PART"},{"catalog_number":"GMB9401871","name":"GRIMME PART"},{"catalog_number":"GMB9401870","name":"GRIMME PART"},{"catalog_number":"GMB9401868","name":"GRIMME PART"},{"catalog_number":"GMB9401861","name":"GRIMME PART"},{"catalog_number":"GMB9401859","name":"GRIMME PART"},{"catalog_number":"GMB9401858","name":"GRIMME PART"},{"catalog_number":"GMB9401856","name":"GRIMME PART"},{"catalog_number":"GMB9401854","name":"GRIMME PART"},{"catalog_number":"GMB9401853","name":"GRIMME PART"},{"catalog_number":"GMB9401852","name":"GRIMME PART"},{"catalog_number":"GMB9401850","name":"GRIMME PART"},{"catalog_number":"GMB9401849","name":"GRIMME PART"},{"catalog_number":"GMB9401848","name":"GRIMME PART"},{"catalog_number":"GMB9401847","name":"GRIMME PART"},{"catalog_number":"GMB9401846","name":"GRIMME PART"},{"catalog_number":"GMB9401845","name":"GRIMME PART"},{"catalog_number":"GMB9401844","name":"GRIMME PART"},{"catalog_number":"GMB9401843","name":"GRIMME PART"},{"catalog_number":"GMB9401842","name":"GRIMME PART"},{"catalog_number":"GMB9401841","name":"GRIMME PART"},{"catalog_number":"GMB9401840","name":"GRIMME PART"},{"catalog_number":"GMB9401839","name":"GRIMME PART"},{"catalog_number":"GMB9401838","name":"GRIMME PART"},{"catalog_number":"GMB9401837","name":"GRIMME PART"},{"catalog_number":"GMB9401836","name":"SWITCH"},{"catalog_number":"GMB9401833","name":"GRIMME PART"},{"catalog_number":"GMB9401832","name":"GRIMME PART"},{"catalog_number":"GMB9401831","name":"GRIMME PART"},{"catalog_number":"GMB9401830","name":"PIN"},{"catalog_number":"GMB9401829","name":"GRIMME PART"},{"catalog_number":"GMB9401814","name":"GRIMME PART"},{"catalog_number":"GMB9401813","name":"GRIMME PART"},{"catalog_number":"GMB9401811","name":"GRIMME PART"},{"catalog_number":"GMB9401809","name":"GRIMME PART"},{"catalog_number":"GMB9401806","name":"GRIMME PART"},{"catalog_number":"GMB9401804","name":"ACTUATOR"},{"catalog_number":"GM30024861","name":"GRIMME PART"},{"catalog_number":"GM30024852","name":"GRIMME PART"},{"catalog_number":"GM30024851","name":"GRIMME PART"},{"catalog_number":"GM30024850","name":"GRIMME PART"},{"catalog_number":"GM30024846","name":"BELT"},{"catalog_number":"GM30024806","name":"GRIMME PART"},{"catalog_number":"GM30024805","name":"GRIMME PART"},{"catalog_number":"GM30024786","name":"GRIMME PART"},{"catalog_number":"GM30024704","name":"GRIMME PART"},{"catalog_number":"GM30024703","name":"GRIMME PART"},{"catalog_number":"GM30024702","name":"GRIMME PART"},{"catalog_number":"GM30024701","name":"GRIMME PART"},{"catalog_number":"GM30024699","name":"GRIMME PART"},{"catalog_number":"GM30024663","name":"GRIMME PART"},{"catalog_number":"GM30024662","name":"GRIMME PART"},{"catalog_number":"GM30024657","name":"GRIMME PART"},{"catalog_number":"GM30024635","name":"GRIMME PART"},{"catalog_number":"GM30024634","name":"GRIMME PART"},{"catalog_number":"GM30024633","name":"GRIMME PART"},{"catalog_number":"GM30024632","name":"GRIMME PART"},{"catalog_number":"GM30024631","name":"GRIMME PART"},{"catalog_number":"GM30024630","name":"GRIMME PART"},{"catalog_number":"GM30024629","name":"GRIMME PART"},{"catalog_number":"GM30024628","name":"GRIMME PART"},{"catalog_number":"GM30024627","name":"GRIMME PART"},{"catalog_number":"GM30024626","name":"GRIMME PART"},{"catalog_number":"GM30024625","name":"GRIMME PART"},{"catalog_number":"GM30024592","name":"GRIMME PART"},{"catalog_number":"GM30024591","name":"GRIMME PART"},{"catalog_number":"GM30024587","name":"GRIMME PART"},{"catalog_number":"GM30024468","name":"GRIMME PART"},{"catalog_number":"GM30024465","name":"GRIMME PART"},{"catalog_number":"GM30024464","name":"GRIMME PART"},{"catalog_number":"GM30024463","name":"GRIMME PART"},{"catalog_number":"GM30024457","name":"GRIMME PART"},{"catalog_number":"GM30024456","name":"GRIMME PART"},{"catalog_number":"GM30024455","name":"GRIMME PART"},{"catalog_number":"GM30024454","name":"GRIMME PART"},{"catalog_number":"GM30024453","name":"GRIMME PART"},{"catalog_number":"GM30024452","name":"GRIMME PART"},{"catalog_number":"GM30024451","name":"GRIMME PART"},{"catalog_number":"GM30024450","name":"GRIMME PART"},{"catalog_number":"GM30024449","name":"GRIMME PART"},{"catalog_number":"GM30024448","name":"GRIMME PART"},{"catalog_number":"GM30024447","name":"GRIMME PART"},{"catalog_number":"GM30024446","name":"GRIMME PART"},{"catalog_number":"GM30024408","name":"GRIMME PART"},{"catalog_number":"GM30024255","name":"GRIMME PART"},{"catalog_number":"GM30024254","name":"GRIMME PART"},{"catalog_number":"GM30024253","name":"GRIMME PART"},{"catalog_number":"GM30024252","name":"BELT"},{"catalog_number":"GM30024251","name":"GRIMME PART"},{"catalog_number":"GM30024250","name":"GRIMME PART"},{"catalog_number":"GM30024249","name":"GRIMME PART"},{"catalog_number":"GM30024248","name":"GRIMME PART"},{"catalog_number":"GM30024247","name":"GRIMME PART"},{"catalog_number":"GM30024246","name":"GRIMME PART"},{"catalog_number":"GM30024242","name":"GRIMME PART"},{"catalog_number":"GM30024241","name":"GRIMME PART"},{"catalog_number":"GM30024240","name":"GRIMME PART"},{"catalog_number":"GM30024237","name":"GRIMME PART"},{"catalog_number":"GM30024236","name":"GRIMME PART"},{"catalog_number":"GM30024235","name":"BAND"},{"catalog_number":"GM30024232","name":"GRIMME PART"},{"catalog_number":"GM30024231","name":"GRIMME PART"},{"catalog_number":"GM30024229","name":"GRIMME PART"},{"catalog_number":"GM30024226","name":"GRIMME PART"},{"catalog_number":"GM30024117","name":"GRIMME PART"},{"catalog_number":"GM30024115","name":"GRIMME PART"},{"catalog_number":"GM30024010","name":"GRIMME PART"},{"catalog_number":"GM30024006","name":"GRIMME PART"},{"catalog_number":"GM30023905","name":"GRIMME PART"},{"catalog_number":"GM30023904","name":"GRIMME PART"},{"catalog_number":"GM30023896","name":"GRIMME PART"},{"catalog_number":"GM30023816","name":"GRIMME PART"},{"catalog_number":"GM30023765","name":"GRIMME PART"},{"catalog_number":"GM30023728","name":"GRIMME PART"},{"catalog_number":"GM30023664","name":"GRIMME PART"},{"catalog_number":"GM30023342","name":"GRIMME PART"},{"catalog_number":"GM30023321","name":"GRIMME PART"},{"catalog_number":"GM30023319","name":"GRIMME PART"},{"catalog_number":"GM30023311","name":"GRIMME PART"},{"catalog_number":"GM30023310","name":"GRIMME PART"},{"catalog_number":"GM30023304","name":"GRIMME PART"},{"catalog_number":"GM30023303","name":"GRIMME PART"},{"catalog_number":"GM30023302","name":"GRIMME PART"},{"catalog_number":"GM30023098","name":"SPROCKET"}]}