{"machinery_brand_name":"Ag-Chem","parts":[{"catalog_number":"GMB9600241","name":"GRIMME PART"},{"catalog_number":"GMB9600240","name":"GRIMME PART"},{"catalog_number":"GMB9600239","name":"GRIMME PART"},{"catalog_number":"GMB9600238","name":"GRIMME PART"},{"catalog_number":"GMB9600237","name":"GRIMME PART"},{"catalog_number":"GMB9600236","name":"GRIMME PART"},{"catalog_number":"GMB9600233","name":"GRIMME PART"},{"catalog_number":"GMB9600232","name":"GRIMME PART"},{"catalog_number":"GMB9600231","name":"GRIMME PART"},{"catalog_number":"GMB9600229","name":"GRIMME PART"},{"catalog_number":"GMB9600228","name":"GRIMME PART"},{"catalog_number":"GMB9600227","name":"GRIMME PART"},{"catalog_number":"GMB9600226","name":"GRIMME PART"},{"catalog_number":"GMB9600225","name":"GRIMME PART"},{"catalog_number":"GMB9600224","name":"BEARING"},{"catalog_number":"GMB9600220","name":"GRIMME PART"},{"catalog_number":"GMB9600219","name":"BEARING"},{"catalog_number":"GMB9600218","name":"GRIMME PART"},{"catalog_number":"GMB9600217","name":"GRIMME PART"},{"catalog_number":"GMB9600216","name":"GRIMME PART"},{"catalog_number":"GMB9600215","name":"GRIMME PART"},{"catalog_number":"GMB9600214","name":"GRIMME PART"},{"catalog_number":"GMB9600213","name":"GRIMME PART"},{"catalog_number":"GMB9600212","name":"GRIMME PART"},{"catalog_number":"GMB9600211","name":"GRIMME PART"},{"catalog_number":"GMB9600210","name":"BEARING"},{"catalog_number":"GMB9600209","name":"GRIMME PART"},{"catalog_number":"GMB9600208","name":"GRIMME PART"},{"catalog_number":"GMB9600207","name":"BUSH"},{"catalog_number":"GMB9600205","name":"GRIMME PART"},{"catalog_number":"GMB9600204","name":"GRIMME PART"},{"catalog_number":"GMB9600203","name":"GRIMME PART"},{"catalog_number":"GMB9600202","name":"GRIMME PART"},{"catalog_number":"GMB9600201","name":"GRIMME PART"},{"catalog_number":"GMB9600200","name":"GRIMME PART"},{"catalog_number":"GMB9600198","name":"GRIMME PART"},{"catalog_number":"GMB9600197","name":"GRIMME PART"},{"catalog_number":"GMB9600196","name":"BUSH"},{"catalog_number":"GMB9600195","name":"GRIMME PART"},{"catalog_number":"GMB9600194","name":"HOUSING"},{"catalog_number":"GMB9600193","name":"GRIMME PART"},{"catalog_number":"GMB9600192","name":"BEARING"},{"catalog_number":"GMB9600191","name":"GRIMME PART"},{"catalog_number":"GMB9600188","name":"GRIMME PART"},{"catalog_number":"GMB9600186","name":"BUSH"},{"catalog_number":"GMB9600185","name":"BUSH"},{"catalog_number":"GMB9600184","name":"BUSH"},{"catalog_number":"GMB9600183","name":"GRIMME PART"},{"catalog_number":"GMB9600177","name":"GRIMME PART"},{"catalog_number":"GMB9600176","name":"GRIMME PART"},{"catalog_number":"GMB9600175","name":"GRIMME PART"},{"catalog_number":"GMB9600174","name":"LEAD"},{"catalog_number":"GMB9600173","name":"PART"},{"catalog_number":"GMB9600172","name":"GRIMME PART"},{"catalog_number":"GMB9600171","name":"HOUSING"},{"catalog_number":"GMB9600169","name":"BEARING"},{"catalog_number":"GMB9600168","name":"GRIMME PART"},{"catalog_number":"GMB9600167","name":"GRIMME PART"},{"catalog_number":"GMB9600165","name":"GRIMME PART"},{"catalog_number":"GMB9600164","name":"GRIMME PART"},{"catalog_number":"GMB9600162","name":"BEARING"},{"catalog_number":"GMB9600159","name":"GRIMME PART"},{"catalog_number":"GMB9600158","name":"GRIMME PART"},{"catalog_number":"GMB9600156","name":"GRIMME PART"},{"catalog_number":"GMB9600154","name":"GRIMME PART"},{"catalog_number":"GMB9600153","name":"BEARING"},{"catalog_number":"GMB9600152","name":"GRIMME PART"},{"catalog_number":"GMB9600151","name":"GRIMME PART"},{"catalog_number":"GMB9600150","name":"GRIMME PART"},{"catalog_number":"GMB9600149","name":"GRIMME PART"},{"catalog_number":"GMB9600148","name":"GRIMME PART"},{"catalog_number":"GMB9600147","name":"GRIMME PART"},{"catalog_number":"GMB9600146","name":"GRIMME PART"},{"catalog_number":"GMB9600145","name":"GRIMME PART"},{"catalog_number":"GMB9600143","name":"GRIMME PART"},{"catalog_number":"GMB9600142","name":"GRIMME PART"},{"catalog_number":"GMB9600141","name":"GRIMME PART"},{"catalog_number":"GMB9600140","name":"GRIMME PART"},{"catalog_number":"GMB9600139","name":"GRIMME PART"},{"catalog_number":"GMB9600138","name":"PENDULUM"},{"catalog_number":"GMB9600137","name":"GRIMME PART"},{"catalog_number":"GMB9600136","name":"GRIMME PART"},{"catalog_number":"GMB9600135","name":"GRIMME PART"},{"catalog_number":"GMB9600134","name":"FLANGE"},{"catalog_number":"GMB9600133","name":"SPACER"},{"catalog_number":"GMB9600132","name":"GRIMME PART"},{"catalog_number":"GMB9600131","name":"BEARING"},{"catalog_number":"GMB9600130","name":"GRIMME PART"},{"catalog_number":"GMB9600129","name":"GRIMME PART"},{"catalog_number":"GMB9600127","name":"GRIMME PART"},{"catalog_number":"GMB9600126","name":"GRIMME PART"},{"catalog_number":"GMB9600125","name":"GRIMME PART"},{"catalog_number":"GMB9600124","name":"GRIMME PART"},{"catalog_number":"GMB9600123","name":"GRIMME PART"},{"catalog_number":"GMB9600122","name":"GRIMME PART"},{"catalog_number":"GMB9600121","name":"GRIMME PART"},{"catalog_number":"GMB9600120","name":"GRIMME PART"},{"catalog_number":"GMB9600119","name":"GRIMME PART"},{"catalog_number":"GMB9600118","name":"BEARING"},{"catalog_number":"GMB9600117","name":"GRIMME PART"},{"catalog_number":"GMB9600116","name":"GRIMME PART"},{"catalog_number":"GMB9600115","name":"GRIMME PART"},{"catalog_number":"GMB9600114","name":"GRIMME PART"},{"catalog_number":"GMB9600113","name":"GRIMME PART"},{"catalog_number":"GMB9600112","name":"GRIMME PART"},{"catalog_number":"GMB9600111","name":"GRIMME PART"},{"catalog_number":"GMB9600109","name":"GRIMME PART"},{"catalog_number":"GMB9600108","name":"GRIMME PART"},{"catalog_number":"GMB9600105","name":"GRIMME PART"},{"catalog_number":"GMB9600103","name":"GRIMME PART"},{"catalog_number":"GMB9600100","name":"GRIMME PART"},{"catalog_number":"GMB9600099","name":"GRIMME PART"},{"catalog_number":"GMB9600098","name":"GRIMME PART"},{"catalog_number":"GMB9600097","name":"GRIMME PART"},{"catalog_number":"GMB9600096","name":"GRIMME PART"},{"catalog_number":"GMB9600095","name":"GRIMME PART"},{"catalog_number":"GMB9600094","name":"GRIMME PART"},{"catalog_number":"GMB9600093","name":"GRIMME PART"},{"catalog_number":"GMB9600091","name":"GRIMME PART"},{"catalog_number":"GMB9600090","name":"GRIMME PART"},{"catalog_number":"GMB9600089","name":"GRIMME PART"},{"catalog_number":"GMB9600088","name":"GRIMME PART"},{"catalog_number":"GMB9600087","name":"GRIMME PART"},{"catalog_number":"GMB9600085","name":"GRIMME PART"},{"catalog_number":"GMB9600084","name":"GRIMME PART"},{"catalog_number":"GMB9600083","name":"GRIMME PART"},{"catalog_number":"GMB9600082","name":"GRIMME PART"},{"catalog_number":"GMB9600080","name":"GRIMME PART"},{"catalog_number":"GMB9600078","name":"GRIMME PART"},{"catalog_number":"GMB9600077","name":"GRIMME PART"},{"catalog_number":"GMB9600076","name":"GRIMME PART"},{"catalog_number":"GMB9600075","name":"GRIMME PART"},{"catalog_number":"GMB9600074","name":"GRIMME PART"},{"catalog_number":"GMB9600073","name":"BEARING"},{"catalog_number":"GMB9600072","name":"BALL BEARING"},{"catalog_number":"GMB9600071","name":"BALL BEARING"},{"catalog_number":"GMB9600070","name":"BEARING"},{"catalog_number":"GMB9600069","name":"GRIMME PART"},{"catalog_number":"GMB9600068","name":"COOLER"},{"catalog_number":"GMB9600067","name":"BALL BEARING"},{"catalog_number":"GMB9600066","name":"BALL BEARING"},{"catalog_number":"GMB9600065","name":"BEARING"},{"catalog_number":"GMB9600063","name":"GRIMME PART"},{"catalog_number":"GMB9600062","name":"BEARING"},{"catalog_number":"GMB9600061","name":"BALL BEARING"},{"catalog_number":"GMB9600060","name":"PART"},{"catalog_number":"GMB9600059","name":"GRIMME PART"},{"catalog_number":"GMB9600058","name":"BEARING"},{"catalog_number":"GMB9600056","name":"GRIMME PART"},{"catalog_number":"GMB9600055","name":"GRIMME PART"},{"catalog_number":"GMB9600054","name":"GRIMME PART"},{"catalog_number":"GMB9600053","name":"GRIMME PART"},{"catalog_number":"GMB9600052","name":"GRIMME PART"},{"catalog_number":"GMB9600051","name":"BEARING"},{"catalog_number":"GMB9600049","name":"GRIMME PART"},{"catalog_number":"GMB9600048","name":"GRIMME PART"},{"catalog_number":"GMB9600047","name":"BEARING"},{"catalog_number":"GMB9600045","name":"GRIMME PART"},{"catalog_number":"GMB9600044","name":"GRIMME PART"},{"catalog_number":"GMB9600043","name":"GRIMME PART"},{"catalog_number":"GMB9600042","name":"GRIMME PART"},{"catalog_number":"GMB9600041","name":"GRIMME PART"},{"catalog_number":"GMB9600039","name":"BEAR. 6206 2RS"},{"catalog_number":"GMB9600038","name":"BEAR. 6206"},{"catalog_number":"GMB9600037","name":"BALL BEARING"},{"catalog_number":"GMB9600036","name":"GRIMME PART"},{"catalog_number":"GMB9600035","name":"GRIMME PART"},{"catalog_number":"GMB9600034","name":"BALL BEARING"},{"catalog_number":"GMB9600033","name":"GRIMME PART"},{"catalog_number":"GMB9600032","name":"PART"},{"catalog_number":"GMB9600031","name":"GRIMME PART"},{"catalog_number":"GMB9600030","name":"GRIMME PART"},{"catalog_number":"GMB9600029","name":"GRIMME PART"},{"catalog_number":"GMB9600027","name":"GRIMME PART"},{"catalog_number":"GMB9600026","name":"GRIMME PART"},{"catalog_number":"GMB9600025","name":"BEARING"},{"catalog_number":"GMB9600024","name":"GRIMME PART"},{"catalog_number":"GMB9600023","name":"GRIMME PART"},{"catalog_number":"GMB9600022","name":"GRIMME PART"},{"catalog_number":"GMB9600021","name":"GRIMME PART"},{"catalog_number":"GMB9600020","name":"GRIMME PART"},{"catalog_number":"GMB9600019","name":"GRIMME PART"},{"catalog_number":"GMB9600018","name":"GRIMME PART"},{"catalog_number":"GMB9600017","name":"GRIMME PART"},{"catalog_number":"GMB9600016","name":"BALL BEARING"},{"catalog_number":"GMB9600015","name":"GRIMME PART"},{"catalog_number":"GMB9600014","name":"GRIMME PART"},{"catalog_number":"GMB9600012","name":"GRIMME PART"},{"catalog_number":"GMB9600011","name":"GRIMME PART"},{"catalog_number":"GMB9600010","name":"PART"},{"catalog_number":"GMB9600009","name":"GRIMME PART"},{"catalog_number":"GMB9600008","name":"GRIMME PART"},{"catalog_number":"GMB9600007","name":"BEARING"},{"catalog_number":"GMB9600006","name":"GRIMME PART"},{"catalog_number":"GMB9600005","name":"GRIMME PART"},{"catalog_number":"GMB9600004","name":"PART"},{"catalog_number":"GMB9600003","name":"GRIMME PART"},{"catalog_number":"GMB9600002","name":"GRIMME PART"},{"catalog_number":"GMB9600001","name":"GRIMME PART"},{"catalog_number":"GMB95101AT","name":"FLANGE"},{"catalog_number":"GMB9505164","name":"CABLE"},{"catalog_number":"GMB9505163","name":"GRIMME PART"},{"catalog_number":"GMB9505156","name":"CABLE"},{"catalog_number":"GMB9505155","name":"CABLE"},{"catalog_number":"GMB9505153","name":"CABLE"},{"catalog_number":"GMB9505152","name":"CABLE"},{"catalog_number":"GMB9505151","name":"CABLE"},{"catalog_number":"GMB9505150","name":"CABLE"},{"catalog_number":"GMB9505149","name":"CABLE"},{"catalog_number":"GMB9505148","name":"LEVER"},{"catalog_number":"GMB9505134","name":"COUPLER"},{"catalog_number":"GMB9505133","name":"GRIMME PART"},{"catalog_number":"GMB9505131","name":"WIRE"},{"catalog_number":"GMB9505130","name":"COUPLER"},{"catalog_number":"GMB9505126","name":"CABLE"},{"catalog_number":"GMB9505123","name":"GRIMME PART"},{"catalog_number":"GMB9505120","name":"GRIMME PART"},{"catalog_number":"GMB9505119","name":"GRIMME PART"},{"catalog_number":"GMB9505116","name":"GRIMME PART"},{"catalog_number":"GMB9505115","name":"GRIMME PART"},{"catalog_number":"GMB9505114","name":"SPRING"},{"catalog_number":"GMB9505113","name":"GRIMME PART"},{"catalog_number":"GMB9505112","name":"GRIMME PART"},{"catalog_number":"GMB9505111","name":"GRIMME PART"},{"catalog_number":"GMB9505110","name":"GRIMME PART"},{"catalog_number":"GMB9505109","name":"GRIMME PART"},{"catalog_number":"GMB9505107","name":"GRIMME PART"},{"catalog_number":"GMB9505105","name":"GRIMME PART"},{"catalog_number":"GMB9505101","name":"GRIMME PART"},{"catalog_number":"GMB9505100","name":"GRIMME PART"},{"catalog_number":"GMB9505098","name":"GRIMME PART"},{"catalog_number":"GMB9505096","name":"GRIMME PART"},{"catalog_number":"GMB9505095","name":"GRIMME PART"},{"catalog_number":"GMB9505094","name":"GRIMME PART"},{"catalog_number":"GMB9505092","name":"GRIMME PART"},{"catalog_number":"GMB9505091","name":"GRIMME PART"},{"catalog_number":"GMB9505089","name":"GRIMME PART"},{"catalog_number":"GMB9505088","name":"GRIMME PART"},{"catalog_number":"GMB9505087","name":"GRIMME PART"},{"catalog_number":"GMB9505084","name":"GRIMME PART"},{"catalog_number":"GMB9505071","name":"GRIMME PART"},{"catalog_number":"GMB9505070","name":"GRIMME PART"},{"catalog_number":"GMB9505068","name":"GRIMME PART"},{"catalog_number":"GMB9505067","name":"GRIMME PART"},{"catalog_number":"GMB9505066","name":"GRIMME PART"},{"catalog_number":"GMB9505065","name":"GRIMME PART"},{"catalog_number":"GMB9505064","name":"GRIMME PART"},{"catalog_number":"GMB9505063","name":"GRIMME PART"},{"catalog_number":"GMB9505062","name":"GRIMME PART"},{"catalog_number":"GMB9505058","name":"GRIMME PART"},{"catalog_number":"GMB9505056","name":"GRIMME PART"},{"catalog_number":"GMB9505053","name":"GRIMME PART"},{"catalog_number":"GMB9505051","name":"GRIMME PART"},{"catalog_number":"GMB9505050","name":"GRIMME PART"},{"catalog_number":"GMB9505049","name":"GRIMME PART"},{"catalog_number":"GMB9505047","name":"GRIMME PART"},{"catalog_number":"GMB9505039","name":"RING"},{"catalog_number":"GMB9505038","name":"PART"},{"catalog_number":"GMB9505037","name":"GRIMME PART"},{"catalog_number":"GMB9505034","name":"GRIMME PART"},{"catalog_number":"GMB9505032","name":"GRIMME PART"},{"catalog_number":"GMB9505031","name":"GRIMME PART"},{"catalog_number":"GMB9505030","name":"GRIMME PART"},{"catalog_number":"GMB9505029","name":"GRIMME PART"},{"catalog_number":"GMB9505025","name":"GRIMME PART"},{"catalog_number":"GMB9505020","name":"LEAD"},{"catalog_number":"GMB9505019","name":"GRIMME PART"},{"catalog_number":"GMB9505018","name":"GRIMME PART"},{"catalog_number":"GMB9505016","name":"GRIMME PART"},{"catalog_number":"GMB9505007","name":"GRIMME PART"},{"catalog_number":"GMB9505006","name":"GRIMME PART"},{"catalog_number":"GMB9505005","name":"PART"},{"catalog_number":"GMB9505001","name":"LEAD"},{"catalog_number":"GMB9505000","name":"LEAD"},{"catalog_number":"GMB9503586","name":"ROLLER"},{"catalog_number":"GMB9503584","name":"ROLLER"},{"catalog_number":"GMB9503583","name":"SOCKET"},{"catalog_number":"GMB9503576","name":"GRIMME PART"},{"catalog_number":"GMB9503571","name":"LINK"},{"catalog_number":"GMB9503568","name":"LOCK"},{"catalog_number":"GMB9503567","name":"LOCK"},{"catalog_number":"GMB9503566","name":"BOTTLE"},{"catalog_number":"GMB9503565","name":"BOLT"},{"catalog_number":"GMB9503564","name":"ROLLER"},{"catalog_number":"GMB9503563","name":"GRIMME PART"},{"catalog_number":"GMB9503561","name":"GRIMME PART"},{"catalog_number":"GMB9503558","name":"CHAIN"},{"catalog_number":"GMB9503557","name":"GRIMME PART"},{"catalog_number":"GMB9503553","name":"CHAIN"},{"catalog_number":"GMB9503552","name":"CHAIN"},{"catalog_number":"GMB9503551","name":"GRIMME PART"},{"catalog_number":"GMB9503550","name":"GRIMME PART"},{"catalog_number":"GMB9503546","name":"GRIMME PART"},{"catalog_number":"GMB9503545","name":"GRIMME PART"},{"catalog_number":"GMB9503544","name":"GRIMME PART"},{"catalog_number":"GMB9503543","name":"GRIMME PART"},{"catalog_number":"GMB9503542","name":"GRIMME PART"},{"catalog_number":"GMB9503541","name":"GRIMME PART"},{"catalog_number":"GMB9503540","name":"GRIMME PART"},{"catalog_number":"GMB9503539","name":"GRIMME PART"},{"catalog_number":"GMB9503538","name":"GRIMME PART"},{"catalog_number":"GMB9503536","name":"GRIMME PART"},{"catalog_number":"GMB9503534","name":"GRIMME PART"},{"catalog_number":"GMB9503533","name":"GRIMME PART"},{"catalog_number":"GMB9503531","name":"GRIMME PART"},{"catalog_number":"GMB9503528","name":"GRIMME PART"},{"catalog_number":"GMB9503527","name":"GRIMME PART"},{"catalog_number":"GMB9503526","name":"GRIMME PART"},{"catalog_number":"GMB9503525","name":"GRIMME PART"},{"catalog_number":"GMB9503524","name":"GRIMME PART"},{"catalog_number":"GMB9503521","name":"GRIMME PART"},{"catalog_number":"GMB9503520","name":"GRIMME PART"},{"catalog_number":"GMB9503519","name":"GRIMME PART"},{"catalog_number":"GMB9503518","name":"GRIMME PART"},{"catalog_number":"GMB9503517","name":"GRIMME PART"},{"catalog_number":"GMB9503512","name":"SCREW"},{"catalog_number":"GMB9503507","name":"HOSE"},{"catalog_number":"GMB9503505","name":"GRIMME PART"},{"catalog_number":"GMB9503503","name":"GRIMME PART"},{"catalog_number":"GMB9503502","name":"GRIMME PART"},{"catalog_number":"GMB9503501","name":"GRIMME PART"},{"catalog_number":"GMB9503499","name":"GRIMME PART"},{"catalog_number":"GMB9503497","name":"GRIMME PART"},{"catalog_number":"GMB9503496","name":"GRIMME PART"},{"catalog_number":"GMB9503495","name":"GRIMME PART"},{"catalog_number":"GMB9503493","name":"GRIMME PART"},{"catalog_number":"GMB9503488","name":"GRIMME PART"},{"catalog_number":"GMB9503487","name":"GRIMME PART"},{"catalog_number":"GMB9503486","name":"GRIMME PART"},{"catalog_number":"GMB9503484","name":"GRIMME PART"},{"catalog_number":"GMB9503483","name":"GRIMME PART"},{"catalog_number":"GMB9503482","name":"GRIMME PART"},{"catalog_number":"GMB9503481","name":"GRIMME PART"},{"catalog_number":"GMB9503480","name":"GRIMME PART"},{"catalog_number":"GMB9503479","name":"GRIMME PART"},{"catalog_number":"GMB9503478","name":"GRIMME PART"},{"catalog_number":"GMB9503477","name":"GRIMME PART"},{"catalog_number":"GMB9503476","name":"GRIMME PART"},{"catalog_number":"GMB9503475","name":"GRIMME PART"},{"catalog_number":"GMB9503474","name":"GRIMME PART"},{"catalog_number":"GMB9503473","name":"GRIMME PART"},{"catalog_number":"GMB9503472","name":"GRIMME PART"},{"catalog_number":"GMB9503464","name":"GRIMME PART"},{"catalog_number":"GMB9503463","name":"GRIMME PART"},{"catalog_number":"GMB9503462","name":"GRIMME PART"},{"catalog_number":"GMB9503461","name":"GRIMME PART"},{"catalog_number":"GMB9503459","name":"LINK"},{"catalog_number":"GMB9503458","name":"LINK"},{"catalog_number":"GMB9503457","name":"GRIMME PART"},{"catalog_number":"GMB9503456","name":"GRIMME PART"},{"catalog_number":"GMB9503455","name":"GRIMME PART"},{"catalog_number":"GMB9503454","name":"GRIMME PART"},{"catalog_number":"GMB9503453","name":"GRIMME PART"},{"catalog_number":"GMB9503452","name":"GRIMME PART"},{"catalog_number":"GMB9503451","name":"GRIMME PART"},{"catalog_number":"GMB9503450","name":"GRIMME PART"},{"catalog_number":"GMB9503448","name":"GRIMME PART"},{"catalog_number":"GMB9503447","name":"GRIMME PART"},{"catalog_number":"GMB9503446","name":"GRIMME PART"},{"catalog_number":"GMB9503445","name":"GRIMME PART"},{"catalog_number":"GMB9503444","name":"GRIMME PART"},{"catalog_number":"GMB9503443","name":"GRIMME PART"},{"catalog_number":"GMB9503442","name":"GRIMME PART"},{"catalog_number":"GMB9503441","name":"GRIMME PART"},{"catalog_number":"GMB9503440","name":"GRIMME PART"},{"catalog_number":"GMB9503439","name":"GRIMME PART"},{"catalog_number":"GMB9503438","name":"GRIMME PART"},{"catalog_number":"GMB9503437","name":"GRIMME PART"},{"catalog_number":"GMB9503435","name":"GRIMME PART"},{"catalog_number":"GMB9503434","name":"GRIMME PART"},{"catalog_number":"GMB9503433","name":"GRIMME PART"},{"catalog_number":"GMB9503432","name":"GRIMME PART"},{"catalog_number":"GMB9503431","name":"GRIMME PART"},{"catalog_number":"GMB9503430","name":"GRIMME PART"},{"catalog_number":"GMB9503428","name":"GRIMME PART"},{"catalog_number":"GMB9503427","name":"GRIMME PART"},{"catalog_number":"GMB9503426","name":"GRIMME PART"},{"catalog_number":"GMB9503425","name":"GRIMME PART"},{"catalog_number":"GMB9503424","name":"GRIMME PART"},{"catalog_number":"GMB9503423","name":"GRIMME PART"},{"catalog_number":"GMB9503422","name":"GRIMME PART"},{"catalog_number":"GMB9503421","name":"GRIMME PART"},{"catalog_number":"GMB9503420","name":"GRIMME PART"},{"catalog_number":"GMB9503417","name":"GRIMME PART"},{"catalog_number":"GMB9503416","name":"GRIMME PART"},{"catalog_number":"GMB9503415","name":"GRIMME PART"},{"catalog_number":"GMB9503411","name":"GRIMME PART"},{"catalog_number":"GMB9503410","name":"GRIMME PART"},{"catalog_number":"GMB9503408","name":"GRIMME PART"},{"catalog_number":"GMB9503406","name":"GRIMME PART"},{"catalog_number":"GMB9503405","name":"GRIMME PART"},{"catalog_number":"GMB9503404","name":"GRIMME PART"},{"catalog_number":"GMB9503403","name":"GRIMME PART"},{"catalog_number":"GMB9503402","name":"GRIMME PART"},{"catalog_number":"GMB9503401","name":"GRIMME PART"},{"catalog_number":"GMB9503399","name":"GRIMME PART"},{"catalog_number":"GMB9503397","name":"GRIMME PART"},{"catalog_number":"GMB9503396","name":"GRIMME PART"},{"catalog_number":"GMB9503395","name":"GRIMME PART"},{"catalog_number":"GMB9503391","name":"GRIMME PART"},{"catalog_number":"GMB9503390","name":"GRIMME PART"},{"catalog_number":"GMB9503388","name":"GRIMME PART"},{"catalog_number":"GMB9503386","name":"GRIMME PART"},{"catalog_number":"GMB9503385","name":"GRIMME PART"},{"catalog_number":"GMB9503384","name":"GRIMME PART"},{"catalog_number":"GMB9503383","name":"GRIMME PART"},{"catalog_number":"GMB9503382","name":"GRIMME PART"},{"catalog_number":"GMB9503381","name":"GRIMME PART"},{"catalog_number":"GMB9503379","name":"GRIMME PART"},{"catalog_number":"GMB9503378","name":"GRIMME PART"},{"catalog_number":"GMB9503377","name":"GRIMME PART"},{"catalog_number":"GMB9503376","name":"GRIMME PART"},{"catalog_number":"GMB9503373","name":"GRIMME PART"},{"catalog_number":"GMB9503371","name":"GRIMME PART"},{"catalog_number":"GMB9503370","name":"PART"},{"catalog_number":"GMB9503369","name":"GRIMME PART"},{"catalog_number":"GMB9503367","name":"GRIMME PART"},{"catalog_number":"GMB9503366","name":"GRIMME PART"},{"catalog_number":"GMB9503363","name":"GRIMME PART"},{"catalog_number":"GMB9503359","name":"GRIMME PART"},{"catalog_number":"GMB9503358","name":"LINK"},{"catalog_number":"GMB9503356","name":"GRIMME PART"},{"catalog_number":"GMB9503355","name":"GRIMME PART"},{"catalog_number":"GMB9503344","name":"GRIMME PART"},{"catalog_number":"GMB9503343","name":"GRIMME PART"},{"catalog_number":"GMB9503339","name":"GRIMME PART"},{"catalog_number":"GMB9503337","name":"GRIMME PART"},{"catalog_number":"GMB9503336","name":"GRIMME PART"},{"catalog_number":"GMB9503335","name":"GRIMME PART"},{"catalog_number":"GMB9503334","name":"GRIMME PART"},{"catalog_number":"GMB9503333","name":"GRIMME PART"},{"catalog_number":"GMB9503331","name":"GRIMME PART"},{"catalog_number":"GMB9503330","name":"GRIMME PART"},{"catalog_number":"GMB9503329","name":"GRIMME PART"},{"catalog_number":"GMB9503328","name":"GRIMME PART"},{"catalog_number":"GMB9503326","name":"GRIMME PART"},{"catalog_number":"GMB9503323","name":"GRIMME PART"},{"catalog_number":"GMB9503322","name":"GRIMME PART"},{"catalog_number":"GMB9503321","name":"GRIMME PART"},{"catalog_number":"GMB9503320","name":"GRIMME PART"},{"catalog_number":"GMB9503319","name":"GRIMME PART"},{"catalog_number":"GMB9503315","name":"GRIMME PART"},{"catalog_number":"GMB9503314","name":"GRIMME PART"},{"catalog_number":"GMB9503313","name":"CHAIN"},{"catalog_number":"GMB9503312","name":"GRIMME PART"},{"catalog_number":"GMB9503311","name":"LINK"},{"catalog_number":"GMB9503310","name":"LINK"},{"catalog_number":"GMB9503309","name":"GRIMME PART"},{"catalog_number":"GMB9503308","name":"GRIMME PART"},{"catalog_number":"GMB9503307","name":"CHAIN"},{"catalog_number":"GMB9503305","name":"GRIMME PART"},{"catalog_number":"GMB9503304","name":"GRIMME PART"},{"catalog_number":"GMB9503303","name":"GRIMME PART"},{"catalog_number":"GMB9503302","name":"GRIMME PART"},{"catalog_number":"GMB9503301","name":"GRIMME PART"},{"catalog_number":"GMB9503300","name":"GRIMME PART"},{"catalog_number":"GMB9503299","name":"GRIMME PART"},{"catalog_number":"GMB9503296","name":"GRIMME PART"},{"catalog_number":"GMB9503295","name":"CHAIN"},{"catalog_number":"GMB9503294","name":"CHAIN"},{"catalog_number":"GMB9503293","name":"CHAIN"},{"catalog_number":"GMB9503292","name":"GRIMME PART"},{"catalog_number":"GMB9503291","name":"GRIMME PART"},{"catalog_number":"GMB9503290","name":"GRIMME PART"},{"catalog_number":"GMB9503288","name":"GRIMME PART"},{"catalog_number":"GMB9503287","name":"GRIMME PART"},{"catalog_number":"GMB9503285","name":"GRIMME PART"},{"catalog_number":"GMB9503283","name":"GRIMME PART"},{"catalog_number":"GMB9503280","name":"GRIMME PART"},{"catalog_number":"GMB9503279","name":"GRIMME PART"},{"catalog_number":"GMB9503275","name":"GRIMME PART"},{"catalog_number":"GMB9503273","name":"GRIMME PART"},{"catalog_number":"GMB9503272","name":"GRIMME PART"},{"catalog_number":"GMB9503271","name":"GRIMME PART"},{"catalog_number":"GMB9503270","name":"GRIMME PART"},{"catalog_number":"GMB9503268","name":"GRIMME PART"},{"catalog_number":"GMB9503267","name":"GRIMME PART"},{"catalog_number":"GMB9503264","name":"GRIMME PART"},{"catalog_number":"GMB9503263","name":"GRIMME PART"},{"catalog_number":"GMB9503262","name":"GRIMME PART"},{"catalog_number":"GMB9503261","name":"GRIMME PART"},{"catalog_number":"GMB9503260","name":"GRIMME PART"},{"catalog_number":"GMB9503257","name":"GRIMME PART"},{"catalog_number":"GMB9503256","name":"GRIMME PART"},{"catalog_number":"GMB9503255","name":"GRIMME PART"},{"catalog_number":"GMB9503254","name":"GRIMME PART"},{"catalog_number":"GMB9503253","name":"GRIMME PART"},{"catalog_number":"GMB9503252","name":"GRIMME PART"},{"catalog_number":"GMB9503251","name":"CHAIN"},{"catalog_number":"GMB9503250","name":"GRIMME PART"},{"catalog_number":"GMB9503249","name":"GRIMME PART"},{"catalog_number":"GMB9503248","name":"CHAIN"},{"catalog_number":"GMB9503247","name":"GRIMME PART"},{"catalog_number":"GMB9503246","name":"GRIMME PART"},{"catalog_number":"GMB9503245","name":"GRIMME PART"},{"catalog_number":"GMB9503244","name":"GRIMME PART"},{"catalog_number":"GMB9503242","name":"GRIMME PART"},{"catalog_number":"GMB9503241","name":"GRIMME PART"},{"catalog_number":"GMB9503240","name":"GRIMME PART"},{"catalog_number":"GMB9503239","name":"PART"},{"catalog_number":"GMB9503235","name":"GRIMME PART"},{"catalog_number":"GMB9503226","name":"GRIMME PART"},{"catalog_number":"GMB9503225","name":"GRIMME PART"},{"catalog_number":"GMB9503224","name":"CHAIN"},{"catalog_number":"GMB9503223","name":"GRIMME PART"},{"catalog_number":"GMB9503222","name":"GRIMME PART"},{"catalog_number":"GMB9503221","name":"GRIMME PART"},{"catalog_number":"GMB9503219","name":"GRIMME PART"},{"catalog_number":"GMB9503218","name":"GRIMME PART"},{"catalog_number":"GMB9503217","name":"GRIMME PART"},{"catalog_number":"GMB9503216","name":"GRIMME PART"},{"catalog_number":"GMB9503215","name":"GRIMME PART"},{"catalog_number":"GMB9503214","name":"GRIMME PART"},{"catalog_number":"GMB9503212","name":"GRIMME PART"},{"catalog_number":"GMB9503210","name":"GRIMME PART"},{"catalog_number":"GMB9503209","name":"GRIMME PART"},{"catalog_number":"GMB9503208","name":"GRIMME PART"},{"catalog_number":"GMB9503207","name":"GRIMME PART"},{"catalog_number":"GMB9503206","name":"GRIMME PART"},{"catalog_number":"GMB9503204","name":"GRIMME PART"},{"catalog_number":"GMB9503201","name":"GRIMME PART"},{"catalog_number":"GMB9503196","name":"GRIMME PART"},{"catalog_number":"GMB9503195","name":"GRIMME PART"},{"catalog_number":"GMB9503194","name":"GRIMME PART"},{"catalog_number":"GMB9503192","name":"GRIMME PART"},{"catalog_number":"GMB9503190","name":"GRIMME PART"},{"catalog_number":"GMB9503189","name":"GRIMME PART"},{"catalog_number":"GMB9503188","name":"GRIMME PART"},{"catalog_number":"GMB9503187","name":"GRIMME PART"},{"catalog_number":"GMB9503186","name":"GRIMME PART"},{"catalog_number":"GMB9503185","name":"GRIMME PART"},{"catalog_number":"GMB9503184","name":"GRIMME PART"},{"catalog_number":"GMB9503183","name":"GRIMME PART"},{"catalog_number":"GMB9503182","name":"GRIMME PART"},{"catalog_number":"GMB9503180","name":"CHAIN"},{"catalog_number":"GMB9503179","name":"GRIMME PART"},{"catalog_number":"GMB9503177","name":"GRIMME PART"},{"catalog_number":"GMB9503175","name":"GRIMME PART"},{"catalog_number":"GMB9503174","name":"GRIMME PART"},{"catalog_number":"GMB9503171","name":"GRIMME PART"},{"catalog_number":"GMB9503169","name":"GRIMME PART"},{"catalog_number":"GMB9503168","name":"GRIMME PART"},{"catalog_number":"GMB9503167","name":"GRIMME PART"},{"catalog_number":"GMB9503164","name":"GRIMME PART"},{"catalog_number":"GMB9503162","name":"GRIMME PART"},{"catalog_number":"GMB9503161","name":"GRIMME PART"},{"catalog_number":"GMB9503158","name":"CHAIN"},{"catalog_number":"GMB9503157","name":"LOCK"},{"catalog_number":"GMB9503156","name":"GRIMME PART"},{"catalog_number":"GMB9503155","name":"ROLL"},{"catalog_number":"GMB9503154","name":"GRIMME PART"},{"catalog_number":"GMB9503152","name":"GRIMME PART"},{"catalog_number":"GMB9503151","name":"GRIMME PART"},{"catalog_number":"GMB9503149","name":"GRIMME PART"},{"catalog_number":"GMB9503148","name":"GRIMME PART"},{"catalog_number":"GMB9503147","name":"GRIMME PART"},{"catalog_number":"GMB9503146","name":"GRIMME PART"},{"catalog_number":"GMB9503145","name":"GRIMME PART"},{"catalog_number":"GMB9503144","name":"GRIMME PART"},{"catalog_number":"GMB9503143","name":"GRIMME PART"},{"catalog_number":"GMB9503142","name":"GRIMME PART"},{"catalog_number":"GMB9503141","name":"GRIMME PART"},{"catalog_number":"GMB9503139","name":"GRIMME PART"},{"catalog_number":"GMB9503137","name":"GRIMME PART"},{"catalog_number":"GMB9503136","name":"GRIMME PART"},{"catalog_number":"GMB9503134","name":"GRIMME PART"},{"catalog_number":"GMB9503133","name":"GRIMME PART"},{"catalog_number":"GMB9503132","name":"GRIMME PART"},{"catalog_number":"GMB9503128","name":"GRIMME PART"},{"catalog_number":"GMB9503126","name":"GRIMME PART"},{"catalog_number":"GMB9503125","name":"GRIMME PART"},{"catalog_number":"GMB9503124","name":"GRIMME PART"},{"catalog_number":"GMB9503122","name":"GRIMME PART"},{"catalog_number":"GMB9503121","name":"GRIMME PART"},{"catalog_number":"GMB9503120","name":"GRIMME PART"},{"catalog_number":"GMB9503119","name":"CHAIN"},{"catalog_number":"GMB9503118","name":"CHAIN"},{"catalog_number":"GMB9503117","name":"GRIMME PART"},{"catalog_number":"GMB9503116","name":"PART"},{"catalog_number":"GMB9503112","name":"GRIMME PART"},{"catalog_number":"GMB9503111","name":"GRIMME PART"},{"catalog_number":"GMB9503110","name":"GRIMME PART"},{"catalog_number":"GMB9503109","name":"GRIMME PART"},{"catalog_number":"GMB9503108","name":"GRIMME PART"},{"catalog_number":"GMB9503107","name":"GRIMME PART"},{"catalog_number":"GMB9503106","name":"GRIMME PART"},{"catalog_number":"GMB9503105","name":"GRIMME PART"},{"catalog_number":"GMB9503104","name":"GRIMME PART"},{"catalog_number":"GMB9503103","name":"GRIMME PART"},{"catalog_number":"GMB9503102","name":"GRIMME PART"},{"catalog_number":"GMB9503100","name":"GRIMME PART"},{"catalog_number":"GMB9503099","name":"GRIMME PART"},{"catalog_number":"GMB9503098","name":"GRIMME PART"},{"catalog_number":"GMB9503097","name":"CHAIN"},{"catalog_number":"GMB9503096","name":"GRIMME PART"},{"catalog_number":"GMB9503095","name":"GRIMME PART"},{"catalog_number":"GMB9503094","name":"GRIMME PART"},{"catalog_number":"GMB9503093","name":"GRIMME PART"},{"catalog_number":"GMB9503092","name":"GRIMME PART"},{"catalog_number":"GMB9503091","name":"WHEEL"}]}