{"machinery_brand_name":"Ag-Chem","parts":[{"catalog_number":"GR06214158","name":"SCREW"},{"catalog_number":"GR06214155","name":"SCREW"},{"catalog_number":"GR06214152","name":"SCREW"},{"catalog_number":"GR06214150","name":"GROMMET"},{"catalog_number":"GR06214132","name":"SCREW"},{"catalog_number":"GR06214131","name":"BOLT"},{"catalog_number":"GR06214105","name":"LOCK WASHER"},{"catalog_number":"GR06214098","name":"WHEEL NUT"},{"catalog_number":"GR06214042","name":"CAT EYE"},{"catalog_number":"GR06214037","name":"REFLECTOR"},{"catalog_number":"GR06214034","name":"REFLECTOR"},{"catalog_number":"GR06214033","name":"REFLECTOR"},{"catalog_number":"GR06213985","name":"CONNECTOR"},{"catalog_number":"GR06213982","name":"CLUTCH"},{"catalog_number":"GR06213977","name":"PLUG SOCKET"},{"catalog_number":"GR06213975","name":"PLUG SOCKET"},{"catalog_number":"GR06213973","name":"PLUG SOCKET"},{"catalog_number":"GR06213884","name":"GREASE NIPPLE"},{"catalog_number":"GR06213737","name":"UNION"},{"catalog_number":"GR06213729","name":"SLEEVE"},{"catalog_number":"GR06213723","name":"SLEEVE"},{"catalog_number":"GR06213700","name":"BOLT"},{"catalog_number":"GR06213666","name":"PIN"},{"catalog_number":"GR06213464","name":"LOCK"},{"catalog_number":"GR06213459","name":"LOCK"},{"catalog_number":"GR06213457","name":"CHAIN LINK"},{"catalog_number":"GR06213454","name":"LINK"},{"catalog_number":"GR06213453","name":"CHAIN LINK"},{"catalog_number":"GR06213451","name":"PART"},{"catalog_number":"GR06213450","name":"PART"},{"catalog_number":"GR06213447","name":"CHAIN"},{"catalog_number":"GR06213418","name":"CHAIN"},{"catalog_number":"GR06213415","name":"CHAIN"},{"catalog_number":"GR06213412","name":"CHAIN"},{"catalog_number":"GR06213401","name":"CHAIN"},{"catalog_number":"GR06213398","name":"CHAIN"},{"catalog_number":"GR06213385","name":"CHAIN"},{"catalog_number":"GR06213383","name":"CHAIN"},{"catalog_number":"GR06213368","name":"CHAIN"},{"catalog_number":"GR06213356","name":"CHAIN"},{"catalog_number":"GR06213338","name":"CHAIN"},{"catalog_number":"GR06213337","name":"CHAIN"},{"catalog_number":"GR06213330","name":"CHAIN"},{"catalog_number":"GR06213317","name":"CHAIN"},{"catalog_number":"GR06213305","name":"CHAIN"},{"catalog_number":"GR06213272","name":"CHAIN"},{"catalog_number":"GR06213258","name":"CHAIN"},{"catalog_number":"GR06213247","name":"CHAIN"},{"catalog_number":"GR06213231","name":"CHAIN"},{"catalog_number":"GR06213220","name":"CHAIN"},{"catalog_number":"GR06213191","name":"CHAIN LINK"},{"catalog_number":"GR06213186","name":"CHAIN LINK"},{"catalog_number":"GR06213184","name":"CHAIN LINK"},{"catalog_number":"GR06213181","name":"LOCK"},{"catalog_number":"GR06213178","name":"LINK"},{"catalog_number":"GR06213177","name":"CRANKED LINK"},{"catalog_number":"GR06213175","name":"CHAIN LINK"},{"catalog_number":"GR06213172","name":"CHAIN LINK"},{"catalog_number":"GR06213170","name":"LINK"},{"catalog_number":"GR06213169","name":"CHAIN LINK"},{"catalog_number":"GR06213167","name":"CHAIN LINK"},{"catalog_number":"GR06213164","name":"LINK"},{"catalog_number":"GR06213161","name":"LINK"},{"catalog_number":"GR06213154","name":"CONNECTING LINK"},{"catalog_number":"GR06213150","name":"LOCK WASHER"},{"catalog_number":"GR06213149","name":"LOCK"},{"catalog_number":"GR06213146","name":"LOCK"},{"catalog_number":"GR06213133","name":"CHAIN LINK"},{"catalog_number":"GR06212902","name":"BELT"},{"catalog_number":"GR06212835","name":"KIT, BELT"},{"catalog_number":"GR06212834","name":"KVERNELAND PART"},{"catalog_number":"GR06212833","name":"KVERNELAND PART"},{"catalog_number":"GR06212831","name":"KIT, BELT"},{"catalog_number":"GR06212769","name":"RING"},{"catalog_number":"GR06212582","name":"GIB KEY"},{"catalog_number":"GR06212529","name":"KEY"},{"catalog_number":"GR06212528","name":"KEY"},{"catalog_number":"GR06212527","name":"KEY"},{"catalog_number":"GR06212526","name":"KEY"},{"catalog_number":"GR06212494","name":"KEY"},{"catalog_number":"GR06212489","name":"KEY"},{"catalog_number":"GR06212407","name":"PARALLEL KEY"},{"catalog_number":"GR06212329","name":"RING"},{"catalog_number":"GR06212000","name":"FELT RING"},{"catalog_number":"GR06211876","name":"HOOK"},{"catalog_number":"GR06211567","name":"SEAL"},{"catalog_number":"GR06211467","name":"SPANNER"},{"catalog_number":"GR06210973","name":"V BELT"},{"catalog_number":"GR06210723","name":"CUP SPRING"},{"catalog_number":"GR06210691","name":"CUP SPRING"},{"catalog_number":"GR06210674","name":"CUP SPRING"},{"catalog_number":"GR06210270","name":"PIN"},{"catalog_number":"GR06210255","name":"SLEEVE"},{"catalog_number":"GR06210056","name":"PIN"},{"catalog_number":"GR06210053","name":"PIN"},{"catalog_number":"GR06210050","name":"PIN"},{"catalog_number":"GR06210049","name":"PIN"},{"catalog_number":"GR06210047","name":"PIN"},{"catalog_number":"GR06210040","name":"PIN"},{"catalog_number":"GR06210032","name":"PIN"},{"catalog_number":"GR06210029","name":"PIN"},{"catalog_number":"GR06210028","name":"PIN"},{"catalog_number":"GR06210024","name":"PIN"},{"catalog_number":"GR06210020","name":"PIN"},{"catalog_number":"GR06210017","name":"PIN"},{"catalog_number":"GR06210015","name":"PEG"},{"catalog_number":"GR06210009","name":"PIN"},{"catalog_number":"GR06210002","name":"PIN"},{"catalog_number":"GR06210000","name":"PIN"},{"catalog_number":"GR06209978","name":"PIN"},{"catalog_number":"GR06209976","name":"PIN"},{"catalog_number":"GR06209975","name":"PIN"},{"catalog_number":"GR06209965","name":"PIN"},{"catalog_number":"GR06209963","name":"PIN"},{"catalog_number":"GR06209953","name":"PIN"},{"catalog_number":"GR06209941","name":"PIN"},{"catalog_number":"GR06209939","name":"PIN"},{"catalog_number":"GR06209938","name":"PIN"},{"catalog_number":"GR06209930","name":"PIN"},{"catalog_number":"GR06209781","name":"BLIND NUT"},{"catalog_number":"GR06209758","name":"SCREW"},{"catalog_number":"GR06209751","name":"SCREW"},{"catalog_number":"GR06209744","name":"SCREW"},{"catalog_number":"GR06209743","name":"SCREW"},{"catalog_number":"GR06209720","name":"SCREW"},{"catalog_number":"GR06209627","name":"CASTLE NUT"},{"catalog_number":"GR06209625","name":"CASTLE NUT"},{"catalog_number":"GR06209595","name":"NUT"},{"catalog_number":"GR06209580","name":"NUT"},{"catalog_number":"GR06209548","name":"NUT"},{"catalog_number":"GR06209487","name":"SCREW"},{"catalog_number":"GR06209486","name":"SCREW"},{"catalog_number":"GR06209483","name":"SCREW"},{"catalog_number":"GR06209480","name":"SCREW"},{"catalog_number":"GR06209476","name":"SCREW"},{"catalog_number":"GR06209475","name":"SCREW"},{"catalog_number":"GR06209473","name":"SCREW"},{"catalog_number":"GR06209465","name":"SCREW"},{"catalog_number":"GR06209460","name":"SCREW"},{"catalog_number":"GR06209411","name":"BOLT"},{"catalog_number":"GR06209251","name":"SCREW"},{"catalog_number":"GR06209249","name":"SCREW"},{"catalog_number":"GR06209247","name":"BOLT"},{"catalog_number":"GR06209245","name":"SCREW"},{"catalog_number":"GR06209244","name":"SCREW"},{"catalog_number":"GR06209240","name":"SCREW"},{"catalog_number":"GR06209239","name":"SCREW"},{"catalog_number":"GR06209234","name":"SCREW"},{"catalog_number":"GR06209193","name":"SCREW"},{"catalog_number":"GR06209185","name":"SCREW"},{"catalog_number":"GR06208934","name":"UNION"},{"catalog_number":"GR06208882","name":"SCREW"},{"catalog_number":"GR06208880","name":"SCREW"},{"catalog_number":"GR06208866","name":"HEX CAP SCREW"},{"catalog_number":"GR06208762","name":"HEX CAP SCREW"},{"catalog_number":"GR06208222","name":"CHAIN"},{"catalog_number":"GR06208158","name":"BEARING"},{"catalog_number":"GR06208126","name":"RING"},{"catalog_number":"GR06208094","name":"RIVET"},{"catalog_number":"GR06208047","name":"RIVET"},{"catalog_number":"GR06207740","name":"BEARING"},{"catalog_number":"GR06207559","name":"SCREW"},{"catalog_number":"GR06207554","name":"SCREW"},{"catalog_number":"GR06207347","name":"CIRCLIP"},{"catalog_number":"GR06207290","name":"CIRCLIP"},{"catalog_number":"GR06207238","name":"WASHER"},{"catalog_number":"GR06207199","name":"EYE BOLT"},{"catalog_number":"GR06205968","name":"KNOB ASSY"},{"catalog_number":"GR06204956","name":"SCREW"},{"catalog_number":"GR058043686","name":"NUT"},{"catalog_number":"GR05021","name":"WASHER"},{"catalog_number":"GR0315819","name":"BOLT"},{"catalog_number":"GR031030006","name":"RING"},{"catalog_number":"GR02953413","name":"NIPPLE"},{"catalog_number":"GR02953405","name":"PLUG"},{"catalog_number":"GR02953403","name":"PLATE"},{"catalog_number":"GR02953402","name":"PLATE"},{"catalog_number":"GR02953398","name":"TYRE"},{"catalog_number":"GR02953393","name":"ROLLER"},{"catalog_number":"GR02953373","name":"NIPPLE"},{"catalog_number":"GR02953370","name":"V BELT"},{"catalog_number":"GR02953369","name":"SLEEVE"},{"catalog_number":"GR02953363","name":"HOSE"},{"catalog_number":"GR02953362","name":"SCREW"},{"catalog_number":"GR02953361","name":"PAINT"},{"catalog_number":"GR02953360","name":"PAINT"},{"catalog_number":"GR02953359","name":"PAINT"},{"catalog_number":"GR02953358","name":"LACQUER"},{"catalog_number":"GR02953349","name":"PART"},{"catalog_number":"GR029533420","name":"SPRAYER"},{"catalog_number":"GR02953336","name":"CHAIN"},{"catalog_number":"GR02953334","name":"RING"},{"catalog_number":"GR02953332","name":"SPRING"},{"catalog_number":"GR02953320","name":"PIN"},{"catalog_number":"GR02953305","name":"MICROFICHE"},{"catalog_number":"GR02953304","name":"PARTS BOOK"},{"catalog_number":"GR02953206","name":"PART"},{"catalog_number":"GR02953155","name":"MICROFICHE"},{"catalog_number":"GR02953045","name":"MICROFICHE"},{"catalog_number":"GR02953013","name":"MICROFICHE"},{"catalog_number":"GR02577500","name":"KIT, SHIMS"},{"catalog_number":"GR02486000","name":"GEAR"},{"catalog_number":"GR02477201","name":"SEAL"},{"catalog_number":"GR020672","name":"KVERNELAND PART"},{"catalog_number":"GR01839700","name":"NUT"},{"catalog_number":"GR01828100","name":"LOCK WASHER"},{"catalog_number":"GR01828000","name":"LOCK WASHER"},{"catalog_number":"GR01827900","name":"LOCK WASHER"},{"catalog_number":"GR01827600","name":"LOCK WASHER"},{"catalog_number":"GR01825800","name":"LOCK WASHER"},{"catalog_number":"GR01824900","name":"LOCK WASHER"},{"catalog_number":"GR01824800","name":"LOCK WASHER"},{"catalog_number":"GR01824700","name":"LOCK WASHER"},{"catalog_number":"GR01817700","name":"LOCKNUT"},{"catalog_number":"GR01817600","name":"LOCKNUT"},{"catalog_number":"GR01817500","name":"LOCKNUT"},{"catalog_number":"GR01817400","name":"LOCKNUT"},{"catalog_number":"GR01817100","name":"LOCKNUT"},{"catalog_number":"GR01815400","name":"LOCKNUT"},{"catalog_number":"GR01814500","name":"LOCKNUT"},{"catalog_number":"GR01814400","name":"LOCKNUT"},{"catalog_number":"GR01814300","name":"LOCKNUT"},{"catalog_number":"GR01808900","name":"BEARING"},{"catalog_number":"GR01808500","name":"BEARING"},{"catalog_number":"GR01808200","name":"BEARING"},{"catalog_number":"GR01807600","name":"BEARING"},{"catalog_number":"GR01807100","name":"BEARING"},{"catalog_number":"GR01807000","name":"BEARING"},{"catalog_number":"GR01806400","name":"BEARING"},{"catalog_number":"GR01806300","name":"BEARING"},{"catalog_number":"GR01806200","name":"BEARING"},{"catalog_number":"GR01805800","name":"BEARING"},{"catalog_number":"GR01805200","name":"BEARING"},{"catalog_number":"GR01805100","name":"BEARING"},{"catalog_number":"GR01804800","name":"BEARING"},{"catalog_number":"GR01804300","name":"BEARING"},{"catalog_number":"GR01804100","name":"BEARING"},{"catalog_number":"GR01804000","name":"BEARING"},{"catalog_number":"GR01803800","name":"BEARING"},{"catalog_number":"GR01803300","name":"BEARING"},{"catalog_number":"GR01803200","name":"BEARING"},{"catalog_number":"GR01803100","name":"BEARING"},{"catalog_number":"GR01803000","name":"BEARING"},{"catalog_number":"GR01802900","name":"BEARING"},{"catalog_number":"GR01802700","name":"BEARING"},{"catalog_number":"GR01802500","name":"PIN"},{"catalog_number":"GR01802200","name":"BEARING"},{"catalog_number":"GR01802100","name":"BEARING"},{"catalog_number":"GR01802000","name":"BEARING"},{"catalog_number":"GR01801400","name":"BEARING"},{"catalog_number":"GR01800900","name":"BEARING"},{"catalog_number":"GR01800800","name":"BEARING"},{"catalog_number":"GR01800300","name":"BEARING"},{"catalog_number":"GR01800200","name":"BEARING"},{"catalog_number":"GR01800100","name":"BEARING"},{"catalog_number":"GR01800000","name":"BEARING"},{"catalog_number":"GR01799900","name":"BEARING"},{"catalog_number":"GR01799800","name":"BEARING ASSY"},{"catalog_number":"GR01799600","name":"BEARING"},{"catalog_number":"GR01799500","name":"BEARING"},{"catalog_number":"GR01799400","name":"BEARING"},{"catalog_number":"GR01799100","name":"BEARING"},{"catalog_number":"GR01799000","name":"BEARING"},{"catalog_number":"GR01798800","name":"BEARING"},{"catalog_number":"GR01798700","name":"BEARING"},{"catalog_number":"GR01798600","name":"BEARING"},{"catalog_number":"GR01798500","name":"BEARING"},{"catalog_number":"GR01797800","name":"BEARING"},{"catalog_number":"GR01797700","name":"BEARING"},{"catalog_number":"GR01797600","name":"BEARING"},{"catalog_number":"GR01797500","name":"BEARING"},{"catalog_number":"GR01797400","name":"BEARING"},{"catalog_number":"GR01797300","name":"BEARING"},{"catalog_number":"GR01797200","name":"BEARING"},{"catalog_number":"GR01797100","name":"BEARING"},{"catalog_number":"GR01746300","name":"BEARING"},{"catalog_number":"GR01745300","name":"BEARING"},{"catalog_number":"GR01745200","name":"BEARING"},{"catalog_number":"GR01742300","name":"BEARING"},{"catalog_number":"GR01741200","name":"BEARING"},{"catalog_number":"GR01740300","name":"BEARING"},{"catalog_number":"GR01739600","name":"BEARING"},{"catalog_number":"GR01739300","name":"BEARING"},{"catalog_number":"GR01739200","name":"BEARING"},{"catalog_number":"GR01738300","name":"BEARING ASSY"},{"catalog_number":"GR01738200","name":"BEARING"},{"catalog_number":"GR01736600","name":"BALL BEARING"},{"catalog_number":"GR01736100","name":"BEARING"},{"catalog_number":"GR01735700","name":"BEARING"},{"catalog_number":"GR01732900","name":"BEARING"},{"catalog_number":"GR01732800","name":"BEARING"},{"catalog_number":"GR01732700","name":"BEARING"},{"catalog_number":"GR01720700","name":"BEARING"},{"catalog_number":"GR01719800","name":"BEARING"},{"catalog_number":"GR01719600","name":"BEARING"},{"catalog_number":"GR01718400","name":"BEARING"},{"catalog_number":"GR01715000","name":"BEARING"},{"catalog_number":"GR01704000","name":"BEARING"},{"catalog_number":"GR01701900","name":"BEARING"},{"catalog_number":"GR01697400","name":"BEARING"},{"catalog_number":"GR01694700","name":"BEARING"},{"catalog_number":"GR01694400","name":"BEARING"},{"catalog_number":"GR01693800","name":"BEARING"},{"catalog_number":"GR01693400","name":"BEARING"},{"catalog_number":"GR01693300","name":"BEARING"},{"catalog_number":"GR01691900","name":"BEARING"},{"catalog_number":"GR01685600","name":"BEARING"},{"catalog_number":"GR01643000","name":"BEARING"},{"catalog_number":"GR01637800","name":"BEARING"},{"catalog_number":"GR01637700","name":"BEARING"},{"catalog_number":"GR01637400","name":"BEARING"},{"catalog_number":"GR01636200","name":"BEARING"},{"catalog_number":"GR01636100","name":"BEARING"},{"catalog_number":"GR01635800","name":"BEARING"},{"catalog_number":"GR01635700","name":"BEARING"},{"catalog_number":"GR01635600","name":"BEARING"},{"catalog_number":"GR01622300","name":"BEARING"},{"catalog_number":"GR01608000","name":"BEARING"},{"catalog_number":"GR01607900","name":"BEARING"},{"catalog_number":"GR01600300","name":"BEARING"},{"catalog_number":"GR01600200","name":"BEARING"},{"catalog_number":"GR01600100","name":"BEARING"},{"catalog_number":"GR01599800","name":"BEARING"},{"catalog_number":"GR01571100","name":"BEARING"},{"catalog_number":"GR01571000","name":"BEARING"},{"catalog_number":"GR01568900","name":"BEARING"},{"catalog_number":"GR01568800","name":"BEARING"},{"catalog_number":"GR01568700","name":"BEARING"},{"catalog_number":"GR01567200","name":"BEARING"},{"catalog_number":"GR01567100","name":"BEARING"},{"catalog_number":"GR01567000","name":"BEARING"},{"catalog_number":"GR01563100","name":"BEARING"},{"catalog_number":"GR01562700","name":"BEARING"},{"catalog_number":"GR01562100","name":"BEARING"},{"catalog_number":"GR01561500","name":"BEARING"},{"catalog_number":"GR01560600","name":"BEARING"},{"catalog_number":"GR01560100","name":"BEARING"},{"catalog_number":"GR01559800","name":"BEARING"},{"catalog_number":"GR01555600","name":"BEARING"},{"catalog_number":"GR01555300","name":"BEARING"},{"catalog_number":"GR01554700","name":"BEARING"},{"catalog_number":"GR01546700","name":"BEARING"},{"catalog_number":"GR01546200","name":"BEARING"},{"catalog_number":"GR01545000","name":"BEARING"},{"catalog_number":"GR01544500","name":"BEARING"},{"catalog_number":"GR01540000","name":"BEARING"},{"catalog_number":"GR01539700","name":"BEARING"},{"catalog_number":"GR01538500","name":"BEARING"},{"catalog_number":"GR01537700","name":"BEARING"},{"catalog_number":"GR01533900","name":"BEARING"},{"catalog_number":"GR01533600","name":"BEARING"},{"catalog_number":"GR01533300","name":"BEARING"},{"catalog_number":"GR01532700","name":"BEARING"},{"catalog_number":"GR01532400","name":"BEARING"},{"catalog_number":"GR01532200","name":"BEARING"},{"catalog_number":"GR01532100","name":"BEARING"},{"catalog_number":"GR01515100","name":"BEARING"},{"catalog_number":"GR01504100","name":"BEARING"},{"catalog_number":"GR01503400","name":"BEARING"},{"catalog_number":"GR01502900","name":"BEARING"},{"catalog_number":"GR01502100","name":"BEARING"},{"catalog_number":"GR01501900","name":"BEARING"},{"catalog_number":"GR01501300","name":"BEARING"},{"catalog_number":"GR01501200","name":"BEARING"},{"catalog_number":"GR01501100","name":"BEARING"},{"catalog_number":"GR01500900","name":"BEARING"},{"catalog_number":"GR01491300","name":"BEARING"},{"catalog_number":"GR01490800","name":"BEARING"},{"catalog_number":"GR01490700","name":"BEARING"},{"catalog_number":"GR01490500","name":"BEARING"},{"catalog_number":"GR01490400","name":"BEARING"},{"catalog_number":"GR01490300","name":"BEARING"},{"catalog_number":"GR01490200","name":"BEARING"},{"catalog_number":"GR01489900","name":"BEARING"},{"catalog_number":"GR01489800","name":"BEARING"},{"catalog_number":"GR01489700","name":"BEARING"},{"catalog_number":"GR01488800","name":"BEARING"},{"catalog_number":"GR01481400","name":"BEARING"},{"catalog_number":"GR01480000","name":"BEARING"},{"catalog_number":"GR01479500","name":"BEARING"},{"catalog_number":"GR01479400","name":"BEARING"},{"catalog_number":"GR01479300","name":"BEARING"},{"catalog_number":"GR01479200","name":"BEARING"},{"catalog_number":"GR01479100","name":"BEARING"},{"catalog_number":"GR01479000","name":"BEARING"},{"catalog_number":"GR01478900","name":"BEARING"},{"catalog_number":"GR01478800","name":"BEARING"},{"catalog_number":"GR01478700","name":"BEARING"},{"catalog_number":"GR01478400","name":"BEARING"},{"catalog_number":"GR01478300","name":"BEARING"},{"catalog_number":"GR01477900","name":"BEARING"},{"catalog_number":"GR01477800","name":"BEARING"},{"catalog_number":"GR01477500","name":"BEARING"},{"catalog_number":"GR01477400","name":"BEARING"},{"catalog_number":"GR01477300","name":"BEARING"},{"catalog_number":"GR01477000","name":"BEARING"},{"catalog_number":"GR01476900","name":"BALL BEARING"},{"catalog_number":"GR01476800","name":"BEARING"},{"catalog_number":"GR01476600","name":"BEARING"},{"catalog_number":"GR01476500","name":"BEARING"},{"catalog_number":"GR01476400","name":"BEARING"},{"catalog_number":"GR01475900","name":"BEARING"},{"catalog_number":"GR01475800","name":"BEARING"},{"catalog_number":"GR01474400","name":"BEARING"},{"catalog_number":"GR01465700","name":"BEARING"},{"catalog_number":"GR01465400","name":"BEARING"},{"catalog_number":"GR01464100","name":"BEARING"},{"catalog_number":"GR01463600","name":"BEARING"},{"catalog_number":"GR01463200","name":"BEARING"},{"catalog_number":"GR01463000","name":"BEARING"},{"catalog_number":"GR01462600","name":"BEARING"},{"catalog_number":"GR01462500","name":"BEARING"},{"catalog_number":"GR01462400","name":"BEARING"},{"catalog_number":"GR01462100","name":"BEARING"},{"catalog_number":"GR01461600","name":"BEARING"},{"catalog_number":"GR01461500","name":"BEARING"},{"catalog_number":"GR01461100","name":"BEARING"},{"catalog_number":"GR01460600","name":"BEARING"},{"catalog_number":"GR01459000","name":"BEARING"},{"catalog_number":"GR01446100","name":"BEARING"},{"catalog_number":"GR01446000","name":"BEARING"},{"catalog_number":"GR01439300","name":"BEARING"},{"catalog_number":"GR01425000","name":"BEARING"},{"catalog_number":"GR01424000","name":"BEARING"},{"catalog_number":"GR01417200","name":"BEARING"},{"catalog_number":"GR01416400","name":"BEARING"},{"catalog_number":"GR01416100","name":"BEARING"},{"catalog_number":"GR01415700","name":"BEARING"},{"catalog_number":"GR01415600","name":"BEARING"},{"catalog_number":"GR01415500","name":"BEARING"},{"catalog_number":"GR01415300","name":"BEARING"},{"catalog_number":"GR01412900","name":"BEARING"},{"catalog_number":"GR01412600","name":"BEARING"},{"catalog_number":"GR01412300","name":"BEARING"},{"catalog_number":"GR01412200","name":"BEARING"},{"catalog_number":"GR01411800","name":"BEARING"},{"catalog_number":"GR01405700","name":"BEARING"},{"catalog_number":"GR01404800","name":"BEARING"},{"catalog_number":"GR01404321","name":"HOSE"},{"catalog_number":"GR01404100","name":"BEARING"},{"catalog_number":"GR01404000","name":"BEARING"},{"catalog_number":"GR01403800","name":"BEARING"},{"catalog_number":"GR01403200","name":"BEARING"},{"catalog_number":"GR01403100","name":"BEARING"},{"catalog_number":"GR01402300","name":"BEARING"},{"catalog_number":"GR01402200","name":"BEARING"},{"catalog_number":"GR01402000","name":"BEARING"},{"catalog_number":"GR01401900","name":"BEARING"},{"catalog_number":"GR01401400","name":"BEARING"},{"catalog_number":"GR01401300","name":"BEARING"},{"catalog_number":"GR01401100","name":"BEARING"},{"catalog_number":"GR01401000","name":"BEARING"},{"catalog_number":"GR01400500","name":"BEARING"},{"catalog_number":"GR01400400","name":"BEARING"},{"catalog_number":"GR01400100","name":"BEARING"},{"catalog_number":"GR01400000","name":"BEARING"},{"catalog_number":"GR01399900","name":"BEARING"},{"catalog_number":"GR01399700","name":"BEARING"},{"catalog_number":"GR01399600","name":"BEARING"},{"catalog_number":"GR01399500","name":"BEARING"},{"catalog_number":"GR01399300","name":"BEARING"},{"catalog_number":"GR01399200","name":"BEARING"},{"catalog_number":"GR01398800","name":"BEARING"},{"catalog_number":"GR01398700","name":"BEARING"},{"catalog_number":"GR01398600","name":"BEARING"},{"catalog_number":"GR01398300","name":"BEARING"},{"catalog_number":"GR01397999","name":"BUSH"},{"catalog_number":"GR01397992","name":"SCREW"},{"catalog_number":"GR01397991","name":"SCREW"},{"catalog_number":"GR01397983","name":"SCREW"},{"catalog_number":"GR01397977","name":"CHAIN"},{"catalog_number":"GR01397975","name":"CHAIN"},{"catalog_number":"GR01397974","name":"PART"},{"catalog_number":"GR01397973","name":"CHAIN"},{"catalog_number":"GR01397971","name":"PART"},{"catalog_number":"GR01397969","name":"WASHER"},{"catalog_number":"GR01397962","name":"GRUB SCREW"},{"catalog_number":"GR01397958","name":"SHIM"},{"catalog_number":"GR01397934","name":"CHAIN"},{"catalog_number":"GR01397933","name":"UNION"},{"catalog_number":"GR01397931","name":"SPRING"},{"catalog_number":"GR01397929","name":"SCREW"},{"catalog_number":"GR01397928","name":"KEY"},{"catalog_number":"GR01397920","name":"LEDGE"},{"catalog_number":"GR01397915","name":"SEAL"},{"catalog_number":"GR01397910","name":"TRACK"},{"catalog_number":"GR01397907","name":"CHAIN"},{"catalog_number":"GR01397902","name":"PART"},{"catalog_number":"GR01397900","name":"PART"},{"catalog_number":"GR0139790","name":"BEARING"},{"catalog_number":"GR01397896","name":"PART"},{"catalog_number":"GR01397890","name":"OIL"},{"catalog_number":"GR01397887","name":"SCREW"},{"catalog_number":"GR01397881","name":"SCREW"},{"catalog_number":"GR01397871","name":"REAR LIGHT"},{"catalog_number":"GR01397870","name":"REAR LIGHT"},{"catalog_number":"GR01397868","name":"PLUG"},{"catalog_number":"GR01397865","name":"KVERNELAND PART"},{"catalog_number":"GR01397863","name":"NUT"},{"catalog_number":"GR01397858","name":"LEVER"},{"catalog_number":"GR01397839","name":"SPRING"},{"catalog_number":"GR01397836","name":"ROLLER"},{"catalog_number":"GR01397800","name":"BEARING"},{"catalog_number":"GR01397786","name":"HOSE CLIP"},{"catalog_number":"GR01397784","name":"SEAL"},{"catalog_number":"GR01397782","name":"SPRING"},{"catalog_number":"GR01397770","name":"VALVE"},{"catalog_number":"GR01397769","name":"VALVE"},{"catalog_number":"GR01397760","name":"NIPPLE"},{"catalog_number":"GR01397758","name":"BUSH"},{"catalog_number":"GR01397757","name":"BUSH"},{"catalog_number":"GR01397737","name":"CLIP"},{"catalog_number":"GR01397706","name":"SCREW"},{"catalog_number":"GR01397695","name":"KEY"},{"catalog_number":"GR01397656","name":"SHIM"},{"catalog_number":"GR01397652","name":"WASHER"},{"catalog_number":"GR01397647","name":"PIN"},{"catalog_number":"GR01397644","name":"BEARING"},{"catalog_number":"GR01397641","name":"PIN"},{"catalog_number":"GR01397640","name":"SCREW"},{"catalog_number":"GR01397630","name":"SEAL"},{"catalog_number":"GR01397624","name":"VALVE"},{"catalog_number":"GR01397619","name":"SEAL"},{"catalog_number":"GR01397617","name":"LINCH PIN"},{"catalog_number":"GR01397611","name":"WASHER"},{"catalog_number":"GR01397609","name":"CHAIN"},{"catalog_number":"GR01397606","name":"TYRE"},{"catalog_number":"GR01397600","name":"CLEVIS"},{"catalog_number":"GR01397596","name":"V BELT"},{"catalog_number":"GR01397582","name":"SPRING"},{"catalog_number":"GR01397577","name":"BUSH"},{"catalog_number":"GR01397573","name":"SCREW"},{"catalog_number":"GR01397550","name":"SCREW"},{"catalog_number":"GR01397531","name":"PIN"},{"catalog_number":"GR01397513","name":"HOOK"},{"catalog_number":"GR01397500","name":"SPRING"},{"catalog_number":"GR01396500","name":"BEARING"},{"catalog_number":"GR01396400","name":"BEARING"},{"catalog_number":"GR01396100","name":"BEARING"},{"catalog_number":"GR01395900","name":"BEARING"},{"catalog_number":"GR01391000","name":"BEARING"},{"catalog_number":"GR01388300","name":"BEARING"},{"catalog_number":"GR01388200","name":"BEARING"},{"catalog_number":"GR01387900","name":"BEARING"},{"catalog_number":"GR01387300","name":"BEARING"},{"catalog_number":"GR01386400","name":"BEARING"},{"catalog_number":"GR01385600","name":"BEARING"},{"catalog_number":"GR01385500","name":"BALL BEARING"},{"catalog_number":"GR01384700","name":"BEARING"},{"catalog_number":"GR01384600","name":"BEARING"},{"catalog_number":"GR01384400","name":"BEARING"},{"catalog_number":"GR01384300","name":"BEARING"},{"catalog_number":"GR01384100","name":"BEARING"},{"catalog_number":"GR01383900","name":"BEARING"},{"catalog_number":"GR01383800","name":"BEARING"},{"catalog_number":"GR01383700","name":"BEARING"},{"catalog_number":"GR01383400","name":"BEARING"},{"catalog_number":"GR01383000","name":"BEARING"},{"catalog_number":"GR01382900","name":"BEARING"},{"catalog_number":"GR01382800","name":"BEARING"},{"catalog_number":"GR01382600","name":"BEARING"},{"catalog_number":"GR01382500","name":"BEARING"},{"catalog_number":"GR01382100","name":"BEARING"},{"catalog_number":"GR01382000","name":"BALL BEARING"},{"catalog_number":"GR01381900","name":"BEARING"},{"catalog_number":"GR01381700","name":"BEARING"},{"catalog_number":"GR01381500","name":"BALL BEARING"},{"catalog_number":"GR01381200","name":"BEARING"},{"catalog_number":"GR01381100","name":"BEARING"},{"catalog_number":"GR01381000","name":"BEARING"},{"catalog_number":"GR01380800","name":"BEARING"},{"catalog_number":"GR01380600","name":"BEARING"},{"catalog_number":"GR01380200","name":"BEARING"},{"catalog_number":"GR01379900","name":"BEARING"},{"catalog_number":"GR01379700","name":"BEARING"},{"catalog_number":"GR01379500","name":"BEARING"},{"catalog_number":"GR01379100","name":"BEARING"},{"catalog_number":"GR01379000","name":"BEARING"},{"catalog_number":"GR01378900","name":"BEARING"},{"catalog_number":"GR01378800","name":"BEARING"},{"catalog_number":"GR01378600","name":"BEARING"},{"catalog_number":"GR01377800","name":"BEARING"},{"catalog_number":"GR01376700","name":"BEARING"},{"catalog_number":"GR01376400","name":"BEARING"},{"catalog_number":"GR01375800","name":"BEARING"},{"catalog_number":"GR01375600","name":"BEARING"},{"catalog_number":"GR01374500","name":"BEARING"},{"catalog_number":"GR01370000","name":"BEARING"},{"catalog_number":"GR01368100","name":"BEARING"},{"catalog_number":"GR01366300","name":"BEARING"},{"catalog_number":"GR01365600","name":"BEARING"},{"catalog_number":"GR01365000","name":"BEARING"},{"catalog_number":"GR01364900","name":"BEARING"},{"catalog_number":"GR01364600","name":"BEARING"},{"catalog_number":"GR01364200","name":"BEARING"},{"catalog_number":"GR01363600","name":"BEARING"},{"catalog_number":"GR01363400","name":"BEARING"},{"catalog_number":"GR01362800","name":"BEARING"},{"catalog_number":"GR01362000","name":"BEARING"},{"catalog_number":"GR01361400","name":"BEARING"}]}