{"machinery_brand_name":"Ag-Chem","parts":[{"catalog_number":"GR31419027","name":"RING"},{"catalog_number":"GR31419024","name":"RING"},{"catalog_number":"GR31419018","name":"SEAL"},{"catalog_number":"GR31419016","name":"SEAL"},{"catalog_number":"GR31415091","name":"SHIM"},{"catalog_number":"GR31415028","name":"WASHER"},{"catalog_number":"GR313882","name":"COUPLER"},{"catalog_number":"GR313873","name":"KVERNELAND PART"},{"catalog_number":"GR313872","name":"KVERNELAND PART"},{"catalog_number":"GR313870","name":"KVERNELAND PART"},{"catalog_number":"GR313869","name":"KVERNELAND PART"},{"catalog_number":"GR313865","name":"KVERNELAND PART"},{"catalog_number":"GR313863","name":"KVERNELAND PART"},{"catalog_number":"GR313858","name":"KVERNELAND PART"},{"catalog_number":"GR313856","name":"HOSE"},{"catalog_number":"GR313855","name":"KVERNELAND PART"},{"catalog_number":"GR313853","name":"KVERNELAND PART"},{"catalog_number":"GR313852","name":"KVERNELAND PART"},{"catalog_number":"GR313851","name":"KVERNELAND PART"},{"catalog_number":"GR313850","name":"HOSE"},{"catalog_number":"GR313804","name":"KVERNELAND PART"},{"catalog_number":"GR313748","name":"KVERNELAND PART"},{"catalog_number":"GR313712","name":"PLATE"},{"catalog_number":"GR313428","name":"KVERNELAND PART"},{"catalog_number":"GR313383","name":"ENGINE"},{"catalog_number":"GR313343","name":"ENGINE"},{"catalog_number":"GR313324","name":"KVERNELAND PART"},{"catalog_number":"GR313313","name":"KVERNELAND PART"},{"catalog_number":"GR313311","name":"KVERNELAND PART"},{"catalog_number":"GR313309","name":"KVERNELAND PART"},{"catalog_number":"GR313302","name":"KVERNELAND PART"},{"catalog_number":"GR313301","name":"KVERNELAND PART"},{"catalog_number":"GR313300","name":"KVERNELAND PART"},{"catalog_number":"GR313299","name":"KVERNELAND PART"},{"catalog_number":"GR313298","name":"KVERNELAND PART"},{"catalog_number":"GR313297","name":"SHAFT"},{"catalog_number":"GR313281","name":"KVERNELAND PART"},{"catalog_number":"GR313280","name":"KVERNELAND PART"},{"catalog_number":"GR313279","name":"SPROCKET"},{"catalog_number":"GR313274","name":"KVERNELAND PART"},{"catalog_number":"GR313216","name":"KVERNELAND PART"},{"catalog_number":"GR313215","name":"KVERNELAND PART"},{"catalog_number":"GR313187","name":"KVERNELAND PART"},{"catalog_number":"GR313180","name":"BELT"},{"catalog_number":"GR313069","name":"WEB"},{"catalog_number":"GR313059","name":"ROD"},{"catalog_number":"GR313056","name":"BELT"},{"catalog_number":"GR313055","name":"KVERNELAND PART"},{"catalog_number":"GR313036","name":"KVERNELAND PART"},{"catalog_number":"GR312740","name":"KVERNELAND PART"},{"catalog_number":"GR312587","name":"KVERNELAND PART"},{"catalog_number":"GR312560","name":"KVERNELAND PART"},{"catalog_number":"GR312485","name":"KVERNELAND PART"},{"catalog_number":"GR312484","name":"KVERNELAND PART"},{"catalog_number":"GR312473","name":"KVERNELAND PART"},{"catalog_number":"GR312472","name":"KVERNELAND PART"},{"catalog_number":"GR312471","name":"KVERNELAND PART"},{"catalog_number":"GR312469","name":"KVERNELAND PART"},{"catalog_number":"GR312467","name":"KVERNELAND PART"},{"catalog_number":"GR312464","name":"KVERNELAND PART"},{"catalog_number":"GR312463","name":"KVERNELAND PART"},{"catalog_number":"GR312462","name":"KVERNELAND PART"},{"catalog_number":"GR312446","name":"KVERNELAND PART"},{"catalog_number":"GR312445","name":"KVERNELAND PART"},{"catalog_number":"GR312437","name":"KVERNELAND PART"},{"catalog_number":"GR312434","name":"KVERNELAND PART"},{"catalog_number":"GR312433","name":"KVERNELAND PART"},{"catalog_number":"GR312414","name":"KVERNELAND PART"},{"catalog_number":"GR312413","name":"KVERNELAND PART"},{"catalog_number":"GR312412","name":"KVERNELAND PART"},{"catalog_number":"GR312409","name":"KVERNELAND PART"},{"catalog_number":"GR312406","name":"KVERNELAND PART"},{"catalog_number":"GR312392","name":"SHAFT"},{"catalog_number":"GR312347","name":"KVERNELAND PART"},{"catalog_number":"GR312343","name":"SHAFT"},{"catalog_number":"GR312341","name":"KVERNELAND PART"},{"catalog_number":"GR312340","name":"KVERNELAND PART"},{"catalog_number":"GR312336","name":"KVERNELAND PART"},{"catalog_number":"GR312333","name":"KVERNELAND PART"},{"catalog_number":"GR312332","name":"KVERNELAND PART"},{"catalog_number":"GR312321","name":"KVERNELAND PART"},{"catalog_number":"GR312066","name":"SCRAPER"},{"catalog_number":"GR312061","name":"KVERNELAND PART"},{"catalog_number":"GR312054","name":"KVERNELAND PART"},{"catalog_number":"GR31204340","name":"RIVET"},{"catalog_number":"GR312019","name":"KVERNELAND PART"},{"catalog_number":"GR312013","name":"KVERNELAND PART"},{"catalog_number":"GR312009","name":"KVERNELAND PART"},{"catalog_number":"GR311975","name":"KVERNELAND PART"},{"catalog_number":"GR311969","name":"KVERNELAND PART"},{"catalog_number":"GR311939","name":"ROD"},{"catalog_number":"GR311932","name":"SPACER"},{"catalog_number":"GR311927","name":"KVERNELAND PART"},{"catalog_number":"GR311915","name":"KVERNELAND PART"},{"catalog_number":"GR311912","name":"KVERNELAND PART"},{"catalog_number":"GR311910","name":"KVERNELAND PART"},{"catalog_number":"GR311829","name":"KVERNELAND PART"},{"catalog_number":"GR311790","name":"WHEEL"},{"catalog_number":"GR311773","name":"WASHER"},{"catalog_number":"GR311717","name":"KVERNELAND PART"},{"catalog_number":"GR311570","name":"KVERNELAND PART"},{"catalog_number":"GR311569","name":"KVERNELAND PART"},{"catalog_number":"GR311568","name":"KVERNELAND PART"},{"catalog_number":"GR311567","name":"KVERNELAND PART"},{"catalog_number":"GR311562","name":"KVERNELAND PART"},{"catalog_number":"GR311561","name":"KVERNELAND PART"},{"catalog_number":"GR311557","name":"KVERNELAND PART"},{"catalog_number":"GR311556","name":"KVERNELAND PART"},{"catalog_number":"GR311555","name":"KVERNELAND PART"},{"catalog_number":"GR311553","name":"HOUSING"},{"catalog_number":"GR311552","name":"LEVER"},{"catalog_number":"GR311547","name":"HOUSING"},{"catalog_number":"GR311543","name":"KVERNELAND PART"},{"catalog_number":"GR311542","name":"BUSH"},{"catalog_number":"GR311541","name":"KVERNELAND PART"},{"catalog_number":"GR311540","name":"KVERNELAND PART"},{"catalog_number":"GR311512","name":"STAY"},{"catalog_number":"GR311508","name":"STAY"},{"catalog_number":"GR311504","name":"KVERNELAND PART"},{"catalog_number":"GR311494","name":"KVERNELAND PART"},{"catalog_number":"GR311489","name":"KVERNELAND PART"},{"catalog_number":"GR311488","name":"KVERNELAND PART"},{"catalog_number":"GR311487","name":"KVERNELAND PART"},{"catalog_number":"GR311459","name":"KVERNELAND PART"},{"catalog_number":"GR311458","name":"KVERNELAND PART"},{"catalog_number":"GR311429","name":"KVERNELAND PART"},{"catalog_number":"GR311424","name":"KVERNELAND PART"},{"catalog_number":"GR311419","name":"KVERNELAND PART"},{"catalog_number":"GR311416","name":"KVERNELAND PART"},{"catalog_number":"GR311413","name":"KVERNELAND PART"},{"catalog_number":"GR311406","name":"KVERNELAND PART"},{"catalog_number":"GR311405","name":"KVERNELAND PART"},{"catalog_number":"GR311404","name":"GEARBOX"},{"catalog_number":"GR311385","name":"KVERNELAND PART"},{"catalog_number":"GR311380","name":"KVERNELAND PART"},{"catalog_number":"GR311368","name":"KVERNELAND PART"},{"catalog_number":"GR311356","name":"SHAFT"},{"catalog_number":"GR311353","name":"GEAR"},{"catalog_number":"GR311330","name":"KVERNELAND PART"},{"catalog_number":"GR311316","name":"KVERNELAND PART"},{"catalog_number":"GR311312","name":"KVERNELAND PART"},{"catalog_number":"GR311308","name":"KVERNELAND PART"},{"catalog_number":"GR311257","name":"CLAMP"},{"catalog_number":"GR311209","name":"KVERNELAND PART"},{"catalog_number":"GR311203","name":"KVERNELAND PART"},{"catalog_number":"GR311186","name":"KVERNELAND PART"},{"catalog_number":"GR311148","name":"KVERNELAND PART"},{"catalog_number":"GR311144","name":"KVERNELAND PART"},{"catalog_number":"GR311122","name":"KVERNELAND PART"},{"catalog_number":"GR311121","name":"KVERNELAND PART"},{"catalog_number":"GR311112","name":"DISC"},{"catalog_number":"GR311110110","name":"GEAR"},{"catalog_number":"GR311104","name":"FRAME"},{"catalog_number":"GR311048","name":"KVERNELAND PART"},{"catalog_number":"GR311045","name":"KVERNELAND PART"},{"catalog_number":"GR31103540","name":"KEY"},{"catalog_number":"GR31103445","name":"KEY"},{"catalog_number":"GR31103432","name":"KEY"},{"catalog_number":"GR31103425","name":"KEY"},{"catalog_number":"GR31103356","name":"KEY"},{"catalog_number":"GR31103332","name":"KEY"},{"catalog_number":"GR311031","name":"KVERNELAND PART"},{"catalog_number":"GR311025","name":"KVERNELAND PART"},{"catalog_number":"GR311024","name":"KVERNELAND PART"},{"catalog_number":"GR31101650","name":"KEY"},{"catalog_number":"GR311016","name":"KVERNELAND PART"},{"catalog_number":"GR311003","name":"KVERNELAND PART"},{"catalog_number":"GR310996","name":"BUSH"},{"catalog_number":"GR310995","name":"KVERNELAND PART"},{"catalog_number":"GR310987","name":"KVERNELAND PART"},{"catalog_number":"GR310986","name":"KVERNELAND PART"},{"catalog_number":"GR310967","name":"KVERNELAND PART"},{"catalog_number":"GR310952","name":"SHAFT"},{"catalog_number":"GR310946","name":"KVERNELAND PART"},{"catalog_number":"GR310943","name":"KVERNELAND PART"},{"catalog_number":"GR310933","name":"GUIDE"},{"catalog_number":"GR310914","name":"KVERNELAND PART"},{"catalog_number":"GR310906","name":"KVERNELAND PART"},{"catalog_number":"GR310881","name":"KVERNELAND PART"},{"catalog_number":"GR310875","name":"KVERNELAND PART"},{"catalog_number":"GR310873","name":"CLAMP"},{"catalog_number":"GR310867","name":"KVERNELAND PART"},{"catalog_number":"GR310844","name":"BRACKET"},{"catalog_number":"GR310832","name":"KVERNELAND PART"},{"catalog_number":"GR310828","name":"KVERNELAND PART"},{"catalog_number":"GR310825","name":"KVERNELAND PART"},{"catalog_number":"GR310811","name":"KVERNELAND PART"},{"catalog_number":"GR310799","name":"KVERNELAND PART"},{"catalog_number":"GR310798","name":"KVERNELAND PART"},{"catalog_number":"GR310787","name":"ROLLER"},{"catalog_number":"GR310759","name":"PLATE"},{"catalog_number":"GR310747","name":"KVERNELAND PART"},{"catalog_number":"GR310722","name":"KVERNELAND PART"},{"catalog_number":"GR310721","name":"KVERNELAND PART"},{"catalog_number":"GR310633","name":"KVERNELAND PART"},{"catalog_number":"GR310632","name":"KVERNELAND PART"},{"catalog_number":"GR310630","name":"KVERNELAND PART"},{"catalog_number":"GR310622","name":"KVERNELAND PART"},{"catalog_number":"GR310617","name":"KVERNELAND PART"},{"catalog_number":"GR310613","name":"CRANK"},{"catalog_number":"GR310610","name":"SHAFT"},{"catalog_number":"GR310604","name":"KVERNELAND PART"},{"catalog_number":"GR310603","name":"LEG"},{"catalog_number":"GR31060250","name":"ADJUSTING COLLAR"},{"catalog_number":"GR310561","name":"KVERNELAND PART"},{"catalog_number":"GR310560","name":"KVERNELAND PART"},{"catalog_number":"GR310552","name":"KVERNELAND PART"},{"catalog_number":"GR310546","name":"KVERNELAND PART"},{"catalog_number":"GR310532","name":"KVERNELAND PART"},{"catalog_number":"GR310530","name":"KVERNELAND PART"},{"catalog_number":"GR310526","name":"BAR"},{"catalog_number":"GR310522","name":"KVERNELAND PART"},{"catalog_number":"GR310505","name":"KVERNELAND PART"},{"catalog_number":"GR310470","name":"KVERNELAND PART"},{"catalog_number":"GR310466","name":"KVERNELAND PART"},{"catalog_number":"GR310463","name":"KVERNELAND PART"},{"catalog_number":"GR310461","name":"KVERNELAND PART"},{"catalog_number":"GR310456","name":"KVERNELAND PART"},{"catalog_number":"GR310453","name":"KVERNELAND PART"},{"catalog_number":"GR310439","name":"KVERNELAND PART"},{"catalog_number":"GR310434","name":"KVERNELAND PART"},{"catalog_number":"GR310424","name":"KVERNELAND PART"},{"catalog_number":"GR310420","name":"BOLT"},{"catalog_number":"GR310296","name":"KVERNELAND PART"},{"catalog_number":"GR31027950","name":"CIRCLIP"},{"catalog_number":"GR31024600","name":"CIRCLIP"},{"catalog_number":"GR31024500","name":"CIRCLIP"},{"catalog_number":"GR310234","name":"KVERNELAND PART"},{"catalog_number":"GR310229","name":"KVERNELAND PART"},{"catalog_number":"GR31020401","name":"KVERNELAND PART"},{"catalog_number":"GR31018150","name":"RING"},{"catalog_number":"GR31018100","name":"RING"},{"catalog_number":"GR310121","name":"KVERNELAND PART"},{"catalog_number":"GR31011005","name":"SPRING WASHER"},{"catalog_number":"GR310110","name":"KVERNELAND PART"},{"catalog_number":"GR310109","name":"SPROCKET"},{"catalog_number":"GR31007047","name":"RING"},{"catalog_number":"GR31006401","name":"KVERNELAND PART"},{"catalog_number":"GR310056","name":"KVERNELAND PART"},{"catalog_number":"GR31001340","name":"CIRCLIP"},{"catalog_number":"GR309607","name":"DIODE"},{"catalog_number":"GR309606","name":"RELAY"},{"catalog_number":"GR309603","name":"KIT"},{"catalog_number":"GR309562","name":"KVERNELAND PART"},{"catalog_number":"GR309556","name":"WIRE"},{"catalog_number":"GR309550","name":"CONTROL PANEL"},{"catalog_number":"GR309546","name":"BRACKET"},{"catalog_number":"GR309533","name":"SWITCH"},{"catalog_number":"GR309531","name":"KVERNELAND PART"},{"catalog_number":"GR309130","name":"SPROCKET"},{"catalog_number":"GR309081","name":"ELEVATOR"},{"catalog_number":"GR309074","name":"SCRAPER"},{"catalog_number":"GR309060","name":"KVERNELAND PART"},{"catalog_number":"GR308763","name":"KVERNELAND PART"},{"catalog_number":"GR308760","name":"KVERNELAND PART"},{"catalog_number":"GR30863832","name":"PIN"},{"catalog_number":"GR308628","name":"KVERNELAND PART"},{"catalog_number":"GR308613","name":"PLATE"},{"catalog_number":"GR30854700","name":"YOKE"},{"catalog_number":"GR30854116","name":"PIN"},{"catalog_number":"GR308538","name":"KVERNELAND PART"},{"catalog_number":"GR30853702","name":"PIN"},{"catalog_number":"GR30853636","name":"PIN"},{"catalog_number":"GR30851670","name":"COTTER"},{"catalog_number":"GR308496","name":"KVERNELAND PART"},{"catalog_number":"GR308473","name":"KVERNELAND PART"},{"catalog_number":"GR308433","name":"PLATE"},{"catalog_number":"GR308423","name":"COLLAR"},{"catalog_number":"GR308185","name":"KVERNELAND PART"},{"catalog_number":"GR308183","name":"TRAP"},{"catalog_number":"GR30814522","name":"PIN"},{"catalog_number":"GR308089","name":"WEB"},{"catalog_number":"GR30807850","name":"PIN"},{"catalog_number":"GR308049","name":"WEB"},{"catalog_number":"GR30804814","name":"PIN"},{"catalog_number":"GR30804803","name":"PIN"},{"catalog_number":"GR30804802","name":"BUSH"},{"catalog_number":"GR30804701","name":"PIN"},{"catalog_number":"GR30803960","name":"PIN"},{"catalog_number":"GR30803855","name":"PIN"},{"catalog_number":"GR30803820","name":"PIN"},{"catalog_number":"GR30803740","name":"PIN"},{"catalog_number":"GR30803737","name":"PIN"},{"catalog_number":"GR30803720","name":"PIN"},{"catalog_number":"GR30803719","name":"PIN"},{"catalog_number":"GR30803703","name":"PIN"},{"catalog_number":"GR30803317","name":"PIN"},{"catalog_number":"GR307823","name":"KVERNELAND PART"},{"catalog_number":"GR307817","name":"ADAPTER"},{"catalog_number":"GR307815","name":"KVERNELAND PART"},{"catalog_number":"GR307775","name":"KVERNELAND PART"},{"catalog_number":"GR307774","name":"SHAFT"},{"catalog_number":"GR307771","name":"SPROCKET"},{"catalog_number":"GR307770","name":"KVERNELAND PART"},{"catalog_number":"GR307726","name":"SCRAPER"},{"catalog_number":"GR307725","name":"SCRAPER"},{"catalog_number":"GR307721","name":"BRACKET"},{"catalog_number":"GR307716","name":"PLATE"},{"catalog_number":"GR307713","name":"GUARD"},{"catalog_number":"GR307712","name":"GUARD"},{"catalog_number":"GR307695","name":"PLATE"},{"catalog_number":"GR307694","name":"PLATE"},{"catalog_number":"GR307693","name":"PLATE"},{"catalog_number":"GR307684","name":"PLATE"},{"catalog_number":"GR307683","name":"PLATE"},{"catalog_number":"GR307681","name":"KVERNELAND PART"},{"catalog_number":"GR307666","name":"FRAME"},{"catalog_number":"GR307657","name":"BRACKET"},{"catalog_number":"GR307597","name":"KVERNELAND PART"},{"catalog_number":"GR307560","name":"SHAFT"},{"catalog_number":"GR307548","name":"PLUG"},{"catalog_number":"GR307547","name":"KVERNELAND PART"},{"catalog_number":"GR307524","name":"TABLE"},{"catalog_number":"GR307523","name":"KVERNELAND PART"},{"catalog_number":"GR307358","name":"KVERNELAND PART"},{"catalog_number":"GR307294","name":"KVERNELAND PART"},{"catalog_number":"GR307268","name":"RETAINER"},{"catalog_number":"GR307252","name":"SCRAPER"},{"catalog_number":"GR307251","name":"KVERNELAND PART"},{"catalog_number":"GR307250","name":"KVERNELAND PART"},{"catalog_number":"GR307242","name":"KVERNELAND PART"},{"catalog_number":"GR307233","name":"KVERNELAND PART"},{"catalog_number":"GR307214","name":"KVERNELAND PART"},{"catalog_number":"GR307213","name":"KVERNELAND PART"},{"catalog_number":"GR307210810","name":"DRIVE SHAFT"},{"catalog_number":"GR307210","name":"KVERNELAND PART"},{"catalog_number":"GR30710206","name":"SCREW"},{"catalog_number":"GR307070","name":"YOKE"},{"catalog_number":"GR30701007","name":"RIVET"},{"catalog_number":"GR30701006","name":"RIVET"},{"catalog_number":"GR306977","name":"COVER"},{"catalog_number":"GR306963","name":"SHAFT"},{"catalog_number":"GR306961","name":"KVERNELAND PART"},{"catalog_number":"GR306957","name":"EXTENSION"},{"catalog_number":"GR306953","name":"BRACKET"},{"catalog_number":"GR306952","name":"BRACKET"},{"catalog_number":"GR306946","name":"SUPPORT"},{"catalog_number":"GR306944","name":"BAR"},{"catalog_number":"GR306931","name":"FRAME"},{"catalog_number":"GR306882","name":"BOLT"},{"catalog_number":"GR306877","name":"ARM"},{"catalog_number":"GR306876","name":"ARM"},{"catalog_number":"GR306860","name":"KVERNELAND PART"},{"catalog_number":"GR306856","name":"BRACKET"},{"catalog_number":"GR306842","name":"FRAME"},{"catalog_number":"GR306840","name":"KVERNELAND PART"},{"catalog_number":"GR306835","name":"COVER"},{"catalog_number":"GR306832","name":"GUARD"},{"catalog_number":"GR306822","name":"BRACKET"},{"catalog_number":"GR306810","name":"KVERNELAND PART"},{"catalog_number":"GR306721","name":"HOSE"},{"catalog_number":"GR306698","name":"KVERNELAND PART"},{"catalog_number":"GR306680","name":"KVERNELAND PART"},{"catalog_number":"GR306678","name":"CYLINDER"},{"catalog_number":"GR306603","name":"COVER"},{"catalog_number":"GR30660240","name":"PIN"},{"catalog_number":"GR306583","name":"VALVE"},{"catalog_number":"GR306557","name":"KVERNELAND PART"},{"catalog_number":"GR306555","name":"KVERNELAND PART"},{"catalog_number":"GR306479","name":"BRACKET"},{"catalog_number":"GR306478","name":"BRACKET"},{"catalog_number":"GR306417","name":"SPACER"},{"catalog_number":"GR306409","name":"KVERNELAND PART"},{"catalog_number":"GR306381","name":"FORK"},{"catalog_number":"GR306380","name":"FORK"},{"catalog_number":"GR306376","name":"KVERNELAND PART"},{"catalog_number":"GR306375","name":"SCRAPER"},{"catalog_number":"GR306297","name":"KVERNELAND PART"},{"catalog_number":"GR306243","name":"KVERNELAND PART"},{"catalog_number":"GR306225","name":"ROLLER"},{"catalog_number":"GR306211","name":"KVERNELAND PART"},{"catalog_number":"GR306207","name":"SUPPORT"},{"catalog_number":"GR306206","name":"KVERNELAND PART"},{"catalog_number":"GR306170","name":"KVERNELAND PART"},{"catalog_number":"GR306118","name":"KVERNELAND PART"},{"catalog_number":"GR306116","name":"WASHER"},{"catalog_number":"GR306080","name":"KVERNELAND PART"},{"catalog_number":"GR306079","name":"KVERNELAND PART"},{"catalog_number":"GR306064","name":"BRACKET"},{"catalog_number":"GR306058","name":"KVERNELAND PART"},{"catalog_number":"GR305994","name":"KVERNELAND PART"},{"catalog_number":"GR30598012","name":"NUT"},{"catalog_number":"GR30598010","name":"LOCKNUT"},{"catalog_number":"GR30597910","name":"LOCKNUT"},{"catalog_number":"GR305964","name":"BAR"},{"catalog_number":"GR30595920","name":"NUT"},{"catalog_number":"GR30595900","name":"WHEEL NUT"},{"catalog_number":"GR305947","name":"KVERNELAND PART"},{"catalog_number":"GR305943","name":"WHEEL"},{"catalog_number":"GR305888","name":"BRACKET"},{"catalog_number":"GR305887","name":"ADJUSTER"},{"catalog_number":"GR305877","name":"KVERNELAND PART"},{"catalog_number":"GR305876","name":"KVERNELAND PART"},{"catalog_number":"GR30583300","name":"NUT"},{"catalog_number":"GR305782","name":"KVERNELAND PART"},{"catalog_number":"GR305767","name":"WEB"},{"catalog_number":"GR305752","name":"ROLLER"},{"catalog_number":"GR30569101","name":"NUT"},{"catalog_number":"GR305680","name":"BUSH"},{"catalog_number":"GR30566935","name":"NUT"},{"catalog_number":"GR305637","name":"BRACKET"},{"catalog_number":"GR305636","name":"BRACKET"},{"catalog_number":"GR305611","name":"KVERNELAND PART"},{"catalog_number":"GR305609","name":"PLATE"},{"catalog_number":"GR305536","name":"KVERNELAND PART"},{"catalog_number":"GR305514","name":"AXLE"},{"catalog_number":"GR30550800","name":"NUT"},{"catalog_number":"GR305502","name":"HUB"},{"catalog_number":"GR305455","name":"KVERNELAND PART"},{"catalog_number":"GR305436","name":"STOP"},{"catalog_number":"GR305435","name":"PLATE"},{"catalog_number":"GR305430","name":"SCREW"},{"catalog_number":"GR305428","name":"CLAMP"},{"catalog_number":"GR305426","name":"SCREW"},{"catalog_number":"GR305424","name":"PLATE"},{"catalog_number":"GR305416","name":"SUPPORT"},{"catalog_number":"GR305415","name":"SUPPORT"},{"catalog_number":"GR305407","name":"ARM"},{"catalog_number":"GR305390","name":"SPACER"},{"catalog_number":"GR305388","name":"KVERNELAND PART"},{"catalog_number":"GR305387","name":"ASSEMBLY SET"},{"catalog_number":"GR305386","name":"KVERNELAND PART"},{"catalog_number":"GR305384","name":"CLAMP"},{"catalog_number":"GR305375","name":"KVERNELAND PART"},{"catalog_number":"GR305357","name":"KVERNELAND PART"},{"catalog_number":"GR305342","name":"GUARD"},{"catalog_number":"GR305334","name":"KVERNELAND PART"},{"catalog_number":"GR305292","name":"WHEEL RIM"},{"catalog_number":"GR305291","name":"KVERNELAND PART"},{"catalog_number":"GR305284","name":"TUBE"},{"catalog_number":"GR305283","name":"TYRE"},{"catalog_number":"GR305282","name":"WHEEL RIM"},{"catalog_number":"GR305272","name":"TUBE"},{"catalog_number":"GR305228","name":"KVERNELAND PART"},{"catalog_number":"GR305222","name":"BOLT"},{"catalog_number":"GR305190","name":"DRAWBAR"},{"catalog_number":"GR305189","name":"KVERNELAND PART"},{"catalog_number":"GR30516945","name":"NUT"},{"catalog_number":"GR305045","name":"KVERNELAND PART"},{"catalog_number":"GR305042","name":"ASSEMBLY SET"},{"catalog_number":"GR304872","name":"GUIDE"},{"catalog_number":"GR304856","name":"KVERNELAND PART"},{"catalog_number":"GR304841","name":"KVERNELAND PART"},{"catalog_number":"GR304840","name":"KVERNELAND PART"},{"catalog_number":"GR304519","name":"KVERNELAND PART"},{"catalog_number":"GR304518","name":"KVERNELAND PART"},{"catalog_number":"GR304294","name":"KVERNELAND PART"},{"catalog_number":"GR304291","name":"UNION"},{"catalog_number":"GR304288","name":"LINK"},{"catalog_number":"GR304286","name":"LINK"},{"catalog_number":"GR304247","name":"KVERNELAND PART"},{"catalog_number":"GR304229","name":"ROD"},{"catalog_number":"GR304212","name":"WEB"},{"catalog_number":"GR30397165","name":"SCREW"},{"catalog_number":"GR303954","name":"DISC"},{"catalog_number":"GR30380200","name":"EYE BOLT"},{"catalog_number":"GR303780","name":"DAMPER"},{"catalog_number":"GR303768","name":"KVERNELAND PART"},{"catalog_number":"GR303752","name":"BEAM"},{"catalog_number":"GR303749","name":"CLAMP"},{"catalog_number":"GR303721","name":"STAY"},{"catalog_number":"GR303703","name":"WHEEL"},{"catalog_number":"GR303702","name":"WHEEL"},{"catalog_number":"GR303699","name":"KVERNELAND PART"},{"catalog_number":"GR303625","name":"ASSEMBLY SET"},{"catalog_number":"GR303624","name":"KVERNELAND PART"},{"catalog_number":"GR303623","name":"KVERNELAND PART"},{"catalog_number":"GR303621","name":"FRAME"},{"catalog_number":"GR30361860","name":"HEX CAP SCREW"},{"catalog_number":"GR30361835","name":"HEX CAP SCREW"},{"catalog_number":"GR30361830","name":"SCREW"},{"catalog_number":"GR30361820","name":"SCREW"},{"catalog_number":"GR303618","name":"FINGER"},{"catalog_number":"GR303616","name":"PLATE"},{"catalog_number":"GR303615","name":"PLATE"},{"catalog_number":"GR30361260","name":"SCREW"},{"catalog_number":"GR30361250","name":"HEX CAP SCREW"},{"catalog_number":"GR30361125","name":"PART"},{"catalog_number":"GR30361112","name":"SCREW"},{"catalog_number":"GR30361110","name":"SCREW"},{"catalog_number":"GR303611","name":"FINGER"},{"catalog_number":"GR303609","name":"BLADE"},{"catalog_number":"GR303608","name":"BLADE"},{"catalog_number":"GR303555","name":"SPROCKET"},{"catalog_number":"GR303536","name":"WHEEL"},{"catalog_number":"GR303520","name":"DISC"},{"catalog_number":"GR303516","name":"KVERNELAND PART"},{"catalog_number":"GR30351245","name":"ADJUSTING SCREW"},{"catalog_number":"GR303510","name":"DISC"},{"catalog_number":"GR303505","name":"DISC"},{"catalog_number":"GR30347650","name":"SCREW"},{"catalog_number":"GR30347265","name":"SCREW"},{"catalog_number":"GR30336220","name":"SETSCREW"},{"catalog_number":"GR303336","name":"PLATE"},{"catalog_number":"GR303325","name":"GUIDE"},{"catalog_number":"GR303303","name":"BRACKET"},{"catalog_number":"GR303301","name":"SHAFT"},{"catalog_number":"GR303300","name":"BELT"},{"catalog_number":"GR303196","name":"SCREW"},{"catalog_number":"GR303147","name":"KVERNELAND PART"},{"catalog_number":"GR303146","name":"KVERNELAND PART"},{"catalog_number":"GR303145","name":"SPRING"},{"catalog_number":"GR303141","name":"FRAME"},{"catalog_number":"GR303129","name":"COLLAR"},{"catalog_number":"GR303124","name":"ROLLER"},{"catalog_number":"GR303123","name":"KVERNELAND PART"},{"catalog_number":"GR303122","name":"KVERNELAND PART"},{"catalog_number":"GR303121","name":"SCRAPER"},{"catalog_number":"GR303040","name":"SCRAPER"},{"catalog_number":"GR303035","name":"SCRAPER"},{"catalog_number":"GR303034","name":"SCRAPER"},{"catalog_number":"GR303033","name":"SCRAPER"},{"catalog_number":"GR303032","name":"SCRAPER"},{"catalog_number":"GR30301820","name":"SETSCREW"},{"catalog_number":"GR30301231","name":"SCREW"},{"catalog_number":"GR30300120","name":"BOLT"},{"catalog_number":"GR30299855","name":"BOLT"},{"catalog_number":"GR30299845","name":"BOLT"},{"catalog_number":"GR30297422","name":"BOLT"},{"catalog_number":"GR30296825","name":"PART"},{"catalog_number":"GR30296250","name":"SCREW"},{"catalog_number":"GR30296240","name":"SCREW"},{"catalog_number":"GR30296225","name":"BOLT"},{"catalog_number":"GR30296130","name":"HEX CAP SCREW"},{"catalog_number":"GR30293265","name":"BOLT"},{"catalog_number":"GR302896","name":"KVERNELAND PART"},{"catalog_number":"GR302892","name":"KVERNELAND PART"},{"catalog_number":"GR30282241","name":"BOLT"},{"catalog_number":"GR30274816","name":"SCREW"},{"catalog_number":"GR302741","name":"KVERNELAND PART"},{"catalog_number":"GR302740","name":"CANOPY"},{"catalog_number":"GR30270680","name":"SCREW"},{"catalog_number":"GR30270370","name":"BOLT"},{"catalog_number":"GR30270240","name":"BOLT"},{"catalog_number":"GR30268840","name":"SCREW"},{"catalog_number":"GR30268820","name":"SCREW"},{"catalog_number":"GR30268450","name":"SCREW"},{"catalog_number":"GR30268340","name":"SCREW"},{"catalog_number":"GR30268235","name":"SCREW"},{"catalog_number":"GR30268220","name":"BOLT"},{"catalog_number":"GR30268140","name":"BOLT"},{"catalog_number":"GR30268130","name":"SCREW"},{"catalog_number":"GR30268125","name":"SCREW"},{"catalog_number":"GR30268120","name":"SCREW"},{"catalog_number":"GR30263130","name":"BOLT"},{"catalog_number":"GR30262820","name":"BOLT"},{"catalog_number":"GR30262120","name":"BOLT"},{"catalog_number":"GR302614","name":"KVERNELAND PART"},{"catalog_number":"GR302613","name":"HUB"},{"catalog_number":"GR30257139","name":"SCREW"},{"catalog_number":"GR302547","name":"RETAINER"},{"catalog_number":"GR302541","name":"SPROCKET"},{"catalog_number":"GR302529","name":"SPACER"},{"catalog_number":"GR302495","name":"BAR"},{"catalog_number":"GR302490","name":"KVERNELAND PART"},{"catalog_number":"GR302463","name":"KVERNELAND PART"},{"catalog_number":"GR302445","name":"COVER"},{"catalog_number":"GR302436","name":"SHAFT"},{"catalog_number":"GR302432","name":"KVERNELAND PART"},{"catalog_number":"GR302430","name":"SHAFT"},{"catalog_number":"GR302393","name":"KVERNELAND PART"},{"catalog_number":"GR302384","name":"KVERNELAND PART"},{"catalog_number":"GR302360","name":"WIRE"},{"catalog_number":"GR302358","name":"GEAR"},{"catalog_number":"GR302357","name":"LINK"},{"catalog_number":"GR302356","name":"COVER"},{"catalog_number":"GR302355","name":"RING"},{"catalog_number":"GR302352","name":"ENGINE"},{"catalog_number":"GR302342","name":"SOCKET"},{"catalog_number":"GR302340","name":"WIRE"},{"catalog_number":"GR302301","name":"ASSEMBLY SET"},{"catalog_number":"GR302262","name":"KIT"},{"catalog_number":"GR302226","name":"KVERNELAND PART"},{"catalog_number":"GR302219","name":"KVERNELAND PART"},{"catalog_number":"GR302215","name":"CONTROL BOX"},{"catalog_number":"GR302172","name":"AXLE"},{"catalog_number":"GR302171","name":"SHAFT"},{"catalog_number":"GR302071","name":"DEFLECTOR"},{"catalog_number":"GR302070","name":"DEFLECTOR"},{"catalog_number":"GR302062","name":"KVERNELAND PART"},{"catalog_number":"GR302058","name":"KVERNELAND PART"},{"catalog_number":"GR302052","name":"SCRAPER"},{"catalog_number":"GR302051","name":"KVERNELAND PART"},{"catalog_number":"GR302036","name":"CLAMP"},{"catalog_number":"GR302035","name":"BOLT"},{"catalog_number":"GR302034","name":"BRACKET"},{"catalog_number":"GR302033","name":"BRACKET"},{"catalog_number":"GR302026","name":"SPACER"},{"catalog_number":"GR301976","name":"KVERNELAND PART"},{"catalog_number":"GR301970","name":"SHAFT"},{"catalog_number":"GR301960","name":"TENSIONER"},{"catalog_number":"GR301954","name":"ARM"},{"catalog_number":"GR301892","name":"SPACER"},{"catalog_number":"GR301860","name":"SPROCKET"},{"catalog_number":"GR301763","name":"GUARD"},{"catalog_number":"GR301761","name":"GUARD"},{"catalog_number":"GR301760","name":"GUARD"},{"catalog_number":"GR301751","name":"GUARD"},{"catalog_number":"GR301719","name":"KVERNELAND PART"},{"catalog_number":"GR301718","name":"GUARD"}]}