{"machinery_brand_name":"Ag-Chem","parts":[{"catalog_number":"GRB0505973","name":"RETAINER"},{"catalog_number":"GRB0505173","name":"CONTROL BOX"},{"catalog_number":"GRB0504473","name":"COVER"},{"catalog_number":"GRB0501273","name":"CONTROL BOX"},{"catalog_number":"GRB0501173","name":"COVER"},{"catalog_number":"GRB0493873","name":"FUSE"},{"catalog_number":"GRB0491573","name":"SWITCH"},{"catalog_number":"GRB0491273","name":"CABLE"},{"catalog_number":"GRB0489473","name":"LOCK"},{"catalog_number":"GRB0489373","name":"LOCK"},{"catalog_number":"GRB0488173","name":"CABLE"},{"catalog_number":"GRB0487273","name":"FUSE HOLDER"},{"catalog_number":"GRB0486973","name":"CHASSIS"},{"catalog_number":"GRB0486873","name":"SEAL"},{"catalog_number":"GRB0486773","name":"SWITCH"},{"catalog_number":"GRB0486673","name":"SWITCH"},{"catalog_number":"GRB0486573","name":"SWITCH"},{"catalog_number":"GRB0484073","name":"KVERNELAND PART"},{"catalog_number":"GRB0483873","name":"BLOCK"},{"catalog_number":"GRB0483773","name":"BOX"},{"catalog_number":"GRB0473073","name":"ACTUATOR"},{"catalog_number":"GRB0472673","name":"CABLE"},{"catalog_number":"GRB0467173","name":"CABLE"},{"catalog_number":"GRB0467073","name":"CABLE"},{"catalog_number":"GRB0466273","name":"CONTROL BOX"},{"catalog_number":"GRB0465073","name":"CABLE"},{"catalog_number":"GRB0463873","name":"CABLE"},{"catalog_number":"GRB0463773","name":"CABLE"},{"catalog_number":"GRB0463373","name":"CABLE"},{"catalog_number":"GRB0463273","name":"CABLE"},{"catalog_number":"GRB0463173","name":"CABLE"},{"catalog_number":"GRB0462673","name":"CABLE"},{"catalog_number":"GRB0462573","name":"CABLE"},{"catalog_number":"GRB0462373","name":"CABLE"},{"catalog_number":"GRB0460873","name":"ACTUATOR"},{"catalog_number":"GRB0446973","name":"SENSOR"},{"catalog_number":"GRB0446773","name":"SENSOR"},{"catalog_number":"GRB0446573","name":"KVERNELAND PART"},{"catalog_number":"GRB0446173","name":"SENSOR"},{"catalog_number":"GRB0445573","name":"SENSOR"},{"catalog_number":"GRB0443273","name":"SENSOR"},{"catalog_number":"GRB0442373","name":"SENSOR"},{"catalog_number":"GRB0441773","name":"SENSOR"},{"catalog_number":"GRB0441573","name":"SENSOR"},{"catalog_number":"GRB0441473","name":"SENSOR"},{"catalog_number":"GRB0441373","name":"SENSOR"},{"catalog_number":"GRB0440573","name":"SENSOR"},{"catalog_number":"GRB0439873","name":"SENSOR"},{"catalog_number":"GRB0439773","name":"SENSOR"},{"catalog_number":"GRB0439473","name":"SENSOR"},{"catalog_number":"GRB0439373","name":"SENSOR"},{"catalog_number":"GRB0439273","name":"SENSOR"},{"catalog_number":"GRB0436773","name":"SENSOR"},{"catalog_number":"GRB0436373","name":"SENSOR"},{"catalog_number":"GRB0436173","name":"SENSOR"},{"catalog_number":"GRB0435673","name":"SENSOR"},{"catalog_number":"GRB0435473","name":"SWITCH"},{"catalog_number":"GRB0435273","name":"SENSOR"},{"catalog_number":"GRB0435173","name":"SENSOR"},{"catalog_number":"GRB0434573","name":"SENSOR"},{"catalog_number":"GRB0432473","name":"SENSOR"},{"catalog_number":"GRB0431973","name":"SENSOR"},{"catalog_number":"GRB0431673","name":"SENSOR"},{"catalog_number":"GRB0431473","name":"SENSOR"},{"catalog_number":"GRB0431373","name":"SENSOR"},{"catalog_number":"GRB0431073","name":"SENSOR"},{"catalog_number":"GRB0430573","name":"SENSOR"},{"catalog_number":"GRB0430273","name":"SENSOR"},{"catalog_number":"GRB0430173","name":"KIT, ACTUATOR"},{"catalog_number":"GRB0430073","name":"SENSOR"},{"catalog_number":"GRB0425973","name":"KVERNELAND PART"},{"catalog_number":"GRB0425873","name":"KVERNELAND PART"},{"catalog_number":"GRB0424473","name":"KVERNELAND PART"},{"catalog_number":"GRB0423573","name":"KVERNELAND PART"},{"catalog_number":"GRB0422473","name":"PRINTED CIRCUIT"},{"catalog_number":"GRB0422373","name":"SWITCH BOX"},{"catalog_number":"GRB0420873","name":"PART"},{"catalog_number":"GRB0417173","name":"PLATE"},{"catalog_number":"GRB0416873","name":"INSTALL DRAWING"},{"catalog_number":"GRB0413473","name":"PRINTED CIRCUIT"},{"catalog_number":"GRB0409573","name":"EPROM"},{"catalog_number":"GRB0409273","name":"EPROM"},{"catalog_number":"GRB0409173","name":"EPROM"},{"catalog_number":"GRB0408973","name":"EPROM"},{"catalog_number":"GRB0408873","name":"EPROM"},{"catalog_number":"GRB0408773","name":"EPROM"},{"catalog_number":"GRB0408673","name":"EPROM"},{"catalog_number":"GRB0407473","name":"EPROM"},{"catalog_number":"GRB0407373","name":"EPROM"},{"catalog_number":"GRB0406473","name":"KVERNELAND PART"},{"catalog_number":"GRB0405973","name":"KVERNELAND PART"},{"catalog_number":"GRB0405673","name":"EPROM"},{"catalog_number":"GRB0405273","name":"EPROM"},{"catalog_number":"GRB0405173","name":"EPROM"},{"catalog_number":"GRB0404773","name":"KVERNELAND PART"},{"catalog_number":"GRB0404673","name":"PART"},{"catalog_number":"GRB0399873","name":"SENSOR"},{"catalog_number":"GRB0399773","name":"SENSOR"},{"catalog_number":"GRB0398573","name":"CABLE"},{"catalog_number":"GRB0398473","name":"CABLE"},{"catalog_number":"GRB0396073","name":"CABLE"},{"catalog_number":"GRB0393373","name":"CABLE"},{"catalog_number":"GRB0393273","name":"CABLE"},{"catalog_number":"GRB0391973","name":"CABLE"},{"catalog_number":"GRB0391773","name":"CABLE"},{"catalog_number":"GRB0391473","name":"SENSOR"},{"catalog_number":"GRB039147","name":"SENSOR"},{"catalog_number":"GRB0391273","name":"SENSOR"},{"catalog_number":"GRB0390573","name":"SENSOR"},{"catalog_number":"GRB0389173","name":"SENSOR"},{"catalog_number":"GRB0388873","name":"METER"},{"catalog_number":"GRB0387373","name":"CABLE"},{"catalog_number":"GRB0386773","name":"KVERNELAND PART"},{"catalog_number":"GRB0386673","name":"KVERNELAND PART"},{"catalog_number":"GRB0385273","name":"CABLE"},{"catalog_number":"GRB0383673","name":"KVERNELAND PART"},{"catalog_number":"GRB0382073","name":"CABLE"},{"catalog_number":"GRB0381473","name":"CABLE"},{"catalog_number":"GRB0380873","name":"KVERNELAND PART"},{"catalog_number":"GRB0380773","name":"CONNECTOR"},{"catalog_number":"GRB0377273","name":"SENSOR"},{"catalog_number":"GRB0377173","name":"CHASSIS"},{"catalog_number":"GRB0372473","name":"CONNECTOR"},{"catalog_number":"GRB0371873","name":"CONTROL BOX"},{"catalog_number":"GRB0371773","name":"CABLE"},{"catalog_number":"GRB0371673","name":"CONTROL BOX"},{"catalog_number":"GRB0371473","name":"CABLE"},{"catalog_number":"GRB0371073","name":"SENSOR"},{"catalog_number":"GRB0370373","name":"KVERNELAND PART"},{"catalog_number":"GRB0370173","name":"CONTROL"},{"catalog_number":"GRB0343773","name":"BLIND NUT"},{"catalog_number":"GRB0343573","name":"KVERNELAND PART"},{"catalog_number":"GRB0342973","name":"KVERNELAND PART"},{"catalog_number":"GRB0341373","name":"VALVE"},{"catalog_number":"GRB0341273","name":"BOX"},{"catalog_number":"GRB0341173","name":"ELECTRICAL PLUG"},{"catalog_number":"GRB0336973","name":"HOUSING"},{"catalog_number":"GRB0335473","name":"CONNECTOR"},{"catalog_number":"GRB0335273","name":"CONNECTOR"},{"catalog_number":"GRB0330073","name":"SOCKET"},{"catalog_number":"GRB0326973","name":"CABLE"},{"catalog_number":"GRB0326573","name":"CABLE"},{"catalog_number":"GRB0320373","name":"CABLE"},{"catalog_number":"GRB0318373","name":"CLUTCH"},{"catalog_number":"GRB0314873","name":"WIRE"},{"catalog_number":"GRB0313773","name":"KVERNELAND PART"},{"catalog_number":"GRB0312873","name":"CABLE"},{"catalog_number":"GRB0309873","name":"CABLE"},{"catalog_number":"GRB0308073","name":"CABLE"},{"catalog_number":"GRB0306873","name":"CABLE"},{"catalog_number":"GRB0306773","name":"FEEDER"},{"catalog_number":"GRB0306673","name":"FEEDER"},{"catalog_number":"GRB0305973","name":"CABLE"},{"catalog_number":"GRB0305873","name":"CABLE"},{"catalog_number":"GRB0304073","name":"CABLE"},{"catalog_number":"GRB0303973","name":"KVERNELAND PART"},{"catalog_number":"GRB0303073","name":"CABLE"},{"catalog_number":"GRB0267573","name":"CABLE"},{"catalog_number":"GRB0260773","name":"CABLE"},{"catalog_number":"GRB0260673","name":"CABLE"},{"catalog_number":"GRB0260473","name":"CABLE"},{"catalog_number":"GRB0259673","name":"CABLE"},{"catalog_number":"GRB0256873","name":"DRAWBAR"},{"catalog_number":"GRB0254373","name":"CABLE"},{"catalog_number":"GRB0252273","name":"CABLE"},{"catalog_number":"GRB0252073","name":"CABLE"},{"catalog_number":"GRB0251973","name":"CABLE"},{"catalog_number":"GRB0162473","name":"FUSE"},{"catalog_number":"GRB0094473","name":"PLUG"},{"catalog_number":"GRB0093473","name":"SWITCH"},{"catalog_number":"GRB0088573","name":"METER"},{"catalog_number":"GRB0086173","name":"SWITCH"},{"catalog_number":"GRB0081573","name":"COVER"},{"catalog_number":"GRB0078073","name":"FUSE"},{"catalog_number":"GRB0076073","name":"RING"},{"catalog_number":"GRB0073673","name":"SWITCH"},{"catalog_number":"GRB0073573","name":"SWITCH"},{"catalog_number":"GRB0071473","name":"RELAY"},{"catalog_number":"GRB0071173","name":"RUBBER PART"},{"catalog_number":"GRB0069273","name":"COUNTER"},{"catalog_number":"GRB0064273","name":"FUSE"},{"catalog_number":"GRB0060873","name":"HEAD LIGHT"},{"catalog_number":"GRB0060573","name":"COVER"},{"catalog_number":"GRB0056673","name":"SWITCH"},{"catalog_number":"GRB0056573","name":"SWITCH"},{"catalog_number":"GRB0055573","name":"FUSE"},{"catalog_number":"GRB0049293","name":"WASHER"},{"catalog_number":"GRB0048586","name":"PART"},{"catalog_number":"GRB0048486","name":"PART"},{"catalog_number":"GRB0043302","name":"ROLLER"},{"catalog_number":"GRB0043202","name":"ROLL"},{"catalog_number":"GRB0043102","name":"ROLLER"},{"catalog_number":"GRB0042186","name":"HOOK"},{"catalog_number":"GRB0041978","name":"BUFFER"},{"catalog_number":"GRB0035293","name":"RING"},{"catalog_number":"GRB0031786","name":"KVERNELAND PART"},{"catalog_number":"GRB0031093","name":"GEAR"},{"catalog_number":"GRB0030893","name":"BUSH"},{"catalog_number":"GRB0030778","name":"SLEEVE"},{"catalog_number":"GRB0030193","name":"HOUSING"},{"catalog_number":"GRB0019678","name":"KNIFE"},{"catalog_number":"GRB0016878","name":"BUSH"},{"catalog_number":"GRB0016578","name":"SPRING SEAT"},{"catalog_number":"GRAS30","name":"GUARD"},{"catalog_number":"GRAK99","name":"PLATE"},{"catalog_number":"GRAK69","name":"WHEEL"},{"catalog_number":"GRAK66V","name":"PIN"},{"catalog_number":"GRAK64","name":"DEFLECTOR"},{"catalog_number":"GRAK63","name":"DEFLECTOR"},{"catalog_number":"GRAK55","name":"STRIP"},{"catalog_number":"GRAK54","name":"CURTAIN"},{"catalog_number":"GRAK53","name":"PLATE"},{"catalog_number":"GRAK31V","name":"SLEEVE"},{"catalog_number":"GRAK295V","name":"SLEEVE"},{"catalog_number":"GRAK293V","name":"SLEEVE"},{"catalog_number":"GRAK291","name":"SUPPORT"},{"catalog_number":"GRAK290","name":"SUPPORT"},{"catalog_number":"GRAK24","name":"SLEEVE"},{"catalog_number":"GRAK20","name":"STRIP"},{"catalog_number":"GRAK199","name":"PLATE"},{"catalog_number":"GRAK176V","name":"STRIP"},{"catalog_number":"GRAK173","name":"SUPPORT"},{"catalog_number":"GRAK172","name":"SUPPORT"},{"catalog_number":"GRAK14","name":"TUBE"},{"catalog_number":"GRAK125","name":"KNIFE"},{"catalog_number":"GRAK115","name":"RING"},{"catalog_number":"GRAK114","name":"SHAFT"},{"catalog_number":"GRAK113","name":"SHAFT"},{"catalog_number":"GRAK112","name":"GEAR"},{"catalog_number":"GRAK111","name":"LID"},{"catalog_number":"GRAK110","name":"HOUSING"},{"catalog_number":"GRAK107","name":"FILLER"},{"catalog_number":"GRAK106","name":"GUARD"},{"catalog_number":"GRAK104","name":"BOLT"},{"catalog_number":"GRAK101","name":"BRACKET"},{"catalog_number":"GRAK100","name":"BRACKET"},{"catalog_number":"GRAK078V","name":"BRACKET"},{"catalog_number":"GRAK070V","name":"BOLT"},{"catalog_number":"GRAK062","name":"SHIELD"},{"catalog_number":"GRAK049","name":"FRAME"},{"catalog_number":"GRAK039","name":"PART"},{"catalog_number":"GRAK025V","name":"PIN"},{"catalog_number":"GRAK0116","name":"FRAME"},{"catalog_number":"GRAK0108","name":"SUPPORT"},{"catalog_number":"GRAK0039","name":"PART"},{"catalog_number":"GRAK00290","name":"GUIDE"},{"catalog_number":"GRAK00187","name":"ROTOR"},{"catalog_number":"GRAK00170","name":"PLATE"},{"catalog_number":"GRAK00110","name":"ANGLE DRIVE"},{"catalog_number":"GRAH363V","name":"CLAMP"},{"catalog_number":"GRAH132-20","name":"TRAY"},{"catalog_number":"GRAH00132","name":"KIT, SHIMS"},{"catalog_number":"GRA1017094","name":"GEARBOX"},{"catalog_number":"GR99770348","name":"CAP"},{"catalog_number":"GR99764826","name":"PART"},{"catalog_number":"GR99484534","name":"FORK"},{"catalog_number":"GR99484439","name":"RAM"},{"catalog_number":"GR99484350","name":"VALVE"},{"catalog_number":"GR99483920","name":"VALVE"},{"catalog_number":"GR99475588","name":"SUPPORT"},{"catalog_number":"GR99469568","name":"STRIP"},{"catalog_number":"GR99468724","name":"COVER"},{"catalog_number":"GR99468257","name":"RING"},{"catalog_number":"GR99464914","name":"STRIP"},{"catalog_number":"GR99464827","name":"STRIP"},{"catalog_number":"GR99463432","name":"STRIP"},{"catalog_number":"GR99461477","name":"CHANNEL"},{"catalog_number":"GR99436229","name":"RING"},{"catalog_number":"GR99436228","name":"RING"},{"catalog_number":"GR99422007","name":"FLANGE"},{"catalog_number":"GR99422003","name":"SHANK"},{"catalog_number":"GR99422002","name":"CONNECTOR"},{"catalog_number":"GR99421954","name":"PART"},{"catalog_number":"GR99421918","name":"SKID"},{"catalog_number":"GR99421890","name":"CONNECTING LINK"},{"catalog_number":"GR99421852","name":"GEARBOX"},{"catalog_number":"GR99421729","name":"FINGER"},{"catalog_number":"GR99421636","name":"SUPPORT"},{"catalog_number":"GR99421629","name":"FRAME"},{"catalog_number":"GR99421614","name":"BUSH"},{"catalog_number":"GR99421612","name":"CASING."},{"catalog_number":"GR99419072","name":"SKID"},{"catalog_number":"GR99419054","name":"DRAWBAR"},{"catalog_number":"GR99418944","name":"CLAMP"},{"catalog_number":"GR99418834","name":"SLEEVE"},{"catalog_number":"GR99418787","name":"SKID"},{"catalog_number":"GR99418614","name":"CONVEYOR"},{"catalog_number":"GR99418579","name":"STOP"},{"catalog_number":"GR99418290","name":"PIPE"},{"catalog_number":"GR99418289","name":"PIPE"},{"catalog_number":"GR99418154","name":"PROTECTION"},{"catalog_number":"GR99418135","name":"REINFORCEMENT"},{"catalog_number":"GR99418045","name":"OIL SUMP"},{"catalog_number":"GR99417968","name":"PROTECTION"},{"catalog_number":"GR99417936","name":"DISC"},{"catalog_number":"GR99417759","name":"ARM"},{"catalog_number":"GR99417714","name":"UNION"},{"catalog_number":"GR99417643","name":"SHAFT"},{"catalog_number":"GR99417496","name":"LEVER"},{"catalog_number":"GR99417480","name":"BRACKET"},{"catalog_number":"GR99417273","name":"ARM"},{"catalog_number":"GR99417074","name":"LEVER"},{"catalog_number":"GR99417021","name":"NIPPLE"},{"catalog_number":"GR99417006","name":"STRIP"},{"catalog_number":"GR99416951","name":"FLANGE"},{"catalog_number":"GR99416735","name":"SEAT"},{"catalog_number":"GR99416682","name":"AGITATOR"},{"catalog_number":"GR99416607","name":"ROD"},{"catalog_number":"GR99416437","name":"FRAME"},{"catalog_number":"GR99413805","name":"KVERNELAND PART"},{"catalog_number":"GR99397104","name":"TUBE"},{"catalog_number":"GR99396460","name":"VALVE"},{"catalog_number":"GR99396169","name":"ROLLER"},{"catalog_number":"GR99384936","name":"FORK WRENCH"},{"catalog_number":"GR99384865","name":"KIT, BOLT"},{"catalog_number":"GR99384843","name":"COVER"},{"catalog_number":"GR99384842","name":"KIT, BOLT"},{"catalog_number":"GR99384770","name":"TUBE"},{"catalog_number":"GR99384493","name":"CONTROL VALVE"},{"catalog_number":"GR99384274","name":"CABLE CLAMP"},{"catalog_number":"GR99384094","name":"CHAIN"},{"catalog_number":"GR99384093","name":"PART"},{"catalog_number":"GR99383983","name":"CHAIN"},{"catalog_number":"GR99383918","name":"RING"},{"catalog_number":"GR99383711","name":"VALVE"},{"catalog_number":"GR99375001","name":"STRIP"},{"catalog_number":"GR99369901","name":"KVERNELAND PART"},{"catalog_number":"GR99368477","name":"PLATE"},{"catalog_number":"GR99368041","name":"KNIFE"},{"catalog_number":"GR99368040","name":"KNIFE"},{"catalog_number":"GR99367656","name":"WASHER"},{"catalog_number":"GR99364996","name":"PLATE"},{"catalog_number":"GR99364522","name":"PLATE"},{"catalog_number":"GR99364405","name":"PLATE"},{"catalog_number":"GR99363383","name":"STRIP"},{"catalog_number":"GR99361398","name":"PLATE"},{"catalog_number":"GR99361391","name":"CUP"},{"catalog_number":"GR99361365","name":"RING"},{"catalog_number":"GR99353319","name":"SUPPORT"},{"catalog_number":"GR99348289","name":"BUSH"},{"catalog_number":"GR99346132","name":"PIN"},{"catalog_number":"GR99345212","name":"PIN"},{"catalog_number":"GR99345197","name":"CONROD"},{"catalog_number":"GR99344870","name":"BRACKET"},{"catalog_number":"GR99344739","name":"PIN"},{"catalog_number":"GR99341363","name":"BUSH"},{"catalog_number":"GR99341309","name":"SPACER"},{"catalog_number":"GR99341308","name":"ROLLER"},{"catalog_number":"GR99341306","name":"ROLLER"},{"catalog_number":"GR99341300","name":"RING"},{"catalog_number":"GR99336214","name":"GUIDE"},{"catalog_number":"GR99330118","name":"SPRING"},{"catalog_number":"GR99330095","name":"SPRING"},{"catalog_number":"GR99330087","name":"SPRING"},{"catalog_number":"GR99321705","name":"LEVER"},{"catalog_number":"GR99321704","name":"GUIDE"},{"catalog_number":"GR99321662","name":"KNIFE"},{"catalog_number":"GR99319080","name":"PART"},{"catalog_number":"GR99318465","name":"PIN"},{"catalog_number":"GR99317608","name":"BOLT"},{"catalog_number":"GR99317302","name":"PIN"},{"catalog_number":"GR99308824","name":"BOLT"},{"catalog_number":"GR99195670","name":"YOKE"},{"catalog_number":"GR99184499","name":"CYLINDER"},{"catalog_number":"GR99184436","name":"RAM"},{"catalog_number":"GR99136240","name":"TINE"},{"catalog_number":"GR99136239","name":"PIN"},{"catalog_number":"GR99136238","name":"PIN"},{"catalog_number":"GR99130099","name":"SPRING"},{"catalog_number":"GR99130098","name":"SPRING"},{"catalog_number":"GR99121656","name":"RING"},{"catalog_number":"GR99121655","name":"RING"},{"catalog_number":"GR99121654","name":"CLAMP"},{"catalog_number":"GR99121166","name":"FLYWHEEL"},{"catalog_number":"GR99116996","name":"GUIDE"},{"catalog_number":"GR99084257","name":"WHEEL"},{"catalog_number":"GR98695703","name":"STUD BOLT"},{"catalog_number":"GR98684063","name":"WEARPLATE"},{"catalog_number":"GR98666959","name":"STRIP"},{"catalog_number":"GR98664785","name":"CAP"},{"catalog_number":"GR98663896","name":"STRIP"},{"catalog_number":"GR98663895","name":"STRIP"},{"catalog_number":"GR98661924","name":"PLATE"},{"catalog_number":"GR98661901","name":"STRIP"},{"catalog_number":"GR98661772","name":"STRIP"},{"catalog_number":"GR98661755","name":"STRIP"},{"catalog_number":"GR98659340","name":"STRIP"},{"catalog_number":"GR98640851","name":"WASHER"},{"catalog_number":"GR98633023","name":"DRAWBAR"},{"catalog_number":"GR98630063","name":"SPRING"},{"catalog_number":"GR98630051","name":"RING"},{"catalog_number":"GR98621876","name":"HUB"},{"catalog_number":"GR98621377","name":"PART"},{"catalog_number":"GR98618380","name":"SKID"},{"catalog_number":"GR98617408","name":"AGITATOR"},{"catalog_number":"GR98616528","name":"DISC"},{"catalog_number":"GR98615083","name":"PIPE"},{"catalog_number":"GR98615082","name":"PIPE"},{"catalog_number":"GR98614940","name":"PIPE"},{"catalog_number":"GR98613840","name":"ROD"},{"catalog_number":"GR98613805","name":"PROTECTION"},{"catalog_number":"GR98060908","name":"GUARD"},{"catalog_number":"GR98013926","name":"DOOR"},{"catalog_number":"GR97897006","name":"PRESSURE VALVE"},{"catalog_number":"GR97897005","name":"COCK"},{"catalog_number":"GR97896442","name":"BLOCK"},{"catalog_number":"GR97896417","name":"PART"},{"catalog_number":"GR97896155","name":"WIRE"},{"catalog_number":"GR97890287","name":"DECAL"},{"catalog_number":"GR97890257","name":"DECAL"},{"catalog_number":"GR97884766","name":"PART"},{"catalog_number":"GR97884765","name":"HOSE"},{"catalog_number":"GR97884689","name":"NIPPLE"},{"catalog_number":"GR97884683","name":"PART"},{"catalog_number":"GR97884636","name":"SEAL"},{"catalog_number":"GR97884630","name":"SEAL"},{"catalog_number":"GR97884522","name":"SEAL"},{"catalog_number":"GR97884348","name":"SEALS KIT"},{"catalog_number":"GR97884130","name":"APRON"},{"catalog_number":"GR97884129","name":"APRON"},{"catalog_number":"GR97871245","name":"CAP"},{"catalog_number":"GR97871223","name":"BLOCK"},{"catalog_number":"GR97871199","name":"SEAL"},{"catalog_number":"GR97871197","name":"GLAND"},{"catalog_number":"GR97871193","name":"FUNNEL"},{"catalog_number":"GR97871183","name":"PART"},{"catalog_number":"GR97871180","name":"DUSTCAP"},{"catalog_number":"GR97871179","name":"KVERNELAND PART"},{"catalog_number":"GR97871178","name":"RING"},{"catalog_number":"GR97871079","name":"BLIND NUT"},{"catalog_number":"GR97871056","name":"PULLEY"},{"catalog_number":"GR97871020","name":"PART"},{"catalog_number":"GR97870996","name":"RING"},{"catalog_number":"GR97870986","name":"BRACKET"},{"catalog_number":"GR97870975","name":"CAP"},{"catalog_number":"GR97870947","name":"STRAP"},{"catalog_number":"GR97870942","name":"HINGE"},{"catalog_number":"GR97870925","name":"FRICTION DISC"},{"catalog_number":"GR97870918","name":"RACK"},{"catalog_number":"GR97870908","name":"BEARING"},{"catalog_number":"GR97870897","name":"LOCKING PLATE"},{"catalog_number":"GR97870871","name":"RING"},{"catalog_number":"GR97870870","name":"BUSH"},{"catalog_number":"GR97870869","name":"BUFFER"},{"catalog_number":"GR97870867","name":"ROLLER"},{"catalog_number":"GR97870864","name":"ROLLER"},{"catalog_number":"GR97870862","name":"WASHER"},{"catalog_number":"GR97870841","name":"PIN"},{"catalog_number":"GR97870790","name":"BELLOWS"},{"catalog_number":"GR97870744","name":"CAP"},{"catalog_number":"GR97870743","name":"BUSH"},{"catalog_number":"GR97770560","name":"HOPPER"},{"catalog_number":"GR950091132","name":"CURTAIN"},{"catalog_number":"GR950090042","name":"CURTAIN"},{"catalog_number":"GR950090032","name":"CURTAIN"},{"catalog_number":"GR950090022","name":"CURTAIN"},{"catalog_number":"GR931825","name":"STRAP"},{"catalog_number":"GR923110000","name":"RING"},{"catalog_number":"GR923052010","name":"WHEEL"},{"catalog_number":"GR923051010","name":"LINKAGE"},{"catalog_number":"GR923000310","name":"PULLEY"},{"catalog_number":"GR911401","name":"KVERNELAND PART"},{"catalog_number":"GR911296","name":"PLUG"},{"catalog_number":"GR911270","name":"PLUG"},{"catalog_number":"GR911266","name":"PLUG"},{"catalog_number":"GR911042","name":"PLUG"},{"catalog_number":"GR90296374","name":"SHAFT"},{"catalog_number":"GR90296371","name":"LEVER"},{"catalog_number":"GR90296324","name":"PINION"},{"catalog_number":"GR90296323","name":"PINION"},{"catalog_number":"GR90284912","name":"GEAR"},{"catalog_number":"GR90284844","name":"KIT, O RINGS"},{"catalog_number":"GR90284841","name":"PLATE"},{"catalog_number":"GR90284840","name":"FLOW REGULATOR"},{"catalog_number":"GR90284835","name":"CYLINDER"},{"catalog_number":"GR90284638","name":"SHAFT"},{"catalog_number":"GR90284604","name":"CROWNWHEEL"},{"catalog_number":"GR90284456","name":"GASKET"},{"catalog_number":"GR90284421","name":"BEARING BUSH"},{"catalog_number":"GR90284406","name":"SHAFT"},{"catalog_number":"GR90284332","name":"SWITCH"},{"catalog_number":"GR90284219","name":"SEALS KIT"},{"catalog_number":"GR90284101","name":"HOSE"},{"catalog_number":"GR90284084","name":"ROLLER"},{"catalog_number":"GR90284031","name":"GEAR"},{"catalog_number":"GR90284022","name":"GEAR"},{"catalog_number":"GR90283808","name":"SHAFT"},{"catalog_number":"GR90275259","name":"SHIM"},{"catalog_number":"GR90270904","name":"BEARING"},{"catalog_number":"GR90267601","name":"WASHER"},{"catalog_number":"GR90263803","name":"BOW SAW"},{"catalog_number":"GR90261297","name":"SHIM"},{"catalog_number":"GR90261296","name":"SHIM"},{"catalog_number":"GR90261295","name":"PLATE"},{"catalog_number":"GR90252829","name":"BUSH"},{"catalog_number":"GR90248195","name":"BUSH"},{"catalog_number":"GR90245141","name":"PART"},{"catalog_number":"GR90245139","name":"PART"},{"catalog_number":"GR90245103","name":"PIN"},{"catalog_number":"GR90241429","name":"GEAR"},{"catalog_number":"GR90241428","name":"GEAR"},{"catalog_number":"GR90241423","name":"GEAR"},{"catalog_number":"GR90241297","name":"PIN"},{"catalog_number":"GR90241259","name":"GEAR"},{"catalog_number":"GR90241258","name":"GEAR"},{"catalog_number":"GR90241243","name":"GEAR"},{"catalog_number":"GR90233071","name":"SPRING"},{"catalog_number":"GR90230106","name":"SPRING"},{"catalog_number":"GR90230094","name":"SPRING"},{"catalog_number":"GR90230090","name":"SPRING"},{"catalog_number":"GR90230079","name":"SPRING"},{"catalog_number":"GR90221868","name":"GEAR"},{"catalog_number":"GR90221855","name":"ROLLER"},{"catalog_number":"GR90221672","name":"PIN"},{"catalog_number":"GR90221631","name":"GEAR"},{"catalog_number":"GR90221626","name":"GEAR"},{"catalog_number":"GR90221615","name":"PULLEY"},{"catalog_number":"GR90218479","name":"ROLLER"},{"catalog_number":"GR90218477","name":"SPRAYER"},{"catalog_number":"GR902043","name":"CHAIN"},{"catalog_number":"GR902042","name":"CHAIN"},{"catalog_number":"GR902041","name":"CHAIN"},{"catalog_number":"GR902040","name":"CHAIN"},{"catalog_number":"GR902012","name":"CHAIN"},{"catalog_number":"GR901866","name":"CHAIN"},{"catalog_number":"GR901863","name":"CHAIN"},{"catalog_number":"GR901842","name":"CHAIN"},{"catalog_number":"GR901839","name":"CHAIN"},{"catalog_number":"GR901835","name":"CHAIN"},{"catalog_number":"GR901832","name":"CHAIN"},{"catalog_number":"GR901823","name":"CHAIN"},{"catalog_number":"GR901821","name":"CHAIN"},{"catalog_number":"GR901815","name":"CHAIN"},{"catalog_number":"GR901813","name":"CHAIN"},{"catalog_number":"GR901811","name":"CHAIN"},{"catalog_number":"GR901802","name":"CONNECTOR"},{"catalog_number":"GR901660","name":"KVERNELAND PART"},{"catalog_number":"GR901638","name":"CHAIN"},{"catalog_number":"GR901634","name":"KVERNELAND PART"},{"catalog_number":"GR901631","name":"CHAIN"},{"catalog_number":"GR901629","name":"CHAIN"},{"catalog_number":"GR901612","name":"CHAIN"},{"catalog_number":"GR901611","name":"CHAIN"},{"catalog_number":"GR901604","name":"LINK"},{"catalog_number":"GR901552","name":"LINK"},{"catalog_number":"GR901551","name":"CONNECTOR"},{"catalog_number":"GR901085110","name":"DISC"},{"catalog_number":"GR901027310","name":"PACKING"},{"catalog_number":"GR901022710","name":"DRIVE SHAFT"},{"catalog_number":"GR90095968","name":"PIN"},{"catalog_number":"GR90095958","name":"SPOUT"},{"catalog_number":"GR90095936","name":"PART"},{"catalog_number":"GR90095926","name":"SPANNER"},{"catalog_number":"GR90095925","name":"EXTENSION"},{"catalog_number":"GR90095919","name":"LEVER"},{"catalog_number":"GR90095891","name":"KIT, PIN"},{"catalog_number":"GR90095869","name":"SHAFT"},{"catalog_number":"GR90095860","name":"PINION"},{"catalog_number":"GR90095675","name":"BOWL"},{"catalog_number":"GR90095671","name":"BOWL"},{"catalog_number":"GR90095355","name":"CLAMP"},{"catalog_number":"GR90092671","name":"PLATE"},{"catalog_number":"GR90091569","name":"PIN"},{"catalog_number":"GR90091474","name":"HUB"},{"catalog_number":"GR90090191","name":"DECAL"},{"catalog_number":"GR90090190","name":"DECAL"},{"catalog_number":"GR90087432","name":"SPRING CLIP"},{"catalog_number":"GR90083703","name":"PART"},{"catalog_number":"GR90083701","name":"SPRING CLIP"},{"catalog_number":"GR90083694","name":"BOLT"},{"catalog_number":"GR90083693","name":"BUSH"},{"catalog_number":"GR90083691","name":"PIN"},{"catalog_number":"GR90083651","name":"SEALS KIT"},{"catalog_number":"GR90083628","name":"SEAL"},{"catalog_number":"GR90083625","name":"GUIDE"},{"catalog_number":"GR90083624","name":"ROD"},{"catalog_number":"GR90083620","name":"SEALS KIT"},{"catalog_number":"GR90083619","name":"ADJUSTER"},{"catalog_number":"GR90083616","name":"CIRCLIP"},{"catalog_number":"GR90083595","name":"SEALS KIT"},{"catalog_number":"GR90083593","name":"SPRING"},{"catalog_number":"GR90083544","name":"RAM"},{"catalog_number":"GR90083543","name":"PIN"},{"catalog_number":"GR90083539","name":"SHIELD"},{"catalog_number":"GR90083508","name":"FRICTION DISC"},{"catalog_number":"GR90083507","name":"HINGE"},{"catalog_number":"GR90083444","name":"RAM"},{"catalog_number":"GR90083385","name":"SEALS KIT"},{"catalog_number":"GR90083332","name":"NUT"},{"catalog_number":"GR90083327","name":"SEALS KIT"},{"catalog_number":"GR90083321","name":"HOSE"},{"catalog_number":"GR90083319","name":"HOSE"},{"catalog_number":"GR90083309","name":"MOTOR"},{"catalog_number":"GR90083262","name":"FLANGE"},{"catalog_number":"GR90083256","name":"APRON"},{"catalog_number":"GR90083238","name":"CROWNWHEEL"},{"catalog_number":"GR90083233","name":"PIN"},{"catalog_number":"GR90083232","name":"LINCH PIN"},{"catalog_number":"GR90083217","name":"CROWNWHEEL"},{"catalog_number":"GR90083213","name":"HAIR PIN"}]}