{"machinery_brand_name":"Ag-Chem","parts":[{"catalog_number":"ACP0021030","name":"OUTER WING,LH"},{"catalog_number":"ACP0021020","name":"DISC FRAME"},{"catalog_number":"ACP0021010","name":"LIGHT KIT"},{"catalog_number":"ACP0021000","name":"DISC GANG SHAFT"},{"catalog_number":"ACP0020990","name":"DISC GANG SHAFT"},{"catalog_number":"ACP0020980","name":"DISC GANG SHAFT"},{"catalog_number":"ACP0020970","name":"DISC GANG SHAFT"},{"catalog_number":"ACP0020960","name":"LEVELER LINK"},{"catalog_number":"ACP0020950","name":"HYDRAULIC HOSE"},{"catalog_number":"ACP0020940","name":"DISC GANG SHAFT"},{"catalog_number":"ACP0020930","name":"FRAME, LH"},{"catalog_number":"ACP0020920","name":"BRG SCRAPER,LH"},{"catalog_number":"ACP0020910","name":"ARM"},{"catalog_number":"ACP0020900","name":"DISC GANG SHAFT"},{"catalog_number":"ACP0020890","name":"INNER WING,LH"},{"catalog_number":"ACP0020880","name":"ADJUSTER"},{"catalog_number":"ACP0020870","name":"ADJUSTING SCREW"},{"catalog_number":"ACP0020860","name":"OUTER WING,LH"},{"catalog_number":"ACP0020850","name":"MAIN FRAME"},{"catalog_number":"ACP0020840","name":"HAIR PIN"},{"catalog_number":"ACP0020830","name":"ATTACHING PLATE"},{"catalog_number":"ACP0020810","name":"CYLINDER STOP"},{"catalog_number":"ACP0020800","name":"HINGE TIE PLATE"},{"catalog_number":"ACP0020790","name":"PISTON SEAL"},{"catalog_number":"ACP0020780","name":"FRAME, RH"},{"catalog_number":"ACP0020770","name":"TRANSPORT LOCK"},{"catalog_number":"ACP0020760","name":"WING LIFT, LH"},{"catalog_number":"ACP0020750","name":"PLATE"},{"catalog_number":"ACP0020740","name":"INNER WING,LH"},{"catalog_number":"ACP0020730","name":"WING REST"},{"catalog_number":"ACP0020720","name":"AMBER REFLECTOR"},{"catalog_number":"ACP0020710","name":"ADJUSTER ROD"},{"catalog_number":"ACP0020700","name":"SHAFT"},{"catalog_number":"ACP0020690","name":"ADJUSTING SCREW"},{"catalog_number":"ACP0020680","name":"FRAME PLATE"},{"catalog_number":"ACP0020670","name":"MAIN FRAME"},{"catalog_number":"ACP0020660","name":"RETAINER"},{"catalog_number":"ACP0020650","name":"SEAL KIT"},{"catalog_number":"ACP0020640","name":"PIVOT TUBE"},{"catalog_number":"ACP0020630","name":"PISTON"},{"catalog_number":"ACP0020620","name":"TIE STRAP"},{"catalog_number":"ACP0020610","name":"PACKER SPACER"},{"catalog_number":"ACP0020600","name":"DISC GANG SHAFT"},{"catalog_number":"ACP0020590","name":"END WASHER"},{"catalog_number":"ACP0020580","name":"SWIVEL"},{"catalog_number":"ACP0020570","name":"CENTER LIFT"},{"catalog_number":"ACP0020560","name":"PLATE"},{"catalog_number":"ACP0020550","name":"LOCKUP CHANNEL"},{"catalog_number":"ACP0020540","name":"SCALE"},{"catalog_number":"ACP0020530","name":"SEAL KIT"},{"catalog_number":"ACP0020520","name":"LOCKNUT"},{"catalog_number":"ACP0020510","name":"P BLOCK BEARING"},{"catalog_number":"ACP0020500","name":"LOCKNUT"},{"catalog_number":"ACP0020490","name":"SCREW"},{"catalog_number":"ACP0020480","name":"LOCKNUT"},{"catalog_number":"ACP0020460","name":"HEX NUT"},{"catalog_number":"ACP0020450","name":"GEARBOX SEAL"},{"catalog_number":"ACP0020440","name":"HUB"},{"catalog_number":"ACP0020430","name":"HUB"},{"catalog_number":"ACP0020420","name":"SPINDLE WASHER"},{"catalog_number":"ACP0020410","name":"SPINDLE NUT"},{"catalog_number":"ACP0020400","name":"HUB CAP"},{"catalog_number":"ACP0020370","name":"PLUG SEAL"},{"catalog_number":"ACP0020360","name":"HARNESS"},{"catalog_number":"ACP0020350","name":"INSERT"},{"catalog_number":"ACP0020340","name":"DECAL"},{"catalog_number":"ACP0020330","name":"DECAL"},{"catalog_number":"ACP0020320","name":"DECAL"},{"catalog_number":"ACP0020310","name":"DECAL"},{"catalog_number":"ACP0020290","name":"FLIGHTING, LH"},{"catalog_number":"ACP0020280","name":"FLIGHTING, LH"},{"catalog_number":"ACP0020270","name":"BUSH"},{"catalog_number":"ACP0020260","name":"AUGER"},{"catalog_number":"ACP0020250","name":"CLEANOUT DOOR"},{"catalog_number":"ACP0020240","name":"KIT, DEFLECTOR"},{"catalog_number":"ACP0020230","name":"PVC FITTING"},{"catalog_number":"ACP0020220","name":"ADAPTER"},{"catalog_number":"ACP0020210","name":"PVC PIPE"},{"catalog_number":"ACP0020200","name":"ELBOW FITTING"},{"catalog_number":"ACP0020190","name":"PVC PIPE"},{"catalog_number":"ACP0020180","name":"MACHINRY BUSHING"},{"catalog_number":"ACP0020160","name":"MACHINRY BUSHING"},{"catalog_number":"ACP0020140","name":"CHAIN LINK"},{"catalog_number":"ACP0020130","name":"HOSE KIT"},{"catalog_number":"ACP0020120","name":"AUGER"},{"catalog_number":"ACP0020110","name":"ROLLER CHAIN"},{"catalog_number":"ACP0020100","name":"CHAIN LINK"},{"catalog_number":"ACP0020090","name":"LOCKNUT"},{"catalog_number":"ACP0020070","name":"HEX LOCKNUT"},{"catalog_number":"ACP0020060","name":"ROLL PIN"},{"catalog_number":"ACP0020050","name":"NUT"},{"catalog_number":"ACP0020020","name":"WOOD BEARING"},{"catalog_number":"ACP0020000","name":"SCREW"},{"catalog_number":"ACP0019990","name":"SCREEN"},{"catalog_number":"ACP0019960","name":"HEX SOC HD BOLT"},{"catalog_number":"ACP0019950","name":"HYDRAULIC HOSE"},{"catalog_number":"ACP0019940","name":"HYDRAULIC HOSE"},{"catalog_number":"ACP0019930","name":"HYDRAULIC HOSE"},{"catalog_number":"ACP0019920","name":"HYDRAULIC HOSE"},{"catalog_number":"ACP0019910","name":"HYDRAULIC HOSE"},{"catalog_number":"ACP0019900","name":"HYDRAULIC HOSE"},{"catalog_number":"ACP0019890","name":"GROMMET"},{"catalog_number":"ACP0019880","name":"WING NUT"},{"catalog_number":"ACP0019850","name":"PLUG PLATE"},{"catalog_number":"ACP0019840","name":"END PLATE"},{"catalog_number":"ACP0019830","name":"SLIDE GATE"},{"catalog_number":"ACP0019820","name":"STUD BOLT"},{"catalog_number":"ACP0019810","name":"PRESSURE BLOCK"},{"catalog_number":"ACP0019800","name":"GUIDE BLOCK"},{"catalog_number":"ACP0019780","name":"BAFFLE"},{"catalog_number":"ACP0019770","name":"FLAT WASHER"},{"catalog_number":"ACP0019760","name":"HEX NUT"},{"catalog_number":"ACP0019730","name":"SPEED SENSOR"},{"catalog_number":"ACP0019720","name":"ADAPTOR FITTING"},{"catalog_number":"ACP0019710","name":"SHAFT SEAL"},{"catalog_number":"ACP0019700","name":"TANK INSERT KIT"},{"catalog_number":"ACP0019690","name":"HYDRAULIC BLOWER"},{"catalog_number":"ACP0019680","name":"SCREW DRIVER"},{"catalog_number":"ACP0019670","name":"MACHINE SCREW"},{"catalog_number":"ACP0019660","name":"ROLL SPACER"},{"catalog_number":"ACP0019650","name":"FLOW CONTROL KIT"},{"catalog_number":"ACP0019640","name":"LEVER"},{"catalog_number":"ACP0019620","name":"SUPPORT ARM"},{"catalog_number":"ACP0019610","name":"AIR HOSE"},{"catalog_number":"ACP0019590","name":"PLUG CAP"},{"catalog_number":"ACP0019580","name":"AUGER ARM MOUNT"},{"catalog_number":"ACP0019570","name":"AUGER SUPPORT"},{"catalog_number":"ACP0019560","name":"AUGER ARM"},{"catalog_number":"ACP0019550","name":"AUGER ARM"},{"catalog_number":"ACP0019490","name":"NUT"},{"catalog_number":"ACP0019480","name":"CYLINDER"},{"catalog_number":"ACP0019460","name":"ROLL PIN"},{"catalog_number":"ACP0019450","name":"JAM NUT"},{"catalog_number":"ACP0019440","name":"TOP LOCK NUT"},{"catalog_number":"ACP0019430","name":"BOLT UNC"},{"catalog_number":"ACP0019410","name":"TYRE"},{"catalog_number":"ACP0019400","name":"BOLT UNC"},{"catalog_number":"ACP0019380","name":"CLIP"},{"catalog_number":"ACP0019370","name":"PIVOT PIN"},{"catalog_number":"ACP0019360","name":"CONNECTOR"},{"catalog_number":"ACP0019350","name":"WIRE HARNESS"},{"catalog_number":"ACP0019340","name":"ROLL PIN"},{"catalog_number":"ACP0019330","name":"CYLINDER VENT"},{"catalog_number":"ACP0019320","name":"SEAL KIT"},{"catalog_number":"ACP0019300","name":"SEAL KIT"},{"catalog_number":"ACP0019270","name":"PLATE"},{"catalog_number":"ACP0019260","name":"BASE"},{"catalog_number":"ACP0019250","name":"MANIFOLD"},{"catalog_number":"ACP0019240","name":"THREADED ROD"},{"catalog_number":"ACP0019230","name":"DEFLECTOR SHIELD"},{"catalog_number":"ACP0019210","name":"ROLLER"},{"catalog_number":"ACP0019200","name":"POINTER"},{"catalog_number":"ACP0019190","name":"ADJUSTER GRIP"},{"catalog_number":"ACP0019180","name":"SEAL KIT"},{"catalog_number":"ACP0019170","name":"NYLON TIE"},{"catalog_number":"ACP0019150","name":"LOCKNUT"},{"catalog_number":"ACP0019130","name":"ADAPTER"},{"catalog_number":"ACP0019120","name":"RING"},{"catalog_number":"ACP0019110","name":"MANIFOLD"},{"catalog_number":"ACP0019090","name":"RETURN MANIFOLD"},{"catalog_number":"ACP0019080","name":"SPACER PLATE"},{"catalog_number":"ACP0019070","name":"SEAL KIT"},{"catalog_number":"ACP0019060","name":"SEAL KIT"},{"catalog_number":"ACP0019050","name":"SMV BRACKET"},{"catalog_number":"ACP0019040","name":"BALL MOUNT"},{"catalog_number":"ACP0019030","name":"CONNECTOR PLATE"},{"catalog_number":"ACP0019020","name":"SCRAPER, LH"},{"catalog_number":"ACP0019010","name":"SCRAPER, RH"},{"catalog_number":"ACP0019000","name":"BACKING PLATE"},{"catalog_number":"ACP0018990","name":"SEAL KIT"},{"catalog_number":"ACP0018970","name":"STRUT SPRING"},{"catalog_number":"ACP0018960","name":"SPINDLE WASHER"},{"catalog_number":"ACP0018950","name":"MANIFOLD"},{"catalog_number":"ACP0018940","name":"FLEX HOSE"},{"catalog_number":"ACP0018930","name":"BEARING BUSH"},{"catalog_number":"ACP0018910","name":"U-BOLT"},{"catalog_number":"ACP0018900","name":"HEX NUT"},{"catalog_number":"ACP0018890","name":"SOCKET SPANNER"},{"catalog_number":"ACP0018880","name":"GANG WRENCH"},{"catalog_number":"ACP0018870","name":"BRACKET, LH"},{"catalog_number":"ACP0018860","name":"BRACKET, RH"},{"catalog_number":"ACP0018850","name":"WASHER"},{"catalog_number":"ACP0018840","name":"WASHER"},{"catalog_number":"ACP0018830","name":"GANG END WASHER"},{"catalog_number":"ACP0018820","name":"FLAT WASHER"},{"catalog_number":"ACP0018810","name":"WASHER"},{"catalog_number":"ACP0018800","name":"GUARD WASHER"},{"catalog_number":"ACP0018790","name":"GUARD WASHER"},{"catalog_number":"ACP0018780","name":"SPRING GUIDE"},{"catalog_number":"ACP0018770","name":"WASHER"},{"catalog_number":"ACP0018760","name":"U-BOLT"},{"catalog_number":"ACP0018750","name":"U-BOLT"},{"catalog_number":"ACP0018740","name":"U-BOLT"},{"catalog_number":"ACP0018730","name":"TUBE"},{"catalog_number":"ACP0018720","name":"TUBE"},{"catalog_number":"ACP0018710","name":"TUBE"},{"catalog_number":"ACP0018700","name":"TUBE"},{"catalog_number":"ACP0018690","name":"SPACER TUBE"},{"catalog_number":"ACP0018680","name":"TRUNNION"},{"catalog_number":"ACP0018670","name":"TOWER"},{"catalog_number":"ACP0018640","name":"T-HEAD BOLT"},{"catalog_number":"ACP0018620","name":"STANDARD BEARING"},{"catalog_number":"ACP0018610","name":"TENSION SPRING"},{"catalog_number":"ACP0018600","name":"TUBE SPRING"},{"catalog_number":"ACP0018590","name":"TUBE SPRING"},{"catalog_number":"ACP0018580","name":"SPOOL"},{"catalog_number":"ACP0018570","name":"SPINDLE"},{"catalog_number":"ACP0018560","name":"SPINDLE"},{"catalog_number":"ACP0018550","name":"SPINDLE"},{"catalog_number":"ACP0018540","name":"SPINDLE"},{"catalog_number":"ACP0018530","name":"SPACER"},{"catalog_number":"ACP0018520","name":"SEGMENT"},{"catalog_number":"ACP0018510","name":"SPACER"},{"catalog_number":"ACP0018500","name":"SPACER"},{"catalog_number":"ACP0018490","name":"SPACER"},{"catalog_number":"ACP0018480","name":"SPACER"},{"catalog_number":"ACP0018470","name":"CONTROL SEGMENT"},{"catalog_number":"ACP0018460","name":"SEGMENT"},{"catalog_number":"ACP0018450","name":"SPACER"},{"catalog_number":"ACP0018440","name":"SPACER"},{"catalog_number":"ACP0018430","name":"END WASHER"},{"catalog_number":"ACP0018420","name":"PLATE"},{"catalog_number":"ACP0018410","name":"SLEEVE"},{"catalog_number":"ACP0018400","name":"SLEEVE"},{"catalog_number":"ACP0018390","name":"SHAFT"},{"catalog_number":"ACP0018380","name":"DUST SEAL"},{"catalog_number":"ACP0018370","name":"DUST SEAL"},{"catalog_number":"ACP0018360","name":"SCRAPER, LH"},{"catalog_number":"ACP0018350","name":"SCRAPER, RH"},{"catalog_number":"ACP0018340","name":"SCRAPER BLADE,RH"},{"catalog_number":"ACP0018330","name":"SCRAPER, LH"},{"catalog_number":"ACP0018320","name":"SCRAPER"},{"catalog_number":"ACP0018310","name":"SNAPRING"},{"catalog_number":"ACP0018300","name":"WHEEL RIM"},{"catalog_number":"ACP0018290","name":"WHEEL RIM"},{"catalog_number":"ACP0018280","name":"WHEEL RIM"},{"catalog_number":"ACP0018270","name":"PROTECTION"},{"catalog_number":"ACP0018260","name":"SCRAPER BRACKET"},{"catalog_number":"ACP0018250","name":"RETAINING PLATE"},{"catalog_number":"ACP0018240","name":"ADJUSTING PLATE"},{"catalog_number":"ACP0018230","name":"ADJ PLATE, RH"},{"catalog_number":"ACP0018220","name":"PLATE"},{"catalog_number":"ACP0018210","name":"ADJ PLATE, RH"},{"catalog_number":"ACP0018200","name":"RETAINING PLATE"},{"catalog_number":"ACP0018170","name":"PLATE"},{"catalog_number":"ACP0018160","name":"PLATE"},{"catalog_number":"ACP0018150","name":"FRAME BRACKET"},{"catalog_number":"ACP0018140","name":"END CAP"},{"catalog_number":"ACP0018130","name":"END CAP"},{"catalog_number":"ACP0018120","name":"PISTON"},{"catalog_number":"ACP0018110","name":"PISTON"},{"catalog_number":"ACP0018100","name":"LOCK PIN"},{"catalog_number":"ACP0018090","name":"PIN"},{"catalog_number":"ACP0018080","name":"PIN"},{"catalog_number":"ACP0018070","name":"CLEVIS PIN"},{"catalog_number":"ACP0018060","name":"PIN"},{"catalog_number":"ACP0018050","name":"PIN"},{"catalog_number":"ACP0018040","name":"HITCH PIN"},{"catalog_number":"ACP0018030","name":"PIN"},{"catalog_number":"ACP0018020","name":"PIN"},{"catalog_number":"ACP0018010","name":"PIN"},{"catalog_number":"ACP0018000","name":"PIN"},{"catalog_number":"ACP0017990","name":"HYD CYLINDER PIN"},{"catalog_number":"ACP0017980","name":"PIN"},{"catalog_number":"ACP0017970","name":"PIN"},{"catalog_number":"ACP0017960","name":"PIN"},{"catalog_number":"ACP0017950","name":"SPRING PIN"},{"catalog_number":"ACP0017940","name":"CASTLE NUT"},{"catalog_number":"ACP0017930","name":"NUT"},{"catalog_number":"ACP0017920","name":"NUT"},{"catalog_number":"ACP0017910","name":"NUT"},{"catalog_number":"ACP0017900","name":"HEX NUT"},{"catalog_number":"ACP0017890","name":"CYLINDER NUT"},{"catalog_number":"ACP0017880","name":"LOCKNUT"},{"catalog_number":"ACP0017870","name":"CYLINDER NUT"},{"catalog_number":"ACP0017850","name":"NUT"},{"catalog_number":"ACP0017840","name":"HEX NUT"},{"catalog_number":"ACP0017830","name":"WHEEL NUT"},{"catalog_number":"ACP0017820","name":"CASTLE NUT"},{"catalog_number":"ACP0017810","name":"HEX HEAD BOLT"},{"catalog_number":"ACP0017800","name":"WHEEL NUT"},{"catalog_number":"ACP0017790","name":"TOP LOCK NUT"},{"catalog_number":"ACP0017780","name":"JACK MOUNT"},{"catalog_number":"ACP0017770","name":"BEARING MOUNT"},{"catalog_number":"ACP0017760","name":"SCRAPER MOUNT"},{"catalog_number":"ACP0017750","name":"SCREW"},{"catalog_number":"ACP0017740","name":"TRANSPORT LOCK"},{"catalog_number":"ACP0017730","name":"LINK"},{"catalog_number":"ACP0017720","name":"CONTROL ARM"},{"catalog_number":"ACP0017710","name":"WHEEL HUB"},{"catalog_number":"ACP0017700","name":"KIT, CONTROL"},{"catalog_number":"ACP0017690","name":"PIVOT SEAL KIT"},{"catalog_number":"ACP0017680","name":"SEAL KIT"},{"catalog_number":"ACP0017670","name":"SEAL KIT"},{"catalog_number":"ACP0017660","name":"SEAL KIT"},{"catalog_number":"ACP0017650","name":"HUB"},{"catalog_number":"ACP0017630","name":"JACK"},{"catalog_number":"ACP0017620","name":"JACK"},{"catalog_number":"ACP0017610","name":"WHEEL HUB"},{"catalog_number":"ACP0017600","name":"WHEEL HUB"},{"catalog_number":"ACP0017590","name":"BEARING HOUSING"},{"catalog_number":"ACP0017580","name":"BEARING HOUSING"},{"catalog_number":"ACP0017570","name":"HOLDER"},{"catalog_number":"ACP0017560","name":"HITCH"},{"catalog_number":"ACP0017550","name":"HITCH"},{"catalog_number":"ACP0017540","name":"PISTON SEAL"},{"catalog_number":"ACP0017530","name":"PISTON SEAL"},{"catalog_number":"ACP0017520","name":"WIRE HARNESS"},{"catalog_number":"ACP0017510","name":"STANDARD BEARING"},{"catalog_number":"ACP0017500","name":"BEARING GUARD"},{"catalog_number":"ACP0017490","name":"BRG.GUARD,LH"},{"catalog_number":"ACP0017480","name":"GREASE"},{"catalog_number":"ACP0017470","name":"GASKET"},{"catalog_number":"ACP0017460","name":"MOUNTING FLANGE"},{"catalog_number":"ACP0017450","name":"GREASE FITTING"},{"catalog_number":"ACP0017440","name":"GREASE FITTING"},{"catalog_number":"ACP0017430","name":"CAP"},{"catalog_number":"ACP0017420","name":"DISC BLADE"},{"catalog_number":"ACP0017410","name":"DISC BLADE"},{"catalog_number":"ACP0017400","name":"DISC BLADE"},{"catalog_number":"ACP0017390","name":"DISC"},{"catalog_number":"ACP0017380","name":"HYD CYLINDER"},{"catalog_number":"ACP0017370","name":"HYDR CYLINDER"},{"catalog_number":"ACP0017360","name":"HYDR CYLINDER"},{"catalog_number":"ACP0017350","name":"HYD CYLINDER"},{"catalog_number":"ACP0017340","name":"HYD CYLINDER"},{"catalog_number":"ACP0017330","name":"HYDR CYLINDER"},{"catalog_number":"ACP0017320","name":"HYDR CYLINDER"},{"catalog_number":"ACP0017270","name":"CRANK"},{"catalog_number":"ACP0017260","name":"SCREW BASE"},{"catalog_number":"ACP0017250","name":"U-CLAMP"},{"catalog_number":"ACP0017240","name":"CLAMP"},{"catalog_number":"ACP0017230","name":"CHANNEL"},{"catalog_number":"ACP0017220","name":"CARTRIDGE"},{"catalog_number":"ACP0017210","name":"HUB CAP"},{"catalog_number":"ACP0017200","name":"CAP"},{"catalog_number":"ACP0017190","name":"BUSH"},{"catalog_number":"ACP0017180","name":"SPRING BRACKET"},{"catalog_number":"ACP0017170","name":"SCRAPER BRACKET"},{"catalog_number":"ACP0017160","name":"BRACKET"},{"catalog_number":"ACP0017150","name":"SCRAPER BRACKET"},{"catalog_number":"ACP0017120","name":"HEX HEAD BOLT"},{"catalog_number":"ACP0017110","name":"WHEEL STUD"},{"catalog_number":"ACP0017100","name":"WHEEL STUD"},{"catalog_number":"ACP0017090","name":"DISC BLADE"},{"catalog_number":"ACP0017080","name":"SMOOTH BLADE"},{"catalog_number":"ACP0017070","name":"SMOOTH BLADE"},{"catalog_number":"ACP0017060","name":"BLADE"},{"catalog_number":"ACP0017050","name":"SMOOTH BLADE"},{"catalog_number":"ACP0017040","name":"SMOOTH BLADE"},{"catalog_number":"ACP0017030","name":"SMOOTH BLADE"},{"catalog_number":"ACP0017020","name":"SCRAPER BLADE"},{"catalog_number":"ACP0017010","name":"SCRAPER"},{"catalog_number":"ACP0017000","name":"SMOOTH BLADE"},{"catalog_number":"ACP0016990","name":"BLADE"},{"catalog_number":"ACP0016980","name":"BELL CRANK"},{"catalog_number":"ACP0016970","name":"BELL CRANK"},{"catalog_number":"ACP0016930","name":"BALL BEARING"},{"catalog_number":"ACP0016900","name":"BEARING"},{"catalog_number":"ACP0016890","name":"BEARING"},{"catalog_number":"ACP0016880","name":"BASE PLATE"},{"catalog_number":"ACP0016870","name":"WHEEL HUB"},{"catalog_number":"ACP0016860","name":"WHEEL"},{"catalog_number":"ACP0016850","name":"HUB"},{"catalog_number":"ACP0016840","name":"SCRAPER"},{"catalog_number":"ACP0016830","name":"SCRAPER"},{"catalog_number":"ACP0016820","name":"WASHER"},{"catalog_number":"ACP0016810","name":"SCRAPER, RH"},{"catalog_number":"ACP0016800","name":"SCRAPER, LH"},{"catalog_number":"ACP0016780","name":"WHEEL HUB"},{"catalog_number":"ACP0016760","name":"SCRAPER, LH"},{"catalog_number":"ACP0016750","name":"SCRAPER, RH"},{"catalog_number":"ACP0016740","name":"BELL CRANK"},{"catalog_number":"ACP0016730","name":"WHEEL"},{"catalog_number":"ACP0016720","name":"VALVE"},{"catalog_number":"ACP0016710","name":"LIGHT ARM"},{"catalog_number":"ACP0016700","name":"ARM"},{"catalog_number":"ACP0016690","name":"LIGHT ARM"},{"catalog_number":"ACP0016680","name":"ARM"},{"catalog_number":"ACP0016670","name":"LIGHT ARM"},{"catalog_number":"ACP0016660","name":"TUBE"},{"catalog_number":"ACP0016650","name":"LIGHT ARM"},{"catalog_number":"ACP0016640","name":"CONTROL ARM"},{"catalog_number":"ACP0016630","name":"ARM"},{"catalog_number":"ACP0016620","name":"ARM"},{"catalog_number":"ACP0016610","name":"CYLINDER ANCHOR"},{"catalog_number":"ACP0016600","name":"ANCHOR"},{"catalog_number":"ACP0016590","name":"SLIDE ADJUSTMENT"},{"catalog_number":"ACP0016580","name":"ADJUSTMENT EAR"},{"catalog_number":"ACP0016570","name":"ARM"},{"catalog_number":"ACP0016560","name":"FLAT WASHER"},{"catalog_number":"ACP0016550","name":"U-BOLT"},{"catalog_number":"ACP0016540","name":"U-BOLT"},{"catalog_number":"ACP0016530","name":"TUBE"},{"catalog_number":"ACP0016520","name":"TUBE"},{"catalog_number":"ACP0016510","name":"TUBE"},{"catalog_number":"ACP0016500","name":"JACK TUBE"},{"catalog_number":"ACP0016490","name":"SPACER TUBE"},{"catalog_number":"ACP0016480","name":"TUBE"},{"catalog_number":"ACP0016470","name":"TUBE"},{"catalog_number":"ACP0016460","name":"TUBE"},{"catalog_number":"ACP0016450","name":"SPACER TUBE"},{"catalog_number":"ACP0016440","name":"TUBE"},{"catalog_number":"ACP0016430","name":"TUBE"},{"catalog_number":"ACP0016420","name":"TUBE"},{"catalog_number":"ACP0016410","name":"TUBE"},{"catalog_number":"ACP0016400","name":"HARROW TOOTH"},{"catalog_number":"ACP0016390","name":"HARROW TOOTH"},{"catalog_number":"ACP0016380","name":"HARROW TOOTH"},{"catalog_number":"ACP0016370","name":"HARROW TOOTH"},{"catalog_number":"ACP0016360","name":"HUB ASSEMBLY"},{"catalog_number":"ACP0016350","name":"CONNECTION STRAB"},{"catalog_number":"ACP0016340","name":"COMPRESS. SPRING"},{"catalog_number":"ACP0016330","name":"TENSION SPRING"},{"catalog_number":"ACP0016320","name":"AXLE SPINDLE"},{"catalog_number":"ACP0016310","name":"HARROW TUBE"},{"catalog_number":"ACP0016300","name":"SHANK"},{"catalog_number":"ACP0016290","name":"ROD END"},{"catalog_number":"ACP0016280","name":"ROD END"},{"catalog_number":"ACP0016260","name":"RIPPER POINT"},{"catalog_number":"ACP0016230","name":"MOUNTING PLATE"},{"catalog_number":"ACP0016220","name":"PLATE"},{"catalog_number":"ACP0016210","name":"LOCK PLATE"},{"catalog_number":"ACP0016200","name":"PIVOT BASE"},{"catalog_number":"ACP0016190","name":"HEADLESS PIN"},{"catalog_number":"ACP0016180","name":"BENT SPCL PIN"},{"catalog_number":"ACP0016170","name":"HEADLESS PIN"},{"catalog_number":"ACP0016160","name":"MOUNTING PIN"},{"catalog_number":"ACP0016150","name":"MOUNTING PIN"},{"catalog_number":"ACP0016140","name":"HEADLESS PIN"},{"catalog_number":"ACP0016130","name":"HITCH PIN"},{"catalog_number":"ACP0016120","name":"HYD CYLINDER PIN"},{"catalog_number":"ACP0016110","name":"STOP KIT"},{"catalog_number":"ACP0016100","name":"HARROW BAR MOUNT"},{"catalog_number":"ACP0016090","name":"HARROW BAR MOUNT"},{"catalog_number":"ACP0016080","name":"HARROW BAR MOUNT"},{"catalog_number":"ACP0016070","name":"BASKET MOUNT"},{"catalog_number":"ACP0016060","name":"BASKET MOUNT"},{"catalog_number":"ACP0016050","name":"BASKET MOUNT"},{"catalog_number":"ACP0016040","name":"HARROW BAR MOUNT"},{"catalog_number":"ACP0016030","name":"HARROW BAR MOUNT"},{"catalog_number":"ACP0016020","name":"HARROW BAR MOUNT"},{"catalog_number":"ACP0016010","name":"STORAGE PLATE"},{"catalog_number":"ACP0016000","name":"JACK LEG"},{"catalog_number":"ACP0015990","name":"SEAL KIT"},{"catalog_number":"ACP0015980","name":"SEAL KIT"},{"catalog_number":"ACP0015970","name":"ADJUSTING BAR"},{"catalog_number":"ACP0015960","name":"COULTER HUB"},{"catalog_number":"ACP0015950","name":"HYDRAULIC HOSE"},{"catalog_number":"ACP0015940","name":"HYDRAULIC HOSE"},{"catalog_number":"ACP0015930","name":"HYDRAULIC HOSE"},{"catalog_number":"ACP0015920","name":"HYDRAULIC HOSE"},{"catalog_number":"ACP0015910","name":"HYDRAULIC HOSE"},{"catalog_number":"ACP0015900","name":"HYDRAULIC HOSE"},{"catalog_number":"ACP0015890","name":"HYDRAULIC HOSE"},{"catalog_number":"ACP0015880","name":"HYDRAULIC HOSE"},{"catalog_number":"ACP0015870","name":"HYDRAULIC HOSE"},{"catalog_number":"ACP0015860","name":"HYDRAULIC HOSE"},{"catalog_number":"ACP0015850","name":"HYDRAULIC HOSE"},{"catalog_number":"ACP0015840","name":"HYDRAULIC HOSE"},{"catalog_number":"ACP0015830","name":"HYDRAULIC HOSE"},{"catalog_number":"ACP0015810","name":"HITCH"},{"catalog_number":"ACP0015800","name":"HINGE BRACKET"},{"catalog_number":"ACP0015790","name":"WIRE HARNESS"},{"catalog_number":"ACP0015780","name":"HANGER"},{"catalog_number":"ACP0015770","name":"ELBOW UNION"},{"catalog_number":"ACP0015760","name":"HYDR CYLINDER"},{"catalog_number":"ACP0015750","name":"HYD CYLINDER"},{"catalog_number":"ACP0015740","name":"HYD CYLINDER"},{"catalog_number":"ACP0015730","name":"HYD CYLINDER"},{"catalog_number":"ACP0015720","name":"C-SPR. SHANK,RH"},{"catalog_number":"ACP0015710","name":"C-SPR. SHANK,LH"},{"catalog_number":"ACP0015700","name":"COVER"},{"catalog_number":"ACP0015690","name":"QUICK COUPLER"},{"catalog_number":"ACP0015680","name":"END COLLAR"},{"catalog_number":"ACP0015670","name":"CHAIN"},{"catalog_number":"ACP0015660","name":"CASTING MOUNT"},{"catalog_number":"ACP0015650","name":"CLAMPING CAP"},{"catalog_number":"ACP0015640","name":"HUB CAP"},{"catalog_number":"ACP0015630","name":"CANISTER,LH"},{"catalog_number":"ACP0015620","name":"CANISTER,RH"},{"catalog_number":"ACP0015610","name":"BUSH"},{"catalog_number":"ACP0015600","name":"TENSION BUSHING"},{"catalog_number":"ACP0015590","name":"BUSH"},{"catalog_number":"ACP0015580","name":"BUSH"},{"catalog_number":"ACP0015570","name":"SHANK MOUNT"},{"catalog_number":"ACP0015560","name":"BRACKET"},{"catalog_number":"ACP0015550","name":"HARROW MOUNT"},{"catalog_number":"ACP0015540","name":"LOCKING BRACKET"},{"catalog_number":"ACP0015530","name":"HEX HEAD BOLT"},{"catalog_number":"ACP0015520","name":"HEX HEAD BOLT"},{"catalog_number":"ACP0015510","name":"ADJUSTMENT BOLT"},{"catalog_number":"ACP0015500","name":"BASKET BOLT"},{"catalog_number":"ACP0015490","name":"EYEBOLT"},{"catalog_number":"ACP0015480","name":"HEX HEAD BOLT"},{"catalog_number":"ACP0015470","name":"DISC BLADE"},{"catalog_number":"ACP0015460","name":"BLADE"},{"catalog_number":"ACP0015450","name":"FLANGE BEARING"},{"catalog_number":"ACP0015440","name":"ROLLING BASKET"},{"catalog_number":"ACP0015430","name":"ROLLING BASKET"},{"catalog_number":"ACP0015420","name":"ROLLING BASKET"},{"catalog_number":"ACP0015410","name":"CLAMP BASE"},{"catalog_number":"ACP0015400","name":"TUBE"},{"catalog_number":"ACP0015390","name":"TUBE"},{"catalog_number":"ACP0015380","name":"TUBE"},{"catalog_number":"ACP0015370","name":"TUBE"},{"catalog_number":"ACP0015360","name":"TUBE"},{"catalog_number":"ACP0015350","name":"TUBE"},{"catalog_number":"ACP0015340","name":"TUBE"},{"catalog_number":"ACP0015330","name":"DISC BLADE"},{"catalog_number":"ACP0015320","name":"AG MODULE"},{"catalog_number":"ACP0015310","name":"HUB AND SPINDLE"},{"catalog_number":"ACP0015300","name":"SPRING"},{"catalog_number":"ACP0015290","name":"TURNBUCKLE"},{"catalog_number":"ACP0015280","name":"SPRING MOUNT"},{"catalog_number":"ACP0015270","name":"TOP LINK"},{"catalog_number":"ACP0015250","name":"LIGHT ARM"},{"catalog_number":"ACP0015240","name":"ADJUSTING BAR"},{"catalog_number":"ACP0015230","name":"ADAPTER FITTING"},{"catalog_number":"ACP0015200","name":"LOCK WASHER"},{"catalog_number":"ACP0015180","name":"LOCK WASHER"},{"catalog_number":"ACP0015160","name":"CLIP PIN"},{"catalog_number":"ACP0015110","name":"NUT UNC"},{"catalog_number":"ACP0015090","name":"HEX LOCKNUT"},{"catalog_number":"ACP0015030","name":"BOLT"},{"catalog_number":"ACP0015020","name":"HEX HEAD BOLT"},{"catalog_number":"ACP0014910","name":"HEX HEAD BOLT"},{"catalog_number":"ACP0014890","name":"WASHER"},{"catalog_number":"ACP0014880","name":"SPINDLE WASHER"},{"catalog_number":"ACP0014870","name":"SCREW"},{"catalog_number":"ACP0014860","name":"LINCH PIN"},{"catalog_number":"ACP0014800","name":"BUSH"},{"catalog_number":"ACP0014750","name":"SHEAR BOLT"},{"catalog_number":"ACP0014600","name":"HAIR PIN CLIP"},{"catalog_number":"ACP0014530","name":"LOCK WASHER"},{"catalog_number":"ACP0014520","name":"LOCK WASHER"},{"catalog_number":"ACP0014360","name":"HEX LOCKNUT"},{"catalog_number":"ACP0014210","name":"FLAT WASHER"},{"catalog_number":"ACP0014190","name":"FLAT WASHER"},{"catalog_number":"ACP0014180","name":"SETSCREW"},{"catalog_number":"ACP0014170","name":"ROLL PIN"},{"catalog_number":"ACP0014160","name":"ROLL PIN"},{"catalog_number":"ACP0014140","name":"ROLL PIN"},{"catalog_number":"ACP0014130","name":"HEX JAM NUT"},{"catalog_number":"ACP0014110","name":"TOP LOCK NUT"},{"catalog_number":"ACP0014070","name":"HEX LOCKNUT"},{"catalog_number":"ACP0013990","name":"HEX HEAD BOLT"},{"catalog_number":"ACP0013960","name":"HEX HEAD BOLT"},{"catalog_number":"ACP0013930","name":"HEX HEAD BOLT"},{"catalog_number":"ACP0013850","name":"HEX HEAD BOLT"},{"catalog_number":"ACP0013740","name":"PACKER SPANNER"},{"catalog_number":"ACP0013730","name":"PACKER SPANNER"},{"catalog_number":"ACP0013720","name":"PIVOT WASHER"},{"catalog_number":"ACP0013710","name":"STRAW WALKER"},{"catalog_number":"ACP0013700","name":"TANDEM PIVOT"},{"catalog_number":"ACP0013690","name":"TANDEM PIVOT"},{"catalog_number":"ACP0013670","name":"SEQUENCE VALVE"},{"catalog_number":"ACP0013650","name":"U-BOLT"},{"catalog_number":"ACP0013640","name":"U-BOLT"},{"catalog_number":"ACP0013630","name":"U BOLT"},{"catalog_number":"ACP0013620","name":"U-BOLT"},{"catalog_number":"ACP0013610","name":"U BOLT"},{"catalog_number":"ACP0013600","name":"U-BOLT"},{"catalog_number":"ACP0013590","name":"U-BOLT"},{"catalog_number":"ACP0013580","name":"TUBE"},{"catalog_number":"ACP0013570","name":"TUBE"},{"catalog_number":"ACP0013560","name":"LIFT MAST TUBE"},{"catalog_number":"ACP0013550","name":"MAIN MAST TUBE"},{"catalog_number":"ACP0013540","name":"REAR BRACE TUBE"},{"catalog_number":"ACP0013510","name":"PACKER TOWER"},{"catalog_number":"ACP0013500","name":"TOWER"},{"catalog_number":"ACP0013490","name":"TOWER"},{"catalog_number":"ACP0013480","name":"WHEEL"},{"catalog_number":"ACP0013470","name":"TYRE"},{"catalog_number":"ACP0013440","name":"WALKING TANDEM"},{"catalog_number":"ACP0013430","name":"WALKING TANDEM"},{"catalog_number":"ACP0013420","name":"MAST SUPPORT"},{"catalog_number":"ACP0013410","name":"TRUSS STRAP"},{"catalog_number":"ACP0013400","name":"TRUSS STRAP"},{"catalog_number":"ACP0013390","name":"STRAP"},{"catalog_number":"ACP0013380","name":"STRAP"},{"catalog_number":"ACP0013370","name":"SPRING"},{"catalog_number":"ACP0013360","name":"SPRING"},{"catalog_number":"ACP0013350","name":"SPINDLE"},{"catalog_number":"ACP0013340","name":"SPINDLE"},{"catalog_number":"ACP0013330","name":"AXLE SPINDLE"},{"catalog_number":"ACP0013320","name":"AXLE SPINDLE"},{"catalog_number":"ACP0013310","name":"HYD CYLINDER"},{"catalog_number":"ACP0013300","name":"SPACER"},{"catalog_number":"ACP0013290","name":"SHANK SHIM"},{"catalog_number":"ACP0013280","name":"EDGE-ON SHANK"},{"catalog_number":"ACP0013270","name":"SHANK"},{"catalog_number":"ACP0013240","name":"TRIPLE LIP SEAL"},{"catalog_number":"ACP0013230","name":"TRIPLE LIP SEAL"},{"catalog_number":"ACP0013220","name":"LIP SEAL"},{"catalog_number":"ACP0013210","name":"ADJUSTING SCREW"},{"catalog_number":"ACP0013200","name":"WHEEL RIM"},{"catalog_number":"ACP0013190","name":"WHEEL"},{"catalog_number":"ACP0013180","name":"WHEEL"},{"catalog_number":"ACP0013170","name":"RETAINER PLATE"}]}