{"machinery_brand_name":"Ag-Chem","parts":[{"catalog_number":"GR90083189","name":"SEALS KIT"},{"catalog_number":"GR90083157","name":"HOSE"},{"catalog_number":"GR90083107","name":"APRON"},{"catalog_number":"GR90083106","name":"CANVAS"},{"catalog_number":"GR90081905","name":"CROWNWHEEL"},{"catalog_number":"GR90081904","name":"PINION"},{"catalog_number":"GR90081830","name":"GRIP"},{"catalog_number":"GR90081822","name":"GASKET"},{"catalog_number":"GR90081687","name":"PINION"},{"catalog_number":"GR90081674","name":"CROWNWHEEL"},{"catalog_number":"GR90081638","name":"PART"},{"catalog_number":"GR90081623","name":"LINCH PIN"},{"catalog_number":"GR90081618","name":"BOLT"},{"catalog_number":"GR90081617","name":"BOLT"},{"catalog_number":"GR90081559","name":"O RING"},{"catalog_number":"GR90081558","name":"O RING"},{"catalog_number":"GR90081556","name":"O RING"},{"catalog_number":"GR90081520","name":"ROD"},{"catalog_number":"GR90081425","name":"GREASE FITTING"},{"catalog_number":"GR90081370","name":"SPRING"},{"catalog_number":"GR90081324","name":"PULLEY"},{"catalog_number":"GR90081313","name":"HUB"},{"catalog_number":"GR90081300","name":"CAP"},{"catalog_number":"GR90081299","name":"STUD BOLT"},{"catalog_number":"GR90081166","name":"ROD"},{"catalog_number":"GR90081163","name":"SEAL"},{"catalog_number":"GR90081160","name":"BOLT"},{"catalog_number":"GR90081159","name":"PULLEY"},{"catalog_number":"GR90070768","name":"PART"},{"catalog_number":"GR90070738","name":"COVER"},{"catalog_number":"GR90070717","name":"BUSH"},{"catalog_number":"GR90070707","name":"COVER"},{"catalog_number":"GR90070696","name":"STRIP"},{"catalog_number":"GR90070681","name":"PLATE"},{"catalog_number":"GR90070676","name":"BUSH"},{"catalog_number":"GR90070658","name":"PART"},{"catalog_number":"GR90070641","name":"RUBBER"},{"catalog_number":"GR90070640","name":"RUBBER"},{"catalog_number":"GR90070633","name":"CAP"},{"catalog_number":"GR90070632","name":"SPREADER"},{"catalog_number":"GR90070600","name":"GRIP"},{"catalog_number":"GR90070598","name":"HOPPER"},{"catalog_number":"GR90070593","name":"CAP"},{"catalog_number":"GR90070589","name":"CAP"},{"catalog_number":"GR90070583","name":"BUSH"},{"catalog_number":"GR90070571","name":"RING"},{"catalog_number":"GR90070570","name":"CAP"},{"catalog_number":"GR90070568","name":"RING"},{"catalog_number":"GR90070552","name":"CAP"},{"catalog_number":"GR90070551","name":"RING"},{"catalog_number":"GR90070543","name":"BUFFER"},{"catalog_number":"GR90070542","name":"COVER"},{"catalog_number":"GR90070541","name":"ROD"},{"catalog_number":"GR90070531","name":"RING"},{"catalog_number":"GR90070530","name":"HOPPER"},{"catalog_number":"GR90070529","name":"HOPPER"},{"catalog_number":"GR90070527","name":"COUPLING"},{"catalog_number":"GR90070526","name":"SEAL"},{"catalog_number":"GR90070519","name":"HOLDER"},{"catalog_number":"GR90070495","name":"BEARING BUSH"},{"catalog_number":"GR90070490","name":"SPACER"},{"catalog_number":"GR90070487","name":"BUFFER"},{"catalog_number":"GR90070476","name":"COVER"},{"catalog_number":"GR90070469","name":"SPACER"},{"catalog_number":"GR90070442","name":"SPREADER"},{"catalog_number":"GR90070437","name":"ADJUSTER"},{"catalog_number":"GR90070413","name":"STRAP"},{"catalog_number":"GR90070370","name":"COLLAR"},{"catalog_number":"GR90070369","name":"RING"},{"catalog_number":"GR90070359","name":"BUSH"},{"catalog_number":"GR90070335","name":"CUP"},{"catalog_number":"GR90070293","name":"SPACER"},{"catalog_number":"GR90070164","name":"RING"},{"catalog_number":"GR90070155","name":"WASHER"},{"catalog_number":"GR90070045","name":"RUBBER"},{"catalog_number":"GR90070007","name":"BUSH"},{"catalog_number":"GR90067430","name":"BLADE"},{"catalog_number":"GR90067354","name":"RING"},{"catalog_number":"GR90067322","name":"SPACER"},{"catalog_number":"GR90066890","name":"SUPPORT"},{"catalog_number":"GR90066810","name":"TINE"},{"catalog_number":"GR90066773","name":"CATCH"},{"catalog_number":"GR90066641","name":"WEARPLATE"},{"catalog_number":"GR90063326","name":"PART"},{"catalog_number":"GR90063325","name":"BOW SAW"},{"catalog_number":"GR90063195","name":"PLATE"},{"catalog_number":"GR90063176","name":"KNIFE"},{"catalog_number":"GR90063105","name":"KNIFE"},{"catalog_number":"GR90062951","name":"CHAIN"},{"catalog_number":"GR90062942","name":"BUSH"},{"catalog_number":"GR90062924","name":"SQUARE."},{"catalog_number":"GR90062702","name":"GUIDE"},{"catalog_number":"GR90062379","name":"STAY"},{"catalog_number":"GR90062054","name":"SKID"},{"catalog_number":"GR90061108","name":"GUARD"},{"catalog_number":"GR90061099","name":"KNIFE"},{"catalog_number":"GR90061092","name":"RING"},{"catalog_number":"GR90061008","name":"GUARD"},{"catalog_number":"GR900533","name":"ENGINE"},{"catalog_number":"GR900530","name":"ENGINE"},{"catalog_number":"GR90052735","name":"SPACER"},{"catalog_number":"GR90052529","name":"APRON"},{"catalog_number":"GR90052504","name":"BUSH"},{"catalog_number":"GR90052303","name":"WEIGHT"},{"catalog_number":"GR90051895","name":"SPACER PART"},{"catalog_number":"GR90051380","name":"TUBE"},{"catalog_number":"GR900510","name":"ENGINE"},{"catalog_number":"GR90048144","name":"BUSH"},{"catalog_number":"GR90048123","name":"SLEEVE"},{"catalog_number":"GR90048119","name":"BUSH"},{"catalog_number":"GR90048118","name":"BUSH"},{"catalog_number":"GR90048117","name":"BUSH"},{"catalog_number":"GR90048114","name":"BEARING"},{"catalog_number":"GR90048095","name":"TUBE"},{"catalog_number":"GR90047900","name":"BUSH"},{"catalog_number":"GR90047781","name":"BUSH"},{"catalog_number":"GR90044639","name":"PIN"},{"catalog_number":"GR90044586","name":"BOLT"},{"catalog_number":"GR90044550","name":"BRACKET"},{"catalog_number":"GR90044521","name":"BUSH"},{"catalog_number":"GR90044520","name":"BUSH"},{"catalog_number":"GR90044466","name":"PIN"},{"catalog_number":"GR90044437","name":"BUSH"},{"catalog_number":"GR90044419","name":"PIN"},{"catalog_number":"GR90044366","name":"PIN"},{"catalog_number":"GR90044350","name":"AXLE"},{"catalog_number":"GR90044341","name":"PIN"},{"catalog_number":"GR90044290","name":"SHAFT"},{"catalog_number":"GR90044279","name":"SHAFT"},{"catalog_number":"GR90044274","name":"NUT"},{"catalog_number":"GR90044272","name":"PEN"},{"catalog_number":"GR90044234","name":"PIN"},{"catalog_number":"GR90044191","name":"SHAFT"},{"catalog_number":"GR90044058","name":"KIT, PIN"},{"catalog_number":"GR90043298","name":"PIN"},{"catalog_number":"GR90043295","name":"CONNECTOR"},{"catalog_number":"GR90041221","name":"ROLLER"},{"catalog_number":"GR90041218","name":"ROLLER"},{"catalog_number":"GR90041205","name":"SPACER"},{"catalog_number":"GR90041176","name":"SHIM"},{"catalog_number":"GR90041169","name":"RING"},{"catalog_number":"GR90041090","name":"SPACER"},{"catalog_number":"GR90041084","name":"BUSH"},{"catalog_number":"GR90041083","name":"RING"},{"catalog_number":"GR90041075","name":"RING"},{"catalog_number":"GR90041065","name":"WASHER"},{"catalog_number":"GR90040906","name":"RING"},{"catalog_number":"GR90040851","name":"RING"},{"catalog_number":"GR90040077","name":"WASHER"},{"catalog_number":"GR90036187","name":"RING"},{"catalog_number":"GR90036186","name":"RING"},{"catalog_number":"GR90036185","name":"SPRING"},{"catalog_number":"GR90036173","name":"SPRING"},{"catalog_number":"GR90036164","name":"SPRING"},{"catalog_number":"GR90036133","name":"RING"},{"catalog_number":"GR90036084","name":"FLAT SPRING"},{"catalog_number":"GR90033061","name":"SPRING"},{"catalog_number":"GR90033053","name":"RING"},{"catalog_number":"GR90033041","name":"RING"},{"catalog_number":"GR90033004","name":"SPRING"},{"catalog_number":"GR90030066","name":"RING"},{"catalog_number":"GR90021541","name":"CLAMP"},{"catalog_number":"GR90021537","name":"CLAMP"},{"catalog_number":"GR90021493","name":"GUIDE"},{"catalog_number":"GR90021476","name":"HOUSING"},{"catalog_number":"GR90021465","name":"SKID"},{"catalog_number":"GR90021453","name":"CASTING"},{"catalog_number":"GR90021448","name":"SPROCKET"},{"catalog_number":"GR90021390","name":"YOKE"},{"catalog_number":"GR90021343","name":"CAP"},{"catalog_number":"GR90021333","name":"HUB"},{"catalog_number":"GR90021279","name":"BRACKET"},{"catalog_number":"GR90021230","name":"PULLEY"},{"catalog_number":"GR90021194","name":"PULLEY"},{"catalog_number":"GR90021097","name":"SPACER"},{"catalog_number":"GR90020550","name":"COLLAR"},{"catalog_number":"GR90020041","name":"COLLAR"},{"catalog_number":"GR90020020","name":"DISC"},{"catalog_number":"GR90016510","name":"FRAME"},{"catalog_number":"GR90016209","name":"RING"},{"catalog_number":"GR90016206","name":"GUIDE"},{"catalog_number":"GR90016096","name":"GUIDE"},{"catalog_number":"GR90016091","name":"ROD"},{"catalog_number":"GR90016090","name":"GUIDE"},{"catalog_number":"GR90016085","name":"STRAINER"},{"catalog_number":"GR90016084","name":"PART"},{"catalog_number":"GR90016082","name":"SPINDLE"},{"catalog_number":"GR90016017","name":"GUIDE"},{"catalog_number":"GR90016010","name":"ROTOR"},{"catalog_number":"GR90015948","name":"SKID"},{"catalog_number":"GR90015923","name":"SHOE"},{"catalog_number":"GR90015854","name":"SKID"},{"catalog_number":"GR90015853","name":"SHOE"},{"catalog_number":"GR90015852","name":"SKID"},{"catalog_number":"GR90015850","name":"PART"},{"catalog_number":"GR90015845","name":"SKID"},{"catalog_number":"GR90015713","name":"SPOUT"},{"catalog_number":"GR90015712","name":"SPOUT"},{"catalog_number":"GR90015708","name":"SPOUT"},{"catalog_number":"GR90015707","name":"SPOUT"},{"catalog_number":"GR90015687","name":"SUPPORT"},{"catalog_number":"GR90015671","name":"CONTROL"},{"catalog_number":"GR90015636","name":"SPROCKET"},{"catalog_number":"GR90015593","name":"SUPPORT"},{"catalog_number":"GR90015592","name":"STAY"},{"catalog_number":"GR90015591","name":"APRON"},{"catalog_number":"GR90015590","name":"APRON"},{"catalog_number":"GR90015589","name":"APRON"},{"catalog_number":"GR90015440","name":"BAR"},{"catalog_number":"GR90015203","name":"PIN"},{"catalog_number":"GR90015192","name":"HEAD"},{"catalog_number":"GR90015191","name":"BRACKET"},{"catalog_number":"GR90015163","name":"PIN"},{"catalog_number":"GR90015097","name":"CONTROL"},{"catalog_number":"GR90015037","name":"DISC"},{"catalog_number":"GR90014500","name":"STRAP"},{"catalog_number":"GR90013808","name":"SPROCKET"},{"catalog_number":"GR90012501","name":"PIPE"},{"catalog_number":"GR90010306","name":"FLOW REGULATOR"},{"catalog_number":"GR90009964","name":"HOPPER"},{"catalog_number":"GR90009963","name":"PART"},{"catalog_number":"GR90007711","name":"PRESSURE VALVE"},{"catalog_number":"GR90007674","name":"PROTECTION"},{"catalog_number":"GR90002735","name":"CUTTER"},{"catalog_number":"GR90002633","name":"CUTTER"},{"catalog_number":"GR90001739","name":"CUTTER"},{"catalog_number":"GR90001363","name":"NUT"},{"catalog_number":"GR90001304","name":"TINE"},{"catalog_number":"GR900001","name":"PLATE"},{"catalog_number":"GR89410091","name":"PART"},{"catalog_number":"GR89410086","name":"PART"},{"catalog_number":"GR89395022","name":"PART"},{"catalog_number":"GR89395015","name":"DIAPHRAGM"},{"catalog_number":"GR89395011","name":"SEAT"},{"catalog_number":"GR89395010","name":"DIAPHRAGM"},{"catalog_number":"GR89394005","name":"PART"},{"catalog_number":"GR89394004","name":"NIPPLE"},{"catalog_number":"GR89393004","name":"PISTON"},{"catalog_number":"GR89393001","name":"PART"},{"catalog_number":"GR89391022","name":"GASKET"},{"catalog_number":"GR89391013","name":"GASKET"},{"catalog_number":"GR89391012","name":"WASHER"},{"catalog_number":"GR89391011","name":"GASKET"},{"catalog_number":"GR89391009","name":"GASKET"},{"catalog_number":"GR89391008","name":"GASKET"},{"catalog_number":"GR89391005","name":"GASKET"},{"catalog_number":"GR89391001","name":"WASHER"},{"catalog_number":"GR89391000","name":"WASHER"},{"catalog_number":"GR89390107","name":"STRAINER"},{"catalog_number":"GR89390008","name":"STRAINER"},{"catalog_number":"GR89390003","name":"FILTER"},{"catalog_number":"GR89387026","name":"'T' BAR"},{"catalog_number":"GR89387010","name":"ELBOW"},{"catalog_number":"GR89387007","name":"CONNECTION"},{"catalog_number":"GR89387006","name":"CONNECTION"},{"catalog_number":"GR89387002","name":"ELBOW"},{"catalog_number":"GR89387000","name":"ELBOW"},{"catalog_number":"GR89386027","name":"NIPPLE"},{"catalog_number":"GR89386022","name":"GASKET"},{"catalog_number":"GR89386021","name":"NIPPLE"},{"catalog_number":"GR89386010","name":"NIPPLE"},{"catalog_number":"GR89386008","name":"PLUG"},{"catalog_number":"GR89386005","name":"NIPPLE"},{"catalog_number":"GR89385009","name":"CONNECTION"},{"catalog_number":"GR89385006","name":"NIPPLE"},{"catalog_number":"GR89385005","name":"LOCK"},{"catalog_number":"GR89385003","name":"INLET"},{"catalog_number":"GR89384000","name":"CONNECTION"},{"catalog_number":"GR89382000","name":"LOCK"},{"catalog_number":"GR89380019","name":"ROD"},{"catalog_number":"GR89305044","name":"GASKET"},{"catalog_number":"GR89305021","name":"NUT"},{"catalog_number":"GR89305011","name":"NUT"},{"catalog_number":"GR89305003","name":"NUT"},{"catalog_number":"GR89305001","name":"NUT"},{"catalog_number":"GR89305000","name":"NUT"},{"catalog_number":"GR89090099","name":"PRESSURE VALVE"},{"catalog_number":"GR89090028","name":"SOLENOID VALVE"},{"catalog_number":"GR89090011","name":"PRESSURE VALVE"},{"catalog_number":"GR89090010","name":"PRESSURE VALVE"},{"catalog_number":"GR89090004","name":"PRESSURE VALVE"},{"catalog_number":"GR89090002","name":"SUPPORT"},{"catalog_number":"GR89080156","name":"CLAMP"},{"catalog_number":"GR89080079","name":"PULLEY"},{"catalog_number":"GR89080063","name":"SLEEVE"},{"catalog_number":"GR89080050","name":"PRESS.REGULATOR"},{"catalog_number":"GR89080049","name":"PRESSURE VALVE"},{"catalog_number":"GR89080047","name":"PART"},{"catalog_number":"GR89080046","name":"NUT"},{"catalog_number":"GR89080045","name":"ADJUSTING NUT"},{"catalog_number":"GR89080044","name":"FLANGE"},{"catalog_number":"GR89080026","name":"NIPPLE"},{"catalog_number":"GR89080003","name":"PRESSURE VALVE"},{"catalog_number":"GR89080002","name":"COVER"},{"catalog_number":"GR89070817","name":"HOSE"},{"catalog_number":"GR89070813","name":"HOSE"},{"catalog_number":"GR89070806","name":"HOSE"},{"catalog_number":"GR89070805","name":"HOSE"},{"catalog_number":"GR89070804","name":"HOSE"},{"catalog_number":"GR89070800","name":"HOSE"},{"catalog_number":"GR89070022","name":"PART"},{"catalog_number":"GR89040137","name":"RING"},{"catalog_number":"GR89040057","name":"PINION"},{"catalog_number":"GR89040050","name":"ROD"},{"catalog_number":"GR89040049","name":"COCK"},{"catalog_number":"GR89040018","name":"WASHER"},{"catalog_number":"GR89040013","name":"PISTON PIN"},{"catalog_number":"GR89040011","name":"GASKET"},{"catalog_number":"GR89040003","name":"ROD"},{"catalog_number":"GR89030020","name":"SPRING"},{"catalog_number":"GR89000089","name":"PART"},{"catalog_number":"GR89000072","name":"HOUSING"},{"catalog_number":"GR89000060","name":"SUPPORT"},{"catalog_number":"GR89000057","name":"THIMBLE"},{"catalog_number":"GR89000056","name":"FILTER BODY"},{"catalog_number":"GR89000048","name":"GUIDE"},{"catalog_number":"GR89000046","name":"FLANGE"},{"catalog_number":"GR89000045","name":"PLUNGER"},{"catalog_number":"GR89000033","name":"TUBE"},{"catalog_number":"GR89000028","name":"GUIDE"},{"catalog_number":"GR89000023","name":"CLAMP"},{"catalog_number":"GR89000017","name":"CYLINDER HEAD"},{"catalog_number":"GR89000013","name":"NOZZLE"},{"catalog_number":"GR89000011","name":"HOLDER"},{"catalog_number":"GR89000009","name":"NOZZLE"},{"catalog_number":"GR89000002","name":"PRESS.REGULATOR"},{"catalog_number":"GR88678","name":"PINION"},{"catalog_number":"GR88123","name":"RING"},{"catalog_number":"GR873546","name":"GREASE NIPPLE"},{"catalog_number":"GR873541","name":"GREASE NIPPLE"},{"catalog_number":"GR87300070","name":"SEAL"},{"catalog_number":"GR872082","name":"O RING"},{"catalog_number":"GR872080","name":"O RING"},{"catalog_number":"GR872017","name":"O RING"},{"catalog_number":"GR87200160","name":"SEAL"},{"catalog_number":"GR871475","name":"SEAL"},{"catalog_number":"GR870780","name":"BALL BEARING"},{"catalog_number":"GR870163","name":"WHEEL"},{"catalog_number":"GR870147","name":"BALL BEARING"},{"catalog_number":"GR870146","name":"BALL BEARING"},{"catalog_number":"GR870144","name":"BALL BEARING"},{"catalog_number":"GR870106","name":"BALL BEARING"},{"catalog_number":"GR869888","name":"LOCK WASHER"},{"catalog_number":"GR869863","name":"NUT"},{"catalog_number":"GR869030","name":"RING"},{"catalog_number":"GR868719","name":"CIRCLIP"},{"catalog_number":"GR868712","name":"CIRCLIP"},{"catalog_number":"GR868621","name":"KVERNELAND PART"},{"catalog_number":"GR868614","name":"RING"},{"catalog_number":"GR868611","name":"RING"},{"catalog_number":"GR868607","name":"RING"},{"catalog_number":"GR868605","name":"RING"},{"catalog_number":"GR868604","name":"RING"},{"catalog_number":"GR868603","name":"RING"},{"catalog_number":"GR867086","name":"PIN"},{"catalog_number":"GR867061","name":"PIN"},{"catalog_number":"GR867056","name":"PIN"},{"catalog_number":"GR867053","name":"PIN"},{"catalog_number":"GR867014","name":"PIN"},{"catalog_number":"GR867013","name":"PIN"},{"catalog_number":"GR867005","name":"PIN"},{"catalog_number":"GR867003","name":"PIN"},{"catalog_number":"GR86700161","name":"CAP"},{"catalog_number":"GR866645","name":"PIN"},{"catalog_number":"GR866565","name":"PIN"},{"catalog_number":"GR866465","name":"PIN"},{"catalog_number":"GR866375","name":"PIN"},{"catalog_number":"GR866162","name":"PIN"},{"catalog_number":"GR866160","name":"PIN"},{"catalog_number":"GR865563","name":"PIN"},{"catalog_number":"GR865270","name":"PIN"},{"catalog_number":"GR862138","name":"NUT"},{"catalog_number":"GR862064","name":"RIVET"},{"catalog_number":"GR862061","name":"RIVET"},{"catalog_number":"GR860159","name":"KVERNELAND PART"},{"catalog_number":"GR860155","name":"WASHER"},{"catalog_number":"GR855378","name":"WHEEL"},{"catalog_number":"GR85267","name":"PIPE"},{"catalog_number":"GR852612","name":"CONE"},{"catalog_number":"GR852608","name":"CAP"},{"catalog_number":"GR852607","name":"CAP"},{"catalog_number":"GR8525520","name":"CONE"},{"catalog_number":"GR8525506","name":"COVER"},{"catalog_number":"GR852512","name":"CONE"},{"catalog_number":"GR852511","name":"CONE"},{"catalog_number":"GR852509","name":"CONE"},{"catalog_number":"GR852507","name":"CONE"},{"catalog_number":"GR852506","name":"CAP"},{"catalog_number":"GR852505","name":"CONE"},{"catalog_number":"GR8524100","name":"BOLT"},{"catalog_number":"GR85205","name":"GUARD"},{"catalog_number":"GR8515201","name":"CONE"},{"catalog_number":"GR8515112","name":"CONE"},{"catalog_number":"GR8515107","name":"CONE"},{"catalog_number":"GR8515101","name":"CONE"},{"catalog_number":"GR851508","name":"CONE"},{"catalog_number":"GR851506","name":"CAP"},{"catalog_number":"GR851504","name":"CONE"},{"catalog_number":"GR851500","name":"RING"},{"catalog_number":"GR8514106","name":"COVER"},{"catalog_number":"GR851405","name":"CONE"},{"catalog_number":"GR851402","name":"CONE"},{"catalog_number":"GR851071125","name":"TUBE"},{"catalog_number":"GR85107","name":"TUBE"},{"catalog_number":"GR85105","name":"GUARD"},{"catalog_number":"GR85104","name":"GUARD"},{"catalog_number":"GR85102","name":"TUBE"},{"catalog_number":"GR85100200","name":"CIRCLIP"},{"catalog_number":"GR8510","name":"KVERNELAND PART"},{"catalog_number":"GR850506","name":"CONE"},{"catalog_number":"GR8503104","name":"CAP"},{"catalog_number":"GR850002","name":"BOLT"},{"catalog_number":"GR84495","name":"DISC"},{"catalog_number":"GR84400450","name":"PIN"},{"catalog_number":"GR840316","name":"COUNTER"},{"catalog_number":"GR8402104","name":"CONE"},{"catalog_number":"GR8402102","name":"CONE"},{"catalog_number":"GR8401101","name":"CONE"},{"catalog_number":"GR8401100","name":"CONE"},{"catalog_number":"GR840006","name":"CONE"},{"catalog_number":"GR840000","name":"CONE"},{"catalog_number":"GR839862","name":"SCREW"},{"catalog_number":"GR839176","name":"SCREW"},{"catalog_number":"GR837225","name":"SCREW"},{"catalog_number":"GR83494314","name":"DRIVE SHAFT"},{"catalog_number":"GR83400876","name":"EJECTOR"},{"catalog_number":"GR83400036","name":"ELBOW"},{"catalog_number":"GR831616","name":"SCREW"},{"catalog_number":"GR831408","name":"SCREW"},{"catalog_number":"GR831003","name":"COLLAR"},{"catalog_number":"GR830901","name":"RING"},{"catalog_number":"GR830601","name":"RING"},{"catalog_number":"GR8305107","name":"CONE"},{"catalog_number":"GR8305103","name":"CONE"},{"catalog_number":"GR830507","name":"CONE"},{"catalog_number":"GR830300","name":"RIVET"},{"catalog_number":"GR830107","name":"CONE"},{"catalog_number":"GR830000","name":"RING"},{"catalog_number":"GR828601","name":"RING"},{"catalog_number":"GR828503","name":"BACKUP RING"},{"catalog_number":"GR828500","name":"BOLT"},{"catalog_number":"GR828320","name":"RING"},{"catalog_number":"GR828315","name":"RING"},{"catalog_number":"GR828314","name":"BOLT"},{"catalog_number":"GR828312","name":"RING"},{"catalog_number":"GR8283106","name":"RING"},{"catalog_number":"GR828306","name":"COLLAR"},{"catalog_number":"GR828302","name":"RING"},{"catalog_number":"GR828301","name":"RING"},{"catalog_number":"GR825650","name":"SCREW"},{"catalog_number":"GR823608","name":"BOLT"},{"catalog_number":"GR82200555","name":"NUT"},{"catalog_number":"GR821580","name":"BOLT"},{"catalog_number":"GR821530","name":"BOLT"},{"catalog_number":"GR821430","name":"BOLT"},{"catalog_number":"GR821416","name":"BOLT"},{"catalog_number":"GR821325","name":"BOLT"},{"catalog_number":"GR82019","name":"BEARING"},{"catalog_number":"GR815603","name":"BOLT"},{"catalog_number":"GR814035","name":"BOLT"},{"catalog_number":"GR813665","name":"BOLT"},{"catalog_number":"GR813314","name":"BOLT"},{"catalog_number":"GR810714","name":"BOLT"},{"catalog_number":"GR8063112","name":"TUBE"},{"catalog_number":"GR80600467","name":"BEARING"},{"catalog_number":"GR80481950B","name":"KVERNELAND PART"},{"catalog_number":"GR80400330","name":"BEARING"},{"catalog_number":"GR803703","name":"TUBE"},{"catalog_number":"GR803702","name":"TUBE"},{"catalog_number":"GR803504","name":"TUBE"},{"catalog_number":"GR803404","name":"TYRE TUBE"},{"catalog_number":"GR803019510","name":"DRIVE SHAFT"},{"catalog_number":"GR802000110","name":"PULLEY"},{"catalog_number":"GR79893418","name":"PUMP"},{"catalog_number":"GR79893360","name":"PUMP"},{"catalog_number":"GR79891135","name":"PART"},{"catalog_number":"GR79891122","name":"JET"},{"catalog_number":"GR79891121","name":"PAINT"},{"catalog_number":"GR79891115","name":"PART"},{"catalog_number":"GR79891114","name":"ADAPTER"},{"catalog_number":"GR79891111","name":"NOZZLE"},{"catalog_number":"GR79890610","name":"PART"},{"catalog_number":"GR79770528","name":"METER"},{"catalog_number":"GR79770265","name":"SPREADER"},{"catalog_number":"GR79760251","name":"CONNECTOR"},{"catalog_number":"GR79760250","name":"CONNECTOR"},{"catalog_number":"GR79760220","name":"CLIP"},{"catalog_number":"GR79760217","name":"INSERT"},{"catalog_number":"GR79760216","name":"INSERT"},{"catalog_number":"GR79760204","name":"FRAME"},{"catalog_number":"GR79760130","name":"SPOUT"},{"catalog_number":"GR79760122","name":"ATTACHMENT"},{"catalog_number":"GR79760117","name":"FASTENER"},{"catalog_number":"GR79760092","name":"KEY"},{"catalog_number":"GR79760074","name":"HOPPER"},{"catalog_number":"GR79760073","name":"HOPPER"},{"catalog_number":"GR79760061","name":"PART"},{"catalog_number":"GR79760046","name":"PIPE"},{"catalog_number":"GR79760045","name":"SPOUT"},{"catalog_number":"GR79760044","name":"SPOUT"},{"catalog_number":"GR79760043","name":"PART"},{"catalog_number":"GR79760042","name":"SPOUT"},{"catalog_number":"GR79760041","name":"SPOUT"},{"catalog_number":"GR79760040","name":"SPOUT"},{"catalog_number":"GR79750041","name":"STRAP"},{"catalog_number":"GR79750040","name":"ROD"},{"catalog_number":"GR79750039","name":"STRAP"},{"catalog_number":"GR79750037","name":"ACCUMULATOR"},{"catalog_number":"GR79750032","name":"END"},{"catalog_number":"GR79750027","name":"SEALS KIT"},{"catalog_number":"GR79750026","name":"STRAP"},{"catalog_number":"GR79750023","name":"GRIP"},{"catalog_number":"GR79750008","name":"FRAME"},{"catalog_number":"GR79730426","name":"KIT"},{"catalog_number":"GR79730385","name":"KVERNELAND PART"},{"catalog_number":"GR79730309","name":"KVERNELAND PART"},{"catalog_number":"GR79730271","name":"PLATE"},{"catalog_number":"GR7973015","name":"CONTROL BOX"},{"catalog_number":"GR79730015","name":"BOX"},{"catalog_number":"GR79730013","name":"CONTROL BOX"},{"catalog_number":"GR79300813","name":"BAR"},{"catalog_number":"GR79300812","name":"CUTTER"},{"catalog_number":"GR79300811","name":"BAR"},{"catalog_number":"GR79300696","name":"GEARBOX"},{"catalog_number":"GR79300654","name":"HUB"},{"catalog_number":"GR79300616","name":"CUTTER"},{"catalog_number":"GR79300489","name":"BAR"},{"catalog_number":"GR79300488","name":"CUTTER"},{"catalog_number":"GR79300255","name":"KIT, REPAIR"},{"catalog_number":"GR79260048","name":"KIT, REPAIR"},{"catalog_number":"GR79240026","name":"PRESSURE VALVE"},{"catalog_number":"GR79220046","name":"BEARING"},{"catalog_number":"GR79220037","name":"RESTRICTOR"},{"catalog_number":"GR79220030","name":"KIT, BEARING"},{"catalog_number":"GR79220029","name":"HOUSING"},{"catalog_number":"GR79220028","name":"LOCK"},{"catalog_number":"GR79220027","name":"KIT, BEARING"},{"catalog_number":"GR79220024","name":"YOKE"},{"catalog_number":"GR79220021","name":"KIT, BEARING"},{"catalog_number":"GR79220020","name":"FLANGE"},{"catalog_number":"GR79220019","name":"KIT, ROD"},{"catalog_number":"GR79220016","name":"DISC"},{"catalog_number":"GR79180069","name":"KNIFE"},{"catalog_number":"GR79141839","name":"CUTTER"},{"catalog_number":"GR79141614","name":"BAR"},{"catalog_number":"GR79141514","name":"GUARD"},{"catalog_number":"GR79141173","name":"KIT"},{"catalog_number":"GR79141059","name":"BAR"},{"catalog_number":"GR79141058","name":"BAR"},{"catalog_number":"GR79141051","name":"HUB"},{"catalog_number":"GR79140995","name":"CUTTER"},{"catalog_number":"GR79130080","name":"TINE"},{"catalog_number":"GR79004","name":"WIRE"},{"catalog_number":"GR7545170","name":"PIPE"},{"catalog_number":"GR7545142","name":"TUBE"},{"catalog_number":"GR754500","name":"TUBE"},{"catalog_number":"GR754496","name":"TUBE"},{"catalog_number":"GR754400","name":"TUBE"},{"catalog_number":"GR754000310","name":"FLANGE"},{"catalog_number":"GR7535170","name":"TUBE"},{"catalog_number":"GR753515","name":"TUBE"},{"catalog_number":"GR753500","name":"TUBE"},{"catalog_number":"GR752500","name":"TUBE"},{"catalog_number":"GR751600","name":"TUBE"},{"catalog_number":"GR751516","name":"SHAFT"},{"catalog_number":"GR751215","name":"TUBE"},{"catalog_number":"GR751196","name":"TUBE"},{"catalog_number":"GR751100","name":"TUBE"},{"catalog_number":"GR750615","name":"SHAFT"},{"catalog_number":"GR750600","name":"TUBE"},{"catalog_number":"GR742060010","name":"FEEDER"},{"catalog_number":"GR726051010","name":"ROLLER"},{"catalog_number":"GR72516","name":"BRACKET"},{"catalog_number":"GR725055010","name":"SPROCKET"},{"catalog_number":"GR725000510","name":"BEARING"},{"catalog_number":"GR724950610","name":"CLUTCH"},{"catalog_number":"GR721015010","name":"SUPPORT"},{"catalog_number":"GR716012110","name":"PLATE"},{"catalog_number":"GR716012010","name":"PLATE"},{"catalog_number":"GR715071010","name":"ROLLER"},{"catalog_number":"GR715070010","name":"ROLLER"},{"catalog_number":"GR715010810","name":"ROLLER"},{"catalog_number":"GR715000310","name":"WHEEL"},{"catalog_number":"GR71288","name":"PART"},{"catalog_number":"GR702991810","name":"COUPLING"},{"catalog_number":"GR702053010","name":"HEAD"},{"catalog_number":"GR700509","name":"RING"},{"catalog_number":"GR700508","name":"ASSEMBLY SET"},{"catalog_number":"GR70009500","name":"CLUTCH"},{"catalog_number":"GR70009338","name":"INSTRUCTIONS"},{"catalog_number":"GR70009220","name":"INSTRUCTIONS"},{"catalog_number":"GR70008679","name":"CARTRIDGE"},{"catalog_number":"GR70006987","name":"INSTRUCTIONS"},{"catalog_number":"GR70004305","name":"INSTRUCTIONS"},{"catalog_number":"GR6G453003R","name":"CLUTCH"},{"catalog_number":"GR686753901","name":"RESTRICTOR"},{"catalog_number":"GR67382","name":"PART"},{"catalog_number":"GR66612","name":"KVERNELAND PART"},{"catalog_number":"GR664013288","name":"GEAR"},{"catalog_number":"GR664008894","name":"PIN"}]}