{"machinery_brand_name":"Ag-Chem","parts":[{"catalog_number":"GRPZ459","name":"CIRCLIP"},{"catalog_number":"GRPZ457","name":"KVERNELAND PART"},{"catalog_number":"GRPZ456","name":"RAMP"},{"catalog_number":"GRPZ455V","name":"RAMP"},{"catalog_number":"GRPZ451K0","name":"SPRING"},{"catalog_number":"GRPZ450K0","name":"KVERNELAND PART"},{"catalog_number":"GRPZ449K0","name":"KVERNELAND PART"},{"catalog_number":"GRPZ448V","name":"SPRING"},{"catalog_number":"GRPZ441V","name":"SPRING"},{"catalog_number":"GRPZ433K0","name":"SPRING"},{"catalog_number":"GRPZ427","name":"SPRING"},{"catalog_number":"GRPZ426K1","name":"SPRING"},{"catalog_number":"GRPZ426K0","name":"SPRING"},{"catalog_number":"GRPZ420V","name":"SPRING"},{"catalog_number":"GRPZ417","name":"SPRING"},{"catalog_number":"GRPZ415","name":"SPRING"},{"catalog_number":"GRPZ414K0","name":"SPRING"},{"catalog_number":"GRPZ409V","name":"RING"},{"catalog_number":"GRPZ408","name":"TINE"},{"catalog_number":"GRPZ403V","name":"SPRING"},{"catalog_number":"GRPZ399","name":"SPRING"},{"catalog_number":"GRPZ391K0","name":"KVERNELAND PART"},{"catalog_number":"GRPZ388","name":"PICKUP"},{"catalog_number":"GRPZ387","name":"TINE"},{"catalog_number":"GRPZ386","name":"TINE"},{"catalog_number":"GRPZ370V","name":"HOOK"},{"catalog_number":"GRPZ368","name":"SPRING"},{"catalog_number":"GRPZ365V","name":"SPRING"},{"catalog_number":"GRPZ356","name":"TINE"},{"catalog_number":"GRPZ354V","name":"SPRING"},{"catalog_number":"GRPZ353V","name":"SPRING"},{"catalog_number":"GRPZ341K0","name":"SPRING"},{"catalog_number":"GRPZ340E","name":"TINE"},{"catalog_number":"GRPZ339E","name":"TINE"},{"catalog_number":"GRPZ330V","name":"SPRING"},{"catalog_number":"GRPZ329V","name":"SPRING"},{"catalog_number":"GRPZ328K0","name":"SPRING"},{"catalog_number":"GRPZ327K1","name":"SPRING"},{"catalog_number":"GRPZ327K0","name":"SPRING"},{"catalog_number":"GRPZ324","name":"SPRING"},{"catalog_number":"GRPZ310","name":"RING"},{"catalog_number":"GRPZ307","name":"TINE"},{"catalog_number":"GRPZ306V","name":"SPRING"},{"catalog_number":"GRPZ304","name":"RING"},{"catalog_number":"GRPZ303V","name":"SPRING"},{"catalog_number":"GRPZ302V","name":"PULLEY"},{"catalog_number":"GRPZ286V","name":"RING"},{"catalog_number":"GRPZ282V","name":"SPRING"},{"catalog_number":"GRPZ278V","name":"SPRING"},{"catalog_number":"GRPZ271V","name":"SPRING"},{"catalog_number":"GRPZ267V","name":"SPRING"},{"catalog_number":"GRPZ264K1","name":"SPRING"},{"catalog_number":"GRPZ264K0","name":"SPRING"},{"catalog_number":"GRPZ263V","name":"SPRING"},{"catalog_number":"GRPZ260V","name":"SPRING"},{"catalog_number":"GRPZ25V","name":"PIN"},{"catalog_number":"GRPZ259K0","name":"KVERNELAND PART"},{"catalog_number":"GRPZ254","name":"SPRING"},{"catalog_number":"GRPZ251","name":"SPRING"},{"catalog_number":"GRPZ249V","name":"SPRING"},{"catalog_number":"GRPZ244","name":"CIRCLIP"},{"catalog_number":"GRPZ242V","name":"SPRING"},{"catalog_number":"GRPZ240","name":"SPRING"},{"catalog_number":"GRPZ234V","name":"SPRING"},{"catalog_number":"GRPZ229V","name":"PROTECTION"},{"catalog_number":"GRPZ225E","name":"TINE"},{"catalog_number":"GRPZ224E","name":"TINE"},{"catalog_number":"GRPZ213V","name":"SPRING"},{"catalog_number":"GRPZ19V","name":"FENCE"},{"catalog_number":"GRPZ199V","name":"PIN"},{"catalog_number":"GRPZ197","name":"RING"},{"catalog_number":"GRPZ195V","name":"SPRING"},{"catalog_number":"GRPZ18V","name":"RING"},{"catalog_number":"GRPZ180","name":"RING"},{"catalog_number":"GRPZ179K0","name":"KVERNELAND PART"},{"catalog_number":"GRPZ176V","name":"CIRCLIP"},{"catalog_number":"GRPZ175V","name":"SPRING"},{"catalog_number":"GRPZ174V","name":"CIRCLIP"},{"catalog_number":"GRPZ171","name":"SPRING"},{"catalog_number":"GRPZ170V","name":"SPRING"},{"catalog_number":"GRPZ160V","name":"CLIP"},{"catalog_number":"GRPZ148","name":"SPRING"},{"catalog_number":"GRPZ129V","name":"SPRING"},{"catalog_number":"GRPZ120V","name":"SPRING"},{"catalog_number":"GRPZ11V","name":"HAIR PIN"},{"catalog_number":"GRPZ117V","name":"LOCK"},{"catalog_number":"GRPZ115","name":"STAY"},{"catalog_number":"GRPZ114K0","name":"SPRING"},{"catalog_number":"GRPZ111K1","name":"KVERNELAND PART"},{"catalog_number":"GRPZ111E","name":"TINE"},{"catalog_number":"GRPZ110K1","name":"KVERNELAND PART"},{"catalog_number":"GRPZ110E","name":"TINE"},{"catalog_number":"GRPZ108V","name":"SPRING"},{"catalog_number":"GRPZ107K1","name":"KVERNELAND PART"},{"catalog_number":"GRPZ107E","name":"TINE"},{"catalog_number":"GRPZ106E","name":"TINE"},{"catalog_number":"GRPZ101V","name":"BRACE"},{"catalog_number":"GRPZ100","name":"SPRING"},{"catalog_number":"GRPZ087","name":"BLADE HOLDER"},{"catalog_number":"GRPZ086","name":"BLADE HOLDER"},{"catalog_number":"GRPZ057","name":"BLADE HOLDER"},{"catalog_number":"GRPZ0424K1","name":"SPRING"},{"catalog_number":"GRPZ0424K0","name":"SPRING"},{"catalog_number":"GRPZ0345K1","name":"SPRING"},{"catalog_number":"GRPZ0345K0","name":"SPRING"},{"catalog_number":"GRPZ0116K0","name":"BLADE"},{"catalog_number":"GRPZ00387","name":"TINE"},{"catalog_number":"GRPZ00308","name":"RING"},{"catalog_number":"GRPZ00276","name":"TINE"},{"catalog_number":"GRPZ00275","name":"TINE"},{"catalog_number":"GRPZ00160V","name":"SPRING CLIP"},{"catalog_number":"GRPK54K5","name":"GUARD"},{"catalog_number":"GRPK54K1","name":"GUARD"},{"catalog_number":"GRP9710BCF3","name":"PARTS BOOK"},{"catalog_number":"GRP7A48011","name":"TINE"},{"catalog_number":"GRNT89","name":"ENGINE BONNET"},{"catalog_number":"GRNT88","name":"ENGINE BONNET"},{"catalog_number":"GRNT87","name":"PLATE"},{"catalog_number":"GRNT86","name":"PLATE"},{"catalog_number":"GRNT85","name":"PLATE"},{"catalog_number":"GRNT84","name":"PLATE"},{"catalog_number":"GRNT81","name":"STRIP"},{"catalog_number":"GRNT79","name":"STRIP"},{"catalog_number":"GRNT78","name":"PLATE"},{"catalog_number":"GRNT77","name":"PLATE"},{"catalog_number":"GRNT76","name":"SUPPORT"},{"catalog_number":"GRNT4","name":"PLATE"},{"catalog_number":"GRNT3V","name":"TIP"},{"catalog_number":"GRNT251","name":"GUARD"},{"catalog_number":"GRNT237","name":"GUARD"},{"catalog_number":"GRNT213V","name":"EYE BOLT"},{"catalog_number":"GRNT202","name":"PLATE"},{"catalog_number":"GRNT198","name":"STRIP"},{"catalog_number":"GRNT193","name":"GUARD"},{"catalog_number":"GRNT148V","name":"SLEEVE"},{"catalog_number":"GRNT147","name":"STRIP"},{"catalog_number":"GRNT10","name":"GEAR"},{"catalog_number":"GRNT087","name":"COVER"},{"catalog_number":"GRNT086","name":"COVER"},{"catalog_number":"GRNT085","name":"BRACKET"},{"catalog_number":"GRNT082V","name":"KVERNELAND PART"},{"catalog_number":"GRNT079","name":"BRIDGE"},{"catalog_number":"GRNT07","name":"BRACKET"},{"catalog_number":"GRNT04","name":"FRAME"},{"catalog_number":"GRNT0268","name":"EXTENSION"},{"catalog_number":"GRNT0250","name":"SUPPORT"},{"catalog_number":"GRNT0245","name":"GUIDE"},{"catalog_number":"GRNT0239","name":"ROLLER"},{"catalog_number":"GRNT0235","name":"BRACKET"},{"catalog_number":"GRNT0231","name":"TENSIONER"},{"catalog_number":"GRNT023","name":"COVER"},{"catalog_number":"GRNT0225V","name":"BOLT"},{"catalog_number":"GRNT0222","name":"BAR"},{"catalog_number":"GRNT0220","name":"EXTENSION"},{"catalog_number":"GRNT0211","name":"SUPPORT"},{"catalog_number":"GRNT0210","name":"SUPPORT"},{"catalog_number":"GRNT021","name":"FRAME"},{"catalog_number":"GRNT0201","name":"HINGE"},{"catalog_number":"GRNT0200","name":"SUPPORT"},{"catalog_number":"GRNT0195","name":"DRIVE"},{"catalog_number":"GRNT0194","name":"DRIVE"},{"catalog_number":"GRNT0191","name":"SPROCKET"},{"catalog_number":"GRNT0190","name":"BRACKET"},{"catalog_number":"GRNT0189","name":"HINGE"},{"catalog_number":"GRNT0186","name":"FRAME"},{"catalog_number":"GRNT018","name":"SHIELD"},{"catalog_number":"GRNT0177","name":"SUPPORT"},{"catalog_number":"GRNT0168","name":"GUIDE"},{"catalog_number":"GRNT015","name":"HOUSING"},{"catalog_number":"GRNT012","name":"REDUCER"},{"catalog_number":"GRNT0085","name":"CYLINDER"},{"catalog_number":"GRNT0027","name":"CHUTE"},{"catalog_number":"GRNT00268","name":"EXTENSION"},{"catalog_number":"GRNT00255","name":"WHEEL"},{"catalog_number":"GRNT00233","name":"FEEDER"},{"catalog_number":"GRNT0022","name":"CHUTE"},{"catalog_number":"GRNT00207","name":"GUIDE"},{"catalog_number":"GRNT00206","name":"GUIDE"},{"catalog_number":"GRNT00203","name":"GUIDE"},{"catalog_number":"GRNT00186","name":"KVERNELAND PART"},{"catalog_number":"GRNT00183","name":"KIT, REPAIR"},{"catalog_number":"GRNT00172","name":"COVER"},{"catalog_number":"GRNT00150","name":"CABLE"},{"catalog_number":"GRNT0015","name":"HOUSING"},{"catalog_number":"GRNT00149","name":"CONTROL BOX"},{"catalog_number":"GRNT00147","name":"CHUTE"},{"catalog_number":"GRNT0014","name":"HOUSING"},{"catalog_number":"GRNT001","name":"CYLINDER"},{"catalog_number":"GRNP993V","name":"SLEEVE"},{"catalog_number":"GRNP969","name":"GUARD"},{"catalog_number":"GRNP96","name":"GUARD"},{"catalog_number":"GRNP949","name":"SUPPORT"},{"catalog_number":"GRNP937V","name":"COVER"},{"catalog_number":"GRNP921","name":"KVERNELAND PART"},{"catalog_number":"GRNP919V","name":"SLEEVE"},{"catalog_number":"GRNP914","name":"PIPE"},{"catalog_number":"GRNP913","name":"PIPE"},{"catalog_number":"GRNP91","name":"SHAFT"},{"catalog_number":"GRNP907","name":"PLATE"},{"catalog_number":"GRNP881","name":"PIN"},{"catalog_number":"GRNP880V","name":"COVER"},{"catalog_number":"GRNP878V","name":"SLEEVE"},{"catalog_number":"GRNP874","name":"PLATE"},{"catalog_number":"GRNP873","name":"GUARD"},{"catalog_number":"GRNP872","name":"PLATE"},{"catalog_number":"GRNP868","name":"SPROCKET"},{"catalog_number":"GRNP867","name":"SPROCKET"},{"catalog_number":"GRNP866","name":"SPROCKET"},{"catalog_number":"GRNP856","name":"PIN"},{"catalog_number":"GRNP852V","name":"BOLT"},{"catalog_number":"GRNP850","name":"STRIP"},{"catalog_number":"GRNP844","name":"GUIDE"},{"catalog_number":"GRNP835","name":"GASKET"},{"catalog_number":"GRNP827","name":"STRIP"},{"catalog_number":"GRNP799V","name":"BRACE"},{"catalog_number":"GRNP795","name":"ROLLER"},{"catalog_number":"GRNP794V","name":"COVER"},{"catalog_number":"GRNP781","name":"PLATE"},{"catalog_number":"GRNP777","name":"CROSSBAR"},{"catalog_number":"GRNP75V","name":"STRIP"},{"catalog_number":"GRNP709","name":"PLATE"},{"catalog_number":"GRNP707V","name":"SLEEVE"},{"catalog_number":"GRNP705V","name":"RING"},{"catalog_number":"GRNP69","name":"GUARD"},{"catalog_number":"GRNP683","name":"ROLLER"},{"catalog_number":"GRNP679","name":"ROLLER"},{"catalog_number":"GRNP607","name":"SLEEVE"},{"catalog_number":"GRNP583V","name":"COVER"},{"catalog_number":"GRNP505","name":"HUB"},{"catalog_number":"GRNP221V","name":"PRESSURE INDICAT"},{"catalog_number":"GRNP172V","name":"TIP"},{"catalog_number":"GRNP171","name":"PLATE"},{"catalog_number":"GRNP163","name":"HUB"},{"catalog_number":"GRNP162","name":"PULLEY"},{"catalog_number":"GRNP161V","name":"PLATE"},{"catalog_number":"GRNP159","name":"GEAR"},{"catalog_number":"GRNP158","name":"BEVEL PINION"},{"catalog_number":"GRNP157V","name":"HOOK"},{"catalog_number":"GRNP152","name":"GEAR"},{"catalog_number":"GRNP150","name":"BEVEL PINION"},{"catalog_number":"GRNP149","name":"RING"},{"catalog_number":"GRNP148","name":"SHAFT"},{"catalog_number":"GRNP147","name":"SHAFT"},{"catalog_number":"GRNP145","name":"FLANGE"},{"catalog_number":"GRNP144","name":"FLANGE"},{"catalog_number":"GRNP143","name":"PLATE"},{"catalog_number":"GRNP123V","name":"SPINDLE"},{"catalog_number":"GRNP120","name":"COVER"},{"catalog_number":"GRNP1119","name":"SPROCKET"},{"catalog_number":"GRNP1115","name":"STRIP"},{"catalog_number":"GRNP1101","name":"WHEEL"},{"catalog_number":"GRNP1071V","name":"RING"},{"catalog_number":"GRNP1066V","name":"LOCKNUT"},{"catalog_number":"GRNP1055","name":"BRACKET"},{"catalog_number":"GRNP1045","name":"TAPE"},{"catalog_number":"GRNP1040","name":"CAM"},{"catalog_number":"GRNP103V","name":"PIN"},{"catalog_number":"GRNP1036","name":"BOLT"},{"catalog_number":"GRNP1031","name":"HUB"},{"catalog_number":"GRNP1027V","name":"RING"},{"catalog_number":"GRNP1023","name":"BOLT"},{"catalog_number":"GRNP1018","name":"GUARD"},{"catalog_number":"GRNP1017","name":"SLEEVE"},{"catalog_number":"GRNP101","name":"PULLEY"},{"catalog_number":"GRNP1004V","name":"BUSH"},{"catalog_number":"GRNP1003V","name":"KVERNELAND PART"},{"catalog_number":"GRNP0990","name":"GUIDE"},{"catalog_number":"GRNP0980","name":"ROLLER"},{"catalog_number":"GRNP0964","name":"GUIDE"},{"catalog_number":"GRNP0958","name":"ROD"},{"catalog_number":"GRNP0952","name":"HOUSING"},{"catalog_number":"GRNP0930","name":"TENSIONER"},{"catalog_number":"GRNP0910","name":"GUIDE"},{"catalog_number":"GRNP0909","name":"GUIDE"},{"catalog_number":"GRNP0903","name":"HINGE"},{"catalog_number":"GRNP0900","name":"SUPPORT"},{"catalog_number":"GRNP0897V","name":"BRACKET"},{"catalog_number":"GRNP0895","name":"DRIVE"},{"catalog_number":"GRNP0894","name":"DRIVE"},{"catalog_number":"GRNP0887","name":"FRAME"},{"catalog_number":"GRNP0886","name":"FRAME"},{"catalog_number":"GRNP0866","name":"SPROCKET"},{"catalog_number":"GRNP0864","name":"BRACKET"},{"catalog_number":"GRNP0857","name":"HINGE"},{"catalog_number":"GRNP0815V","name":"BRACKET"},{"catalog_number":"GRNP0813","name":"SUPPORT"},{"catalog_number":"GRNP0804","name":"GUIDE"},{"catalog_number":"GRNP0802V","name":"BRACKET"},{"catalog_number":"GRNP0778","name":"FRAME"},{"catalog_number":"GRNP0718","name":"SUPPORT"},{"catalog_number":"GRNP0713","name":"HINGE"},{"catalog_number":"GRNP0666","name":"DRUM"},{"catalog_number":"GRNP0665","name":"DRUM"},{"catalog_number":"GRNP0621","name":"SUPPORT"},{"catalog_number":"GRNP032","name":"KVERNELAND PART"},{"catalog_number":"GRNP0186","name":"BRACKET"},{"catalog_number":"GRNP0182","name":"HOUSING"},{"catalog_number":"GRNP0180","name":"HOUSING"},{"catalog_number":"GRNP0179","name":"DRUM"},{"catalog_number":"GRNP0175","name":"FRAME"},{"catalog_number":"GRNP0165","name":"COVER"},{"catalog_number":"GRNP0155","name":"FRAME"},{"catalog_number":"GRNP0119","name":"PTO SHAFT"},{"catalog_number":"GRNP01111","name":"SUPPORT"},{"catalog_number":"GRNP01102","name":"HINGE"},{"catalog_number":"GRNP01100","name":"CARRIER"},{"catalog_number":"GRNP01099","name":"STAND"},{"catalog_number":"GRNP01096","name":"DRAWBAR"},{"catalog_number":"GRNP01077V","name":"KVERNELAND PART"},{"catalog_number":"GRNP01061","name":"CARRIER"},{"catalog_number":"GRNP01060","name":"BRACKET"},{"catalog_number":"GRNP01043","name":"WHEEL"},{"catalog_number":"GRNP00977","name":"CHAIN"},{"catalog_number":"GRNP00966","name":"FEEDER"},{"catalog_number":"GRNP00960","name":"CHUTE"},{"catalog_number":"GRNP00901","name":"LINK"},{"catalog_number":"GRNP00887","name":"KVERNELAND PART"},{"catalog_number":"GRNP00882","name":"RING"},{"catalog_number":"GRNP00868","name":"DRUM"},{"catalog_number":"GRNP00806","name":"COVER"},{"catalog_number":"GRNP00751","name":"LIFTER"},{"catalog_number":"GRNP00689","name":"CHAIN"},{"catalog_number":"GRNP0058","name":"GUARD"},{"catalog_number":"GRNP00186","name":"KVERNELAND PART"},{"catalog_number":"GRNP00175","name":"FEEDER"},{"catalog_number":"GRNP00119","name":"PTO SHAFT"},{"catalog_number":"GRNP001128","name":"GUIDE"},{"catalog_number":"GRNP001127","name":"GUIDE"},{"catalog_number":"GRNP001061","name":"ASSEMBLY SET"},{"catalog_number":"GRNP001060","name":"BRACKET"},{"catalog_number":"GRNP001054","name":"CHUTE"},{"catalog_number":"GRNP001033","name":"KVERNELAND PART"},{"catalog_number":"GRNP001031","name":"WHEEL"},{"catalog_number":"GRNP001016","name":"KVERNELAND PART"},{"catalog_number":"GRNP001005","name":"CYLINDER"},{"catalog_number":"GRNK821V","name":"HOLDER"},{"catalog_number":"GRNK696","name":"GEAR"},{"catalog_number":"GRNK633","name":"SLEEVE"},{"catalog_number":"GRNK602","name":"WHEEL"},{"catalog_number":"GRNK552","name":"PULLEY"},{"catalog_number":"GRNK0685K5","name":"GUARD"},{"catalog_number":"GRNK0685K1","name":"GUARD"},{"catalog_number":"GRNK0609","name":"PLATE"},{"catalog_number":"GRNK0420","name":"PIN"},{"catalog_number":"GRNK00835","name":"LIFTER"},{"catalog_number":"GRNK00767","name":"SPRING"},{"catalog_number":"GRND9999","name":"CHAIN"},{"catalog_number":"GRND9958","name":"V BELT"},{"catalog_number":"GRND9954V","name":"POTENTIOMETER"},{"catalog_number":"GRND9952V","name":"COUPLING"},{"catalog_number":"GRND9935","name":"ROPE"},{"catalog_number":"GRND9921","name":"PLIERS"},{"catalog_number":"GRND9914","name":"PLUG"},{"catalog_number":"GRND9905","name":"SEAL"},{"catalog_number":"GRND9901","name":"ACTUATOR"},{"catalog_number":"GRND9889","name":"PLUG"},{"catalog_number":"GRND9888","name":"REFLECTOR"},{"catalog_number":"GRND9887","name":"SHIM"},{"catalog_number":"GRND9872V","name":"COUPLING"},{"catalog_number":"GRND9869V","name":"PLUG"},{"catalog_number":"GRND9853","name":"RAM"},{"catalog_number":"GRND9851","name":"TYRE"},{"catalog_number":"GRND9844","name":"PLUG"},{"catalog_number":"GRND9843","name":"CLAMP"},{"catalog_number":"GRND9827","name":"WHEEL RIM"},{"catalog_number":"GRND9817","name":"RING"},{"catalog_number":"GRND98110","name":"KVERNELAND PART"},{"catalog_number":"GRND98109","name":"KVERNELAND PART"},{"catalog_number":"GRND98106","name":"BUCKET"},{"catalog_number":"GRND98104","name":"BOX"},{"catalog_number":"GRND98102V","name":"PLATE"},{"catalog_number":"GRND9809V","name":"STUD BOLT"},{"catalog_number":"GRND98093V","name":"PLUG"},{"catalog_number":"GRND98092V","name":"STUD BOLT"},{"catalog_number":"GRND98086V","name":"STUD BOLT"},{"catalog_number":"GRND98085V","name":"NIPPLE"},{"catalog_number":"GRND9807V","name":"PLATE"},{"catalog_number":"GRND9806","name":"WIRE"},{"catalog_number":"GRND98048","name":"SEAL"},{"catalog_number":"GRND98021V","name":"CHAIN"},{"catalog_number":"GRND9801V","name":"CLEVIS"},{"catalog_number":"GRND98014","name":"PACKING"},{"catalog_number":"GRND98011","name":"PAINT"},{"catalog_number":"GRND9796","name":"KNIFE"},{"catalog_number":"GRND9791","name":"BRUSH"},{"catalog_number":"GRND9771V","name":"ELBOW UNION"},{"catalog_number":"GRND9770V","name":"T-PIECE"},{"catalog_number":"GRND9759","name":"CABLE"},{"catalog_number":"GRND9758","name":"CABLE"},{"catalog_number":"GRND9756","name":"PLUG"},{"catalog_number":"GRND9751","name":"LINK"},{"catalog_number":"GRND9733","name":"PRESSURE VALVE"},{"catalog_number":"GRND9732","name":"V BELT"},{"catalog_number":"GRND9726","name":"KVERNELAND PART"},{"catalog_number":"GRND9725","name":"BOWDEN CABLE"},{"catalog_number":"GRND9719","name":"GASKET"},{"catalog_number":"GRND9717V","name":"UNION"},{"catalog_number":"GRND9710","name":"TUBE"},{"catalog_number":"GRND97051","name":"COVER"},{"catalog_number":"GRND9705","name":"PIPE"},{"catalog_number":"GRND97049","name":"WHEEL RIM"},{"catalog_number":"GRND97047","name":"COVER"},{"catalog_number":"GRND9704","name":"BELT"},{"catalog_number":"GRND97027","name":"PLATE"},{"catalog_number":"GRND97021","name":"PLATE"},{"catalog_number":"GRND97012","name":"CHAMBER"},{"catalog_number":"GRND97011","name":"TYRE"},{"catalog_number":"GRND9701","name":"SHAFT"},{"catalog_number":"GRND9679","name":"BOWDEN CABLE"},{"catalog_number":"GRND9678","name":"CABLE"},{"catalog_number":"GRND9677","name":"CABLE"},{"catalog_number":"GRND9676","name":"KVERNELAND PART"},{"catalog_number":"GRND9675","name":"KVERNELAND PART"},{"catalog_number":"GRND9670V","name":"GREASE FITTING"},{"catalog_number":"GRND9669","name":"GASKET"},{"catalog_number":"GRND9641","name":"WHEEL"},{"catalog_number":"GRND9639","name":"CAP"},{"catalog_number":"GRND9638V","name":"TUBE"},{"catalog_number":"GRND9633","name":"CLAMP"},{"catalog_number":"GRND9630","name":"BELT"},{"catalog_number":"GRND9629","name":"V BELT"},{"catalog_number":"GRND9620V","name":"CAP"},{"catalog_number":"GRND9615","name":"TYRE"},{"catalog_number":"GRND9614","name":"WHEEL RIM"},{"catalog_number":"GRND9613","name":"CAP"},{"catalog_number":"GRND96126","name":"V BELT"},{"catalog_number":"GRND96125","name":"V BELT"},{"catalog_number":"GRND96123","name":"V BELT"},{"catalog_number":"GRND96121","name":"CHAIN"},{"catalog_number":"GRND96120","name":"V BELT"},{"catalog_number":"GRND96119","name":"ROLLER"},{"catalog_number":"GRND96118","name":"LINK"},{"catalog_number":"GRND96116","name":"LINK"},{"catalog_number":"GRND96113","name":"KVERNELAND PART"},{"catalog_number":"GRND96112","name":"LINK"},{"catalog_number":"GRND96111","name":"KVERNELAND PART"},{"catalog_number":"GRND96110","name":"KVERNELAND PART"},{"catalog_number":"GRND9611","name":"SHAFT"},{"catalog_number":"GRND96108","name":"V BELT"},{"catalog_number":"GRND96107","name":"PLATE"},{"catalog_number":"GRND96106","name":"V BELT"},{"catalog_number":"GRND96105","name":"PLATE"},{"catalog_number":"GRND96104","name":"PLATE"},{"catalog_number":"GRND96103","name":"PLATE"},{"catalog_number":"GRND96101","name":"KVERNELAND PART"},{"catalog_number":"GRND96100","name":"CHAIN"},{"catalog_number":"GRND96099","name":"V BELT"},{"catalog_number":"GRND96098","name":"PLATE"},{"catalog_number":"GRND96097","name":"ROLLER"},{"catalog_number":"GRND96094","name":"V BELT"},{"catalog_number":"GRND96091","name":"V BELT"},{"catalog_number":"GRND96089","name":"V BELT"},{"catalog_number":"GRND96086","name":"LINK"},{"catalog_number":"GRND96084","name":"V BELT"},{"catalog_number":"GRND96083","name":"V BELT"},{"catalog_number":"GRND96078","name":"V BELT"},{"catalog_number":"GRND96075","name":"V BELT"},{"catalog_number":"GRND96074","name":"V BELT"},{"catalog_number":"GRND96070","name":"V BELT"},{"catalog_number":"GRND9607","name":"CAP"},{"catalog_number":"GRND96067","name":"V BELT"},{"catalog_number":"GRND96066","name":"CHAIN"},{"catalog_number":"GRND96060","name":"ROLLER"},{"catalog_number":"GRND96053","name":"V BELT"},{"catalog_number":"GRND96052","name":"CHAIN"},{"catalog_number":"GRND9604","name":"COVER"},{"catalog_number":"GRND96039","name":"CHAIN"},{"catalog_number":"GRND96038","name":"KIT, REPAIR"},{"catalog_number":"GRND96024","name":"V BELT"},{"catalog_number":"GRND96023","name":"BELT"},{"catalog_number":"GRND96021","name":"V BELT"},{"catalog_number":"GRND96016","name":"V BELT"},{"catalog_number":"GRND96008","name":"V BELT"},{"catalog_number":"GRND96006","name":"V BELT"},{"catalog_number":"GRND9584","name":"FASTENER"},{"catalog_number":"GRND9575","name":"PART"},{"catalog_number":"GRND9570","name":"LINK"},{"catalog_number":"GRND9557","name":"KVERNELAND PART"},{"catalog_number":"GRND9525","name":"GEARBOX"},{"catalog_number":"GRND95055","name":"CAP"},{"catalog_number":"GRND95051","name":"PROFILE"},{"catalog_number":"GRND95049","name":"PLATE"},{"catalog_number":"GRND95048","name":"CABLE TIE"},{"catalog_number":"GRND95044","name":"PLATE"},{"catalog_number":"GRND95042","name":"CAP"},{"catalog_number":"GRND95023","name":"PART"},{"catalog_number":"GRND95021","name":"FLANGE"},{"catalog_number":"GRND9482V","name":"HOOK"},{"catalog_number":"GRND9475","name":"WASHER"},{"catalog_number":"GRND9469","name":"PLUG"},{"catalog_number":"GRND9461","name":"VALVE"},{"catalog_number":"GRND9419","name":"CLAMP"},{"catalog_number":"GRND94085","name":"KEY"},{"catalog_number":"GRND94084","name":"KVERNELAND PART"},{"catalog_number":"GRND94083","name":"COUPLER"},{"catalog_number":"GRND94081","name":"KVERNELAND PART"},{"catalog_number":"GRND94079","name":"SHAFT"},{"catalog_number":"GRND94067","name":"KVERNELAND PART"},{"catalog_number":"GRND94061","name":"COUPLING"},{"catalog_number":"GRND94060","name":"KVERNELAND PART"},{"catalog_number":"GRND94058","name":"PLATE"},{"catalog_number":"GRND94054","name":"UNIVERSAL JOINT"},{"catalog_number":"GRND94053","name":"PLATE"},{"catalog_number":"GRND94052","name":"COVER"},{"catalog_number":"GRND94044C","name":"CHAIN"},{"catalog_number":"GRND94044B","name":"TUBE"},{"catalog_number":"GRND94044A","name":"TUBE"},{"catalog_number":"GRND940449","name":"RING"},{"catalog_number":"GRND940448","name":"ENGINE BONNET"},{"catalog_number":"GRND940447","name":"ENGINE BONNET"},{"catalog_number":"GRND940446","name":"YOKE"},{"catalog_number":"GRND940445","name":"TUBE"},{"catalog_number":"GRND940444","name":"TUBE"},{"catalog_number":"GRND940443","name":"YOKE"},{"catalog_number":"GRND940442","name":"KVERNELAND PART"},{"catalog_number":"GRND940441","name":"YOKE"},{"catalog_number":"GRND94044/9","name":"RING"},{"catalog_number":"GRND94044/8","name":"ENGINE BONNET"},{"catalog_number":"GRND94044/7","name":"ENGINE BONNET"},{"catalog_number":"GRND94044/6","name":"YOKE"},{"catalog_number":"GRND94044/5","name":"TUBE"},{"catalog_number":"GRND94044/4","name":"TUBE"},{"catalog_number":"GRND94044/3","name":"YOKE"},{"catalog_number":"GRND94044/2","name":"SPIDER"},{"catalog_number":"GRND94044/1","name":"YOKE"},{"catalog_number":"GRND94038","name":"UNIVERSAL JOINT"},{"catalog_number":"GRND94037","name":"KVERNELAND PART"},{"catalog_number":"GRND94034","name":"UNIVERSAL JOINT"},{"catalog_number":"GRND94032","name":"SLIPPER"},{"catalog_number":"GRND94023","name":"UNIVERSAL JOINT"},{"catalog_number":"GRND94021","name":"UNIVERSAL JOINT"},{"catalog_number":"GRND94017","name":"SHAFT"},{"catalog_number":"GRND94015","name":"SHAFT"},{"catalog_number":"GRND94013","name":"AXLE"},{"catalog_number":"GRND94012","name":"NUT"},{"catalog_number":"GRND94004","name":"UNIVERSAL JOINT"},{"catalog_number":"GRND9393V","name":"STUD BOLT"},{"catalog_number":"GRND9392V","name":"UNION"},{"catalog_number":"GRND9384V","name":"WASHER"},{"catalog_number":"GRND9369V","name":"CLAMP"},{"catalog_number":"GRND9352","name":"WINCH"},{"catalog_number":"GRND9347","name":"CORD"},{"catalog_number":"GRND9336","name":"VALVE"},{"catalog_number":"GRND9320","name":"UNIVERSAL JOINT"},{"catalog_number":"GRND9301","name":"SHAFT"},{"catalog_number":"GRND93005","name":"CABLE"},{"catalog_number":"GRND93004V","name":"CONNECTOR"},{"catalog_number":"GRND93001","name":"CABLE"},{"catalog_number":"GRND9295","name":"CHAIN LINK"},{"catalog_number":"GRND9263V","name":"BREATHER"},{"catalog_number":"GRND9257","name":"STRAP"},{"catalog_number":"GRND9252","name":"DAMPER"},{"catalog_number":"GRND9248V","name":"GREASE NIPPLE"},{"catalog_number":"GRND9247","name":"WHEEL RIM"},{"catalog_number":"GRND9246","name":"WHEEL RIM"},{"catalog_number":"GRND9245","name":"TUBE"},{"catalog_number":"GRND9241V","name":"CLAMP"},{"catalog_number":"GRND92187","name":"BREATHER"},{"catalog_number":"GRND92185","name":"GAUGE"},{"catalog_number":"GRND92184V","name":"BREATHER"},{"catalog_number":"GRND92183V","name":"PLUG"},{"catalog_number":"GRND92181V","name":"PLUG"},{"catalog_number":"GRND92177","name":"UNION"},{"catalog_number":"GRND92175","name":"COUPLER"},{"catalog_number":"GRND92174","name":"COUPLER"},{"catalog_number":"GRND9217","name":"FILTER"},{"catalog_number":"GRND92169V","name":"BLOCK"},{"catalog_number":"GRND92166","name":"VALVE"},{"catalog_number":"GRND92162V","name":"COUPLER"},{"catalog_number":"GRND92155V","name":"PLATE"},{"catalog_number":"GRND92154V","name":"PLATE"},{"catalog_number":"GRND92147V","name":"COUPLING"},{"catalog_number":"GRND92146","name":"VALVE"},{"catalog_number":"GRND92144","name":"DIPSTICK"},{"catalog_number":"GRND92143","name":"FLANGE"},{"catalog_number":"GRND92142","name":"FLANGE"},{"catalog_number":"GRND92140","name":"PUMP"},{"catalog_number":"GRND92139","name":"SLEEVE"},{"catalog_number":"GRND92136","name":"VALVE"},{"catalog_number":"GRND92135","name":"CONTROL"},{"catalog_number":"GRND92134","name":"COCK"},{"catalog_number":"GRND92133","name":"THREE WAY COCK"},{"catalog_number":"GRND92132V","name":"ELBOW"},{"catalog_number":"GRND92131","name":"PRESSURE VALVE"},{"catalog_number":"GRND92129","name":"VALVE"},{"catalog_number":"GRND92127V","name":"COUPLING"},{"catalog_number":"GRND92120","name":"NON RETURN VALVE"},{"catalog_number":"GRND92114V","name":"PLATE"},{"catalog_number":"GRND92113","name":"PLUG"},{"catalog_number":"GRND92111","name":"ELBOW"},{"catalog_number":"GRND92110","name":"STUD BOLT"},{"catalog_number":"GRND92109","name":"COUPLING"},{"catalog_number":"GRND92104V","name":"PIPE"},{"catalog_number":"GRND92101V","name":"PLUG"},{"catalog_number":"GRND92099V","name":"BREATHER"},{"catalog_number":"GRND92095V","name":"BREATHER"},{"catalog_number":"GRND92093V","name":"BREATHER"},{"catalog_number":"GRND92092V","name":"PIPE"},{"catalog_number":"GRND92084V","name":"PLUG"},{"catalog_number":"GRND92083V","name":"PLUG"}]}