{"machinery_brand_name":"Ag-Chem","parts":[{"catalog_number":"JK44006","name":"AXLE"},{"catalog_number":"JK440040P","name":"CYLINDER"},{"catalog_number":"JK440031P","name":"BOOM"},{"catalog_number":"JK440030P","name":"BOOM"},{"catalog_number":"JK440023P","name":"CYLINDER"},{"catalog_number":"JK440022P","name":"SPINDLE"},{"catalog_number":"JK440003P","name":"PIN"},{"catalog_number":"JK440002P","name":"PIN"},{"catalog_number":"JK435804P","name":"INSTRUCTION BOOK"},{"catalog_number":"JK434810P","name":"PLATE"},{"catalog_number":"JK434650P","name":"HYDRAULIC EQUIP."},{"catalog_number":"JK434610P","name":"COVER"},{"catalog_number":"JK434500P","name":"DAMPER"},{"catalog_number":"JK43450","name":"CLUTCH"},{"catalog_number":"JK43449","name":"CLUTCH"},{"catalog_number":"JK43434","name":"COVER"},{"catalog_number":"JK43407","name":"ROLLER"},{"catalog_number":"JK434050P","name":"FLOAT"},{"catalog_number":"JK434008P","name":"BASE"},{"catalog_number":"JK434006P","name":"BLOCK"},{"catalog_number":"JK433937P","name":"PLATE"},{"catalog_number":"JK433935P","name":"PLATE"},{"catalog_number":"JK433930P","name":"EXTENSION"},{"catalog_number":"JK433917P","name":"PIN"},{"catalog_number":"JK433916P","name":"PIN"},{"catalog_number":"JK433915P","name":"ROLLER"},{"catalog_number":"JK433914P","name":"WHEEL"},{"catalog_number":"JK433910P","name":"EXTENSION"},{"catalog_number":"JK433901P","name":"BOOM"},{"catalog_number":"JK433860P","name":"BOOM"},{"catalog_number":"JK433710P","name":"SUPPORT"},{"catalog_number":"JK43367","name":"ARM"},{"catalog_number":"JK433651P","name":"PIPE"},{"catalog_number":"JK433650P","name":"PART"},{"catalog_number":"JK43363","name":"STOP"},{"catalog_number":"JK433560P","name":"PIPE"},{"catalog_number":"JK433530P","name":"CYLINDER"},{"catalog_number":"JK433514P","name":"CUP"},{"catalog_number":"JK433513P","name":"PISTON"},{"catalog_number":"JK433512P","name":"SPINDLE"},{"catalog_number":"JK433500P","name":"EXTENSION"},{"catalog_number":"JK433330P","name":"HYDR CYLINDER"},{"catalog_number":"JK433323P","name":"PIPE"},{"catalog_number":"JK433320P","name":"PIPE"},{"catalog_number":"JK433310P","name":"CYLINDER"},{"catalog_number":"JK433300P","name":"BOOM"},{"catalog_number":"JK433180P","name":"CYLINDER"},{"catalog_number":"JK43311","name":"COVER"},{"catalog_number":"JK433108P","name":"FRAME"},{"catalog_number":"JK433105P","name":"CYLINDER"},{"catalog_number":"JK433100P","name":"BODY"},{"catalog_number":"JK43246","name":"SLEEVE"},{"catalog_number":"JK43232","name":"ARM"},{"catalog_number":"JK43228","name":"BRACKET"},{"catalog_number":"JK43162","name":"BRACKET"},{"catalog_number":"JK43156","name":"ROD"},{"catalog_number":"JK43152","name":"JUNKKARI PART"},{"catalog_number":"JK43124","name":"COVER"},{"catalog_number":"JK43109","name":"AXLE"},{"catalog_number":"JK43070","name":"HOPPER"},{"catalog_number":"JK43055","name":"JUNKKARI PART"},{"catalog_number":"JK43050","name":"FASTENER"},{"catalog_number":"JK43036A","name":"BLADE"},{"catalog_number":"JK43036","name":"BLADE"},{"catalog_number":"JK43035","name":"BLADE"},{"catalog_number":"JK43028","name":"JUNKKARI PART"},{"catalog_number":"JK43026","name":"HINGE"},{"catalog_number":"JK43013","name":"AXLE"},{"catalog_number":"JK41930P","name":"WINCH"},{"catalog_number":"JK419301P","name":"HYDR CYLINDER"},{"catalog_number":"JK417600P","name":"BUCKET"},{"catalog_number":"JK416600P","name":"HYDR CYLINDER"},{"catalog_number":"JK416210P","name":"BOOM"},{"catalog_number":"JK416205P","name":"PIN"},{"catalog_number":"JK416204P","name":"PIN"},{"catalog_number":"JK415500","name":"KIT"},{"catalog_number":"JK414800P","name":"PART"},{"catalog_number":"JK41428","name":"LOCK"},{"catalog_number":"JK414200P","name":"CYLINDER"},{"catalog_number":"JK41408","name":"PULLEY"},{"catalog_number":"JK414015P","name":"ADJUSTER"},{"catalog_number":"JK41401","name":"CONTAINER"},{"catalog_number":"JK414003P","name":"PIPE"},{"catalog_number":"JK414002P","name":"PIPE"},{"catalog_number":"JK414001P","name":"PIPE"},{"catalog_number":"JK41394","name":"LOCK"},{"catalog_number":"JK41387","name":"PLATE"},{"catalog_number":"JK41382","name":"PIN"},{"catalog_number":"JK41376","name":"LOCK"},{"catalog_number":"JK41373","name":"ROD"},{"catalog_number":"JK41372","name":"BLADE"},{"catalog_number":"JK41368","name":"FRAME"},{"catalog_number":"JK41362","name":"GRIP"},{"catalog_number":"JK413600","name":"HOPPER"},{"catalog_number":"JK41360","name":"HOPPER"},{"catalog_number":"JK41352","name":"ROLLER"},{"catalog_number":"JK41346","name":"LEVER"},{"catalog_number":"JK41341","name":"ROD"},{"catalog_number":"JK41296","name":"JUNKKARI PART"},{"catalog_number":"JK412780","name":"EXTENSION"},{"catalog_number":"JK412690","name":"ASSEMBLY SET"},{"catalog_number":"JK41269","name":"FUNNEL"},{"catalog_number":"JK41268","name":"GUARD"},{"catalog_number":"JK41266","name":"TUBE"},{"catalog_number":"JK41259","name":"LOCK"},{"catalog_number":"JK41257","name":"ROD"},{"catalog_number":"JK411202","name":"BOLT"},{"catalog_number":"JK411070P","name":"PISTON"},{"catalog_number":"JK411060P","name":"TUBE"},{"catalog_number":"JK411030P","name":"ROD"},{"catalog_number":"JK411020P","name":"GEAR"},{"catalog_number":"JK411004","name":"KNIFE"},{"catalog_number":"JK411003","name":"KNIFE"},{"catalog_number":"JK410850P","name":"BOOM"},{"catalog_number":"JK410800P","name":"BOOM"},{"catalog_number":"JK410500P","name":"EXTENSION"},{"catalog_number":"JK410040","name":"ROLLER"},{"catalog_number":"JK409400P","name":"BUCKET"},{"catalog_number":"JK408530P","name":"SEPARATOR"},{"catalog_number":"JK408500P","name":"HYDRAULIC PUMP"},{"catalog_number":"JK408050P","name":"BUCKET"},{"catalog_number":"JK406610P","name":"SPINDLE"},{"catalog_number":"JK406500P","name":"PIN"},{"catalog_number":"JK406204P","name":"SHAFT"},{"catalog_number":"JK405850P","name":"PIN"},{"catalog_number":"JK405803P","name":"PIN"},{"catalog_number":"JK405700P","name":"BAR"},{"catalog_number":"JK40490","name":"LOCK"},{"catalog_number":"JK403700P","name":"CYLINDER"},{"catalog_number":"JK403600P","name":"CYLINDER"},{"catalog_number":"JK403505P","name":"SLEEVE"},{"catalog_number":"JK403504P","name":"CUP"},{"catalog_number":"JK403503P","name":"CYLINDER"},{"catalog_number":"JK403500P","name":"CYLINDER"},{"catalog_number":"JK403202P","name":"U BOLT"},{"catalog_number":"JK403200P","name":"CLAMP"},{"catalog_number":"JK40318","name":"HOUSING"},{"catalog_number":"JK403107P","name":"TINE"},{"catalog_number":"JK402824P","name":"VALVE BLOCK"},{"catalog_number":"JK402823P","name":"VALVE BLOCK"},{"catalog_number":"JK402822P","name":"VALVE BLOCK"},{"catalog_number":"JK402821P","name":"BOLT"},{"catalog_number":"JK402812P","name":"PIPE"},{"catalog_number":"JK402810VP","name":"HYDRAULIC HOSE"},{"catalog_number":"JK402810P","name":"CYLINDER"},{"catalog_number":"JK402810OP","name":"HYDRAULIC HOSE"},{"catalog_number":"JK402809P","name":"PIPE"},{"catalog_number":"JK402808P","name":"PIPE"},{"catalog_number":"JK402807VP","name":"HYDRAULIC HOSE"},{"catalog_number":"JK402807P","name":"PIPE"},{"catalog_number":"JK402807OP","name":"HYDRAULIC HOSE"},{"catalog_number":"JK402802P","name":"PIPE"},{"catalog_number":"JK40254","name":"SPRING"},{"catalog_number":"JK40253","name":"SPRING"},{"catalog_number":"JK402508P","name":"CUP"},{"catalog_number":"JK402506P","name":"PISTON"},{"catalog_number":"JK40237","name":"PLUG"},{"catalog_number":"JK40231","name":"PLUG"},{"catalog_number":"JK40204","name":"SPRING"},{"catalog_number":"JK401900P","name":"HYDR CYLINDER"},{"catalog_number":"JK40182","name":"JUNKKARI PART"},{"catalog_number":"JK401750P","name":"ARM"},{"catalog_number":"JK401730P","name":"BUSH"},{"catalog_number":"JK401700P","name":"SUPPORT"},{"catalog_number":"JK40163","name":"RING"},{"catalog_number":"JK401605P","name":"BLADE"},{"catalog_number":"JK401485P","name":"PIPE"},{"catalog_number":"JK401480P","name":"CYLINDER"},{"catalog_number":"JK401460P","name":"SPINDLE"},{"catalog_number":"JK401407P","name":"CUP"},{"catalog_number":"JK401406P","name":"PISTON"},{"catalog_number":"JK401402P","name":"HOUSING"},{"catalog_number":"JK401170P","name":"BOLT"},{"catalog_number":"JK401160P","name":"BOLT"},{"catalog_number":"JK401150P","name":"BOLT"},{"catalog_number":"JK401130P","name":"PIN"},{"catalog_number":"JK401120P","name":"BOLT"},{"catalog_number":"JK401110P","name":"BOLT"},{"catalog_number":"JK401000P","name":"EXTENSION"},{"catalog_number":"JK400991P","name":"WEARPLATE"},{"catalog_number":"JK400990P","name":"WEARPLATE"},{"catalog_number":"JK400950P","name":"BOOM"},{"catalog_number":"JK40091","name":"WASHER"},{"catalog_number":"JK400700P","name":"COLUMN"},{"catalog_number":"JK400650P","name":"TUBE"},{"catalog_number":"JK400602P","name":"PISTON"},{"catalog_number":"JK400600P","name":"TUBE"},{"catalog_number":"JK400503P","name":"KEY"},{"catalog_number":"JK400502P","name":"RACK"},{"catalog_number":"JK400501P","name":"SPROCKET"},{"catalog_number":"JK400406P","name":"SCREW"},{"catalog_number":"JK400405P","name":"SHIM"},{"catalog_number":"JK400400P","name":"FRAME"},{"catalog_number":"JK400150P","name":"BODY"},{"catalog_number":"JK3X1670","name":"CABLE"},{"catalog_number":"JK3X1100","name":"CABLE SLEEVE"},{"catalog_number":"JK3V56799","name":"CRANKSHAFT"},{"catalog_number":"JK3V56786","name":"BEVEL GEAR"},{"catalog_number":"JK3V56783","name":"GEAR"},{"catalog_number":"JK3FC30ZZ98","name":"BRAKE SHOE"},{"catalog_number":"JK390300P","name":"COLUMN"},{"catalog_number":"JK390200P","name":"BOOM"},{"catalog_number":"JK380212","name":"PART"},{"catalog_number":"JK380211","name":"PART"},{"catalog_number":"JK380165","name":"PART"},{"catalog_number":"JK380156","name":"PART"},{"catalog_number":"JK362800P","name":"COVER"},{"catalog_number":"JK36019","name":"AXLE"},{"catalog_number":"JK35663","name":"COVER"},{"catalog_number":"JK35649","name":"COVER"},{"catalog_number":"JK35645","name":"PART"},{"catalog_number":"JK35631","name":"ANGLE DRIVE"},{"catalog_number":"JK35418","name":"SUPPORT"},{"catalog_number":"JK35414","name":"RAKE"},{"catalog_number":"JK35413","name":"RAKE"},{"catalog_number":"JK33323","name":"JUNKKARI PART"},{"catalog_number":"JK33263","name":"GEAR"},{"catalog_number":"JK33253","name":"GEAR"},{"catalog_number":"JK32704","name":"PART"},{"catalog_number":"JK322156","name":"SCREW"},{"catalog_number":"JK32212","name":"BEARING"},{"catalog_number":"JK32142","name":"BAND"},{"catalog_number":"JK320117","name":"PIN"},{"catalog_number":"JK31944","name":"PART"},{"catalog_number":"JK31894","name":"AXLE"},{"catalog_number":"JK318916","name":"NETWRAP"},{"catalog_number":"JK31884","name":"AXLE"},{"catalog_number":"JK317210","name":"HUB"},{"catalog_number":"JK316906","name":"COVER"},{"catalog_number":"JK315616","name":"RING"},{"catalog_number":"JK311048","name":"GASKET"},{"catalog_number":"JK311038","name":"ATTACHMENT"},{"catalog_number":"JK311035","name":"GUIDE"},{"catalog_number":"JK311007","name":"ROPE"},{"catalog_number":"JK310900P","name":"PIN"},{"catalog_number":"JK310521","name":"PLATE"},{"catalog_number":"JK310520","name":"PIN"},{"catalog_number":"JK310510","name":"MOUNTING"},{"catalog_number":"JK310425","name":"PART"},{"catalog_number":"JK310420","name":"PART"},{"catalog_number":"JK310415","name":"FRONT"},{"catalog_number":"JK310395","name":"PART"},{"catalog_number":"JK310393","name":"NETWRAP"},{"catalog_number":"JK310392","name":"NETWRAP"},{"catalog_number":"JK310390","name":"PART"},{"catalog_number":"JK310387","name":"NETWRAP"},{"catalog_number":"JK310380","name":"PLATE"},{"catalog_number":"JK310358","name":"PART"},{"catalog_number":"JK310357","name":"ATTACHMENT"},{"catalog_number":"JK310356","name":"COUNTERWEIGHT"},{"catalog_number":"JK310354","name":"CABLE"},{"catalog_number":"JK310349","name":"PLATE"},{"catalog_number":"JK310340","name":"PART"},{"catalog_number":"JK310333","name":"PART"},{"catalog_number":"JK310312","name":"SPRING"},{"catalog_number":"JK310181","name":"AXLE HOUSING"},{"catalog_number":"JK310180","name":"AXLE"},{"catalog_number":"JK310167","name":"WHEEL"},{"catalog_number":"JK310160","name":"FRICTION DISC"},{"catalog_number":"JK3101581","name":"SHAFT"},{"catalog_number":"JK310158","name":"AXLE"},{"catalog_number":"JK310157","name":"KEY"},{"catalog_number":"JK310155","name":"WHEEL"},{"catalog_number":"JK310147","name":"CHAIN"},{"catalog_number":"JK310146","name":"CHAIN"},{"catalog_number":"JK3101451","name":"SPANNER"},{"catalog_number":"JK310145","name":"TENSIONER"},{"catalog_number":"JK310142","name":"TENSIONER"},{"catalog_number":"JK310140","name":"TENSIONER"},{"catalog_number":"JK310120","name":"COVER"},{"catalog_number":"JK305301","name":"COVER"},{"catalog_number":"JK3021101","name":"ARM"},{"catalog_number":"JK302110","name":"LEVER"},{"catalog_number":"JK302105","name":"PART"},{"catalog_number":"JK302085","name":"SPACER"},{"catalog_number":"JK302080","name":"ROD"},{"catalog_number":"JK302071","name":"SPACER"},{"catalog_number":"JK302070","name":"TRANSMISSION"},{"catalog_number":"JK301110","name":"PLATE"},{"catalog_number":"JK301100","name":"FINGER"},{"catalog_number":"JK301070","name":"ROLLER"},{"catalog_number":"JK301060","name":"FRAME"},{"catalog_number":"JK301047","name":"TENSIONER"},{"catalog_number":"JK301046","name":"CHAIN"},{"catalog_number":"JK301044","name":"ADJUSTER"},{"catalog_number":"JK301041","name":"FRAME"},{"catalog_number":"JK301040","name":"FRAME"},{"catalog_number":"JK300999","name":"LINK"},{"catalog_number":"JK300930","name":"REAR AXLE"},{"catalog_number":"JK300925","name":"SUPPORT"},{"catalog_number":"JK300920","name":"FRONT AXLE"},{"catalog_number":"JK300915","name":"RAKE"},{"catalog_number":"JK300913","name":"MOUNTING"},{"catalog_number":"JK300910","name":"COVER"},{"catalog_number":"JK300905","name":"ADJUST DEVICE"},{"catalog_number":"JK300885","name":"RUBBER STRAP"},{"catalog_number":"JK300850","name":"PART"},{"catalog_number":"JK30080","name":"COVER"},{"catalog_number":"JK300710","name":"PART"},{"catalog_number":"JK300665","name":"BRACKET"},{"catalog_number":"JK300661","name":"SPRING"},{"catalog_number":"JK300606","name":"PLATE"},{"catalog_number":"JK300541","name":"COTTER"},{"catalog_number":"JK300534","name":"AXLE HOUSING"},{"catalog_number":"JK300533","name":"CHAIN"},{"catalog_number":"JK300532","name":"FRICTION DISC"},{"catalog_number":"JK300531","name":"AXLE"},{"catalog_number":"JK300530","name":"AXLE"},{"catalog_number":"JK300486","name":"CHAIN"},{"catalog_number":"JK300485","name":"COVER"},{"catalog_number":"JK300480","name":"PART"},{"catalog_number":"JK300465","name":"SCRAPER"},{"catalog_number":"JK300464","name":"SCRAPER"},{"catalog_number":"JK300460","name":"WHEEL"},{"catalog_number":"JK300459","name":"SCREW"},{"catalog_number":"JK300458","name":"CHAIN"},{"catalog_number":"JK300457","name":"WHEEL"},{"catalog_number":"JK300455","name":"FRICTION DISC"},{"catalog_number":"JK300454","name":"PLATE"},{"catalog_number":"JK300453","name":"WHEEL"},{"catalog_number":"JK300452","name":"WHEEL"},{"catalog_number":"JK300451","name":"AXLE"},{"catalog_number":"JK300450","name":"AXLE"},{"catalog_number":"JK300438","name":"CIRCLIP"},{"catalog_number":"JK300436","name":"TENSION PIECE"},{"catalog_number":"JK300420","name":"COVER"},{"catalog_number":"JK300380","name":"ROLLER"},{"catalog_number":"JK300375","name":"FRAME"},{"catalog_number":"JK300355","name":"WHEEL"},{"catalog_number":"JK300350","name":"COVER"},{"catalog_number":"JK300341","name":"SUPPORT"},{"catalog_number":"JK300340","name":"COVER"},{"catalog_number":"JK300335","name":"SHIELD"},{"catalog_number":"JK300305","name":"FRAME"},{"catalog_number":"JK300303","name":"ROLLER"},{"catalog_number":"JK300302","name":"FRAME"},{"catalog_number":"JK300290","name":"SPRING"},{"catalog_number":"JK300284","name":"REFLECTOR"},{"catalog_number":"JK300268","name":"BUSH"},{"catalog_number":"JK300266","name":"RAKE"},{"catalog_number":"JK300265","name":"RAKE"},{"catalog_number":"JK300264","name":"KEY"},{"catalog_number":"JK300263","name":"KEY"},{"catalog_number":"JK300262","name":"KEY"},{"catalog_number":"JK300261","name":"KEY"},{"catalog_number":"JK300260","name":"SPROCKET"},{"catalog_number":"JK300259","name":"SPRING"},{"catalog_number":"JK300258","name":"WASHER"},{"catalog_number":"JK300257","name":"WASHER"},{"catalog_number":"JK300256","name":"WASHER"},{"catalog_number":"JK300255","name":"SPACER"},{"catalog_number":"JK300253","name":"PIN"},{"catalog_number":"JK300251","name":"SPACER"},{"catalog_number":"JK300250","name":"GUIDE"},{"catalog_number":"JK300249","name":"SPACER"},{"catalog_number":"JK300245","name":"ROD"},{"catalog_number":"JK300243","name":"CHAIN"},{"catalog_number":"JK300242","name":"CHAIN"},{"catalog_number":"JK300241","name":"CHAIN"},{"catalog_number":"JK300240","name":"CONROD"},{"catalog_number":"JK300239","name":"TENSIONER"},{"catalog_number":"JK300238","name":"AXLE"},{"catalog_number":"JK300237","name":"SHAFT"},{"catalog_number":"JK300231","name":"PART"},{"catalog_number":"JK300228","name":"GEAR"},{"catalog_number":"JK300227","name":"GEAR"},{"catalog_number":"JK300226","name":"GEAR"},{"catalog_number":"JK300220","name":"PLATE"},{"catalog_number":"JK300211","name":"LEVER"},{"catalog_number":"JK300207","name":"COVER"},{"catalog_number":"JK300205","name":"BEVEL GEAR"},{"catalog_number":"JK300202","name":"ANGLE DRIVE"},{"catalog_number":"JK300201","name":"ANGLE DRIVE"},{"catalog_number":"JK300200","name":"ANGLE DRIVE"},{"catalog_number":"JK300199","name":"BEARING"},{"catalog_number":"JK300198","name":"BEARING"},{"catalog_number":"JK300196","name":"LOCKING"},{"catalog_number":"JK300195","name":"TRIANGLE"},{"catalog_number":"JK300193","name":"WASHER"},{"catalog_number":"JK300180","name":"FRONT AXLE"},{"catalog_number":"JK300177","name":"AXLE"},{"catalog_number":"JK300176","name":"AXLE"},{"catalog_number":"JK300175","name":"FRONT AXLE"},{"catalog_number":"JK300174","name":"AXLE"},{"catalog_number":"JK300173","name":"SHAFT"},{"catalog_number":"JK300171","name":"PIN"},{"catalog_number":"JK300170","name":"SHAFT"},{"catalog_number":"JK300169","name":"PIN"},{"catalog_number":"JK300168","name":"SCREW"},{"catalog_number":"JK300167","name":"TENSIONER"},{"catalog_number":"JK300165","name":"CHAIN"},{"catalog_number":"JK300163","name":"SCREW"},{"catalog_number":"JK300162","name":"PIN"},{"catalog_number":"JK300160","name":"COVER"},{"catalog_number":"JK300159","name":"PIN"},{"catalog_number":"JK300158","name":"SCREW"},{"catalog_number":"JK300154","name":"SCREW"},{"catalog_number":"JK300153","name":"PIN"},{"catalog_number":"JK300148","name":"WASHER"},{"catalog_number":"JK300147","name":"RUBBER STRAP"},{"catalog_number":"JK300146","name":"WASHER"},{"catalog_number":"JK300145","name":"BEARING HOUSING"},{"catalog_number":"JK300144","name":"BEARING HOUSING"},{"catalog_number":"JK300142","name":"SPACER"},{"catalog_number":"JK300141","name":"HOLDER"},{"catalog_number":"JK3001401","name":"BUNG"},{"catalog_number":"JK300140","name":"PIN"},{"catalog_number":"JK300139","name":"MOUNTING"},{"catalog_number":"JK300137","name":"NUT"},{"catalog_number":"JK300135","name":"PIN"},{"catalog_number":"JK300130","name":"ADJUST DEVICE"},{"catalog_number":"JK300125","name":"RAKE"},{"catalog_number":"JK300121","name":"BUSH"},{"catalog_number":"JK300120","name":"COVER"},{"catalog_number":"JK300119","name":"CHAIN"},{"catalog_number":"JK300118","name":"BEARING"},{"catalog_number":"JK300117","name":"PLATE"},{"catalog_number":"JK300116","name":"GASKET"},{"catalog_number":"JK300115","name":"SUPPORT"},{"catalog_number":"JK300114","name":"SCREW"},{"catalog_number":"JK300110","name":"LEG"},{"catalog_number":"JK30011","name":"RAKE"},{"catalog_number":"JK300109","name":"BEARING"},{"catalog_number":"JK300108","name":"PIN"},{"catalog_number":"JK300107","name":"WHEEL"},{"catalog_number":"JK300102","name":"JUNKKARI PART"},{"catalog_number":"JK300101","name":"WHEEL"},{"catalog_number":"JK300099","name":"WHEEL"},{"catalog_number":"JK300093","name":"WASHER"},{"catalog_number":"JK300091","name":"RING"},{"catalog_number":"JK300056","name":"PIN"},{"catalog_number":"JK300054","name":"BALL BEARING"},{"catalog_number":"JK300052","name":"PIN"},{"catalog_number":"JK300050","name":"NEEDLE BEARING"},{"catalog_number":"JK300049","name":"SCREW"},{"catalog_number":"JK2V61612","name":"RACK"},{"catalog_number":"JK29998","name":"NETWRAP"},{"catalog_number":"JK29984","name":"BINDER"},{"catalog_number":"JK29979","name":"GRIP"},{"catalog_number":"JK29970","name":"PIPE"},{"catalog_number":"JK29950","name":"NETWRAP"},{"catalog_number":"JK29845","name":"PLATE"},{"catalog_number":"JK297450","name":"CABLE"},{"catalog_number":"JK29745","name":"CABLE"},{"catalog_number":"JK29728","name":"LEVER"},{"catalog_number":"JK29647","name":"ARM"},{"catalog_number":"JK296370","name":"COVER"},{"catalog_number":"JK29635","name":"PLATE"},{"catalog_number":"JK29632","name":"PLATE"},{"catalog_number":"JK29628","name":"BAR"},{"catalog_number":"JK29627","name":"TENSIONER"},{"catalog_number":"JK29623","name":"MOUNTING"},{"catalog_number":"JK29616","name":"FASTENER"},{"catalog_number":"JK29612","name":"ARM"},{"catalog_number":"JK29608","name":"ARM"},{"catalog_number":"JK29604","name":"LEVER"},{"catalog_number":"JK29602","name":"JUNKKARI PART"},{"catalog_number":"JK29525","name":"EXTENSION"},{"catalog_number":"JK29523","name":"EXTENSION"},{"catalog_number":"JK29521","name":"FLAP"},{"catalog_number":"JK29519","name":"PLATE"},{"catalog_number":"JK29514","name":"POST"},{"catalog_number":"JK295120","name":"POST"},{"catalog_number":"JK29512","name":"POST"},{"catalog_number":"JK29511","name":"EXTENSION"},{"catalog_number":"JK294925","name":"NET"},{"catalog_number":"JK294920","name":"NET"},{"catalog_number":"JK29490","name":"ROPE"},{"catalog_number":"JK29461","name":"ROD"},{"catalog_number":"JK29457","name":"TENSIONER"},{"catalog_number":"JK29449","name":"END"},{"catalog_number":"JK29439","name":"ARM"},{"catalog_number":"JK29438","name":"ARM"},{"catalog_number":"JK294370","name":"COVER"},{"catalog_number":"JK29435L","name":"POST"},{"catalog_number":"JK29434","name":"MOUNTING"},{"catalog_number":"JK29433","name":"LEVER"},{"catalog_number":"JK29425L","name":"POST"},{"catalog_number":"JK29419","name":"PIPE"},{"catalog_number":"JK29418","name":"PIPE"},{"catalog_number":"JK29409","name":"LINK"},{"catalog_number":"JK29407","name":"DRAWBAR"},{"catalog_number":"JK29403","name":"ARM"},{"catalog_number":"JK29330","name":"FLAP"},{"catalog_number":"JK29320","name":"FLAP"},{"catalog_number":"JK29253","name":"HOPPER"},{"catalog_number":"JK29236","name":"ROD"},{"catalog_number":"JK29235","name":"FASTENER"},{"catalog_number":"JK29219","name":"PLATE"},{"catalog_number":"JK29210","name":"PLATE"},{"catalog_number":"JK29190","name":"EXTENSION"},{"catalog_number":"JK29166","name":"LOCKING"},{"catalog_number":"JK29138","name":"SPOUT"},{"catalog_number":"JK29130","name":"HOPPER"},{"catalog_number":"JK29129","name":"PIN"},{"catalog_number":"JK29079","name":"PIN"},{"catalog_number":"JK29075","name":"SUPPORT"},{"catalog_number":"JK29074","name":"PIN"},{"catalog_number":"JK284526","name":"NUT"},{"catalog_number":"JK284513","name":"WASHER"},{"catalog_number":"JK280214","name":"COUPLING"},{"catalog_number":"JK280180","name":"NUT"},{"catalog_number":"JK27014","name":"BOX"},{"catalog_number":"JK25X60X70","name":"RUBBER PIECE"},{"catalog_number":"JK256260","name":"JUNKKARI PART"},{"catalog_number":"JK256250","name":"JUNKKARI PART"},{"catalog_number":"JK25617","name":"SUPPORT"},{"catalog_number":"JK25616","name":"SUPPORT"},{"catalog_number":"JK25615","name":"FLAP"},{"catalog_number":"JK25602","name":"DRAWBAR"},{"catalog_number":"JK25595","name":"EXTENSION"},{"catalog_number":"JK25589","name":"EXTENSION"},{"catalog_number":"JK25586","name":"PLATE"},{"catalog_number":"JK25582","name":"AXLE"},{"catalog_number":"JK25569","name":"PART"},{"catalog_number":"JK25566","name":"AXLE"},{"catalog_number":"JK25555","name":"PART"},{"catalog_number":"JK25552","name":"BRAKE"},{"catalog_number":"JK25546","name":"PART"},{"catalog_number":"JK25511","name":"SUPPORT"},{"catalog_number":"JK25474","name":"SPRING"},{"catalog_number":"JK25455","name":"BASE"},{"catalog_number":"JK253460","name":"AXLE"},{"catalog_number":"JK25342","name":"PIN"},{"catalog_number":"JK25314","name":"LOCKING PLATE"},{"catalog_number":"JK251700","name":"COVER"},{"catalog_number":"JK25144","name":"COVER"},{"catalog_number":"JK25143","name":"SUPPORT"},{"catalog_number":"JK25124","name":"STEP"},{"catalog_number":"JK25120","name":"SUPPORT"},{"catalog_number":"JK25119","name":"SUPPORT"},{"catalog_number":"JK240750","name":"SPREADER"},{"catalog_number":"JK240708","name":"PART"},{"catalog_number":"JK210780","name":"BALL BEARING"},{"catalog_number":"JK1956550","name":"SHANK"},{"catalog_number":"JK1956400R","name":"FASTENER"},{"catalog_number":"JK1955300","name":"PLATE"},{"catalog_number":"JK1954100","name":"FLAP"},{"catalog_number":"JK1952100A","name":"SHAFT"},{"catalog_number":"JK1952100","name":"PART"},{"catalog_number":"JK1951064","name":"TAP"},{"catalog_number":"JK1951063","name":"PIN"},{"catalog_number":"JK18X82X1","name":"DISC SPRING"},{"catalog_number":"JK183606","name":"SPACER"},{"catalog_number":"JK182C171","name":"SPACER"},{"catalog_number":"JK182472","name":"BRACKET"},{"catalog_number":"JK182470","name":"SPACER"},{"catalog_number":"JK182461","name":"BEARING HOUSING"},{"catalog_number":"JK182455","name":"BRACKET"},{"catalog_number":"JK182435","name":"TENSIONER"},{"catalog_number":"JK182420","name":"PLATE"},{"catalog_number":"JK182415","name":"ADJUSTER"},{"catalog_number":"JK182405","name":"FRAME"},{"catalog_number":"JK1805340","name":"SPACER"},{"catalog_number":"JK1805330","name":"SPACER"},{"catalog_number":"JK1805320","name":"HOSE"},{"catalog_number":"JK1805310","name":"HOSE"},{"catalog_number":"JK1788000","name":"FASTENER"},{"catalog_number":"JK1787700","name":"HINGE ROD"},{"catalog_number":"JK1787600V","name":"SUPPORT"},{"catalog_number":"JK1787600O","name":"SUPPORT"},{"catalog_number":"JK1787500","name":"SUPPORT"},{"catalog_number":"JK1786600","name":"SPACER"},{"catalog_number":"JK1786501","name":"SUPPORT"},{"catalog_number":"JK1786500V","name":"SUPPORT"},{"catalog_number":"JK1786500H","name":"SUPPORT"},{"catalog_number":"JK1786400","name":"SUPPORT"},{"catalog_number":"JK1786300","name":"PLATE"},{"catalog_number":"JK1786200","name":"PLATE"},{"catalog_number":"JK1786100","name":"PLATE"},{"catalog_number":"JK1785600","name":"STEP"},{"catalog_number":"JK1785501","name":"PLATE"},{"catalog_number":"JK1785500O","name":"BRACKET"},{"catalog_number":"JK178550","name":"PLATE"},{"catalog_number":"JK1785400","name":"POST"},{"catalog_number":"JK1785340","name":"SCREW"},{"catalog_number":"JK1785300","name":"FLAP"},{"catalog_number":"JK1785200","name":"BASE"},{"catalog_number":"JK1785100","name":"BASE"},{"catalog_number":"JK1784000","name":"PLATFORM"},{"catalog_number":"JK1781600","name":"SEALS KIT"},{"catalog_number":"JK1781500","name":"DRAWBAR"},{"catalog_number":"JK1781020","name":"SUPPORT"},{"catalog_number":"JK1781000","name":"FRAME"},{"catalog_number":"JK178020","name":"WHEEL"},{"catalog_number":"JK178008","name":"PIPE"},{"catalog_number":"JK178007","name":"PIPE"},{"catalog_number":"JK178006","name":"PIPE"},{"catalog_number":"JK1756200","name":"PLATE"},{"catalog_number":"JK1756100A","name":"PART"},{"catalog_number":"JK1756100","name":"PLATE"},{"catalog_number":"JK1755320","name":"POST"},{"catalog_number":"JK1755260","name":"COVER"},{"catalog_number":"JK1755200","name":"PART"},{"catalog_number":"JK1755100","name":"RAM"},{"catalog_number":"JK1754117","name":"HOUSING"},{"catalog_number":"JK17532002L","name":"PART"},{"catalog_number":"JK17532000R","name":"PART"},{"catalog_number":"JK17532000L","name":"AXLE"},{"catalog_number":"JK1753200","name":"PART"}]}