{"machinery_brand_name":"Ag-Chem","parts":[{"catalog_number":"KU55827700","name":"SPACER PART"},{"catalog_number":"KU55827600","name":"SPACER PART"},{"catalog_number":"KU55827500","name":"SPACER PART"},{"catalog_number":"KU55827480","name":"KIT, DECAL"},{"catalog_number":"KU55827100","name":"BUSH"},{"catalog_number":"KU55827000","name":"BUSH"},{"catalog_number":"KU55826910","name":"HOUSING"},{"catalog_number":"KU55826810","name":"HOUSING"},{"catalog_number":"KU55826700","name":"NUT"},{"catalog_number":"KU55826610","name":"PULLEY"},{"catalog_number":"KU55826500","name":"PULLEY"},{"catalog_number":"KU55826310","name":"HOUSING"},{"catalog_number":"KU55826010","name":"FLOW LIMITER"},{"catalog_number":"KU55825910","name":"FLOW LIMITER"},{"catalog_number":"KU55825600","name":"PIN"},{"catalog_number":"KU55825520","name":"COVER"},{"catalog_number":"KU55825500","name":"COVER"},{"catalog_number":"KU55825300","name":"TIE ROD"},{"catalog_number":"KU55825200","name":"SHIFT FORK"},{"catalog_number":"KU55825100","name":"LEVER"},{"catalog_number":"KU55825000","name":"SPACER"},{"catalog_number":"KU55824800","name":"GEAR"},{"catalog_number":"KU55824700","name":"PIN"},{"catalog_number":"KU55824600","name":"PIN"},{"catalog_number":"KU55824500","name":"SHAFT"},{"catalog_number":"KU55824400","name":"GEAR"},{"catalog_number":"KU55824300","name":"PINION"},{"catalog_number":"KU55824200","name":"BEVEL GEAR"},{"catalog_number":"KU55824100","name":"DOUBLE GEAR"},{"catalog_number":"KU55824000","name":"HOUSING"},{"catalog_number":"KU55823920","name":"COVER"},{"catalog_number":"KU55823900","name":"COVER"},{"catalog_number":"KU55823810","name":"COVER"},{"catalog_number":"KU55823800","name":"COVER"},{"catalog_number":"KU55823710","name":"FENCE"},{"catalog_number":"KU55823600","name":"GUARD"},{"catalog_number":"KU55823500","name":"GUARD"},{"catalog_number":"KU55823400","name":"BRACKET"},{"catalog_number":"KU55823300","name":"TUBE"},{"catalog_number":"KU55823200","name":"TUBE"},{"catalog_number":"KU55823100","name":"ROD"},{"catalog_number":"KU55823000","name":"GUARD"},{"catalog_number":"KU55822900","name":"BRACKET"},{"catalog_number":"KU55822800","name":"BRACKET"},{"catalog_number":"KU55822700","name":"BRACKET"},{"catalog_number":"KU55822600","name":"BRACKET"},{"catalog_number":"KU55822500","name":"GUARD"},{"catalog_number":"KU55822400","name":"PLATE"},{"catalog_number":"KU55822300","name":"SHEET METAL"},{"catalog_number":"KU55822200","name":"GUARD"},{"catalog_number":"KU55822100","name":"ROLLER"},{"catalog_number":"KU55822000","name":"ROLLER"},{"catalog_number":"KU55821900","name":"ROLLER"},{"catalog_number":"KU55821800","name":"ROLLER"},{"catalog_number":"KU55821700","name":"GUARD"},{"catalog_number":"KU55821600","name":"GUARD"},{"catalog_number":"KU55821410","name":"SWATHBOARD"},{"catalog_number":"KU55821210","name":"DEFLECTOR"},{"catalog_number":"KU55821100","name":"HINGE"},{"catalog_number":"KU55821000","name":"HINGE"},{"catalog_number":"KU55820910","name":"SWATHBOARD"},{"catalog_number":"KU55820900","name":"SWATHBOARD"},{"catalog_number":"KU55820810","name":"SHIELD"},{"catalog_number":"KU55820800","name":"SHIELD"},{"catalog_number":"KU55820710","name":"SHIELD"},{"catalog_number":"KU55820700","name":"SHIELD"},{"catalog_number":"KU55820600","name":"LEVER"},{"catalog_number":"KU55820500","name":"ROD"},{"catalog_number":"KU55820400","name":"AXLE"},{"catalog_number":"KU55820300","name":"SPRING"},{"catalog_number":"KU55820200","name":"SPRING"},{"catalog_number":"KU55820100","name":"BAR"},{"catalog_number":"KU55820000","name":"FENCE"},{"catalog_number":"KU55819910","name":"GUARD"},{"catalog_number":"KU55819900","name":"GUARD"},{"catalog_number":"KU55819800","name":"TENSIONER"},{"catalog_number":"KU55819700","name":"SPACER"},{"catalog_number":"KU55819600","name":"GUARD"},{"catalog_number":"KU55819500","name":"GUARD"},{"catalog_number":"KU55819400","name":"HOUSING"},{"catalog_number":"KU55819300","name":"SUPPORT"},{"catalog_number":"KU55819210","name":"SHAFT"},{"catalog_number":"KU55819200","name":"PTO SHAFT"},{"catalog_number":"KU55819100","name":"GUARD"},{"catalog_number":"KU55819000","name":"SKID"},{"catalog_number":"KU55818800","name":"GUARD"},{"catalog_number":"KU55818700","name":"PLATE"},{"catalog_number":"KU55818600","name":"REINFORCEMENT"},{"catalog_number":"KU55818500","name":"SUPPORT"},{"catalog_number":"KU55818400","name":"HOUSING"},{"catalog_number":"KU55818200","name":"HOUSING"},{"catalog_number":"KU55818000","name":"LEVER"},{"catalog_number":"KU55817800","name":"GASKET"},{"catalog_number":"KU55817700","name":"UNIVERSAL JOINT"},{"catalog_number":"KU55817500","name":"CHAIN"},{"catalog_number":"KU55817300","name":"CHAIN"},{"catalog_number":"KU55817210","name":"GEARBOX"},{"catalog_number":"KU55817100","name":"PUMP"},{"catalog_number":"KU55816400","name":"PAWL"},{"catalog_number":"KU55816200","name":"WASHER"},{"catalog_number":"KU55816110","name":"WASHER"},{"catalog_number":"KU55816100","name":"WASHER"},{"catalog_number":"KU55815600","name":"SUPPORT"},{"catalog_number":"KU55815400","name":"DRIVE SHAFT"},{"catalog_number":"KU55815310","name":"TIE ROD"},{"catalog_number":"KU55815000","name":"BAR"},{"catalog_number":"KU55814900","name":"TIE ROD"},{"catalog_number":"KU55814800","name":"BAR"},{"catalog_number":"KU55814600","name":"PIN"},{"catalog_number":"KU55814400","name":"PIN"},{"catalog_number":"KU55814300","name":"LEVER"},{"catalog_number":"KU55814200","name":"SHAFT"},{"catalog_number":"KU55814100","name":"TENSIONER"},{"catalog_number":"KU55814000","name":"SKID"},{"catalog_number":"KU55813800","name":"BUSH"},{"catalog_number":"KU55813610","name":"FLANGE"},{"catalog_number":"KU55813600","name":"FLANGE"},{"catalog_number":"KU55812910","name":"HYDRAULIC EQUIP."},{"catalog_number":"KU55812800","name":"HYDRAULIC EQUIP."},{"catalog_number":"KU55812700","name":"LEVER"},{"catalog_number":"KU55812600","name":"BAR"},{"catalog_number":"KU55812500","name":"SHIM"},{"catalog_number":"KU55812400","name":"SHIM"},{"catalog_number":"KU55812300","name":"SHIM"},{"catalog_number":"KU55812200","name":"FLANGE"},{"catalog_number":"KU55812110","name":"DRIVE SHAFT"},{"catalog_number":"KU55812000","name":"GEAR"},{"catalog_number":"KU55811900","name":"GEAR"},{"catalog_number":"KU55811800","name":"LOCKING PLATE"},{"catalog_number":"KU55811700","name":"GEAR"},{"catalog_number":"KU55811600","name":"PUMP BODY"},{"catalog_number":"KU55811300","name":"PISTON"},{"catalog_number":"KU55811200","name":"PLUG"},{"catalog_number":"KU55811000","name":"SHAFT"},{"catalog_number":"KU55810910","name":"GEAR"},{"catalog_number":"KU55810800","name":"GEAR"},{"catalog_number":"KU55810700","name":"BEVEL GEAR"},{"catalog_number":"KU55810600","name":"GEAR"},{"catalog_number":"KU55810500","name":"PINION"},{"catalog_number":"KU55810400","name":"PINION"},{"catalog_number":"KU55810300","name":"GEAR"},{"catalog_number":"KU55810200","name":"PINION"},{"catalog_number":"KU55810100","name":"SHAFT"},{"catalog_number":"KU55810000","name":"DRIVE SHAFT"},{"catalog_number":"KU55809710","name":"FRAME"},{"catalog_number":"KU55809600","name":"HYDRAULIC HOSE"},{"catalog_number":"KU55809500","name":"HYDRAULIC HOSE"},{"catalog_number":"KU55809400","name":"HYDRAULIC HOSE"},{"catalog_number":"KU55809200","name":"PINION"},{"catalog_number":"KU55809100","name":"PIN"},{"catalog_number":"KU55808300","name":"PLATE"},{"catalog_number":"KU55807700","name":"COVER"},{"catalog_number":"KU55805210","name":"TUBE"},{"catalog_number":"KU55804700","name":"TUBE"},{"catalog_number":"KU55804500","name":"DRAWBAR"},{"catalog_number":"KU55804400","name":"RATCHET"},{"catalog_number":"KU55804300","name":"HOUSING"},{"catalog_number":"KU55804000","name":"GEAR CASE ASSY."},{"catalog_number":"KU55803800","name":"NUT"},{"catalog_number":"KU55803700","name":"NUT"},{"catalog_number":"KU55803610","name":"NUT"},{"catalog_number":"KU55803400","name":"PIN"},{"catalog_number":"KU55803300","name":"CRANK"},{"catalog_number":"KU55803100","name":"COVER"},{"catalog_number":"KU55802710","name":"FRAME"},{"catalog_number":"KU55802600","name":"STABILISER"},{"catalog_number":"KU55802500","name":"STOP"},{"catalog_number":"KU55802200","name":"COVER"},{"catalog_number":"KU55801810","name":"HUB"},{"catalog_number":"KU55801500","name":"BEARING HOUSING"},{"catalog_number":"KU55801400","name":"BEARING HOUSING"},{"catalog_number":"KU55801300","name":"ARM"},{"catalog_number":"KU55801200","name":"ARM"},{"catalog_number":"KU55801000","name":"COVER"},{"catalog_number":"KU55800900","name":"GEARBOX"},{"catalog_number":"KU55800800","name":"COVER"},{"catalog_number":"KU55800700","name":"COVER"},{"catalog_number":"KU55800600","name":"COVER"},{"catalog_number":"KU55800500","name":"HOUSING"},{"catalog_number":"KU55800400","name":"HUB"},{"catalog_number":"KU55800300","name":"TUBE"},{"catalog_number":"KU55800200","name":"HOUSING"},{"catalog_number":"KU55800100","name":"RING"},{"catalog_number":"KU55800000","name":"GEARBOX"},{"catalog_number":"KU55790100","name":"TORQUE LIMITER"},{"catalog_number":"KU55781300","name":"ALTERNATOR"},{"catalog_number":"KU55780410","name":"ROTOR"},{"catalog_number":"KU55780320","name":"GEARBOX"},{"catalog_number":"KU55780210","name":"ROTOR"},{"catalog_number":"KU55780120","name":"GEARBOX"},{"catalog_number":"KU55780100","name":"GEARBOX"},{"catalog_number":"KU55780020","name":"GEARBOX"},{"catalog_number":"KU55780010","name":"GEARBOX"},{"catalog_number":"KU55773300","name":"COVER"},{"catalog_number":"KU55773200","name":"CURTAIN"},{"catalog_number":"KU55773100","name":"GUARD"},{"catalog_number":"KU55773000","name":"CURTAIN"},{"catalog_number":"KU55772800","name":"SHIELD"},{"catalog_number":"KU55772000","name":"WASHER"},{"catalog_number":"KU55771900","name":"REINFORCEMENT"},{"catalog_number":"KU55771520","name":"COVER"},{"catalog_number":"KU55771420","name":"COVER"},{"catalog_number":"KU55771310","name":"PLATE"},{"catalog_number":"KU55771200","name":"BRACKET"},{"catalog_number":"KU55771110","name":"REINFORCEMENT"},{"catalog_number":"KU55771010","name":"REINFORCEMENT"},{"catalog_number":"KU55770910","name":"PLATE"},{"catalog_number":"KU55770900","name":"PLATE"},{"catalog_number":"KU55770810","name":"PLATE"},{"catalog_number":"KU55770800","name":"PLATE"},{"catalog_number":"KU55770710","name":"PLATE"},{"catalog_number":"KU55770600","name":"PLUG"},{"catalog_number":"KU55770300","name":"UNION"},{"catalog_number":"KU55769730","name":"REINFORCEMENT"},{"catalog_number":"KU55769720","name":"REINFORCEMENT"},{"catalog_number":"KU55769630","name":"REINFORCEMENT"},{"catalog_number":"KU55769620","name":"REINFORCEMENT"},{"catalog_number":"KU55769500","name":"COVER"},{"catalog_number":"KU55769400","name":"PLATE"},{"catalog_number":"KU55769200","name":"ROD"},{"catalog_number":"KU55769100","name":"SUPPORT"},{"catalog_number":"KU55768800","name":"WING TIP"},{"catalog_number":"KU55768700","name":"WING TIP"},{"catalog_number":"KU55768400","name":"WHEEL"},{"catalog_number":"KU55768300","name":"WHEEL"},{"catalog_number":"KU55767710","name":"SKID"},{"catalog_number":"KU55767700","name":"SKID"},{"catalog_number":"KU55767630","name":"REINFORCEMENT"},{"catalog_number":"KU55767620","name":"REINFORCEMENT"},{"catalog_number":"KU55767500","name":"AXLE"},{"catalog_number":"KU55767410","name":"BRACKET"},{"catalog_number":"KU55767400","name":"BRACKET"},{"catalog_number":"KU55767310","name":"GUARD"},{"catalog_number":"KU55767200","name":"SKID"},{"catalog_number":"KU55767110","name":"DISC"},{"catalog_number":"KU55767030","name":"REINFORCEMENT"},{"catalog_number":"KU55767020","name":"REINFORCEMENT"},{"catalog_number":"KU55766900","name":"SHIELD"},{"catalog_number":"KU55766800","name":"SHIELD"},{"catalog_number":"KU55766500","name":"SHIELD"},{"catalog_number":"KU55766400","name":"PTO GUARD"},{"catalog_number":"KU55766300","name":"PLATE"},{"catalog_number":"KU55766210","name":"COVER"},{"catalog_number":"KU55766100","name":"COVER"},{"catalog_number":"KU55765700","name":"SWATHBOARD"},{"catalog_number":"KU55765600","name":"SWATHBOARD"},{"catalog_number":"KU55765500","name":"SUPPORT"},{"catalog_number":"KU55765400","name":"SUPPORT"},{"catalog_number":"KU55765300","name":"SUPPORT"},{"catalog_number":"KU55765200","name":"SUPPORT"},{"catalog_number":"KU55765010","name":"STOP"},{"catalog_number":"KU55764900","name":"PRESSURE VALVE"},{"catalog_number":"KU55764800","name":"BRACKET"},{"catalog_number":"KU55764700","name":"DEFLECTOR"},{"catalog_number":"KU55764600","name":"SPOOL"},{"catalog_number":"KU55764200","name":"KIT, SERVICE"},{"catalog_number":"KU55764100","name":"GEAR CASE ASSY."},{"catalog_number":"KU55764000","name":"GEAR CASE ASSY."},{"catalog_number":"KU55763900","name":"REINFORCEMENT"},{"catalog_number":"KU55763800","name":"REINFORCEMENT"},{"catalog_number":"KU55763700","name":"GUIDE"},{"catalog_number":"KU55758300","name":"SPRING"},{"catalog_number":"KU55757800","name":"GEARBOX"},{"catalog_number":"KU55757700","name":"DISC"},{"catalog_number":"KU55757600","name":"DRIVE"},{"catalog_number":"KU55756100","name":"HUB"},{"catalog_number":"KU55756000","name":"BEARING HOUSING"},{"catalog_number":"KU55755900","name":"BEARING HOUSING"},{"catalog_number":"KU55755800","name":"SUPPORT"},{"catalog_number":"KU55755700","name":"SUPPORT"},{"catalog_number":"KU55755500","name":"KIT, SPRING"},{"catalog_number":"KU55755320","name":"ROD"},{"catalog_number":"KU55755310","name":"ROD"},{"catalog_number":"KU55755200","name":"SPRING"},{"catalog_number":"KU55755100","name":"NUT"},{"catalog_number":"KU55754900","name":"GEAR"},{"catalog_number":"KU55754800","name":"SPACER"},{"catalog_number":"KU55754700","name":"PLATE"},{"catalog_number":"KU55754300","name":"REINFORCEMENT"},{"catalog_number":"KU55753600","name":"PIN"},{"catalog_number":"KU55753510","name":"PIN"},{"catalog_number":"KU55753500","name":"PIN"},{"catalog_number":"KU55753410","name":"SKID"},{"catalog_number":"KU55753320","name":"SUPPORT"},{"catalog_number":"KU55753310","name":"SUPPORT"},{"catalog_number":"KU55752900","name":"SHIM"},{"catalog_number":"KU55752800","name":"SHIM"},{"catalog_number":"KU55752700","name":"SHIM"},{"catalog_number":"KU55752410","name":"PRESSURE VALVE"},{"catalog_number":"KU55752400","name":"PRESSURE VALVE"},{"catalog_number":"KU55752200","name":"GEAR"},{"catalog_number":"KU55752100","name":"GEAR"},{"catalog_number":"KU55752000","name":"GEARBOX"},{"catalog_number":"KU55751900","name":"GEARBOX"},{"catalog_number":"KU55751800","name":"GEARBOX"},{"catalog_number":"KU55751700","name":"DISC"},{"catalog_number":"KU55751200","name":"DRIVE"},{"catalog_number":"KU55751100","name":"SHIM"},{"catalog_number":"KU55750900","name":"SEALS KIT"},{"catalog_number":"KU55750810","name":"SEALS KIT"},{"catalog_number":"KU55750800","name":"SEALS KIT"},{"catalog_number":"KU55750700","name":"KIT, SERVICE"},{"catalog_number":"KU55750210","name":"SHIELD"},{"catalog_number":"KU55750110","name":"SHIELD"},{"catalog_number":"KU55749900","name":"REINFORCEMENT"},{"catalog_number":"KU55749800","name":"HOOK"},{"catalog_number":"KU55749710","name":"BRACKET"},{"catalog_number":"KU55749600","name":"SPRING"},{"catalog_number":"KU55749500","name":"PLUG"},{"catalog_number":"KU55749400","name":"BRACKET"},{"catalog_number":"KU55749310","name":"WASHER"},{"catalog_number":"KU55749210","name":"SUPPORT"},{"catalog_number":"KU55749100","name":"PIN"},{"catalog_number":"KU55749000","name":"HYDRAULIC HOSE"},{"catalog_number":"KU55748900","name":"HYDRAULIC HOSE"},{"catalog_number":"KU55748700","name":"HYDRAULIC HOSE"},{"catalog_number":"KU55748600","name":"GUARD"},{"catalog_number":"KU55748520","name":"DEFLECTOR"},{"catalog_number":"KU55748400","name":"DEFLECTOR"},{"catalog_number":"KU55748300","name":"DEFLECTOR"},{"catalog_number":"KU55748200","name":"HYDRAULIC HOSE"},{"catalog_number":"KU55748100","name":"HYDRAULIC HOSE"},{"catalog_number":"KU55748000","name":"GEAR CASE ASSY."},{"catalog_number":"KU55747900","name":"GEAR CASE ASSY."},{"catalog_number":"KU55747800","name":"REINFORCEMENT"},{"catalog_number":"KU55747700","name":"BLOCK"},{"catalog_number":"KU55747600","name":"GUIDE"},{"catalog_number":"KU55747500","name":"TUBE"},{"catalog_number":"KU55747400","name":"SPACER"},{"catalog_number":"KU55747300","name":"LOCKING PLATE"},{"catalog_number":"KU55747200","name":"COVER"},{"catalog_number":"KU55747110","name":"BEARING HOUSING"},{"catalog_number":"KU55747020","name":"HOUSING"},{"catalog_number":"KU55747010","name":"HOUSING"},{"catalog_number":"KU55747000","name":"HOUSING"},{"catalog_number":"KU55746900","name":"BLOCK"},{"catalog_number":"KU55746110","name":"GUARD"},{"catalog_number":"KU55746010","name":"GUARD"},{"catalog_number":"KU55745900","name":"GEAR"},{"catalog_number":"KU55745800","name":"GEAR"},{"catalog_number":"KU55745700","name":"SPRING"},{"catalog_number":"KU55745600","name":"PAWL"},{"catalog_number":"KU55745300","name":"SHIM"},{"catalog_number":"KU55745200","name":"SHIM"},{"catalog_number":"KU55745100","name":"SHAFT"},{"catalog_number":"KU55745000","name":"SHAFT"},{"catalog_number":"KU55744900","name":"SHAFT"},{"catalog_number":"KU55744800","name":"SHAFT"},{"catalog_number":"KU55744710","name":"ARM"},{"catalog_number":"KU55744600","name":"COVER"},{"catalog_number":"KU55744510","name":"PIN"},{"catalog_number":"KU55744410","name":"STUD BOLT"},{"catalog_number":"KU55744200","name":"SPACER"},{"catalog_number":"KU55743900","name":"HYDR CYLINDER"},{"catalog_number":"KU55743810","name":"HYDR CYLINDER"},{"catalog_number":"KU55743800","name":"HYDR CYLINDER"},{"catalog_number":"KU55743700","name":"TIE ROD"},{"catalog_number":"KU55743600","name":"JUNCTION"},{"catalog_number":"KU55743500","name":"SEALS KIT"},{"catalog_number":"KU55743400","name":"ELECTRONIC BOX"},{"catalog_number":"KU55743200","name":"SOCKET"},{"catalog_number":"KU55742800","name":"HOLDER"},{"catalog_number":"KU55742700","name":"PINION"},{"catalog_number":"KU55742610","name":"BEVEL GEAR"},{"catalog_number":"KU55742300","name":"CONE"},{"catalog_number":"KU55741710","name":"PIN"},{"catalog_number":"KU55741610","name":"BLOCK"},{"catalog_number":"KU55741410","name":"FENCE"},{"catalog_number":"KU55741300","name":"BRACKET"},{"catalog_number":"KU55741200","name":"BRACKET"},{"catalog_number":"KU55740920","name":"CABLE"},{"catalog_number":"KU55740800","name":"CABLE"},{"catalog_number":"KU55740700","name":"CABLE"},{"catalog_number":"KU55740600","name":"CABLE"},{"catalog_number":"KU55740400","name":"BLOCK"},{"catalog_number":"KU55740320","name":"DRIVE SHAFT"},{"catalog_number":"KU55740310","name":"DRIVE SHAFT"},{"catalog_number":"KU55740220","name":"DRIVE SHAFT"},{"catalog_number":"KU55740110","name":"SHIELD"},{"catalog_number":"KU55740010","name":"SHIELD"},{"catalog_number":"KU55739800","name":"SUPPORT"},{"catalog_number":"KU55739700","name":"SUPPORT"},{"catalog_number":"KU55739610","name":"PIN"},{"catalog_number":"KU55739600","name":"PIN"},{"catalog_number":"KU55739500","name":"SUPPORT"},{"catalog_number":"KU55739410","name":"LEVER"},{"catalog_number":"KU55739310","name":"LEVER"},{"catalog_number":"KU55739300","name":"LEVER"},{"catalog_number":"KU55739210","name":"LEVER"},{"catalog_number":"KU55739110","name":"LEVER"},{"catalog_number":"KU55739100","name":"LEVER"},{"catalog_number":"KU55739000","name":"EXTENSION"},{"catalog_number":"KU55738920","name":"PIN"},{"catalog_number":"KU55738910","name":"PIN"},{"catalog_number":"KU55738400","name":"PIN"},{"catalog_number":"KU55738300","name":"SUPPORT"},{"catalog_number":"KU55738220","name":"PIN"},{"catalog_number":"KU55738210","name":"PIN"},{"catalog_number":"KU55738110","name":"LEVER"},{"catalog_number":"KU55738020","name":"COVER"},{"catalog_number":"KU55738010","name":"COVER"},{"catalog_number":"KU55737920","name":"COVER"},{"catalog_number":"KU55737910","name":"COVER"},{"catalog_number":"KU55737810","name":"GUARD"},{"catalog_number":"KU55737710","name":"GUARD"},{"catalog_number":"KU55737610","name":"HOUSING"},{"catalog_number":"KU55737400","name":"PIN"},{"catalog_number":"KU55737210","name":"PIN"},{"catalog_number":"KU55737100","name":"GUARD"},{"catalog_number":"KU55736920","name":"SHEET METAL"},{"catalog_number":"KU55736820","name":"FRAME"},{"catalog_number":"KU55736700","name":"PAWL"},{"catalog_number":"KU55736610","name":"PIN"},{"catalog_number":"KU55736510","name":"STAND"},{"catalog_number":"KU55736420","name":"SHIELD"},{"catalog_number":"KU55736300","name":"ARM"},{"catalog_number":"KU55736200","name":"PULLEY"},{"catalog_number":"KU55736100","name":"PULLEY"},{"catalog_number":"KU55736010","name":"PULLEY"},{"catalog_number":"KU55735800","name":"CONE"},{"catalog_number":"KU55735700","name":"TUBE"},{"catalog_number":"KU55735610","name":"TUBE"},{"catalog_number":"KU55735600","name":"TUBE"},{"catalog_number":"KU55735500","name":"SPACER"},{"catalog_number":"KU55735210","name":"GUARD"},{"catalog_number":"KU55735120","name":"GUARD"},{"catalog_number":"KU55735000","name":"REINFORCEMENT"},{"catalog_number":"KU55734900","name":"REINFORCEMENT"},{"catalog_number":"KU55734700","name":"TUBE"},{"catalog_number":"KU55734410","name":"GUIDE"},{"catalog_number":"KU55734320","name":"GUIDE"},{"catalog_number":"KU55734210","name":"GUIDE"},{"catalog_number":"KU55734000","name":"COVER"},{"catalog_number":"KU55733910","name":"HOUSING"},{"catalog_number":"KU55733800","name":"SHIM"},{"catalog_number":"KU55733700","name":"SHIM"},{"catalog_number":"KU55733600","name":"SHIM"},{"catalog_number":"KU55733500","name":"HOUSING"},{"catalog_number":"KU55733410","name":"COVER"},{"catalog_number":"KU55733400","name":"COVER"},{"catalog_number":"KU55733300","name":"HUB"},{"catalog_number":"KU55733200","name":"HOUSING"},{"catalog_number":"KU55733100","name":"DRIVE SHAFT"},{"catalog_number":"KU55733000","name":"SHAFT"},{"catalog_number":"KU55732900","name":"GEAR"},{"catalog_number":"KU55732800","name":"GEAR"},{"catalog_number":"KU55732700","name":"COVER"},{"catalog_number":"KU55732100","name":"SEALS KIT"},{"catalog_number":"KU55732030","name":"GUARD"},{"catalog_number":"KU55731500","name":"CONTROL BOX"},{"catalog_number":"KU55731320","name":"PLATE"},{"catalog_number":"KU55731220","name":"PLATE"},{"catalog_number":"KU55730800","name":"CABLE"},{"catalog_number":"KU55730700","name":"DEFLECTOR"},{"catalog_number":"KU55730600","name":"DEFLECTOR"},{"catalog_number":"KU55730500","name":"CABLE"},{"catalog_number":"KU55730410","name":"PLATE"},{"catalog_number":"KU55730300","name":"SUPPORT"},{"catalog_number":"KU55730210","name":"SHIELD"},{"catalog_number":"KU55730110","name":"SHIELD"},{"catalog_number":"KU55730000","name":"SHIM"},{"catalog_number":"KU55729310","name":"SCRAPER"},{"catalog_number":"KU55729200","name":"ROLLER"},{"catalog_number":"KU55729010","name":"ROD"},{"catalog_number":"KU55728620","name":"PIN"},{"catalog_number":"KU55728500","name":"WASHER"},{"catalog_number":"KU55728400","name":"RING"},{"catalog_number":"KU55728300","name":"ROD"},{"catalog_number":"KU55728200","name":"BUSH"},{"catalog_number":"KU55728100","name":"FLANGE"},{"catalog_number":"KU55728000","name":"FLANGE"},{"catalog_number":"KU55727900","name":"FLANGE"},{"catalog_number":"KU55727510","name":"PINION"},{"catalog_number":"KU55727410","name":"PINION"},{"catalog_number":"KU55727310","name":"TOOTH WASHER"},{"catalog_number":"KU55727000","name":"ARM"},{"catalog_number":"KU55726900","name":"ECCENTRIC"},{"catalog_number":"KU55726800","name":"COVER"},{"catalog_number":"KU55726700","name":"HOUSING"},{"catalog_number":"KU55726610","name":"BEARING HOUSING"},{"catalog_number":"KU55726530","name":"PLATE"},{"catalog_number":"KU55726300","name":"COVER"},{"catalog_number":"KU55726200","name":"COVER"},{"catalog_number":"KU55725910","name":"BLOCK"},{"catalog_number":"KU55725900","name":"BLOCK"},{"catalog_number":"KU55725700","name":"HOSE"},{"catalog_number":"KU55725400","name":"SPACER"},{"catalog_number":"KU55725110","name":"FRAME"},{"catalog_number":"KU55724900","name":"PIN"},{"catalog_number":"KU55724700","name":"PUMP BODY"},{"catalog_number":"KU55724210","name":"HUB"},{"catalog_number":"KU55724200","name":"HUB"},{"catalog_number":"KU55724110","name":"PIN"},{"catalog_number":"KU55724000","name":"PART"},{"catalog_number":"KU55723920","name":"COVER"},{"catalog_number":"KU55723820","name":"COVER"},{"catalog_number":"KU55723720","name":"BRACKET"},{"catalog_number":"KU55723620","name":"CURTAIN"},{"catalog_number":"KU55723420","name":"BRACKET"},{"catalog_number":"KU55723410","name":"BRACKET"},{"catalog_number":"KU55723300","name":"BRACKET"},{"catalog_number":"KU55723200","name":"BRACKET"},{"catalog_number":"KU55723100","name":"TUBE"},{"catalog_number":"KU55723000","name":"TUBE"},{"catalog_number":"KU55722900","name":"PLATE"},{"catalog_number":"KU55722820","name":"HYDRAULIC HOSE"},{"catalog_number":"KU55722720","name":"HYDR CYLINDER"},{"catalog_number":"KU55722600","name":"WIRING HARNESS"},{"catalog_number":"KU55722430","name":"BAR"},{"catalog_number":"KU55722330","name":"BAR"},{"catalog_number":"KU55722200","name":"PIN"},{"catalog_number":"KU55722100","name":"REINFORCEMENT"},{"catalog_number":"KU55721800","name":"WIRE"},{"catalog_number":"KU55721730","name":"PLATE"},{"catalog_number":"KU55721500","name":"WARNING LIGHT"},{"catalog_number":"KU55721300","name":"ROD"},{"catalog_number":"KU55721100","name":"HOOK"},{"catalog_number":"KU55720810","name":"GUARD"},{"catalog_number":"KU55720720","name":"GUARD"},{"catalog_number":"KU55720600","name":"TIE ROD"},{"catalog_number":"KU55720500","name":"TIE ROD"},{"catalog_number":"KU55719920","name":"PTO"},{"catalog_number":"KU55719900","name":"PTO"},{"catalog_number":"KU55719810","name":"COVER"},{"catalog_number":"KU55719510","name":"SKID"},{"catalog_number":"KU55719410","name":"REINFORCEMENT"},{"catalog_number":"KU55719400","name":"REINFORCEMENT"},{"catalog_number":"KU55718810","name":"COVER"},{"catalog_number":"KU55718700","name":"SUPPORT"},{"catalog_number":"KU55718430","name":"SHIELD"},{"catalog_number":"KU55718330","name":"SHIELD"},{"catalog_number":"KU55717950","name":"PLATE"},{"catalog_number":"KU55717200","name":"COVER"},{"catalog_number":"KU55717000","name":"SUPPORT"},{"catalog_number":"KU55716010","name":"SEALS KIT"},{"catalog_number":"KU55715900","name":"SEALS KIT"},{"catalog_number":"KU55715800","name":"SEALS KIT"},{"catalog_number":"KU55715700","name":"SEALS KIT"},{"catalog_number":"KU55714710","name":"TUBE"},{"catalog_number":"KU55714700","name":"TUBE"},{"catalog_number":"KU55714610","name":"COVER"},{"catalog_number":"KU55714510","name":"COVER"},{"catalog_number":"KU55714410","name":"NUT"},{"catalog_number":"KU55714300","name":"BUSH"},{"catalog_number":"KU55713810","name":"COVER"},{"catalog_number":"KU55713630","name":"LINKAGE"},{"catalog_number":"KU55713620","name":"LINKAGE"},{"catalog_number":"KU55713320","name":"FENCE"},{"catalog_number":"KU55713220","name":"FENCE"},{"catalog_number":"KU55713210","name":"FENCE"},{"catalog_number":"KU55713000","name":"COVER"},{"catalog_number":"KU55712830","name":"CURTAIN"},{"catalog_number":"KU55712810","name":"COVER"},{"catalog_number":"KU55712710","name":"PIN"},{"catalog_number":"KU55712610","name":"HYDR CYLINDER"},{"catalog_number":"KU55712520","name":"HYDR CYLINDER"},{"catalog_number":"KU55712510","name":"HYDR CYLINDER"},{"catalog_number":"KU55712440","name":"HYDR CYLINDER"},{"catalog_number":"KU55712220","name":"SWATHBOARD"},{"catalog_number":"KU55712120","name":"SWATHBOARD"},{"catalog_number":"KU55712020","name":"SWATHBOARD"},{"catalog_number":"KU55711920","name":"SWATHBOARD"},{"catalog_number":"KU55711810","name":"HYDRAULIC HOSE"},{"catalog_number":"KU55711800","name":"HYDRAULIC HOSE"},{"catalog_number":"KU55711710","name":"HYDRAULIC HOSE"},{"catalog_number":"KU55711610","name":"HYDRAULIC HOSE"},{"catalog_number":"KU55711600","name":"HYDRAULIC HOSE"},{"catalog_number":"KU55711510","name":"HYDRAULIC HOSE"},{"catalog_number":"KU55711410","name":"HYDRAULIC HOSE"},{"catalog_number":"KU55711320","name":"HYDRAULIC HOSE"},{"catalog_number":"KU55711300","name":"HYDRAULIC HOSE"},{"catalog_number":"KU55711200","name":"HYDRAULIC HOSE"},{"catalog_number":"KU55711110","name":"HYDRAULIC HOSE"},{"catalog_number":"KU55711000","name":"HYDRAULIC HOSE"},{"catalog_number":"KU55710900","name":"HYDRAULIC HOSE"},{"catalog_number":"KU55710820","name":"HYDRAULIC HOSE"},{"catalog_number":"KU55710810","name":"HYDRAULIC HOSE"},{"catalog_number":"KU55710720","name":"HYDRAULIC HOSE"},{"catalog_number":"KU55710710","name":"HYDRAULIC HOSE"},{"catalog_number":"KU55710700","name":"HYDRAULIC HOSE"},{"catalog_number":"KU55710620","name":"HYDRAULIC HOSE"},{"catalog_number":"KU55710520","name":"HYDRAULIC HOSE"},{"catalog_number":"KU55710500","name":"HYDRAULIC HOSE"},{"catalog_number":"KU55710400","name":"HYDRAULIC HOSE"},{"catalog_number":"KU55710300","name":"HYDRAULIC HOSE"},{"catalog_number":"KU55710200","name":"HYDRAULIC HOSE"},{"catalog_number":"KU55710120","name":"HYDRAULIC HOSE"},{"catalog_number":"KU55710100","name":"HYDRAULIC HOSE"},{"catalog_number":"KU55710000","name":"HYDRAULIC HOSE"},{"catalog_number":"KU55709930","name":"FRAME"},{"catalog_number":"KU55709920","name":"FRAME"},{"catalog_number":"KU55709830","name":"FRAME"},{"catalog_number":"KU55709820","name":"FRAME"},{"catalog_number":"KU55709610","name":"GUARD"},{"catalog_number":"KU55709510","name":"GUARD"},{"catalog_number":"KU55709410","name":"HINGE"},{"catalog_number":"KU55709100","name":"BRACKET"},{"catalog_number":"KU55709000","name":"BRACKET"},{"catalog_number":"KU55708910","name":"GUARD"},{"catalog_number":"KU55708900","name":"GUARD"}]}