{"machinery_brand_name":"Ag-Chem","parts":[{"catalog_number":"KU6063044","name":"NUT"},{"catalog_number":"KU6063043","name":"WASHER"},{"catalog_number":"KU6063041","name":"ROTOR"},{"catalog_number":"KU6063040","name":"ROTOR"},{"catalog_number":"KU6063039","name":"SEAL"},{"catalog_number":"KU6063038","name":"BALL BEARING"},{"catalog_number":"KU6063037","name":"SPACER"},{"catalog_number":"KU6063036","name":"FLANGE"},{"catalog_number":"KU6063034","name":"PTO SHAFT"},{"catalog_number":"KU6063032","name":"FRAME"},{"catalog_number":"KU6063031","name":"GEARBOX"},{"catalog_number":"KU6063030","name":"TUBE"},{"catalog_number":"KU6063029","name":"TUBE"},{"catalog_number":"KU6063028","name":"DEFLECTOR"},{"catalog_number":"KU6063027","name":"TUBE"},{"catalog_number":"KU6063026","name":"TUBE"},{"catalog_number":"KU6063019","name":"SPACER"},{"catalog_number":"KU6063016","name":"ROTOR"},{"catalog_number":"KU6063012","name":"SKID"},{"catalog_number":"KU6063011","name":"GUARD"},{"catalog_number":"KU6063004","name":"GEARBOX"},{"catalog_number":"KU6063000","name":"HOUSING"},{"catalog_number":"KU6062244","name":"WHEEL NUT"},{"catalog_number":"KU6062242","name":"SUPPORT"},{"catalog_number":"KU6062240","name":"ROTOR"},{"catalog_number":"KU6062237","name":"GUARD"},{"catalog_number":"KU6062235","name":"STAND"},{"catalog_number":"KU6062234","name":"SHIELD"},{"catalog_number":"KU6062232","name":"BRACKET"},{"catalog_number":"KU6062231","name":"BRACKET"},{"catalog_number":"KU6062230","name":"TAG"},{"catalog_number":"KU6062229","name":"TAG"},{"catalog_number":"KU6062228","name":"TAG"},{"catalog_number":"KU6062227","name":"TAG"},{"catalog_number":"KU6062226","name":"PART"},{"catalog_number":"KU6062225","name":"PIN"},{"catalog_number":"KU6062224","name":"DRAWBAR"},{"catalog_number":"KU6062223","name":"LABEL"},{"catalog_number":"KU6062219","name":"BEARING"},{"catalog_number":"KU6062218","name":"SHIELD"},{"catalog_number":"KU6062217","name":"SHIELD"},{"catalog_number":"KU6062216","name":"SHIELD"},{"catalog_number":"KU6062215","name":"BOX"},{"catalog_number":"KU6062214","name":"BOX"},{"catalog_number":"KU6062213","name":"BOX"},{"catalog_number":"KU6062212","name":"DEFLECTOR"},{"catalog_number":"KU6062211","name":"BUSH"},{"catalog_number":"KU6062210","name":"PIN"},{"catalog_number":"KU6062209","name":"PIN"},{"catalog_number":"KU6062206","name":"KNIFE"},{"catalog_number":"KU6062205","name":"BLADE"},{"catalog_number":"KU6062204","name":"REINFORCEMENT"},{"catalog_number":"KU6062203","name":"REINFORCEMENT"},{"catalog_number":"KU6062199","name":"COVER"},{"catalog_number":"KU6062198","name":"REINFORCEMENT"},{"catalog_number":"KU6062197","name":"FRAME"},{"catalog_number":"KU6062195","name":"SKID"},{"catalog_number":"KU6062194","name":"KNIFE"},{"catalog_number":"KU6062192","name":"COVER"},{"catalog_number":"KU6062191","name":"SHIELD"},{"catalog_number":"KU6062190","name":"COVER"},{"catalog_number":"KU6062189","name":"SHIELD"},{"catalog_number":"KU6062188","name":"SKID"},{"catalog_number":"KU6062186","name":"KNIFE"},{"catalog_number":"KU6062185","name":"DEFLECTOR"},{"catalog_number":"KU6062184","name":"DEFLECTOR"},{"catalog_number":"KU6062183","name":"DEFLECTOR"},{"catalog_number":"KU6062182","name":"BUSH"},{"catalog_number":"KU6062181","name":"BUSH"},{"catalog_number":"KU6062180","name":"BUSH"},{"catalog_number":"KU6062179","name":"PIN"},{"catalog_number":"KU6062178","name":"PIN"},{"catalog_number":"KU6062176","name":"PIN"},{"catalog_number":"KU6062175","name":"SKID"},{"catalog_number":"KU6062174","name":"GUARD"},{"catalog_number":"KU6062173","name":"GUARD"},{"catalog_number":"KU6062172","name":"PIN"},{"catalog_number":"KU6062170","name":"COVER"},{"catalog_number":"KU6062169","name":"COVER"},{"catalog_number":"KU6062168","name":"REINFORCEMENT"},{"catalog_number":"KU6062167","name":"REINFORCEMENT"},{"catalog_number":"KU6062166","name":"FRAME"},{"catalog_number":"KU6062164","name":"ATTACHMENT"},{"catalog_number":"KU6062163","name":"SUPPORT"},{"catalog_number":"KU6062162","name":"SUPPORT"},{"catalog_number":"KU6062161","name":"PIN"},{"catalog_number":"KU6062160","name":"SPRING"},{"catalog_number":"KU6062159","name":"CHAIN"},{"catalog_number":"KU6062158","name":"DRAWBAR"},{"catalog_number":"KU6062157","name":"DRIVE SHAFT"},{"catalog_number":"KU6062156","name":"TUBE"},{"catalog_number":"KU6062155","name":"TUBE"},{"catalog_number":"KU6062154","name":"BEARING HOUSING"},{"catalog_number":"KU6062153","name":"LEVER"},{"catalog_number":"KU6062152","name":"SUPPORT"},{"catalog_number":"KU6062151","name":"LEVER"},{"catalog_number":"KU6062150","name":"NUT"},{"catalog_number":"KU6062149","name":"SPACER"},{"catalog_number":"KU6062148","name":"COVER"},{"catalog_number":"KU6062147","name":"HUB"},{"catalog_number":"KU6062146","name":"PIN"},{"catalog_number":"KU6062145","name":"YOKE"},{"catalog_number":"KU6062144","name":"PIN"},{"catalog_number":"KU6062143","name":"ARM"},{"catalog_number":"KU6062142","name":"PIN"},{"catalog_number":"KU6062141","name":"LEVER"},{"catalog_number":"KU6062140","name":"SCREW"},{"catalog_number":"KU6062139","name":"BUSH"},{"catalog_number":"KU6062138","name":"YOKE"},{"catalog_number":"KU6062137","name":"SUPPORT"},{"catalog_number":"KU6062136","name":"HUB"},{"catalog_number":"KU6062135","name":"ARM"},{"catalog_number":"KU6062134","name":"SUPPORT"},{"catalog_number":"KU6062133","name":"WHEEL RIM"},{"catalog_number":"KU6062132","name":"TYRE"},{"catalog_number":"KU6062131","name":"PIN"},{"catalog_number":"KU6062130","name":"HUB"},{"catalog_number":"KU6062129","name":"ARM"},{"catalog_number":"KU6062128","name":"WASHER"},{"catalog_number":"KU6062127","name":"SUPPORT"},{"catalog_number":"KU6062126","name":"BRACKET"},{"catalog_number":"KU6062125","name":"PIN"},{"catalog_number":"KU6062124","name":"KIT, BELT"},{"catalog_number":"KU6062123","name":"KIT, BELT"},{"catalog_number":"KU6062122","name":"SHAFT"},{"catalog_number":"KU6062120","name":"SHAFT"},{"catalog_number":"KU6062118","name":"BEARING"},{"catalog_number":"KU6062115","name":"OIL SEAL"},{"catalog_number":"KU6062113","name":"TAPER BEARING"},{"catalog_number":"KU6062111","name":"BEARING"},{"catalog_number":"KU6062109","name":"THRUST WASHER"},{"catalog_number":"KU6062107","name":"THRUST WASHER"},{"catalog_number":"KU6062106","name":"THRUST WASHER"},{"catalog_number":"KU6062105","name":"THRUST WASHER"},{"catalog_number":"KU6062104","name":"THRUST WASHER"},{"catalog_number":"KU6062103","name":"THRUST WASHER"},{"catalog_number":"KU6062102","name":"THRUST WASHER"},{"catalog_number":"KU6062101","name":"THRUST WASHER"},{"catalog_number":"KU6062100","name":"THRUST WASHER"},{"catalog_number":"KU6062098","name":"RING"},{"catalog_number":"KU6062097","name":"RING"},{"catalog_number":"KU6062096","name":"RING"},{"catalog_number":"KU6062095","name":"COVER"},{"catalog_number":"KU6062094","name":"SPACER"},{"catalog_number":"KU6062093","name":"SHAFT"},{"catalog_number":"KU6062092","name":"SHAFT"},{"catalog_number":"KU6062091","name":"HOUSING"},{"catalog_number":"KU6062090","name":"SHAFT"},{"catalog_number":"KU6062089","name":"TUBE"},{"catalog_number":"KU6062088","name":"KIT, GEAR"},{"catalog_number":"KU6062086","name":"OIL SEAL"},{"catalog_number":"KU6062085","name":"OIL SEAL"},{"catalog_number":"KU6062084","name":"SEAL"},{"catalog_number":"KU6062083","name":"TAPER BEARING"},{"catalog_number":"KU6062082","name":"BEARING"},{"catalog_number":"KU6062081","name":"BEARING"},{"catalog_number":"KU6062080","name":"THRUST WASHER"},{"catalog_number":"KU6062079","name":"THRUST WASHER"},{"catalog_number":"KU6062078","name":"THRUST WASHER"},{"catalog_number":"KU6062077","name":"THRUST WASHER"},{"catalog_number":"KU6062076","name":"RING"},{"catalog_number":"KU6062075","name":"RING"},{"catalog_number":"KU6062074","name":"COVER"},{"catalog_number":"KU6062073","name":"DRIVE SHAFT"},{"catalog_number":"KU6062072","name":"HOUSING"},{"catalog_number":"KU6062071","name":"PIN"},{"catalog_number":"KU6062070","name":"WASHER"},{"catalog_number":"KU6062069","name":"COUPLING"},{"catalog_number":"KU6062068","name":"PARALLEL KEY"},{"catalog_number":"KU6062067","name":"PIN"},{"catalog_number":"KU6062063","name":"NUT"},{"catalog_number":"KU6062062","name":"BALL JOINT"},{"catalog_number":"KU6062061","name":"AXLE"},{"catalog_number":"KU6062059","name":"ROTOR"},{"catalog_number":"KU6062058","name":"ROTOR"},{"catalog_number":"KU6062057","name":"FLANGE"},{"catalog_number":"KU6062055","name":"PTO SHAFT"},{"catalog_number":"KU6062054","name":"PTO SHAFT"},{"catalog_number":"KU6062053","name":"PTO SHAFT"},{"catalog_number":"KU6062052","name":"SHAFT"},{"catalog_number":"KU6062051","name":"FLANGE"},{"catalog_number":"KU6062050","name":"ROTOR"},{"catalog_number":"KU6062049","name":"GEARBOX"},{"catalog_number":"KU6062048","name":"PTO SHAFT"},{"catalog_number":"KU6062047","name":"SHAFT"},{"catalog_number":"KU6062046","name":"PULLEY"},{"catalog_number":"KU6062045","name":"PIN"},{"catalog_number":"KU6062043","name":"WASHER"},{"catalog_number":"KU6062042","name":"ROD"},{"catalog_number":"KU6062041","name":"BRACKET"},{"catalog_number":"KU6062040","name":"COUPLING"},{"catalog_number":"KU6062039","name":"PARALLEL KEY"},{"catalog_number":"KU6062038","name":"SCREW"},{"catalog_number":"KU6062037","name":"BRACKET"},{"catalog_number":"KU6062036","name":"AXLE"},{"catalog_number":"KU6062035","name":"AXLE"},{"catalog_number":"KU6062032","name":"BOLT"},{"catalog_number":"KU6062031","name":"FLANGE"},{"catalog_number":"KU6062029","name":"SEAL"},{"catalog_number":"KU6062028","name":"ROTOR"},{"catalog_number":"KU6062027","name":"SEAL"},{"catalog_number":"KU6062026","name":"BALL BEARING"},{"catalog_number":"KU6062025","name":"FLANGE"},{"catalog_number":"KU6062022","name":"BUSH"},{"catalog_number":"KU6062021","name":"GEARBOX"},{"catalog_number":"KU6062015","name":"SHIELD"},{"catalog_number":"KU6062013","name":"ENGINE BONNET"},{"catalog_number":"KU6062012","name":"KIT, DECAL"},{"catalog_number":"KU6062011","name":"TINE"},{"catalog_number":"KU6062010","name":"HYDRAULIC HOSE"},{"catalog_number":"KU6062009","name":"HYDRAULIC HOSE"},{"catalog_number":"KU6062008","name":"CYLINDER"},{"catalog_number":"KU6062007","name":"PISTON ROD"},{"catalog_number":"KU6062006","name":"ARM"},{"catalog_number":"KU6062005","name":"ARM"},{"catalog_number":"KU6062004","name":"TUBE"},{"catalog_number":"KU6061996","name":"SHAFT"},{"catalog_number":"KU6061995","name":"TUBE"},{"catalog_number":"KU6061993","name":"SCRAPER"},{"catalog_number":"KU6061984","name":"OIL PIPE"},{"catalog_number":"KU6061980","name":"PIN"},{"catalog_number":"KU6061979","name":"HYDR CYLINDER"},{"catalog_number":"KU6061974","name":"PIN"},{"catalog_number":"KU6061973","name":"PIN"},{"catalog_number":"KU6061971","name":"FRAME"},{"catalog_number":"KU6061965","name":"SUPPORT"},{"catalog_number":"KU6061964","name":"KNIFE"},{"catalog_number":"KU6061963","name":"ROTOR"},{"catalog_number":"KU6061961","name":"COUNTERPLATE"},{"catalog_number":"KU6061960","name":"SUPPORT"},{"catalog_number":"KU6061958","name":"AXLE"},{"catalog_number":"KU6061957","name":"KNIFE"},{"catalog_number":"KU6061953","name":"GEAR"},{"catalog_number":"KU6061951","name":"PARALLEL KEY"},{"catalog_number":"KU6061949","name":"DRIVE SHAFT"},{"catalog_number":"KU6061947","name":"SKID"},{"catalog_number":"KU6061946","name":"GUARD"},{"catalog_number":"KU6061942","name":"ARM"},{"catalog_number":"KU6061940","name":"ARM"},{"catalog_number":"KU6061939","name":"KNIFE"},{"catalog_number":"KU6061938","name":"GEARBOX"},{"catalog_number":"KU6061932","name":"CLAMP"},{"catalog_number":"KU6061931","name":"YOKE"},{"catalog_number":"KU6061930","name":"SUPPORT"},{"catalog_number":"KU6061929","name":"SUPPORT"},{"catalog_number":"KU6061927","name":"BRACKET"},{"catalog_number":"KU6061925","name":"PART"},{"catalog_number":"KU6061924","name":"SUPPORT"},{"catalog_number":"KU6061919","name":"PART"},{"catalog_number":"KU6061918","name":"PART"},{"catalog_number":"KU6061917","name":"PART"},{"catalog_number":"KU6061916","name":"PART"},{"catalog_number":"KU6061915","name":"TAG"},{"catalog_number":"KU6061914","name":"TAG"},{"catalog_number":"KU6061913","name":"TAG"},{"catalog_number":"KU6061909","name":"TUBE"},{"catalog_number":"KU6061908","name":"TUBE"},{"catalog_number":"KU6061907","name":"DEFLECTOR"},{"catalog_number":"KU6061906","name":"DEFLECTOR"},{"catalog_number":"KU6061905","name":"DEFLECTOR"},{"catalog_number":"KU6061904","name":"DEFLECTOR"},{"catalog_number":"KU6061903","name":"DRIVE SHAFT"},{"catalog_number":"KU6061902","name":"DRIVE SHAFT"},{"catalog_number":"KU6061901","name":"DRIVE SHAFT"},{"catalog_number":"KU6061900","name":"KNIFE"},{"catalog_number":"KU6061899","name":"GUARD"},{"catalog_number":"KU6061898","name":"TUBE"},{"catalog_number":"KU6061897","name":"TUBE"},{"catalog_number":"KU6061896","name":"TUBE"},{"catalog_number":"KU6061895","name":"RING"},{"catalog_number":"KU6061894","name":"SHAFT"},{"catalog_number":"KU6061893","name":"SUPPORT"},{"catalog_number":"KU6061891","name":"TUBE"},{"catalog_number":"KU6061890","name":"TUBE"},{"catalog_number":"KU6061889","name":"PLATE"},{"catalog_number":"KU6061888","name":"DEFLECTOR"},{"catalog_number":"KU6061887","name":"DEFLECTOR"},{"catalog_number":"KU6061886","name":"DEFLECTOR"},{"catalog_number":"KU6061885","name":"SHIELD"},{"catalog_number":"KU6061884","name":"TUBE"},{"catalog_number":"KU6061883","name":"TUBE"},{"catalog_number":"KU6061882","name":"TUBE"},{"catalog_number":"KU6061880","name":"BOLT"},{"catalog_number":"KU6061876","name":"SUPPORT"},{"catalog_number":"KU6061875","name":"SUPPORT"},{"catalog_number":"KU6061874","name":"RING"},{"catalog_number":"KU6061873","name":"ARM"},{"catalog_number":"KU6061872","name":"AXLE"},{"catalog_number":"KU6061871","name":"ARM"},{"catalog_number":"KU6061869","name":"WHEEL"},{"catalog_number":"KU6061868","name":"CYLINDER"},{"catalog_number":"KU6061867","name":"PISTON ROD"},{"catalog_number":"KU6061866","name":"ROD"},{"catalog_number":"KU6061865","name":"SKID"},{"catalog_number":"KU6061864","name":"SKID"},{"catalog_number":"KU6061863","name":"SCRAPER"},{"catalog_number":"KU6061862","name":"SCRAPER"},{"catalog_number":"KU6061861","name":"SCRAPER"},{"catalog_number":"KU6061860","name":"ARM"},{"catalog_number":"KU6061859","name":"ARM"},{"catalog_number":"KU6061858","name":"SHIELD"},{"catalog_number":"KU6061857","name":"CONE"},{"catalog_number":"KU6061856","name":"ELBOW"},{"catalog_number":"KU6061855","name":"GEARBOX"},{"catalog_number":"KU6061854","name":"GEARBOX"},{"catalog_number":"KU6061853","name":"GEARBOX"},{"catalog_number":"KU6061852","name":"FRAME"},{"catalog_number":"KU6061850","name":"FRAME"},{"catalog_number":"KU6061849","name":"SCREW"},{"catalog_number":"KU6061848","name":"NUT"},{"catalog_number":"KU6061843","name":"ROLLER"},{"catalog_number":"KU6061841","name":"PIPE"},{"catalog_number":"KU6061840","name":"PIPE"},{"catalog_number":"KU6061839","name":"PIPE"},{"catalog_number":"KU6061838","name":"WHEEL RIM"},{"catalog_number":"KU6061835","name":"SKID"},{"catalog_number":"KU6061834","name":"SKID"},{"catalog_number":"KU6061833","name":"TAG"},{"catalog_number":"KU6061832","name":"EYELET"},{"catalog_number":"KU6061831","name":"SKID"},{"catalog_number":"KU6061830","name":"SKID"},{"catalog_number":"KU6061825","name":"ROD"},{"catalog_number":"KU6061823","name":"SHIELD"},{"catalog_number":"KU6061822","name":"SUPPORT"},{"catalog_number":"KU6061821","name":"SUPPORT"},{"catalog_number":"KU6061820","name":"SUPPORT"},{"catalog_number":"KU6061819","name":"YOKE"},{"catalog_number":"KU6061818","name":"SCREW"},{"catalog_number":"KU6061814","name":"GUARD"},{"catalog_number":"KU6061813","name":"HUB"},{"catalog_number":"KU6061810","name":"LEVER"},{"catalog_number":"KU6061809","name":"ROD"},{"catalog_number":"KU6061808","name":"FRAME"},{"catalog_number":"KU6061801","name":"DEFLECTOR"},{"catalog_number":"KU6061796","name":"COVER"},{"catalog_number":"KU6061794","name":"TAG"},{"catalog_number":"KU6061793","name":"TAG"},{"catalog_number":"KU6061792","name":"TAG"},{"catalog_number":"KU6061790","name":"TAG"},{"catalog_number":"KU6061789","name":"PLATE"},{"catalog_number":"KU6061788","name":"KNIFE"},{"catalog_number":"KU6061783","name":"PLUG"},{"catalog_number":"KU6061782","name":"WASHER"},{"catalog_number":"KU6061781","name":"SHIELD"},{"catalog_number":"KU6061780","name":"SHIELD"},{"catalog_number":"KU6061779","name":"KNIFE"},{"catalog_number":"KU6061778","name":"SPACER"},{"catalog_number":"KU6061776","name":"SCREW"},{"catalog_number":"KU6061775","name":"PIN"},{"catalog_number":"KU6061774","name":"SPACER"},{"catalog_number":"KU6061773","name":"PIN"},{"catalog_number":"KU6061772","name":"PIN"},{"catalog_number":"KU6061769","name":"SCRAPER"},{"catalog_number":"KU6061768","name":"PIN"},{"catalog_number":"KU6061767","name":"KIT"},{"catalog_number":"KU6061766","name":"SCREW"},{"catalog_number":"KU6061765","name":"SPACER"},{"catalog_number":"KU6061763","name":"PIN"},{"catalog_number":"KU6061762","name":"PIN"},{"catalog_number":"KU6061761","name":"RING"},{"catalog_number":"KU6061759","name":"TAG"},{"catalog_number":"KU6061758","name":"TAG"},{"catalog_number":"KU6061757","name":"TAG"},{"catalog_number":"KU6061756","name":"TAG"},{"catalog_number":"KU6061755","name":"TAG"},{"catalog_number":"KU6061752","name":"TAG"},{"catalog_number":"KU6061751","name":"KIT, BELT"},{"catalog_number":"KU6061749","name":"SEALS KIT"},{"catalog_number":"KU6061747","name":"SCREW"},{"catalog_number":"KU6061744","name":"ROD"},{"catalog_number":"KU6061742","name":"ROD"},{"catalog_number":"KU6061741","name":"CONNECTION"},{"catalog_number":"KU6061740","name":"CONNECTION"},{"catalog_number":"KU6061739","name":"SHAFT"},{"catalog_number":"KU6061738","name":"TUBE"},{"catalog_number":"KU6061737","name":"GUARD"},{"catalog_number":"KU6061736","name":"GEARBOX"},{"catalog_number":"KU6061734","name":"COVER"},{"catalog_number":"KU6061733","name":"SPACER"},{"catalog_number":"KU6061732","name":"SHAFT"},{"catalog_number":"KU6061730","name":"SHIELD"},{"catalog_number":"KU6061729","name":"GUARD"},{"catalog_number":"KU6061728","name":"TUBE"},{"catalog_number":"KU6061727","name":"TUBE"},{"catalog_number":"KU6061725","name":"SUPPORT"},{"catalog_number":"KU6061724","name":"SHIELD"},{"catalog_number":"KU6061722","name":"ROD"},{"catalog_number":"KU6061721","name":"SUPPORT"},{"catalog_number":"KU6061719","name":"GUARD"},{"catalog_number":"KU6061718","name":"PULLEY"},{"catalog_number":"KU6061717","name":"KIT, GEAR"},{"catalog_number":"KU6061716","name":"HOUSING"},{"catalog_number":"KU6061714","name":"PULLEY"},{"catalog_number":"KU6061713","name":"PLATE"},{"catalog_number":"KU6061712","name":"SHIM"},{"catalog_number":"KU6061711","name":"GUARD"},{"catalog_number":"KU6061708","name":"LUG"},{"catalog_number":"KU6061707","name":"STUB"},{"catalog_number":"KU6061704","name":"LUG"},{"catalog_number":"KU6061703","name":"DEFLECTOR"},{"catalog_number":"KU6061702","name":"DEFLECTOR"},{"catalog_number":"KU6061699","name":"KNIFE"},{"catalog_number":"KU6061698","name":"HYDRAULIC HOSE"},{"catalog_number":"KU6061694","name":"PIN"},{"catalog_number":"KU6061693","name":"PIN"},{"catalog_number":"KU6061692","name":"FRAME"},{"catalog_number":"KU6061691","name":"FRAME"},{"catalog_number":"KU6061690","name":"FRAME"},{"catalog_number":"KU6061689","name":"HYDR CYLINDER"},{"catalog_number":"KU6061687","name":"ROD"},{"catalog_number":"KU6061685","name":"DEFLECTOR"},{"catalog_number":"KU6061684","name":"SCREW"},{"catalog_number":"KU6061683","name":"ARM"},{"catalog_number":"KU6061682","name":"ARM"},{"catalog_number":"KU6061681","name":"SPACER"},{"catalog_number":"KU6061680","name":"ROLLER"},{"catalog_number":"KU6061679","name":"PART"},{"catalog_number":"KU6061678","name":"PIN"},{"catalog_number":"KU6061677","name":"COVER"},{"catalog_number":"KU6061676","name":"COVER"},{"catalog_number":"KU6061675","name":"COVER"},{"catalog_number":"KU6061674","name":"COVER"},{"catalog_number":"KU6061672","name":"TYRE"},{"catalog_number":"KU6061671","name":"ROTOR"},{"catalog_number":"KU6061670","name":"KIT, DECAL"},{"catalog_number":"KU6061668","name":"KIT, DECAL"},{"catalog_number":"KU6061659","name":"KIT, DECAL"},{"catalog_number":"KU6061658","name":"KIT, DECAL"},{"catalog_number":"KU6061657","name":"KIT, DECAL"},{"catalog_number":"KU6061656","name":"KIT, DECAL"},{"catalog_number":"KU6061655","name":"KIT, DECAL"},{"catalog_number":"KU6061654","name":"KIT, DECAL"},{"catalog_number":"KU6061653","name":"KIT, DECAL"},{"catalog_number":"KU6061652","name":"KIT, DECAL"},{"catalog_number":"KU6061651","name":"KIT, DECAL"},{"catalog_number":"KU6061650","name":"KIT, DECAL"},{"catalog_number":"KU6061647","name":"KIT, DECAL"},{"catalog_number":"KU6061646","name":"KIT, DECAL"},{"catalog_number":"KU6061645","name":"LABEL"},{"catalog_number":"KU6061643","name":"CLEVIS"},{"catalog_number":"KU6061636","name":"GUARD"},{"catalog_number":"KU6061635","name":"FRAME"},{"catalog_number":"KU6061634","name":"FRAME"},{"catalog_number":"KU6061633","name":"FRAME"},{"catalog_number":"KU6061632","name":"KIT, BELT"},{"catalog_number":"KU6061631","name":"KIT, BELT"},{"catalog_number":"KU6061630","name":"KIT, BELT"},{"catalog_number":"KU6061629","name":"KIT, BELT"},{"catalog_number":"KU6061628","name":"ROD"},{"catalog_number":"KU6061627","name":"ROD"},{"catalog_number":"KU6061626","name":"HYDRAULIC EQUIP."},{"catalog_number":"KU6061625","name":"HYDRAULIC EQUIP."},{"catalog_number":"KU6061624","name":"HOUSING"},{"catalog_number":"KU6061623","name":"ROD"},{"catalog_number":"KU6061622","name":"HYDR CYLINDER"},{"catalog_number":"KU6061621","name":"ROD"},{"catalog_number":"KU6061620","name":"SCREW"},{"catalog_number":"KU6061619","name":"DEFLECTOR"},{"catalog_number":"KU6061618","name":"DEFLECTOR"},{"catalog_number":"KU6061617","name":"HYDR CYLINDER"},{"catalog_number":"KU6061615","name":"PIN"},{"catalog_number":"KU6061614","name":"PULLEY"},{"catalog_number":"KU6061613","name":"PULLEY"},{"catalog_number":"KU6061610","name":"TUBE"},{"catalog_number":"KU6061608","name":"SLAT"},{"catalog_number":"KU6061606","name":"SLAT"},{"catalog_number":"KU6061605","name":"SLAT"},{"catalog_number":"KU6061604","name":"SLAT"},{"catalog_number":"KU6061602","name":"TUBE"},{"catalog_number":"KU6061601","name":"TUBE"},{"catalog_number":"KU6061600","name":"SHAFT"},{"catalog_number":"KU6061599","name":"SHAFT"},{"catalog_number":"KU6061598","name":"SHAFT"},{"catalog_number":"KU6061597","name":"TUBE"},{"catalog_number":"KU6061596","name":"TUBE"},{"catalog_number":"KU6061595","name":"TUBE"},{"catalog_number":"KU6061594","name":"KIT, GEAR"},{"catalog_number":"KU6061593","name":"PLUG"},{"catalog_number":"KU6061592","name":"O RING"},{"catalog_number":"KU6061591","name":"OIL SEAL"},{"catalog_number":"KU6061590","name":"TAPER BEARING"},{"catalog_number":"KU6061589","name":"RING"},{"catalog_number":"KU6061588","name":"RING"},{"catalog_number":"KU6061586","name":"SEAL"},{"catalog_number":"KU6061582","name":"SPACER"},{"catalog_number":"KU6061580","name":"DRIVE SHAFT"},{"catalog_number":"KU6061579","name":"COVER"},{"catalog_number":"KU6061578","name":"HOUSING"},{"catalog_number":"KU6061575","name":"GUARD"},{"catalog_number":"KU6061574","name":"GUARD"},{"catalog_number":"KU6061573","name":"GUARD"},{"catalog_number":"KU6061572","name":"SCREW"},{"catalog_number":"KU6061571","name":"SHAFT"},{"catalog_number":"KU6061570","name":"SHAFT"},{"catalog_number":"KU6061569","name":"SHAFT"},{"catalog_number":"KU6061568","name":"TUBE"},{"catalog_number":"KU6061567","name":"TUBE"},{"catalog_number":"KU6061566","name":"TUBE"},{"catalog_number":"KU6061565","name":"KIT, GEAR"},{"catalog_number":"KU6061564","name":"PLUG"},{"catalog_number":"KU6061562","name":"BUSH"},{"catalog_number":"KU6061561","name":"ROLLER BEARING"},{"catalog_number":"KU6061560","name":"BEARING"},{"catalog_number":"KU6061559","name":"BALL BEARING"},{"catalog_number":"KU6061558","name":"BALL BEARING"},{"catalog_number":"KU6061556","name":"SHIM"},{"catalog_number":"KU6061555","name":"THRUST WASHER"},{"catalog_number":"KU6061554","name":"SHIM"},{"catalog_number":"KU6061553","name":"SHIM"},{"catalog_number":"KU6061552","name":"RING"},{"catalog_number":"KU6061548","name":"PARALLEL KEY"},{"catalog_number":"KU6061547","name":"SPACER"},{"catalog_number":"KU6061546","name":"SEAL"},{"catalog_number":"KU6061545","name":"SHAFT"},{"catalog_number":"KU6061544","name":"COVER"},{"catalog_number":"KU6061543","name":"HOUSING"},{"catalog_number":"KU6061538","name":"CYLINDER"},{"catalog_number":"KU6061537","name":"RING"},{"catalog_number":"KU6061536","name":"O RING"},{"catalog_number":"KU6061535","name":"ROD"},{"catalog_number":"KU6061534","name":"BUSH"},{"catalog_number":"KU6061533","name":"BUSH"},{"catalog_number":"KU6061532","name":"BUSH"},{"catalog_number":"KU6061531","name":"O RING"},{"catalog_number":"KU6061530","name":"ROD"},{"catalog_number":"KU6061529","name":"SEALS KIT"},{"catalog_number":"KU6061522","name":"SEAL"},{"catalog_number":"KU6061521","name":"RING"},{"catalog_number":"KU6061520","name":"BUSH"},{"catalog_number":"KU6061519","name":"ROD"},{"catalog_number":"KU6061518","name":"FRAME"},{"catalog_number":"KU6061517","name":"FRAME"},{"catalog_number":"KU6061514","name":"STAND"},{"catalog_number":"KU6061512","name":"SCRAPER"},{"catalog_number":"KU6061511","name":"SCRAPER"},{"catalog_number":"KU6061510","name":"SCRAPER"},{"catalog_number":"KU6061509","name":"SCRAPER"},{"catalog_number":"KU6061506","name":"ROLLER"},{"catalog_number":"KU6061505","name":"ROLLER"},{"catalog_number":"KU6061504","name":"ROLLER"},{"catalog_number":"KU6061503","name":"ROLLER"},{"catalog_number":"KU6061501","name":"GEARBOX"},{"catalog_number":"KU6061500","name":"GEARBOX"},{"catalog_number":"KU6061499","name":"GEARBOX"},{"catalog_number":"KU6061497","name":"CONE"},{"catalog_number":"KU6061496","name":"PULLEY"},{"catalog_number":"KU6061495","name":"OIL SEAL"},{"catalog_number":"KU6061494","name":"ROTOR"},{"catalog_number":"KU6061493","name":"ROTOR"},{"catalog_number":"KU6061492","name":"ROTOR"},{"catalog_number":"KU6061491","name":"ROTOR"},{"catalog_number":"KU6061490","name":"FLANGE"},{"catalog_number":"KU6061489","name":"FLANGE"},{"catalog_number":"KU6061488","name":"BUSH"},{"catalog_number":"KU6061487","name":"BEARING"},{"catalog_number":"KU6061486","name":"RING"},{"catalog_number":"KU6061485","name":"HYDR CYLINDER"},{"catalog_number":"KU6061483","name":"WASHER"},{"catalog_number":"KU6061482","name":"TUBE"},{"catalog_number":"KU6061481","name":"TUBE"},{"catalog_number":"KU6061480","name":"PIN"},{"catalog_number":"KU6061479","name":"PIN"},{"catalog_number":"KU6061478","name":"PIN"},{"catalog_number":"KU6061477","name":"PIN"},{"catalog_number":"KU6061476","name":"DEFLECTOR"},{"catalog_number":"KU6061475","name":"PLATE"},{"catalog_number":"KU6061468","name":"SCREW"},{"catalog_number":"KU6061458","name":"SUPPORT"},{"catalog_number":"KU6061457","name":"BUSH"},{"catalog_number":"KU6061456","name":"COVER"},{"catalog_number":"KU6061455","name":"WHEEL"},{"catalog_number":"KU6061454","name":"SUPPORT"},{"catalog_number":"KU6061453","name":"SCREW"},{"catalog_number":"KU6061452","name":"SCRAPER"},{"catalog_number":"KU6061451","name":"SCRAPER"},{"catalog_number":"KU56204900","name":"BOLT"},{"catalog_number":"KU56204610","name":"BRACKET"},{"catalog_number":"KU56204500","name":"BOARD"},{"catalog_number":"KU56204400","name":"FRAME"},{"catalog_number":"KU56204300","name":"PLATE"},{"catalog_number":"KU56204200","name":"DRIVE SHAFT"},{"catalog_number":"KU56204100","name":"FRAME"},{"catalog_number":"KU56204000","name":"PIN"},{"catalog_number":"KU56203900","name":"PIN"},{"catalog_number":"KU56203800","name":"PIN"},{"catalog_number":"KU56203700","name":"SOCKET"},{"catalog_number":"KU56203610","name":"PISTON ROD"},{"catalog_number":"KU56203100","name":"BRACKET"},{"catalog_number":"KU56203000","name":"FRAME"},{"catalog_number":"KU56202900","name":"GUIDE"},{"catalog_number":"KU56202800","name":"RING"},{"catalog_number":"KU56202720","name":"GEAR CASE ASSY."},{"catalog_number":"KU56202710","name":"GEAR CASE ASSY."},{"catalog_number":"KU56202620","name":"GEAR CASE ASSY."},{"catalog_number":"KU56202600","name":"GEAR CASE ASSY."},{"catalog_number":"KU56202510","name":"GEAR"},{"catalog_number":"KU56202300","name":"WASHER"},{"catalog_number":"KU56202200","name":"FASTENER"},{"catalog_number":"KU56202100","name":"FASTENER"},{"catalog_number":"KU56202000","name":"REINFORCEMENT"}]}