{"machinery_brand_name":"Ag-Chem","parts":[{"catalog_number":"AG608954","name":"WHEEL NUT"},{"catalog_number":"AG608953","name":"WHEEL BOLT"},{"catalog_number":"AG562990","name":"PIN"},{"catalog_number":"AG562636","name":"BOLT"},{"catalog_number":"AG562157","name":"POP RIVET"},{"catalog_number":"AG561940","name":"PIN"},{"catalog_number":"AG561840","name":"BOLT"},{"catalog_number":"AG561567","name":"U-BOLT"},{"catalog_number":"AG561537","name":"ELBOW FITTING"},{"catalog_number":"AG561134","name":"HEX HEAD BOLT"},{"catalog_number":"AG561071","name":"BOLT"},{"catalog_number":"AG560065","name":"BOLT"},{"catalog_number":"AG559199","name":"BOLT"},{"catalog_number":"AG553964","name":"BOLT"},{"catalog_number":"AG523790","name":"WEDGE"},{"catalog_number":"AG522336","name":"TERMINAL"},{"catalog_number":"AG522274","name":"DAMPER"},{"catalog_number":"AG521197","name":"TERMINAL"},{"catalog_number":"AG520853","name":"CONNECTOR"},{"catalog_number":"AG520688","name":"FUSE 40A"},{"catalog_number":"AG520632","name":"LOCK"},{"catalog_number":"AG520608","name":"FITTING"},{"catalog_number":"AG520032","name":"SOCKET TERMINAL"},{"catalog_number":"AG520030","name":"CONNECTOR"},{"catalog_number":"AG519100","name":"CONNECTOR"},{"catalog_number":"AG517662","name":"CONNECTOR"},{"catalog_number":"AG517635","name":"SOCKET TERMINAL"},{"catalog_number":"AG516137","name":"STARTERMOTOR"},{"catalog_number":"AG514676","name":"WASHER"},{"catalog_number":"AG514543","name":"BEARING SPHERICL"},{"catalog_number":"AG512540","name":"PILOT BEARING"},{"catalog_number":"AG427854","name":"KIT"},{"catalog_number":"AG427023","name":"PAN"},{"catalog_number":"AG426406","name":"VALVE"},{"catalog_number":"AG426399","name":"BALL"},{"catalog_number":"AG421872","name":"MOUNTING BRACKET"},{"catalog_number":"AG334068","name":"BRACKET"},{"catalog_number":"AG332731A","name":"OPERATOR MANUAL"},{"catalog_number":"AG332339","name":"YOKE"},{"catalog_number":"AG332317","name":"TOOL"},{"catalog_number":"AG332271","name":"REP TIME SCHED"},{"catalog_number":"AG331507","name":"INSTRUCTION BOOK"},{"catalog_number":"AG331112","name":"SEAL KIT"},{"catalog_number":"AG324586","name":"ELBOW"},{"catalog_number":"AG324535","name":"MOUNTING BRACKET"},{"catalog_number":"AG324527","name":"SUPPORT"},{"catalog_number":"AG324526","name":"COVER"},{"catalog_number":"AG305950","name":"PIN"},{"catalog_number":"AG262408","name":"PLATE"},{"catalog_number":"AG1778B","name":"SUPPORT"},{"catalog_number":"AG133912","name":"CONNECTOR"},{"catalog_number":"AG131548","name":"BEARING"},{"catalog_number":"AG131540","name":"WHEEL RIM"},{"catalog_number":"AG129801","name":"PLUG"},{"catalog_number":"AG129782","name":"TUBE"},{"catalog_number":"AG129765","name":"WASHER"},{"catalog_number":"AG128058","name":"HOLDER"},{"catalog_number":"AG126988","name":"BRACKET"},{"catalog_number":"AG122429","name":"SEAL KIT"},{"catalog_number":"AG055079","name":"REDUCER"},{"catalog_number":"AG054731","name":"STRAINER"},{"catalog_number":"AG054501","name":"BALL VALVE"},{"catalog_number":"AG053053","name":"GASKET"},{"catalog_number":"AG052392","name":"SCREEN"},{"catalog_number":"AG052391","name":"SCREEN"},{"catalog_number":"AG052389","name":"HEAD"},{"catalog_number":"AG052387","name":"BOWL"},{"catalog_number":"AG052369","name":"STRAINER"},{"catalog_number":"AG006124","name":"O RING"},{"catalog_number":"AG006061","name":"VALVE CHECK"},{"catalog_number":"AG002050","name":"WELL"},{"catalog_number":"AG001339","name":"TIP"},{"catalog_number":"AG000351","name":"RETAINER"},{"catalog_number":"ACZ0003420","name":"SUBSCRIPTION"},{"catalog_number":"ACZ0003410","name":"SUBSCRIPTION"},{"catalog_number":"ACZ0003400","name":"SUBSCRIPTION"},{"catalog_number":"ACZ000176A","name":"RTK ANTENNA KIT"},{"catalog_number":"ACZ000175A","name":"RTK ANTENNA KIT"},{"catalog_number":"ACZ000173A","name":"RTK ANTENNA KIT"},{"catalog_number":"ACZ000139A","name":"RTK SNAP IN"},{"catalog_number":"ACZ000136B","name":"RTK SNAP IN"},{"catalog_number":"ACZ000136A","name":"RTK SNAP IN"},{"catalog_number":"ACZ000131B","name":"WHIP ANT KIT"},{"catalog_number":"ACZ000130B","name":"WHIP ANT KIT"},{"catalog_number":"ACZ000129B","name":"WHIP ANT KIT"},{"catalog_number":"ACZ000127A","name":"HIPER AG BASE ST"},{"catalog_number":"ACZ000126A","name":"HIPER AG BASE ST"},{"catalog_number":"ACZ000124A","name":"HIPER AG BASE ST"},{"catalog_number":"ACZ000123A","name":"HIPER AG BASE ST"},{"catalog_number":"ACZ000122A","name":"HIPER AG BASE ST"},{"catalog_number":"ACZ000070B","name":"AGI-4 CENTI KIT"},{"catalog_number":"ACZ000069B","name":"AGI-4 CENTI KIT"},{"catalog_number":"ACZ000066B","name":"AGI-4 CENTI KIT"},{"catalog_number":"ACZ000059B","name":"RTK SNAP IN"},{"catalog_number":"ACZ000059A","name":"RTK SNAP IN"},{"catalog_number":"ACZ000058B","name":"RTK SNAP IN"},{"catalog_number":"ACZ000058A","name":"RTK SNAP IN"},{"catalog_number":"ACZ000056B","name":"RTK SNAP IN"},{"catalog_number":"ACZ000056A","name":"RTK SNAP IN"},{"catalog_number":"ACZ000055B","name":"RTK SNAP IN"},{"catalog_number":"ACZ000054B","name":"RTK SNAP IN"},{"catalog_number":"ACZ000042B","name":"RTK SNAP IN"},{"catalog_number":"ACZ000042A","name":"RTK SNAP IN"},{"catalog_number":"ACZ000041B","name":"AGI-4 CENTI KIT"},{"catalog_number":"ACZ0000030","name":"CABLE"},{"catalog_number":"ACW3060190","name":"HUB KIT"},{"catalog_number":"ACW3012080","name":"LOCKING PLATE"},{"catalog_number":"ACW2490000","name":"HARNESS"},{"catalog_number":"ACW2476000","name":"DISTRIBUTOR"},{"catalog_number":"ACW2328030","name":"HYDR CYLINDER"},{"catalog_number":"ACW2316790","name":"FOOT REST"},{"catalog_number":"ACW2316780","name":"FOOT REST"},{"catalog_number":"ACW2316710","name":"FOOT REST"},{"catalog_number":"ACW2217500","name":"ACCESSORY CODE"},{"catalog_number":"ACW2212730","name":"CONCAVE"},{"catalog_number":"ACW2211890","name":"SPINDLE HOUSING"},{"catalog_number":"ACW2204700","name":"CLOSING PLATE"},{"catalog_number":"ACW2174990","name":"CLOSING PLATE"},{"catalog_number":"ACW2171320","name":"COVER"},{"catalog_number":"ACW2119910","name":"COVER"},{"catalog_number":"ACW2083050","name":"TOGGLE"},{"catalog_number":"ACW2036170","name":"FAN COVER"},{"catalog_number":"ACW2024660","name":"COVER"},{"catalog_number":"ACW2019780","name":"HUB"},{"catalog_number":"ACW2018180","name":"PIN"},{"catalog_number":"ACW2009940","name":"DIVIDER PANEL"},{"catalog_number":"ACW2009920","name":"DIVIDER PANEL"},{"catalog_number":"ACW2007040","name":"BH CAPSCREW"},{"catalog_number":"ACW1987360","name":"LOCK KEY"},{"catalog_number":"ACW1987250","name":"LOCK KEY"},{"catalog_number":"ACW1981620","name":"SCREW"},{"catalog_number":"ACW1981590","name":"SCREW"},{"catalog_number":"ACW1947600","name":"GASKET"},{"catalog_number":"ACW1928120","name":"AUGER"},{"catalog_number":"ACW1928110","name":"AUGER"},{"catalog_number":"ACW1928100","name":"AUGER"},{"catalog_number":"ACW1928090","name":"AUGER"},{"catalog_number":"ACW1908400","name":"HOUSING"},{"catalog_number":"ACW1908180","name":"FUEL TANK"},{"catalog_number":"ACW1907100","name":"SUPPORT"},{"catalog_number":"ACW1874680","name":"FUEL TANK"},{"catalog_number":"ACW1861850","name":"BRACKET"},{"catalog_number":"ACW1860800","name":"CROWNWHEEL"},{"catalog_number":"ACW1850610","name":"PLATFORM"},{"catalog_number":"ACW1848120","name":"BACKING PLATE"},{"catalog_number":"ACW1848100","name":"SLIDE"},{"catalog_number":"ACW1848020","name":"SLIDE"},{"catalog_number":"ACW1842460","name":"HARNESS"},{"catalog_number":"ACW1807450","name":"EXHAUST PIPE"},{"catalog_number":"ACW1806750","name":"OIL TANK"},{"catalog_number":"ACW1799590","name":"STOP PLATE"},{"catalog_number":"ACW1797930","name":"SEAL"},{"catalog_number":"ACW1796770","name":"KIT"},{"catalog_number":"ACW1794250","name":"FRAME"},{"catalog_number":"ACW1791570","name":"SPINDLE, RH"},{"catalog_number":"ACW1791540","name":"SPINDLE, LH"},{"catalog_number":"ACW1788770","name":"CAR RADIO"},{"catalog_number":"ACW1788170","name":"VALVE BLOCK"},{"catalog_number":"ACW1767090","name":"HOUSING"},{"catalog_number":"ACW1752150","name":"OPERATOR'S SEAT"},{"catalog_number":"ACW1749180","name":"CHAIN"},{"catalog_number":"ACW1748270","name":"PLUG KIT"},{"catalog_number":"ACW1720450","name":"BRACKET"},{"catalog_number":"ACW1719950","name":"TENSIONER"},{"catalog_number":"ACW1715530","name":"HELICAL GEAR"},{"catalog_number":"ACW1713520","name":"RIGHT HAND BEAM"},{"catalog_number":"ACW1713500","name":"LEFT HAND BEAM"},{"catalog_number":"ACW1700850","name":"CAMSHAFT"},{"catalog_number":"ACW1700810","name":"CAMSHAFT"},{"catalog_number":"ACW1698160","name":"GEAR"},{"catalog_number":"ACW1698140","name":"COUNTERSHAFT"},{"catalog_number":"ACW1697690","name":"PLUG"},{"catalog_number":"ACW1697640","name":"PLUG"},{"catalog_number":"ACW1697500","name":"BUMPER"},{"catalog_number":"ACW1694970","name":"DRIVE GEAR"},{"catalog_number":"ACW1693770","name":"GEARBOX"},{"catalog_number":"ACW1692710","name":"DRIVE GEAR"},{"catalog_number":"ACW1689620","name":"IDLER ARM"},{"catalog_number":"ACW1689480","name":"SEAL"},{"catalog_number":"ACW1687750","name":"HELICAL GEAR"},{"catalog_number":"ACW1687540","name":"HELICAL GEAR"},{"catalog_number":"ACW1687490","name":"TRANSMISSION"},{"catalog_number":"ACW1682110","name":"BELT"},{"catalog_number":"ACW1682080","name":"BELT"},{"catalog_number":"ACW1681320","name":"BRACKET"},{"catalog_number":"ACW1681270","name":"BRACKET"},{"catalog_number":"ACW1681260","name":"BRACKET"},{"catalog_number":"ACW1681250","name":"COCK"},{"catalog_number":"ACW1679540","name":"VALVE BLOCK"},{"catalog_number":"ACW1652950","name":"O-RING"},{"catalog_number":"ACW1652940","name":"O-RING"},{"catalog_number":"ACW1638610","name":"MSTR BRK CYL"},{"catalog_number":"ACW1631250","name":"FLOOR"},{"catalog_number":"ACW1627230","name":"PIN"},{"catalog_number":"ACW1626010","name":"SIDE, LEFT HAND"},{"catalog_number":"ACW1625680","name":"SIDE, RIGHT HAND"},{"catalog_number":"ACW1611930","name":"SIDE SUPPORT"},{"catalog_number":"ACW1606660","name":"SHIELD"},{"catalog_number":"ACW1605080","name":"DECAL"},{"catalog_number":"ACW1553090","name":"SHOE"},{"catalog_number":"ACW1553070","name":"SHOE"},{"catalog_number":"ACW1553060","name":"SHOE"},{"catalog_number":"ACW1552870","name":"FRAME RAIL, RH"},{"catalog_number":"ACW1552450","name":"FRAME RAIL, LH"},{"catalog_number":"ACW1550180","name":"VALVE"},{"catalog_number":"ACW1549800","name":"POWER BEYOND KIT"},{"catalog_number":"ACW1549550","name":"POWER BEYOND KIT"},{"catalog_number":"ACW1542360","name":"STIFFENER, LH"},{"catalog_number":"ACW1540960","name":"VALVE BLOCK"},{"catalog_number":"ACW1529450","name":"BRACKET"},{"catalog_number":"ACW1528860","name":"BRAKE, RH"},{"catalog_number":"ACW1525680","name":"PROTECTION"},{"catalog_number":"ACW1525540","name":"HALF COVER"},{"catalog_number":"ACW1517120","name":"BRACKET"},{"catalog_number":"ACW1516460","name":"SUPPORT"},{"catalog_number":"ACW1516440","name":"SUPPORT"},{"catalog_number":"ACW1511400","name":"CAPSCREW"},{"catalog_number":"ACW1495570","name":"HARNESS"},{"catalog_number":"ACW1480760","name":"TENSIONER"},{"catalog_number":"ACW1480720","name":"HARNESS"},{"catalog_number":"ACW1480710","name":"HARNESS"},{"catalog_number":"ACW1475910","name":"FLASHER BRACKET"},{"catalog_number":"ACW1467720","name":"ELECTRICAL BOX"},{"catalog_number":"ACW1467640","name":"TIP"},{"catalog_number":"ACW1463070","name":"GASKET"},{"catalog_number":"ACW1463060","name":"GASKET"},{"catalog_number":"ACW1461250","name":"SENSOR COLLAR"},{"catalog_number":"ACW1460930","name":"LOCK COLLAR"},{"catalog_number":"ACW1454290","name":"BEARING"},{"catalog_number":"ACW1454060","name":"BALL BEARING"},{"catalog_number":"ACW1439300","name":"PLATE"},{"catalog_number":"ACW1439290","name":"PLATE"},{"catalog_number":"ACW1434420","name":"PIVOT SET"},{"catalog_number":"ACW1434400","name":"GASKET KIT"},{"catalog_number":"ACW1433780","name":"SUPPORT"},{"catalog_number":"ACW1432510","name":"FAN"},{"catalog_number":"ACW1431890","name":"SHIM"},{"catalog_number":"ACW1420750","name":"BH CAPSCREW"},{"catalog_number":"ACW1419620","name":"SUPPORT"},{"catalog_number":"ACW1418920","name":"BRACKET"},{"catalog_number":"ACW1417480","name":"TRANSM.HOUSING"},{"catalog_number":"ACW1402770","name":"BH CAPSCREW"},{"catalog_number":"ACW1401580","name":"ACCESSORY CODE"},{"catalog_number":"ACW1401460","name":"ACCESSORY CODE"},{"catalog_number":"ACW1401030","name":"ACCESSORY CODE"},{"catalog_number":"ACW1397530","name":"WASHER"},{"catalog_number":"ACW1395690","name":"BRACKET"},{"catalog_number":"ACW1388370","name":"WHEEL CHOCK"},{"catalog_number":"ACW1377810","name":"FINAL DRIVE"},{"catalog_number":"ACW1377800","name":"FINAL DRIVE"},{"catalog_number":"ACW1377770","name":"FINAL DRIVE"},{"catalog_number":"ACW1377760","name":"FINAL DRIVE"},{"catalog_number":"ACW1377750","name":"HOUSING"},{"catalog_number":"ACW1377700","name":"HOUSING"},{"catalog_number":"ACW1335910","name":"VALVE BLOCK"},{"catalog_number":"ACW1335310","name":"HYDRAULIC HOSE"},{"catalog_number":"ACW1325570","name":"BH CAPSCREW"},{"catalog_number":"ACW1304980","name":"HANDRAIL"},{"catalog_number":"ACW1304970","name":"HANDRAIL"},{"catalog_number":"ACW1281920","name":"BH CAPSCREW"},{"catalog_number":"ACW1281720","name":"SHIELD"},{"catalog_number":"ACW1281500","name":"NONSKID"},{"catalog_number":"ACW1281480","name":"NONSKID"},{"catalog_number":"ACW1281000","name":"KIT, EXTENSION"},{"catalog_number":"ACW1280960","name":"SCREW"},{"catalog_number":"ACW1275780","name":"GUIDE PLATE"},{"catalog_number":"ACW1275770","name":"EXTENSION PLATE"},{"catalog_number":"ACW1275680","name":"EXTENSION PLATE"},{"catalog_number":"ACW1275670","name":"COVER PLATE"},{"catalog_number":"ACW1261070","name":"VARIATOR"},{"catalog_number":"ACW1260830","name":"FRAME"},{"catalog_number":"ACW1258670","name":"PLATE"},{"catalog_number":"ACW1258430","name":"ROTARY SCREEN"},{"catalog_number":"ACW1233000","name":"HYDR. HOSE"},{"catalog_number":"ACW1208210","name":"COVER"},{"catalog_number":"ACW1174900","name":"TEE FITTING"},{"catalog_number":"ACW1170770","name":"HEX HEAD BOLT"},{"catalog_number":"ACW1170760","name":"HEX HEAD BOLT"},{"catalog_number":"ACW1140920","name":"CHUTE"},{"catalog_number":"ACW1140700","name":"BAR"},{"catalog_number":"ACW1139800","name":"HOUSING"},{"catalog_number":"ACW1133650","name":"ROD"},{"catalog_number":"ACW1123980","name":"SHAFT"},{"catalog_number":"ACW1120580","name":"SHIELD, LH"},{"catalog_number":"ACW1101240","name":"COUPLER"},{"catalog_number":"ACW1094480","name":"TIE ROD"},{"catalog_number":"ACW1093670","name":"WASHER"},{"catalog_number":"ACW1092250","name":"PUMP SUPPORT"},{"catalog_number":"ACW1088610","name":"SPOUT"},{"catalog_number":"ACW1086740","name":"PIN"},{"catalog_number":"ACW1086680","name":"ARM"},{"catalog_number":"ACW1086150","name":"SAFETY PIN"},{"catalog_number":"ACW1082040","name":"LADDER"},{"catalog_number":"ACW1076240","name":"HEX HEAD BOLT"},{"catalog_number":"ACW1067880","name":"COVER"},{"catalog_number":"ACW1067840","name":"SIDE, RIGHT HAND"},{"catalog_number":"ACW1067310","name":"AUGER TUBE"},{"catalog_number":"ACW1065700","name":"KEYBOARD"},{"catalog_number":"ACW1064590","name":"VANE"},{"catalog_number":"ACW1064580","name":"COLLAR TIGHTENER"},{"catalog_number":"ACW1064570","name":"COLLAR TIGHTENER"},{"catalog_number":"ACW1063600","name":"SUPPORT"},{"catalog_number":"ACW1062500","name":"HUB"},{"catalog_number":"ACW1061490","name":"ADBLUE TANK"},{"catalog_number":"ACW1060180","name":"TOOL"},{"catalog_number":"ACW1056130","name":"CANVAS"},{"catalog_number":"ACW1054560","name":"BRACKET"},{"catalog_number":"ACW1052970","name":"SUPPORT"},{"catalog_number":"ACW1052760","name":"FOAM"},{"catalog_number":"ACW1052550","name":"BORDER"},{"catalog_number":"ACW1048920","name":"INSPECTION DOOR"},{"catalog_number":"ACW1047130","name":"HEX. FLANGE BOLT"},{"catalog_number":"ACW1045730","name":"BASE"},{"catalog_number":"ACW1045560","name":"HARNESS"},{"catalog_number":"ACW1045550","name":"HARNESS"},{"catalog_number":"ACW1044190","name":"HEX LOCKNUT"},{"catalog_number":"ACW1044180","name":"HEX LOCKNUT"},{"catalog_number":"ACW1042620","name":"FUEL TANK"},{"catalog_number":"ACW1038090","name":"WEARPLATE"},{"catalog_number":"ACW1038070","name":"WEARPLATE"},{"catalog_number":"ACW1028800","name":"HOSE BRACKET"},{"catalog_number":"ACW1027750","name":"FAN"},{"catalog_number":"ACW1022960","name":"BH CAPSCREW"},{"catalog_number":"ACW1022940","name":"BH CAPSCREW"},{"catalog_number":"ACW1021760","name":"INSPECTION COVER"},{"catalog_number":"ACW0997470","name":"SEAL"},{"catalog_number":"ACW0996070","name":"RIGHT HAND ARM"},{"catalog_number":"ACW0995200","name":"FRICTION DISC"},{"catalog_number":"ACW0989490","name":"HARNESS"},{"catalog_number":"ACW0988360","name":"LOCKING DISC"},{"catalog_number":"ACW0988330","name":"LOCKING DISC"},{"catalog_number":"ACW0988310","name":"LOCK WASHER"},{"catalog_number":"ACW0988290","name":"LOCKING DISC"},{"catalog_number":"ACW0988120","name":"FLAT WASHER"},{"catalog_number":"ACW0943650","name":"SPECIAL NUT"},{"catalog_number":"ACW0943300","name":"LEFT HAND ARM"},{"catalog_number":"ACW0941500","name":"HOSE CLAMP"},{"catalog_number":"ACW0938670","name":"CAPSCREW"},{"catalog_number":"ACW0937980","name":"CAPSCREW"},{"catalog_number":"ACW0937340","name":"ENG WIRE HARNESS"},{"catalog_number":"ACW093681A","name":"HARNESS"},{"catalog_number":"ACW0936810","name":"HARNESS"},{"catalog_number":"ACW0933610","name":"RELAY"},{"catalog_number":"ACW0929270","name":"FRAME, RH"},{"catalog_number":"ACW0928430","name":"SUPPORT"},{"catalog_number":"ACW0926600","name":"SLIDE"},{"catalog_number":"ACW0923600","name":"HEX HEAD BOLT"},{"catalog_number":"ACW0922770","name":"LINK"},{"catalog_number":"ACW0920910","name":"HEX. FLANGE BOLT"},{"catalog_number":"ACW0920320","name":"HEX NUT"},{"catalog_number":"ACW0920310","name":"HEX NUT"},{"catalog_number":"ACW0901140","name":"PADDLE KIT"},{"catalog_number":"ACW0898740","name":"IDLER"},{"catalog_number":"ACW0898720","name":"CANVAS"},{"catalog_number":"ACW0898500","name":"PIPE"},{"catalog_number":"ACW0898490","name":"PIPE"},{"catalog_number":"ACW0897420","name":"BELT GUIDE"},{"catalog_number":"ACW0896940","name":"HAMMER KIT"},{"catalog_number":"ACW0894610","name":"OIL TANK"},{"catalog_number":"ACW0885720","name":"V BELT"},{"catalog_number":"ACW0885260","name":"STRAIGHT BLADE"},{"catalog_number":"ACW0884590","name":"HEX HEAD BOLT"},{"catalog_number":"ACW0884540","name":"HEXAGONAL BOLT"},{"catalog_number":"ACW0884310","name":"HEXAGONAL BOLT"},{"catalog_number":"ACW0883740","name":"HEX. FLANGE BOLT"},{"catalog_number":"ACW0883710","name":"HEX. FLANGE BOLT"},{"catalog_number":"ACW0883680","name":"HEX. FLANGE BOLT"},{"catalog_number":"ACW0881750","name":"FAN RING"},{"catalog_number":"ACW0864040","name":"SENSOR PLATE"},{"catalog_number":"ACW0861390","name":"SUPPORT"},{"catalog_number":"ACW0860980","name":"TUBE"},{"catalog_number":"ACW0860860","name":"BRACKET"},{"catalog_number":"ACW0860700","name":"EXHAUST PIPE"},{"catalog_number":"ACW0842900","name":"HANDLE SUPPORT"},{"catalog_number":"ACW0842890","name":"DOOR HANDLE"},{"catalog_number":"ACW0841000","name":"LOCK SUPPORT"},{"catalog_number":"ACW0840970","name":"STRIKER"},{"catalog_number":"ACW0840960","name":"TUBE"},{"catalog_number":"ACW083858A","name":"SUPPORT"},{"catalog_number":"ACW083314A","name":"CALCULATOR"},{"catalog_number":"ACW0832800","name":"ELEVATOR SHAFT"},{"catalog_number":"ACW0827260","name":"RELIEF VALVE"},{"catalog_number":"ACW0827250","name":"CHECK VALVE"},{"catalog_number":"ACW0827180","name":"PROPORT. VALVE"},{"catalog_number":"ACW0827140","name":"RELIEF VALVE"},{"catalog_number":"ACW0825120","name":"BELT"},{"catalog_number":"ACW0822520","name":"FLAP"},{"catalog_number":"ACW0820330","name":"EXTENSION TUBE"},{"catalog_number":"ACW0820310","name":"UNLOADER TUBE"},{"catalog_number":"ACW0817450","name":"AGRITRONIC PLUS"},{"catalog_number":"ACW0817390","name":"FAN RING"},{"catalog_number":"ACW0803740","name":"COVER PLATE"},{"catalog_number":"ACW0800670","name":"ROCKER ARM"},{"catalog_number":"ACW0800580","name":"ROCKER ARM"},{"catalog_number":"ACW0799960","name":"ROCKER ARM"},{"catalog_number":"ACW0795160","name":"WHEEL RIM"},{"catalog_number":"ACW0790830","name":"SHAFT"},{"catalog_number":"ACW0785250","name":"DECAL"},{"catalog_number":"ACW0779520","name":"SHIELD"},{"catalog_number":"ACW0779510","name":"FENDER"},{"catalog_number":"ACW0779500","name":"SHIELD"},{"catalog_number":"ACW0777360","name":"SUPPORT"},{"catalog_number":"ACW0775850","name":"HEX. FLANGE BOLT"},{"catalog_number":"ACW0775830","name":"HEX. FLANGE BOLT"},{"catalog_number":"ACW0775820","name":"HEX. FLANGE BOLT"},{"catalog_number":"ACW0771020","name":"RETAINER"},{"catalog_number":"ACW0770380","name":"SHAFT"},{"catalog_number":"ACW0770260","name":"CONNECTOR"},{"catalog_number":"ACW0765760","name":"ENVELOPE"},{"catalog_number":"ACW0765740","name":"TUBE"},{"catalog_number":"ACW0765720","name":"ENVELOPE"},{"catalog_number":"ACW075937A","name":"BOARD COMPUTER"},{"catalog_number":"ACW0759370","name":"BOARD COMPUTER"},{"catalog_number":"ACW0759100","name":"TERMINAL"},{"catalog_number":"ACW0753740","name":"HARNESS"},{"catalog_number":"ACW073112A","name":"ACCESSORY CODE"},{"catalog_number":"ACW0730400","name":"SUPPORT"},{"catalog_number":"ACW0726600","name":"SEAL"},{"catalog_number":"ACW0723610","name":"FUEL PIPE"},{"catalog_number":"ACW0723120","name":"BUSH"},{"catalog_number":"ACW0721370","name":"FUEL PIPE"},{"catalog_number":"ACW0720420","name":"CYLINDER SUPPORT"},{"catalog_number":"ACW0720140","name":"COVER"},{"catalog_number":"ACW0715460","name":"HYDRAULIC HOSE"},{"catalog_number":"ACW0713410","name":"BRACKET"},{"catalog_number":"ACW0711940","name":"KIT, ATTACHMENT"},{"catalog_number":"ACW0711930","name":"KIT, ATTACHMENT"},{"catalog_number":"ACW0710740","name":"COVER"},{"catalog_number":"ACW0710720","name":"BRACKET"},{"catalog_number":"ACW0710680","name":"RIGHT HAND MAST"},{"catalog_number":"ACW0710670","name":"LEFT HAND MAST"},{"catalog_number":"ACW0709490","name":"OIL PIPE"},{"catalog_number":"ACW0708170","name":"RIGHT HAND MAST"},{"catalog_number":"ACW0708140","name":"LEFT HAND MAST"},{"catalog_number":"ACW0703330","name":"HYDRAULIC HOSE"},{"catalog_number":"ACW0700940","name":"LEVER"},{"catalog_number":"ACW0700850","name":"SUPPORT"},{"catalog_number":"ACW0700630","name":"BELT GUIDE"},{"catalog_number":"ACW0697360","name":"IDLER ARM"},{"catalog_number":"ACW0697250","name":"BUSH"},{"catalog_number":"ACW0697220","name":"TENSIONER"},{"catalog_number":"ACW0696910","name":"CHAIN GUIDE"},{"catalog_number":"ACW0696590","name":"SEAL RETAINER"},{"catalog_number":"ACW0682460","name":"KIT, SERVICE"},{"catalog_number":"ACW0681020","name":"BEAM"},{"catalog_number":"ACW0681010","name":"BEAM"},{"catalog_number":"ACW0680970","name":"BEAM"},{"catalog_number":"ACW0680920","name":"BEAM"},{"catalog_number":"ACW0680760","name":"BEAM"},{"catalog_number":"ACW0680720","name":"BEAM"},{"catalog_number":"ACW0673780","name":"BEAM"},{"catalog_number":"ACW0673770","name":"BEAM"},{"catalog_number":"ACW0673680","name":"BEAM"},{"catalog_number":"ACW0673580","name":"BEAM"},{"catalog_number":"ACW0673550","name":"BEAM"},{"catalog_number":"ACW0673520","name":"BEAM"},{"catalog_number":"ACW0672150","name":"FLOOR"},{"catalog_number":"ACW0669890","name":"FLAT WASHER"},{"catalog_number":"ACW0669770","name":"TUBE"},{"catalog_number":"ACW0665470","name":"FRAME, LH"},{"catalog_number":"ACW0665390","name":"BEARING SUPPORT"},{"catalog_number":"ACW0665150","name":"SUPPORT PLATE"},{"catalog_number":"ACW0665140","name":"O-RING"},{"catalog_number":"ACW0665090","name":"HYDRAULIC HOSE"},{"catalog_number":"ACW0664150","name":"SPUR GEAR"},{"catalog_number":"ACW0653340","name":"LOCATOR"},{"catalog_number":"ACW0647650","name":"SEPARATOR PAN"},{"catalog_number":"ACW0647540","name":"FRAME"},{"catalog_number":"ACW0638980","name":"ACTUATOR BRACKET"},{"catalog_number":"ACW0638970","name":"ACTUATOR BRACKET"},{"catalog_number":"ACW0634820","name":"SHIM"},{"catalog_number":"ACW0634210","name":"WHEEL RIM"},{"catalog_number":"ACW0633260","name":"HEX HEAD BOLT"},{"catalog_number":"ACW0632980","name":"MOUNTING PLATE"},{"catalog_number":"ACW0632950","name":"MOUNTING PLATE"},{"catalog_number":"ACW0626860","name":"PLATE"},{"catalog_number":"ACW0610790","name":"BRACKET"},{"catalog_number":"ACW0608070","name":"PIPE"},{"catalog_number":"ACW0605250","name":"HARNESS"},{"catalog_number":"ACW0598550","name":"KIT, SERVICE"},{"catalog_number":"ACW059614A","name":"PTO"},{"catalog_number":"ACW059613A","name":"PTO"},{"catalog_number":"ACW059612A","name":"PTO"},{"catalog_number":"ACW059611A","name":"PTO"},{"catalog_number":"ACW0588590","name":"CRADLE"},{"catalog_number":"ACW0576590","name":"TUBE"},{"catalog_number":"ACW0576580","name":"TUBE"},{"catalog_number":"ACW0576570","name":"TUBE"},{"catalog_number":"ACW0576560","name":"TUBE"},{"catalog_number":"ACW057101C","name":"SERVICE KIT"},{"catalog_number":"ACW0565600","name":"SHEATH"},{"catalog_number":"ACW0564840","name":"STABILISER"},{"catalog_number":"ACW0559350","name":"SUPPORT"},{"catalog_number":"ACW0557990","name":"TUBE"},{"catalog_number":"ACW0556630","name":"CONTROL VALVE"},{"catalog_number":"ACW0551910","name":"COUPLER"},{"catalog_number":"ACW0551660","name":"MULTICOUPLING"},{"catalog_number":"ACW0551630","name":"COUPLER"},{"catalog_number":"ACW0549950","name":"BELT"},{"catalog_number":"ACW0549830","name":"BELT"},{"catalog_number":"ACW0546760","name":"KIT"},{"catalog_number":"ACW0543950","name":"FILTER ELEMENT"},{"catalog_number":"ACW0543940","name":"AIR FILTER"},{"catalog_number":"ACW0543470","name":"HANDLE GRIP"},{"catalog_number":"ACW0543140","name":"WHEEL RIM"},{"catalog_number":"ACW0542880","name":"SPACER"},{"catalog_number":"ACW0541650","name":"SKATE"},{"catalog_number":"ACW0541100","name":"GUM PROCTECTOR"},{"catalog_number":"ACW0534660","name":"UNION"},{"catalog_number":"ACW0534090","name":"HYDR. HOSE"},{"catalog_number":"ACW0533880","name":"HYDR. HOSE"},{"catalog_number":"ACW0532710","name":"CHAIN"},{"catalog_number":"ACW0532650","name":"REINFORCEMENT"},{"catalog_number":"ACW0532340","name":"FILTER"},{"catalog_number":"ACW0523200","name":"RELIEF VALVE"},{"catalog_number":"ACW0511030","name":"GASKET"},{"catalog_number":"ACW0506330","name":"DECAL"},{"catalog_number":"ACW0487170","name":"SUPPORT"},{"catalog_number":"ACW0476610","name":"UNION"},{"catalog_number":"ACW0464220","name":"HYDR. HOSE"},{"catalog_number":"ACW046164A","name":"LOCK KEY"},{"catalog_number":"ACW0461630","name":"LOCK KEY"},{"catalog_number":"ACW0458390","name":"HOSE GUIDE"},{"catalog_number":"ACW0456300","name":"AIR FITR.ELEMENT"},{"catalog_number":"ACW0456280","name":"AIR FILTER"},{"catalog_number":"ACW0454270","name":"AIR COMPRESSOR"},{"catalog_number":"ACW0449080","name":"AIR PIPE"},{"catalog_number":"ACW0449070","name":"AIR PIPE"},{"catalog_number":"ACW0448620","name":"AIR COMPRESSOR"},{"catalog_number":"ACW0448510","name":"AIR PIPE"},{"catalog_number":"ACW0448420","name":"PULLEY"},{"catalog_number":"ACW0448410","name":"COVER"},{"catalog_number":"ACW0448390","name":"SKATE"},{"catalog_number":"ACW0448370","name":"PLATE"},{"catalog_number":"ACW0448340","name":"SUPPORT"},{"catalog_number":"ACW0448280","name":"BELT TENSIONER"},{"catalog_number":"ACW0447840","name":"WASHER"},{"catalog_number":"ACW0447700","name":"SLIDE"},{"catalog_number":"ACW0447210","name":"DAMPER"},{"catalog_number":"ACW044616A","name":"SERVICE KIT"},{"catalog_number":"ACW0445850","name":"ELEVATOR CHAIN"},{"catalog_number":"ACW0445770","name":"STEERING PUMP"},{"catalog_number":"ACW0445750","name":"DISTRIBUTOR"},{"catalog_number":"ACW0445290","name":"CLADDING"},{"catalog_number":"ACW0445250","name":"CAB FRAME"},{"catalog_number":"ACW0444970","name":"SPACER"},{"catalog_number":"ACW0442720","name":"RUBBER SLEEVE"},{"catalog_number":"ACW0439760","name":"DECAL"},{"catalog_number":"ACW0439740","name":"DECAL"},{"catalog_number":"ACW0439560","name":"SWITCH"},{"catalog_number":"ACW0435740","name":"STEERING BOX"},{"catalog_number":"ACW0434550","name":"ACCESSORY CODE"},{"catalog_number":"ACW0431790","name":"SPACER"},{"catalog_number":"ACW0429790","name":"KIT, BRAKE"},{"catalog_number":"ACW0424430","name":"WASHER"},{"catalog_number":"ACW0424400","name":"SUPPORT"},{"catalog_number":"ACW0418800","name":"SENSOR PLATE"},{"catalog_number":"ACW041746B","name":"SERVICE KIT"},{"catalog_number":"ACW041742C","name":"SERVICE KIT"},{"catalog_number":"ACW0417110","name":"SUPPORT"},{"catalog_number":"ACW0412830","name":"SPACER"},{"catalog_number":"ACW0412770","name":"CAP"},{"catalog_number":"ACW0411910","name":"COVER BRACKET"},{"catalog_number":"ACW0411810","name":"ARM"},{"catalog_number":"ACW0410780","name":"BEARING SUPPORT"},{"catalog_number":"ACW0408460","name":"AIR PIPE"},{"catalog_number":"ACW0408050","name":"BRACKET"},{"catalog_number":"ACW040645A","name":"ENVELOPE"},{"catalog_number":"ACW0405530","name":"SHIELD"},{"catalog_number":"ACW0405400","name":"DIVIDER"},{"catalog_number":"ACW0405320","name":"TOP LOCK NUT"},{"catalog_number":"ACW0402970","name":"TUBE"},{"catalog_number":"ACW0402740","name":"ADAPTER"},{"catalog_number":"ACW0400670","name":"FRAME"},{"catalog_number":"ACW0400300","name":"SPRING"},{"catalog_number":"ACW0398730","name":"SEAL"},{"catalog_number":"ACW0397700","name":"INLET"},{"catalog_number":"ACW0394510","name":"SEAL"},{"catalog_number":"ACW0394490","name":"BRUSH"},{"catalog_number":"ACW0393200","name":"TUBE"},{"catalog_number":"ACW0391830","name":"HARNESS"},{"catalog_number":"ACW0391690","name":"HARNESS"},{"catalog_number":"ACW039166A","name":"HARNESS"},{"catalog_number":"ACW0390280","name":"ELEVATOR BODY"},{"catalog_number":"ACW0388390","name":"EXTENSION, LH"},{"catalog_number":"ACW0388380","name":"EXTENSION, RH"},{"catalog_number":"ACW0388280","name":"HOUSING"},{"catalog_number":"ACW0387730","name":"CONVEYOR SLAT"},{"catalog_number":"ACW0387680","name":"STRIKER GUIDE"},{"catalog_number":"ACW0387510","name":"SUPPORT"},{"catalog_number":"ACW0386660","name":"HYDR CYLINDER"},{"catalog_number":"ACW0383770","name":"BAR"},{"catalog_number":"ACW0372050","name":"CYLINDER"},{"catalog_number":"ACW0371990","name":"DAMPER"},{"catalog_number":"ACW0370790","name":"SENSOR COVER"},{"catalog_number":"ACW0370330","name":"HARNESS"},{"catalog_number":"ACW0367240","name":"SCRAPER"},{"catalog_number":"ACW0366960","name":"BELT"},{"catalog_number":"ACW0365430","name":"BELT"},{"catalog_number":"ACW0364980","name":"SUPPORT"}]}