{"machinery_brand_name":"Ag-Chem","parts":[{"catalog_number":"KU80500336","name":"SPLIT PIN"},{"catalog_number":"KU80500332","name":"SPLIT PIN"},{"catalog_number":"KU80500322","name":"SPLIT PIN"},{"catalog_number":"KU80500318","name":"SPLIT PIN"},{"catalog_number":"KU80500240","name":"SPLIT PIN"},{"catalog_number":"KU80500233","name":"SPLIT PIN"},{"catalog_number":"KU80500232","name":"SPLIT PIN"},{"catalog_number":"KU80500229","name":"SPLIT PIN"},{"catalog_number":"KU80500204","name":"SPLIT PIN"},{"catalog_number":"KU80475050","name":"TENSION BUSHING"},{"catalog_number":"KU80474025","name":"TENSION BUSHING"},{"catalog_number":"KU80473060","name":"TENSION BUSHING"},{"catalog_number":"KU80473022","name":"TENSION BUSHING"},{"catalog_number":"KU80473021","name":"TENSION BUSHING"},{"catalog_number":"KU80472835","name":"BUSH"},{"catalog_number":"KU80472825","name":"TENSION BUSHING"},{"catalog_number":"KU80472525","name":"TENSION BUSHING"},{"catalog_number":"KU80472228","name":"TENSION BUSHING"},{"catalog_number":"KU80471020","name":"PIN"},{"catalog_number":"KU80462450","name":"ROLL PIN"},{"catalog_number":"KU80462120","name":"ROLL PIN"},{"catalog_number":"KU80462080","name":"ROLL PIN"},{"catalog_number":"KU80462070","name":"ROLL PIN"},{"catalog_number":"KU80461614","name":"ROLL PIN"},{"catalog_number":"KU80461432","name":"ROLL PIN"},{"catalog_number":"KU80461314","name":"ROLL PIN"},{"catalog_number":"KU80461010","name":"ROLL PIN"},{"catalog_number":"KU80451825","name":"ROLL PIN"},{"catalog_number":"KU80451670","name":"ROLL PIN"},{"catalog_number":"KU80451655","name":"PART"},{"catalog_number":"KU80451470","name":"ROLL PIN"},{"catalog_number":"KU80451365","name":"ROLL PIN"},{"catalog_number":"KU80451362","name":"ROLL PIN"},{"catalog_number":"KU80451360","name":"ROLL PIN"},{"catalog_number":"KU80451355","name":"ROLL PIN"},{"catalog_number":"KU80451350","name":"ROLL PIN"},{"catalog_number":"KU80451345","name":"PIPE"},{"catalog_number":"KU80451335","name":"ROLL PIN"},{"catalog_number":"KU80451290","name":"ROLL PIN"},{"catalog_number":"KU80451280","name":"PIN"},{"catalog_number":"KU80451270","name":"PIN"},{"catalog_number":"KU80451265","name":"ROLL PIN"},{"catalog_number":"KU80451255","name":"PIN"},{"catalog_number":"KU80451250","name":"ROLL PIN"},{"catalog_number":"KU80451246","name":"ROLL PIN"},{"catalog_number":"KU80451230","name":"ROLL PIN"},{"catalog_number":"KU80451220","name":"ROLL PIN"},{"catalog_number":"KU80451216","name":"PIN"},{"catalog_number":"KU80451150","name":"ROLL PIN"},{"catalog_number":"KU80451080","name":"ROLL PIN"},{"catalog_number":"KU80451070","name":"ROLL PIN"},{"catalog_number":"KU80451067","name":"ROLL PIN"},{"catalog_number":"KU80451062","name":"ROLL PIN"},{"catalog_number":"KU80451061","name":"ROLL PIN"},{"catalog_number":"KU80451059","name":"LEDGE"},{"catalog_number":"KU80451058","name":"ROLL PIN"},{"catalog_number":"KU80451055","name":"ROLL PIN"},{"catalog_number":"KU80451050","name":"PIN"},{"catalog_number":"KU80451046","name":"ROLL PIN"},{"catalog_number":"KU80451040","name":"ROLL PIN"},{"catalog_number":"KU80451035","name":"ROLL PIN"},{"catalog_number":"KU80451030","name":"ROLL PIN"},{"catalog_number":"KU80451025","name":"ROLL PIN"},{"catalog_number":"KU80451020","name":"ROLL PIN"},{"catalog_number":"KU80450959","name":"ROLL PIN"},{"catalog_number":"KU80450950","name":"ROLL PIN"},{"catalog_number":"KU80450940","name":"PIPE"},{"catalog_number":"KU80450863","name":"ROLL PIN"},{"catalog_number":"KU80450862","name":"ROLL PIN"},{"catalog_number":"KU80450861","name":"PIN"},{"catalog_number":"KU80450860","name":"PIPE"},{"catalog_number":"KU80450859","name":"ROLL PIN"},{"catalog_number":"KU80450856","name":"ROLL PIN"},{"catalog_number":"KU80450855","name":"PIN"},{"catalog_number":"KU80450845","name":"PIN"},{"catalog_number":"KU80450841","name":"PIN"},{"catalog_number":"KU80450840","name":"PIN"},{"catalog_number":"KU80450836","name":"ROLL PIN"},{"catalog_number":"KU80450830","name":"PIN"},{"catalog_number":"KU80450828","name":"ROLL PIN"},{"catalog_number":"KU80450825","name":"ROLL PIN"},{"catalog_number":"KU80450820","name":"ROLL PIN"},{"catalog_number":"KU80450780","name":"PIN"},{"catalog_number":"KU80450770","name":"PIN"},{"catalog_number":"KU80450765","name":"ROLL PIN"},{"catalog_number":"KU80450752","name":"PIN"},{"catalog_number":"KU80450750","name":"ROLL PIN"},{"catalog_number":"KU80450745","name":"PIN"},{"catalog_number":"KU80450740","name":"ROLL PIN"},{"catalog_number":"KU80450730","name":"PIN"},{"catalog_number":"KU80450725","name":"ROLL PIN"},{"catalog_number":"KU80450720","name":"ROLL PIN"},{"catalog_number":"KU80450690","name":"ROLL PIN"},{"catalog_number":"KU80450669","name":"ROLL PIN"},{"catalog_number":"KU80450666","name":"ROLL PIN"},{"catalog_number":"KU80450665","name":"SPLINT"},{"catalog_number":"KU80450660","name":"ROLL PIN"},{"catalog_number":"KU80450655","name":"ROLL PIN"},{"catalog_number":"KU80450650","name":"PIN"},{"catalog_number":"KU80450645","name":"PIN"},{"catalog_number":"KU80450641","name":"ROLL PIN"},{"catalog_number":"KU80450625","name":"ROLL PIN"},{"catalog_number":"KU80450620","name":"ROLL PIN"},{"catalog_number":"KU80450562","name":"ROLL PIN"},{"catalog_number":"KU80450560","name":"ROLL PIN"},{"catalog_number":"KU80450558","name":"ROLL PIN"},{"catalog_number":"KU80450555","name":"PIPE"},{"catalog_number":"KU80450550","name":"ROLL PIN"},{"catalog_number":"KU80450546","name":"PIN"},{"catalog_number":"KU80450540","name":"PIN"},{"catalog_number":"KU80450535","name":"ROLL PIN"},{"catalog_number":"KU80450530","name":"PIN"},{"catalog_number":"KU80450528","name":"ROLL PIN"},{"catalog_number":"KU80450525","name":"ROLL PIN"},{"catalog_number":"KU80450524","name":"ROLL PIN"},{"catalog_number":"KU80450522","name":"ROLL PIN"},{"catalog_number":"KU80450521","name":"ROLL PIN"},{"catalog_number":"KU80450520","name":"ROLL PIN"},{"catalog_number":"KU80450515","name":"ROLL PIN"},{"catalog_number":"KU80450440","name":"ROLL PIN"},{"catalog_number":"KU80450431","name":"ROLL PIN"},{"catalog_number":"KU80450425","name":"ROLL PIN"},{"catalog_number":"KU80450424","name":"ROLL PIN"},{"catalog_number":"KU80450420","name":"ROLL PIN"},{"catalog_number":"KU80450408","name":"ROLL PIN"},{"catalog_number":"KU80450341","name":"ROLL PIN"},{"catalog_number":"KU80450340","name":"ROLL PIN"},{"catalog_number":"KU80450337","name":"ROLL PIN"},{"catalog_number":"KU80450328","name":"ROLL PIN"},{"catalog_number":"KU80450325","name":"ROLL PIN"},{"catalog_number":"KU80450321","name":"PIN"},{"catalog_number":"KU80450320","name":"ROLL PIN"},{"catalog_number":"KU80450316","name":"ROLL PIN"},{"catalog_number":"KU80450314","name":"ROLL PIN"},{"catalog_number":"KU80450220","name":"PIN"},{"catalog_number":"KU80440860","name":"PIN"},{"catalog_number":"KU80370610","name":"RIVET"},{"catalog_number":"KU80370608","name":"RIVET"},{"catalog_number":"KU80370515","name":"TUBULAR NUT"},{"catalog_number":"KU80370511","name":"RIVET"},{"catalog_number":"KU80370508","name":"RIVET"},{"catalog_number":"KU80370415","name":"RIVET"},{"catalog_number":"KU80370414","name":"RIVET"},{"catalog_number":"KU80370410","name":"RIVET"},{"catalog_number":"KU80370408","name":"RIVET"},{"catalog_number":"KU80370407","name":"RIVET"},{"catalog_number":"KU80370402","name":"RIVET"},{"catalog_number":"KU80370331","name":"RIVET"},{"catalog_number":"KU80370313","name":"RIVET"},{"catalog_number":"KU80370308","name":"TUBULAR NUT"},{"catalog_number":"KU80370000","name":"PART"},{"catalog_number":"KU80350625","name":"RIVET"},{"catalog_number":"KU80350622","name":"RIVET"},{"catalog_number":"KU80350514","name":"RIVET"},{"catalog_number":"KU80350506","name":"RIVET"},{"catalog_number":"KU80350504","name":"RIVET"},{"catalog_number":"KU80350501","name":"RIVET"},{"catalog_number":"KU80320852","name":"RIVET"},{"catalog_number":"KU80320827","name":"RIVET"},{"catalog_number":"KU80320825","name":"RIVET"},{"catalog_number":"KU80320625","name":"RIVET"},{"catalog_number":"KU80320618","name":"RIVET"},{"catalog_number":"KU80320616","name":"RIVET"},{"catalog_number":"KU80320420","name":"RIVET"},{"catalog_number":"KU80320416","name":"RIVET"},{"catalog_number":"KU80320408","name":"RIVET"},{"catalog_number":"KU80299015","name":"TAB WASHER"},{"catalog_number":"KU80299010","name":"TAB WASHER"},{"catalog_number":"KU80294020","name":"LOCK WASHER"},{"catalog_number":"KU80293020","name":"TAB WASHER"},{"catalog_number":"KU80292020","name":"TAB WASHER"},{"catalog_number":"KU80291400","name":"TAB WASHER"},{"catalog_number":"KU80291201","name":"TAB WASHER"},{"catalog_number":"KU80291200","name":"TAB WASHER"},{"catalog_number":"KU80283500","name":"SPRING WASHER"},{"catalog_number":"KU80283000","name":"SPRING WASHER"},{"catalog_number":"KU80282500","name":"DISC SPRING"},{"catalog_number":"KU80282125","name":"SPRING WASHER"},{"catalog_number":"KU80282045","name":"RING"},{"catalog_number":"KU80282031","name":"SPRING WASHER"},{"catalog_number":"KU80282008","name":"DISC SPRING"},{"catalog_number":"KU80282006","name":"SPRING WASHER"},{"catalog_number":"KU80282005","name":"WASHER"},{"catalog_number":"KU80282003","name":"DISC SPRING"},{"catalog_number":"KU80281927","name":"SPRING WASHER"},{"catalog_number":"KU80281812","name":"WASHER"},{"catalog_number":"KU80281811","name":"SPRING WASHER"},{"catalog_number":"KU80281809","name":"SPRING WASHER"},{"catalog_number":"KU80281639","name":"SPRING WASHER"},{"catalog_number":"KU80281620","name":"SPRING"},{"catalog_number":"KU80281608","name":"DISC SPRING"},{"catalog_number":"KU80281605","name":"SPRING"},{"catalog_number":"KU80281600","name":"RING"},{"catalog_number":"KU80281451","name":"SPRING WASHER"},{"catalog_number":"KU80281450","name":"SPRING WASHER"},{"catalog_number":"KU80281420","name":"SPRING WASHER"},{"catalog_number":"KU80281414","name":"SPRING WASHER"},{"catalog_number":"KU80281260","name":"WASHER"},{"catalog_number":"KU80281254","name":"RING"},{"catalog_number":"KU80281252","name":"RING"},{"catalog_number":"KU80281251","name":"WASHER"},{"catalog_number":"KU80281250","name":"RING"},{"catalog_number":"KU80281230","name":"SPRING WASHER"},{"catalog_number":"KU80281220","name":"SPRING WASHER"},{"catalog_number":"KU80281051","name":"SPRING"},{"catalog_number":"KU80281020","name":"SPRING WASHER"},{"catalog_number":"KU80281004","name":"WASHER"},{"catalog_number":"KU80280851","name":"SPRING WASHER"},{"catalog_number":"KU80280831","name":"SPRING WASHER"},{"catalog_number":"KU80280820","name":"WASHER"},{"catalog_number":"KU80280810","name":"DISC SPRING"},{"catalog_number":"KU80272480","name":"LOCK WASHER"},{"catalog_number":"KU80272280","name":"LOCK WASHER"},{"catalog_number":"KU80272080","name":"LOCK WASHER"},{"catalog_number":"KU80272000","name":"LOCK WASHER"},{"catalog_number":"KU80271700","name":"LOCK WASHER"},{"catalog_number":"KU80271680","name":"LOCK WASHER"},{"catalog_number":"KU80271600","name":"LOCK WASHER"},{"catalog_number":"KU80271401","name":"LOCK WASHER"},{"catalog_number":"KU80271400","name":"LOCK WASHER"},{"catalog_number":"KU80271284","name":"LOCK WASHER"},{"catalog_number":"KU80271280","name":"LOCK WASHER"},{"catalog_number":"KU80271246","name":"BOLT"},{"catalog_number":"KU80271245","name":"BOLT"},{"catalog_number":"KU80271201","name":"LOCK WASHER"},{"catalog_number":"KU80271200","name":"WASHER"},{"catalog_number":"KU80271084","name":"LOCK WASHER"},{"catalog_number":"KU80271075","name":"LOCK WASHER"},{"catalog_number":"KU80271045","name":"BOLT"},{"catalog_number":"KU80271001","name":"LOCK WASHER"},{"catalog_number":"KU80271000","name":"LOCK WASHER"},{"catalog_number":"KU80270801","name":"LOCK WASHER"},{"catalog_number":"KU80270800","name":"LOCK WASHER"},{"catalog_number":"KU80270680","name":"LOCK WASHER"},{"catalog_number":"KU80270600","name":"LOCK WASHER"},{"catalog_number":"KU80262844","name":"WASHER"},{"catalog_number":"KU80259716","name":"SHIM"},{"catalog_number":"KU80259715","name":"SHIM"},{"catalog_number":"KU80259714","name":"SHIM"},{"catalog_number":"KU80259713","name":"SHIM"},{"catalog_number":"KU80259571","name":"SHIM"},{"catalog_number":"KU80259570","name":"SHIM"},{"catalog_number":"KU80259077","name":"RING"},{"catalog_number":"KU80259072","name":"SHIM"},{"catalog_number":"KU80259071","name":"SHIM"},{"catalog_number":"KU80259070","name":"SHIM"},{"catalog_number":"KU80258089","name":"WASHER"},{"catalog_number":"KU80258088","name":"WASHER"},{"catalog_number":"KU80258075","name":"RING"},{"catalog_number":"KU80258072","name":"SHIM"},{"catalog_number":"KU80258071","name":"SHIM"},{"catalog_number":"KU80258070","name":"SHIM"},{"catalog_number":"KU80257510","name":"SHIM"},{"catalog_number":"KU80257509","name":"SHIM"},{"catalog_number":"KU80257508","name":"SHIM"},{"catalog_number":"KU80257078","name":"RING"},{"catalog_number":"KU80257075","name":"SHIM"},{"catalog_number":"KU80257073","name":"SHIM"},{"catalog_number":"KU80257071","name":"SHIM"},{"catalog_number":"KU80257070","name":"SHIM"},{"catalog_number":"KU80257065","name":"WASHER"},{"catalog_number":"KU80257059","name":"RING"},{"catalog_number":"KU80257055","name":"SHIM"},{"catalog_number":"KU80256570","name":"DISC"},{"catalog_number":"KU80256567","name":"SHIM"},{"catalog_number":"KU80256566","name":"DISC"},{"catalog_number":"KU80256565","name":"DISC"},{"catalog_number":"KU80256380","name":"RING"},{"catalog_number":"KU80256372","name":"SHIM"},{"catalog_number":"KU80256371","name":"SHIM"},{"catalog_number":"KU80256370","name":"RING"},{"catalog_number":"KU80256074","name":"WASHER"},{"catalog_number":"KU80256072","name":"SHIM"},{"catalog_number":"KU80256070","name":"SHIM"},{"catalog_number":"KU80255677","name":"RING"},{"catalog_number":"KU80255672","name":"SHIM"},{"catalog_number":"KU80255671","name":"RING"},{"catalog_number":"KU80255670","name":"RING"},{"catalog_number":"KU80255568","name":"RING"},{"catalog_number":"KU80255072","name":"SHIM"},{"catalog_number":"KU80255071","name":"RING"},{"catalog_number":"KU80255070","name":"SHIM"},{"catalog_number":"KU80255068","name":"SHIM"},{"catalog_number":"KU80255067","name":"SHIM"},{"catalog_number":"KU80255062","name":"SHIM"},{"catalog_number":"KU80254767","name":"WASHER"},{"catalog_number":"KU80254585","name":"WASHER"},{"catalog_number":"KU80254559","name":"WASHER"},{"catalog_number":"KU80254556","name":"SHIM"},{"catalog_number":"KU80254554","name":"SHIM"},{"catalog_number":"KU80254552","name":"RING"},{"catalog_number":"KU80254551","name":"RING"},{"catalog_number":"KU80254550","name":"RING"},{"catalog_number":"KU80254255","name":"SHIM"},{"catalog_number":"KU80254254","name":"SHIM"},{"catalog_number":"KU80254253","name":"SHIM"},{"catalog_number":"KU80254252","name":"SHIM"},{"catalog_number":"KU80254161","name":"WASHER"},{"catalog_number":"KU80254059","name":"WASHER"},{"catalog_number":"KU80254058","name":"RING"},{"catalog_number":"KU80254057","name":"RING"},{"catalog_number":"KU80254055","name":"WASHER"},{"catalog_number":"KU80254054","name":"SHIM"},{"catalog_number":"KU80254043","name":"RING"},{"catalog_number":"KU80254042","name":"SHIM"},{"catalog_number":"KU80254041","name":"RING"},{"catalog_number":"KU80254040","name":"RING"},{"catalog_number":"KU80253975","name":"WASHER"},{"catalog_number":"KU80253573","name":"WASHER"},{"catalog_number":"KU80253572","name":"WASHER"},{"catalog_number":"KU80253570","name":"WASHER"},{"catalog_number":"KU80253556","name":"WASHER"},{"catalog_number":"KU80253554","name":"SCREW"},{"catalog_number":"KU80253551","name":"WASHER"},{"catalog_number":"KU80253549","name":"RING"},{"catalog_number":"KU80253547","name":"RING"},{"catalog_number":"KU80253546","name":"RING"},{"catalog_number":"KU80253545","name":"SHIM"},{"catalog_number":"KU80253544","name":"SHIM"},{"catalog_number":"KU80253543","name":"SHIM"},{"catalog_number":"KU80253538","name":"WASHER"},{"catalog_number":"KU80253537","name":"WASHER"},{"catalog_number":"KU80253536","name":"WASHER"},{"catalog_number":"KU80253535","name":"SHIM"},{"catalog_number":"KU80253388","name":"WASHER"},{"catalog_number":"KU80253339","name":"WASHER"},{"catalog_number":"KU80253248","name":"WASHER"},{"catalog_number":"KU80253245","name":"WASHER"},{"catalog_number":"KU80253244","name":"WASHER"},{"catalog_number":"KU80253150","name":"WASHER"},{"catalog_number":"KU80253145","name":"WASHER"},{"catalog_number":"KU80253060","name":"WASHER"},{"catalog_number":"KU80253059","name":"WASHER"},{"catalog_number":"KU80253049","name":"WASHER"},{"catalog_number":"KU80253048","name":"WASHER"},{"catalog_number":"KU80253047","name":"WASHER"},{"catalog_number":"KU80253046","name":"WASHER"},{"catalog_number":"KU80253045","name":"WASHER"},{"catalog_number":"KU80253044","name":"SHIM"},{"catalog_number":"KU80253043","name":"SHIM"},{"catalog_number":"KU80253042","name":"RING"},{"catalog_number":"KU80253041","name":"WASHER"},{"catalog_number":"KU80253040","name":"WASHER"},{"catalog_number":"KU80253039","name":"WASHER"},{"catalog_number":"KU80253008","name":"WASHER"},{"catalog_number":"KU80253006","name":"WASHER"},{"catalog_number":"KU80253005","name":"WASHER"},{"catalog_number":"KU80253003","name":"RING"},{"catalog_number":"KU80253000","name":"WASHER"},{"catalog_number":"KU80252845","name":"WASHER"},{"catalog_number":"KU80252758","name":"WASHER"},{"catalog_number":"KU80252645","name":"WASHER"},{"catalog_number":"KU80252640","name":"WASHER"},{"catalog_number":"KU80252637","name":"RING"},{"catalog_number":"KU80252550","name":"WASHER"},{"catalog_number":"KU80252547","name":"WASHER"},{"catalog_number":"KU80252545","name":"WASHER"},{"catalog_number":"KU80252541","name":"WASHER"},{"catalog_number":"KU80252540","name":"WASHER"},{"catalog_number":"KU80252539","name":"WASHER"},{"catalog_number":"KU80252538","name":"RING"},{"catalog_number":"KU80252536","name":"RING"},{"catalog_number":"KU80252535","name":"WASHER"},{"catalog_number":"KU80252534","name":"WASHER"},{"catalog_number":"KU80252533","name":"SHIM"},{"catalog_number":"KU80252532","name":"SHIM"},{"catalog_number":"KU80252531","name":"SHIM"},{"catalog_number":"KU80252352","name":"WASHER"},{"catalog_number":"KU80252345","name":"WASHER"},{"catalog_number":"KU80252341","name":"WASHER"},{"catalog_number":"KU80252336","name":"DISC"},{"catalog_number":"KU80252240","name":"BOLT"},{"catalog_number":"KU80252230","name":"WASHER"},{"catalog_number":"KU80252133","name":"WASHER"},{"catalog_number":"KU80252046","name":"WASHER"},{"catalog_number":"KU80252045","name":"WASHER"},{"catalog_number":"KU80252040","name":"PART"},{"catalog_number":"KU80252030","name":"WASHER"},{"catalog_number":"KU80251930","name":"WASHER"},{"catalog_number":"KU80251831","name":"WASHER"},{"catalog_number":"KU80251740","name":"WASHER"},{"catalog_number":"KU80251733","name":"WASHER"},{"catalog_number":"KU80251729","name":"WASHER"},{"catalog_number":"KU80251728","name":"WASHER"},{"catalog_number":"KU80251725","name":"SHIM"},{"catalog_number":"KU80251724","name":"SHIM"},{"catalog_number":"KU80251640","name":"WASHER"},{"catalog_number":"KU80251636","name":"WASHER"},{"catalog_number":"KU80251635","name":"WASHER"},{"catalog_number":"KU80251633","name":"WASHER"},{"catalog_number":"KU80251631","name":"WASHER"},{"catalog_number":"KU80251630","name":"WASHER"},{"catalog_number":"KU80251625","name":"WASHER"},{"catalog_number":"KU80251532","name":"WASHER"},{"catalog_number":"KU80251531","name":"WASHER"},{"catalog_number":"KU80251526","name":"WASHER"},{"catalog_number":"KU80251525","name":"WASHER"},{"catalog_number":"KU80251435","name":"RING"},{"catalog_number":"KU80251427","name":"WASHER"},{"catalog_number":"KU80251345","name":"WASHER"},{"catalog_number":"KU80251340","name":"RING"},{"catalog_number":"KU80251339","name":"WASHER"},{"catalog_number":"KU80251338","name":"WASHER"},{"catalog_number":"KU80251337","name":"WASHER"},{"catalog_number":"KU80251336","name":"WASHER"},{"catalog_number":"KU80251335","name":"WASHER"},{"catalog_number":"KU80251332","name":"WASHER"},{"catalog_number":"KU80251331","name":"WASHER"},{"catalog_number":"KU80251330","name":"WASHER"},{"catalog_number":"KU80251329","name":"WASHER"},{"catalog_number":"KU80251324","name":"WASHER"},{"catalog_number":"KU80251232","name":"WASHER"},{"catalog_number":"KU80251230","name":"WASHER"},{"catalog_number":"KU80251225","name":"WASHER"},{"catalog_number":"KU80251176","name":"RING"},{"catalog_number":"KU80251130","name":"RING"},{"catalog_number":"KU80251127","name":"WASHER"},{"catalog_number":"KU80251124","name":"WASHER"},{"catalog_number":"KU80251036","name":"WASHER"},{"catalog_number":"KU80251032","name":"WASHER"},{"catalog_number":"KU80251028","name":"WASHER"},{"catalog_number":"KU80251021","name":"RING"},{"catalog_number":"KU80250970","name":"WASHER"},{"catalog_number":"KU80250917","name":"WASHER"},{"catalog_number":"KU80250830","name":"WASHER"},{"catalog_number":"KU80250823","name":"WASHER"},{"catalog_number":"KU80250613","name":"WASHER"},{"catalog_number":"KU80250612","name":"WASHER"},{"catalog_number":"KU80250611","name":"WASHER"},{"catalog_number":"KU80250510","name":"WASHER"},{"catalog_number":"KU80250408","name":"WASHER"},{"catalog_number":"KU80250031","name":"RING"},{"catalog_number":"KU80250030","name":"RING"},{"catalog_number":"KU80250025","name":"RING"},{"catalog_number":"KU80250020","name":"RING"},{"catalog_number":"KU80250017","name":"SHIM"},{"catalog_number":"KU80250016","name":"WASHER"},{"catalog_number":"KU80250015","name":"RING"},{"catalog_number":"KU80250014","name":"RING"},{"catalog_number":"KU80250013","name":"RING"},{"catalog_number":"KU80250010","name":"WASHER"},{"catalog_number":"KU80250009","name":"RING"},{"catalog_number":"KU80250006","name":"SHIM"},{"catalog_number":"KU80250005","name":"SHIM"},{"catalog_number":"KU80250004","name":"SHIM"},{"catalog_number":"KU80221202","name":"NUT"},{"catalog_number":"KU80221201","name":"NUT"},{"catalog_number":"KU80221200","name":"NUT"},{"catalog_number":"KU80221102","name":"NUT"},{"catalog_number":"KU80221000","name":"EYE BOLT"},{"catalog_number":"KU80209015","name":"NUT"},{"catalog_number":"KU80209010","name":"NUT"},{"catalog_number":"KU80206564","name":"NUT"},{"catalog_number":"KU80205519","name":"NUT"},{"catalog_number":"KU80205064","name":"NUT"},{"catalog_number":"KU80205019","name":"NUT"},{"catalog_number":"KU80205018","name":"NUT"},{"catalog_number":"KU80204519","name":"NUT"},{"catalog_number":"KU80204063","name":"LOCK"},{"catalog_number":"KU80204018","name":"NUT"},{"catalog_number":"KU80203819","name":"NUT"},{"catalog_number":"KU80203566","name":"NUT"},{"catalog_number":"KU80203565","name":"NUT"},{"catalog_number":"KU80203518","name":"NUT"},{"catalog_number":"KU80203065","name":"NUT"},{"catalog_number":"KU80203018","name":"NUT"},{"catalog_number":"KU80203001","name":"NUT"},{"catalog_number":"KU80202482","name":"NUT"},{"catalog_number":"KU80202475","name":"NUT"},{"catalog_number":"KU80202441","name":"NUT"},{"catalog_number":"KU80202417","name":"CASTLE NUT"},{"catalog_number":"KU80202404","name":"NUT"},{"catalog_number":"KU80202402","name":"NUT"},{"catalog_number":"KU80202400","name":"NUT"},{"catalog_number":"KU80202240","name":"NUT"},{"catalog_number":"KU80202230","name":"NUT"},{"catalog_number":"KU80202201","name":"NUT"},{"catalog_number":"KU80202200","name":"NUT"},{"catalog_number":"KU80202070","name":"NUT"},{"catalog_number":"KU80202048","name":"NUT"},{"catalog_number":"KU80202040","name":"NUT"},{"catalog_number":"KU80202030","name":"NUT"},{"catalog_number":"KU80202018","name":"NUT"},{"catalog_number":"KU80202015","name":"CASTLE NUT"},{"catalog_number":"KU80202005","name":"NUT"},{"catalog_number":"KU80202001","name":"NUT"},{"catalog_number":"KU80202000","name":"NUT"},{"catalog_number":"KU80201865","name":"NUT"},{"catalog_number":"KU80201847","name":"NUT"},{"catalog_number":"KU80201837","name":"NUT"},{"catalog_number":"KU80201804","name":"NUT"},{"catalog_number":"KU80201801","name":"NUT"},{"catalog_number":"KU80201800","name":"NUT"},{"catalog_number":"KU80201670","name":"NUT"},{"catalog_number":"KU80201669","name":"NUT"},{"catalog_number":"KU80201662","name":"LOCK"},{"catalog_number":"KU80201652","name":"PART"},{"catalog_number":"KU80201647","name":"NUT"},{"catalog_number":"KU80201641","name":"NUT"},{"catalog_number":"KU80201640","name":"NUT"},{"catalog_number":"KU80201630","name":"NUT"},{"catalog_number":"KU80201621","name":"BLIND NUT"},{"catalog_number":"KU80201615","name":"CASTLE NUT"},{"catalog_number":"KU80201613","name":"NUT"},{"catalog_number":"KU80201607","name":"NUT"},{"catalog_number":"KU80201606","name":"NUT"},{"catalog_number":"KU80201605","name":"NUT"},{"catalog_number":"KU80201604","name":"NUT"},{"catalog_number":"KU80201601","name":"NUT"},{"catalog_number":"KU80201470","name":"NUT"},{"catalog_number":"KU80201451","name":"PART"},{"catalog_number":"KU80201447","name":"NUT"},{"catalog_number":"KU80201440","name":"NUT"},{"catalog_number":"KU80201432","name":"NUT"},{"catalog_number":"KU80201430","name":"NUT"},{"catalog_number":"KU80201404","name":"NUT"},{"catalog_number":"KU80201401","name":"NUT"},{"catalog_number":"KU80201400","name":"NUT"},{"catalog_number":"KU80201291","name":"NUT"},{"catalog_number":"KU80201290","name":"NUT"},{"catalog_number":"KU80201271","name":"NUT"},{"catalog_number":"KU80201270","name":"NUT"},{"catalog_number":"KU80201269","name":"NUT"},{"catalog_number":"KU80201265","name":"NUT"},{"catalog_number":"KU80201262","name":"NUT"},{"catalog_number":"KU80201260","name":"FLANGE"},{"catalog_number":"KU80201248","name":"NUT"},{"catalog_number":"KU80201241","name":"NUT"},{"catalog_number":"KU80201240","name":"NUT"},{"catalog_number":"KU80201237","name":"NUT"},{"catalog_number":"KU80201230","name":"NUT"},{"catalog_number":"KU80201213","name":"NUT"},{"catalog_number":"KU80201201","name":"NUT"},{"catalog_number":"KU80201200","name":"NUT"},{"catalog_number":"KU80201091","name":"NUT"},{"catalog_number":"KU80201090","name":"NUT"},{"catalog_number":"KU80201080","name":"NUT"},{"catalog_number":"KU80201070","name":"NUT"},{"catalog_number":"KU80201062","name":"NUT"},{"catalog_number":"KU80201057","name":"NUT"},{"catalog_number":"KU80201056","name":"LOCK"},{"catalog_number":"KU80201055","name":"NUT"},{"catalog_number":"KU80201053","name":"NUT"},{"catalog_number":"KU80201051","name":"NUT"},{"catalog_number":"KU80201040","name":"NUT"},{"catalog_number":"KU80201030","name":"NUT"},{"catalog_number":"KU80201027","name":"NUT"},{"catalog_number":"KU80201015","name":"CASTLE NUT"},{"catalog_number":"KU80201013","name":"NUT"},{"catalog_number":"KU80201001","name":"NUT"},{"catalog_number":"KU80201000","name":"NUT"},{"catalog_number":"KU80200891","name":"NUT"},{"catalog_number":"KU80200890","name":"NUT"},{"catalog_number":"KU80200870","name":"NUT"},{"catalog_number":"KU80200856","name":"NUT"},{"catalog_number":"KU80200855","name":"NUT"},{"catalog_number":"KU80200851","name":"PART"},{"catalog_number":"KU80200840","name":"NUT"},{"catalog_number":"KU80200830","name":"NUT"},{"catalog_number":"KU80200827","name":"NUT"},{"catalog_number":"KU80200815","name":"CASTLE NUT"},{"catalog_number":"KU80200813","name":"NUT"},{"catalog_number":"KU80200801","name":"NUT"},{"catalog_number":"KU80200800","name":"NUT"},{"catalog_number":"KU80200656","name":"NUT"},{"catalog_number":"KU80200630","name":"NUT"},{"catalog_number":"KU80200600","name":"NUT"},{"catalog_number":"KU80200540","name":"NUT"},{"catalog_number":"KU80200455","name":"NUT"},{"catalog_number":"KU80200330","name":"NUT"},{"catalog_number":"KU80190820","name":"SCREW"},{"catalog_number":"KU80190412","name":"BOLT"},{"catalog_number":"KU80161564","name":"SCREW"},{"catalog_number":"KU80161235","name":"BOLT"},{"catalog_number":"KU80161137","name":"SCREW"},{"catalog_number":"KU80161132","name":"SCREW"},{"catalog_number":"KU80152060","name":"SCREW"},{"catalog_number":"KU80151220","name":"HEX CAP SCREW"},{"catalog_number":"KU80151040","name":"SETSCREW"},{"catalog_number":"KU80151021","name":"SCREW"},{"catalog_number":"KU80151020","name":"SCREW"},{"catalog_number":"KU80150810","name":"SCREW"},{"catalog_number":"KU80141645","name":"SETSCREW"},{"catalog_number":"KU80141430","name":"SETSCREW"},{"catalog_number":"KU80141235","name":"SETSCREW"},{"catalog_number":"KU80141031","name":"KIT, SCREW"},{"catalog_number":"KU80141017","name":"KIT, SCREW"},{"catalog_number":"KU80141015","name":"KIT, SCREW"},{"catalog_number":"KU80141012","name":"KIT, SCREW"},{"catalog_number":"KU80140815","name":"KIT, SCREW"},{"catalog_number":"KU80140810","name":"KIT, SCREW"},{"catalog_number":"KU80140408","name":"KIT, SCREW"},{"catalog_number":"KU80131696","name":"PART"},{"catalog_number":"KU80131670","name":"PART"},{"catalog_number":"KU80131655","name":"SCREW"},{"catalog_number":"KU80131650","name":"SCREW"},{"catalog_number":"KU80131640","name":"PART"},{"catalog_number":"KU80131636","name":"PART"},{"catalog_number":"KU80131635","name":"PART"},{"catalog_number":"KU80131631","name":"PART"}]}