{"machinery_brand_name":"Ag-Chem","parts":[{"catalog_number":"S0813854","name":"PARTS BOOK"},{"catalog_number":"S0813853","name":"PARTS BOOK"},{"catalog_number":"S0813852","name":"PARTS BOOK"},{"catalog_number":"S0813842","name":"BOOKLET"},{"catalog_number":"S0813841","name":"BOOKLET"},{"catalog_number":"S0813838","name":"INSTRUCTION BOOK"},{"catalog_number":"S0813836","name":"WORKSHOP MANUAL."},{"catalog_number":"S0813835","name":"WORKSHOP MANUAL."},{"catalog_number":"S0813834","name":"WORKSHOP MANUAL."},{"catalog_number":"S0813831","name":"BOOKLET"},{"catalog_number":"S0813829","name":"DECAL"},{"catalog_number":"S0813828","name":"DECAL"},{"catalog_number":"S0813827","name":"TRANSFER"},{"catalog_number":"S0813826","name":"TRANSFER"},{"catalog_number":"S0813818","name":"TRANSFER"},{"catalog_number":"S0813817","name":"TRANSFER"},{"catalog_number":"S0813811","name":"DECAL"},{"catalog_number":"S0813810","name":"DECAL"},{"catalog_number":"S0813809","name":"DECAL"},{"catalog_number":"S0813808","name":"DECAL"},{"catalog_number":"S0813807","name":"DECAL"},{"catalog_number":"S0813806","name":"DECAL"},{"catalog_number":"S0813805","name":"TRANSFER"},{"catalog_number":"S0813804","name":"DECAL"},{"catalog_number":"S0813803","name":"DECAL"},{"catalog_number":"S0813800","name":"INSTRUCTION BOOK"},{"catalog_number":"S0813799","name":"TRANSFER"},{"catalog_number":"S0813797","name":"DECAL"},{"catalog_number":"S0813796","name":"DECAL"},{"catalog_number":"S0813795","name":"DECAL"},{"catalog_number":"S0813794","name":"DECAL"},{"catalog_number":"S0813793","name":"DECAL"},{"catalog_number":"S0813792","name":"DECAL"},{"catalog_number":"S0813791","name":"DECAL"},{"catalog_number":"S0813790","name":"DECAL"},{"catalog_number":"S0813789","name":"DECAL"},{"catalog_number":"S0813786","name":"DECAL"},{"catalog_number":"S0813783","name":"DECAL"},{"catalog_number":"S0813782","name":"DECAL"},{"catalog_number":"S0813781","name":"DECAL"},{"catalog_number":"S0813777","name":"TRANSFER"},{"catalog_number":"S0813764","name":"DECAL"},{"catalog_number":"S0813763","name":"LUBRICANT"},{"catalog_number":"S0813762","name":"LUBRICANT"},{"catalog_number":"S0813761","name":"DECAL"},{"catalog_number":"S0813760","name":"DECAL"},{"catalog_number":"S0813757","name":"DECAL"},{"catalog_number":"S0813748","name":"DECAL"},{"catalog_number":"S0813746","name":"DECAL"},{"catalog_number":"S0813741","name":"DECAL"},{"catalog_number":"S0813740","name":"DECAL"},{"catalog_number":"S0813738","name":"DECAL"},{"catalog_number":"S0813737","name":"DECAL"},{"catalog_number":"S0813736","name":"DECAL"},{"catalog_number":"S0813735","name":"DECAL"},{"catalog_number":"S0813734","name":"DECAL"},{"catalog_number":"S0813733","name":"TRANSFER"},{"catalog_number":"S0813727","name":"DECAL"},{"catalog_number":"S0813720","name":"DECAL"},{"catalog_number":"S0813714","name":"DECAL"},{"catalog_number":"S0813713","name":"DECAL"},{"catalog_number":"S0813712","name":"DECAL"},{"catalog_number":"S0813706","name":"DECAL"},{"catalog_number":"S0813705","name":"DECAL"},{"catalog_number":"S0813704","name":"DECAL"},{"catalog_number":"S0813703","name":"DECAL"},{"catalog_number":"S0813702","name":"DECAL"},{"catalog_number":"S0813701","name":"DECAL"},{"catalog_number":"S0813700","name":"DECAL"},{"catalog_number":"S0813691","name":"TRANSFER"},{"catalog_number":"S0813690","name":"TRANSFER"},{"catalog_number":"S0813675","name":"TRANSFER"},{"catalog_number":"S0813673","name":"TRANSFER"},{"catalog_number":"S0813672","name":"TRANSFER"},{"catalog_number":"S0813671","name":"TRANSFER"},{"catalog_number":"S0813670","name":"RING"},{"catalog_number":"S0813669","name":"TRANSFER"},{"catalog_number":"S0813668","name":"TRANSFER"},{"catalog_number":"S0813667","name":"TRANSFER"},{"catalog_number":"S0813666","name":"PART"},{"catalog_number":"S0813649","name":"TRANSFER"},{"catalog_number":"S0813643","name":"EMBLEM"},{"catalog_number":"S0813642","name":"DECAL"},{"catalog_number":"S0813641","name":"PART"},{"catalog_number":"S0813639","name":"DECAL"},{"catalog_number":"S0813638","name":"DECAL"},{"catalog_number":"S0813637","name":"DECAL"},{"catalog_number":"S0813636","name":"DECAL"},{"catalog_number":"S0813629","name":"DECAL"},{"catalog_number":"S0813628","name":"DECAL"},{"catalog_number":"S0813627","name":"DECAL"},{"catalog_number":"S0813624","name":"DECAL"},{"catalog_number":"S0813619","name":"PART"},{"catalog_number":"S0813618","name":"DECAL"},{"catalog_number":"S0813614","name":"SIEVE"},{"catalog_number":"S0813610","name":"PART"},{"catalog_number":"S0813607","name":"PART"},{"catalog_number":"S0813598","name":"PARTS BOOK"},{"catalog_number":"S0813597","name":"PARTS BOOK"},{"catalog_number":"S0813588","name":"INSTRUCTION BOOK"},{"catalog_number":"S0813586","name":"INSTRUCTION BOOK"},{"catalog_number":"S0813585","name":"WORKSHOP MANUAL"},{"catalog_number":"S0813566","name":"PARTS BOOK"},{"catalog_number":"S0813565A","name":"PARTS BOOK"},{"catalog_number":"S0813565","name":"PARTS BOOK"},{"catalog_number":"S0813553","name":"PART"},{"catalog_number":"S0813551","name":"PARTS BOOK"},{"catalog_number":"S0813538","name":"INSTRUCTION BOOK"},{"catalog_number":"S0813537","name":"INSTRUCTION BOOK"},{"catalog_number":"S0813531","name":"PARTS BOOK"},{"catalog_number":"S0813529","name":"PARTS BOOK"},{"catalog_number":"S0813528","name":"PARTS BOOK"},{"catalog_number":"S0813526","name":"PARTS BOOK"},{"catalog_number":"S0813517","name":"PARTS BOOK"},{"catalog_number":"S0813515","name":"INSTRUCTION BOOK"},{"catalog_number":"S0813462","name":"TRANSFER"},{"catalog_number":"S0813452","name":"TRANSFER"},{"catalog_number":"S0813451","name":"TRANSFER"},{"catalog_number":"S0813404","name":"TRANSFER"},{"catalog_number":"S0813403","name":"DECAL"},{"catalog_number":"S0813402","name":"DECAL"},{"catalog_number":"S0813401","name":"DECAL"},{"catalog_number":"S0813400","name":"DECAL"},{"catalog_number":"S0813398","name":"DECAL"},{"catalog_number":"S0813388","name":"EMBLEM"},{"catalog_number":"S0813387","name":"SIEVE"},{"catalog_number":"S0813385","name":"DECAL"},{"catalog_number":"S0813346","name":"DECAL"},{"catalog_number":"S0813343","name":"DECAL"},{"catalog_number":"S0813341","name":"DECAL"},{"catalog_number":"S0813340","name":"DECAL"},{"catalog_number":"S0813332","name":"DECAL"},{"catalog_number":"S0813331","name":"DECAL"},{"catalog_number":"S0813325","name":"DECAL"},{"catalog_number":"S0813318","name":"DECAL"},{"catalog_number":"S0813313","name":"DECAL"},{"catalog_number":"S0813312","name":"DECAL"},{"catalog_number":"S0813311","name":"DECAL"},{"catalog_number":"S0813310","name":"DECAL"},{"catalog_number":"S0813303","name":"DECAL"},{"catalog_number":"S0813284","name":"DECAL"},{"catalog_number":"S0813282","name":"PARTS BOOK"},{"catalog_number":"S0813275","name":"DECAL"},{"catalog_number":"S0813274","name":"DECAL"},{"catalog_number":"S0813261","name":"PARTS BOOK"},{"catalog_number":"S0813260","name":"DECAL"},{"catalog_number":"S0813251","name":"DECAL"},{"catalog_number":"S0813249","name":"DECAL"},{"catalog_number":"S0813248","name":"DECAL"},{"catalog_number":"S0813230","name":"PARTS BOOK"},{"catalog_number":"S0813217","name":"DECAL"},{"catalog_number":"S0813214","name":"DECAL"},{"catalog_number":"S0813206","name":"DECAL"},{"catalog_number":"S0813202","name":"DECAL"},{"catalog_number":"S0813138","name":"PARTS BOOK"},{"catalog_number":"S0813136","name":"PARTS BOOK"},{"catalog_number":"S0813135","name":"PARTS BOOK"},{"catalog_number":"S0813128","name":"PARTS BOOK"},{"catalog_number":"S0813122","name":"PARTS BOOK"},{"catalog_number":"S0813121","name":"PARTS BOOK"},{"catalog_number":"S0813115","name":"PARTS BOOK"},{"catalog_number":"S0813114","name":"PARTS BOOK"},{"catalog_number":"S0813036","name":"DECAL"},{"catalog_number":"S0812894","name":"EMBLEM"},{"catalog_number":"S0812892","name":"DECAL"},{"catalog_number":"S0812879","name":"DECAL"},{"catalog_number":"S0812871","name":"DECAL"},{"catalog_number":"S0812863","name":"DECAL"},{"catalog_number":"S0812860","name":"DECAL"},{"catalog_number":"S0812844","name":"DECAL"},{"catalog_number":"S0812838","name":"DECAL"},{"catalog_number":"S0812837","name":"DECAL"},{"catalog_number":"S0812836","name":"DECAL"},{"catalog_number":"S0812812","name":"DECAL"},{"catalog_number":"S0812811","name":"DECAL"},{"catalog_number":"S0812810","name":"DECAL"},{"catalog_number":"S0812808","name":"DECAL"},{"catalog_number":"S0812805","name":"DECAL"},{"catalog_number":"S0812785","name":"INSTRUCTION BOOK"},{"catalog_number":"S0812783","name":"INSTRUCTION BOOK"},{"catalog_number":"S0812780","name":"INSTRUCTION BOOK"},{"catalog_number":"S0812778","name":"INSTRUCTION BOOK"},{"catalog_number":"S0812774","name":"INSTRUCTION BOOK"},{"catalog_number":"S0812773","name":"INSTRUCTION BOOK"},{"catalog_number":"S0812765","name":"INSTRUCTION BOOK"},{"catalog_number":"S0812763","name":"INSTRUCTION BOOK"},{"catalog_number":"S0812760","name":"INSTRUCTION BOOK"},{"catalog_number":"S0812759","name":"INSTRUCTION BOOK"},{"catalog_number":"S0812754","name":"INSTRUCTION BOOK"},{"catalog_number":"S0812753","name":"INSTRUCTION BOOK"},{"catalog_number":"S0812749","name":"LUBRICANT"},{"catalog_number":"S0812748","name":"LUBRICANT"},{"catalog_number":"S0812746","name":"DECAL"},{"catalog_number":"S0812745","name":"DECAL"},{"catalog_number":"S0812743","name":"DECAL"},{"catalog_number":"S0812742","name":"DECAL"},{"catalog_number":"S0812740","name":"DECAL"},{"catalog_number":"S0812733","name":"TRANSFER"},{"catalog_number":"S0812729","name":"LUBRICANT"},{"catalog_number":"S0812728","name":"DECAL"},{"catalog_number":"S0812722","name":"DECAL"},{"catalog_number":"S0812715","name":"DECAL"},{"catalog_number":"S0812714","name":"DECAL"},{"catalog_number":"S0812713","name":"DECAL"},{"catalog_number":"S0812707","name":"TRANSFER"},{"catalog_number":"S0812672","name":"INSTRUCTION BOOK"},{"catalog_number":"S0812661","name":"INSTRUCTION BOOK"},{"catalog_number":"S0812629","name":"INSTRUCTION BOOK"},{"catalog_number":"S0812621","name":"INSTRUCTION BOOK"},{"catalog_number":"S0812611","name":"INSTRUCTION BOOK"},{"catalog_number":"S0812607","name":"INSTRUCTION BOOK"},{"catalog_number":"S0812606","name":"INSTRUCTION BOOK"},{"catalog_number":"S0812591","name":"PARTS BOOK"},{"catalog_number":"S0812590","name":"PARTS BOOK"},{"catalog_number":"S0812589","name":"PARTS BOOK"},{"catalog_number":"S0812588","name":"WORKSHOP MANUAL."},{"catalog_number":"S0812587","name":"WORKSHOP MANUAL."},{"catalog_number":"S0812576","name":"PARTS BOOK"},{"catalog_number":"S0812572","name":"PARTS BOOK"},{"catalog_number":"S0812571","name":"PARTS BOOK"},{"catalog_number":"S0812555","name":"PARTS BOOK"},{"catalog_number":"S0812551","name":"PARTS BOOK"},{"catalog_number":"S0812529","name":"PARTS BOOK"},{"catalog_number":"S0812528","name":"PARTS BOOK"},{"catalog_number":"S0812526","name":"PARTS BOOK"},{"catalog_number":"S0812505","name":"PARTS BOOK"},{"catalog_number":"S0812501","name":"PARTS BOOK"},{"catalog_number":"S0812477","name":"DECAL"},{"catalog_number":"S0812476","name":"TRANSFER"},{"catalog_number":"S0812468","name":"DECAL"},{"catalog_number":"S0812467","name":"DECAL"},{"catalog_number":"S0812466","name":"TRANSFER"},{"catalog_number":"S0812306","name":"DECAL"},{"catalog_number":"S0812262","name":"DECAL"},{"catalog_number":"S0812258","name":"DECAL"},{"catalog_number":"S0812256","name":"DECAL"},{"catalog_number":"S0812254","name":"DECAL"},{"catalog_number":"S0812253","name":"TRANSFER"},{"catalog_number":"S0812252","name":"DECAL"},{"catalog_number":"S0812251","name":"DECAL"},{"catalog_number":"S0812208","name":"DECAL"},{"catalog_number":"S0812207","name":"DECAL"},{"catalog_number":"S0812206","name":"DECAL"},{"catalog_number":"S0812205","name":"DECAL"},{"catalog_number":"S0812202","name":"TRANSFER"},{"catalog_number":"S0812200","name":"TRANSFER"},{"catalog_number":"S0812102","name":"DECAL"},{"catalog_number":"S0790641","name":"PULLEY"},{"catalog_number":"S0790640","name":"PULLEY"},{"catalog_number":"S0790408","name":"CAM"},{"catalog_number":"S0715951","name":"AEROSOL"},{"catalog_number":"S0715582","name":"PAINT"},{"catalog_number":"S0679072","name":"LOCK"},{"catalog_number":"S0679028","name":"CABLE"},{"catalog_number":"S0679004","name":"PART"},{"catalog_number":"S0679003","name":"SCREW"},{"catalog_number":"S0679002","name":"ADJUSTING NUT"},{"catalog_number":"S0665005","name":"FILTER"},{"catalog_number":"S0665003","name":"FILTER"},{"catalog_number":"S0660200","name":"WIRE"},{"catalog_number":"S0660071","name":"SPROCKET"},{"catalog_number":"S0660069","name":"PULLEY"},{"catalog_number":"S0660066","name":"PULLEY"},{"catalog_number":"S0660061","name":"PULLEY"},{"catalog_number":"S0660060","name":"PULLEY"},{"catalog_number":"S0660058","name":"HUB"},{"catalog_number":"S0660057","name":"SPROCKET"},{"catalog_number":"S0660056","name":"SPROCKET"},{"catalog_number":"S0660052","name":"SPROCKET"},{"catalog_number":"S0660051","name":"SPROCKET"},{"catalog_number":"S0660050","name":"SPROCKET"},{"catalog_number":"S0660048","name":"LOCKING"},{"catalog_number":"S0660047","name":"PULLEY"},{"catalog_number":"S0660046","name":"HUB"},{"catalog_number":"S0660045","name":"PULLEY"},{"catalog_number":"S0660044","name":"HUB"},{"catalog_number":"S0660043","name":"PULLEY"},{"catalog_number":"S0660042","name":"PULLEY"},{"catalog_number":"S0660041","name":"HUB"},{"catalog_number":"S0660040","name":"PULLEY"},{"catalog_number":"S0660034","name":"PULLEY"},{"catalog_number":"S0660031","name":"HUB"},{"catalog_number":"S0660030","name":"PULLEY"},{"catalog_number":"S0660027","name":"LOCK"},{"catalog_number":"S0660017","name":"PULLEY"},{"catalog_number":"S0660016","name":"WHEEL"},{"catalog_number":"S0660015","name":"PULLEY"},{"catalog_number":"S0660010","name":"TIGHTENER"},{"catalog_number":"S0660007","name":"WHEEL"},{"catalog_number":"S0660006","name":"WHEEL"},{"catalog_number":"S0660005","name":"WHEEL"},{"catalog_number":"S0657316","name":"PIN"},{"catalog_number":"S0657302","name":"CHAIN"},{"catalog_number":"S0657299","name":"HEAD"},{"catalog_number":"S0657298","name":"LINK"},{"catalog_number":"S0657297","name":"INNER LINK"},{"catalog_number":"S0657295","name":"CHAIN LINK"},{"catalog_number":"S0657294","name":"CHAIN"},{"catalog_number":"S0657293","name":"CHAIN LINK"},{"catalog_number":"S0657291","name":"LINK"},{"catalog_number":"S0657288","name":"CHAIN LINK"},{"catalog_number":"S0657286","name":"CHAIN LINK"},{"catalog_number":"S0657285","name":"CHAIN LINK"},{"catalog_number":"S0657240","name":"CHAIN"},{"catalog_number":"S0657235","name":"CHAIN LINK"},{"catalog_number":"S0657233","name":"CHAIN LINK"},{"catalog_number":"S0657232","name":"CHAIN"},{"catalog_number":"S0657231","name":"CHAIN"},{"catalog_number":"S0657230","name":"CHAIN"},{"catalog_number":"S0657219","name":"CHAIN"},{"catalog_number":"S0657211","name":"CHAIN"},{"catalog_number":"S0657207","name":"CHAIN"},{"catalog_number":"S0657203","name":"CHAIN"},{"catalog_number":"S0657192","name":"CONNECTING LINK"},{"catalog_number":"S0657191","name":"CONNECTING LINK"},{"catalog_number":"S0657190","name":"CONNECTING LINK"},{"catalog_number":"S0657183","name":"LINK"},{"catalog_number":"S0657180","name":"LINK"},{"catalog_number":"S0657179","name":"LINK"},{"catalog_number":"S0657178","name":"LINK"},{"catalog_number":"S0657177","name":"LINK"},{"catalog_number":"S0657157","name":"LINK"},{"catalog_number":"S0657156","name":"LINK"},{"catalog_number":"S0657155","name":"CHAIN"},{"catalog_number":"S0657154","name":"LINK"},{"catalog_number":"S0657149","name":"PART"},{"catalog_number":"S0657148","name":"LINK"},{"catalog_number":"S0657147","name":"LINK"},{"catalog_number":"S0657146","name":"PART"},{"catalog_number":"S0657135","name":"CHAIN"},{"catalog_number":"S0657129","name":"CHAIN"},{"catalog_number":"S0657125","name":"CHAIN"},{"catalog_number":"S0657123","name":"CHAIN"},{"catalog_number":"S0657116","name":"CHAIN"},{"catalog_number":"S0657111","name":"LINK"},{"catalog_number":"S0657110","name":"CHAIN"},{"catalog_number":"S0657102","name":"CHAIN"},{"catalog_number":"S0657101","name":"CHAIN"},{"catalog_number":"S0657100","name":"CHAIN"},{"catalog_number":"S0657098","name":"LINK"},{"catalog_number":"S0657097","name":"YOKE"},{"catalog_number":"S0657084","name":"CHAIN"},{"catalog_number":"S0657083","name":"PART"},{"catalog_number":"S0657079","name":"CHAIN"},{"catalog_number":"S0657078","name":"CHAIN"},{"catalog_number":"S0657076","name":"CHAIN"},{"catalog_number":"S0657065","name":"CHAIN"},{"catalog_number":"S0639993","name":"PART"},{"catalog_number":"S0639851","name":"PACKING"},{"catalog_number":"S0639850","name":"PACKING"},{"catalog_number":"S0639834","name":"GASKET"},{"catalog_number":"S0639822","name":"PACKING"},{"catalog_number":"S0639696","name":"GASKET"},{"catalog_number":"S0639694","name":"GASKET"},{"catalog_number":"S0639693","name":"JOINT"},{"catalog_number":"S0639677","name":"GASKET"},{"catalog_number":"S0639671","name":"FACING"},{"catalog_number":"S0639658","name":"PACKING"},{"catalog_number":"S0639650","name":"JOINT"},{"catalog_number":"S0639552","name":"SEAL"},{"catalog_number":"S0639550","name":"SEAL"},{"catalog_number":"S0639522","name":"JOINT"},{"catalog_number":"S0639517","name":"SEAL"},{"catalog_number":"S0639516","name":"SEAL"},{"catalog_number":"S0637515","name":"GASKET"},{"catalog_number":"S0637502","name":"JOINT"},{"catalog_number":"S0636875","name":"GASKET"},{"catalog_number":"S0636854","name":"PACKING"},{"catalog_number":"S0634920","name":"RING"},{"catalog_number":"S0633964","name":"PACKING"},{"catalog_number":"S0633961","name":"MOULDING"},{"catalog_number":"S0633958","name":"MOULDING"},{"catalog_number":"S0633956","name":"PROFILE"},{"catalog_number":"S0633953","name":"PROFILE"},{"catalog_number":"S0633952","name":"RING"},{"catalog_number":"S0633951","name":"PACKING"},{"catalog_number":"S0633950","name":"SEAL"},{"catalog_number":"S0633948","name":"RING"},{"catalog_number":"S0633947","name":"SEAL"},{"catalog_number":"S0633946","name":"GASKET"},{"catalog_number":"S0633945","name":"WASHER"},{"catalog_number":"S0633942","name":"SEAL"},{"catalog_number":"S0633938","name":"STRIPPER"},{"catalog_number":"S0633937","name":"SEAL"},{"catalog_number":"S0633936","name":"RING"},{"catalog_number":"S0633934","name":"RING"},{"catalog_number":"S0633933","name":"RING"},{"catalog_number":"S0633931","name":"PART"},{"catalog_number":"S0633927","name":"RING"},{"catalog_number":"S0633926","name":"RING"},{"catalog_number":"S0633918","name":"RING"},{"catalog_number":"S0633917","name":"RING"},{"catalog_number":"S0633916","name":"RING"},{"catalog_number":"S0633915","name":"RING"},{"catalog_number":"S0633914","name":"GASKET"},{"catalog_number":"S0633905","name":"RING"},{"catalog_number":"S0633897","name":"DAMPER"},{"catalog_number":"S0633896","name":"HOLDER"},{"catalog_number":"S0633895","name":"DAMPER"},{"catalog_number":"S0633889","name":"PLATE"},{"catalog_number":"S0633885","name":"BUSH"},{"catalog_number":"S0633882","name":"BUSH"},{"catalog_number":"S0633881","name":"GUARD"},{"catalog_number":"S0633878","name":"COVER"},{"catalog_number":"S0633874","name":"COUNTERPLATE"},{"catalog_number":"S0633873","name":"FLANGE"},{"catalog_number":"S0633872","name":"DAMPER"},{"catalog_number":"S0633871","name":"DAMPER"},{"catalog_number":"S0633865","name":"PLUG"},{"catalog_number":"S0633862","name":"BUSH"},{"catalog_number":"S0633857","name":"CANVAS"},{"catalog_number":"S0633855","name":"BUSH"},{"catalog_number":"S0633851","name":"BUSH"},{"catalog_number":"S0633850","name":"BUSH"},{"catalog_number":"S0633848","name":"DAMPER"},{"catalog_number":"S0633847","name":"BUSH"},{"catalog_number":"S0633842","name":"BUSH"},{"catalog_number":"S0633839","name":"BALL BEARING"},{"catalog_number":"S0633837","name":"REEL"},{"catalog_number":"S0633836","name":"DAMPER"},{"catalog_number":"S0633835","name":"KNOB"},{"catalog_number":"S0633834","name":"PEDAL"},{"catalog_number":"S0633833","name":"GUIDE"},{"catalog_number":"S0633832","name":"RUBBER"},{"catalog_number":"S0633823","name":"BUSH"},{"catalog_number":"S0633822","name":"BUSH"},{"catalog_number":"S0633818","name":"BUSH"},{"catalog_number":"S0633674","name":"SCREW"},{"catalog_number":"S0633672","name":"PLUG"},{"catalog_number":"S0633671","name":"RUBBER"},{"catalog_number":"S0633670","name":"PLUG"},{"catalog_number":"S0633658","name":"DAMPER"},{"catalog_number":"S0633657","name":"SHOCK ABSORBER"},{"catalog_number":"S0633638","name":"INLET"},{"catalog_number":"S0633637","name":"DAMPER"},{"catalog_number":"S0633636","name":"RING"},{"catalog_number":"S0633631","name":"RUBBER"},{"catalog_number":"S0633579","name":"ISOLATOR"},{"catalog_number":"S0633576","name":"RING"},{"catalog_number":"S0633574","name":"SPOUT"},{"catalog_number":"S0633573","name":"INSULATOR"},{"catalog_number":"S0633567","name":"INSULATOR"},{"catalog_number":"S0633395","name":"PROTECTION"},{"catalog_number":"S0633373","name":"GASKET"},{"catalog_number":"S0633274","name":"O RING"},{"catalog_number":"S0633262","name":"WASHER"},{"catalog_number":"S0633254","name":"GASKET"},{"catalog_number":"S0633252","name":"RING"},{"catalog_number":"S0633246","name":"GASKET"},{"catalog_number":"S0633240","name":"O RING"},{"catalog_number":"S0633238","name":"RING"},{"catalog_number":"S0633230","name":"GASKET"},{"catalog_number":"S0633228","name":"GASKET"},{"catalog_number":"S0633226","name":"WASHER"},{"catalog_number":"S0633225","name":"O RING"},{"catalog_number":"S0633224","name":"WASHER"},{"catalog_number":"S0633219","name":"O RING"},{"catalog_number":"S0633218","name":"O RING"},{"catalog_number":"S0633210","name":"O RING"},{"catalog_number":"S0633209","name":"O RING"},{"catalog_number":"S0633208","name":"O RING"},{"catalog_number":"S0632913","name":"RING"},{"catalog_number":"S0632912","name":"WASHER"},{"catalog_number":"S0632910","name":"RING"},{"catalog_number":"S0631725","name":"WASHER"},{"catalog_number":"S0631540","name":"RING"},{"catalog_number":"S0629760","name":"UNION"},{"catalog_number":"S0629756","name":"VALVE"},{"catalog_number":"S0629705","name":"LOCK"},{"catalog_number":"S0629626","name":"UNION"},{"catalog_number":"S0629455","name":"UNION"},{"catalog_number":"S0629449","name":"UNION"},{"catalog_number":"S0629448","name":"UNION"},{"catalog_number":"S0629447","name":"UNION"},{"catalog_number":"S0629445","name":"UNION"},{"catalog_number":"S0629444","name":"UNION"},{"catalog_number":"S0629443","name":"UNION"},{"catalog_number":"S0629442","name":"UNION"},{"catalog_number":"S0629441","name":"UNION"},{"catalog_number":"S0629438","name":"ELBOW UNION"},{"catalog_number":"S0629436","name":"UNION"},{"catalog_number":"S0629435","name":"UNION"},{"catalog_number":"S0629428","name":"UNION"},{"catalog_number":"S0629427","name":"UNION"},{"catalog_number":"S0629426","name":"PART"},{"catalog_number":"S0629424","name":"UNION"},{"catalog_number":"S0629419","name":"UNION"},{"catalog_number":"S0629418","name":"UNION"},{"catalog_number":"S0629416","name":"UNION"},{"catalog_number":"S0629413","name":"UNION"},{"catalog_number":"S0629410","name":"UNION"},{"catalog_number":"S0629408","name":"UNION"},{"catalog_number":"S0629407","name":"UNION"},{"catalog_number":"S0629406","name":"UNION"},{"catalog_number":"S0629404","name":"PLUG"},{"catalog_number":"S0629395","name":"UNION"},{"catalog_number":"S0629390","name":"UNION"},{"catalog_number":"S0629376","name":"UNION"},{"catalog_number":"S0629375","name":"UNION"},{"catalog_number":"S0629370","name":"UNION"},{"catalog_number":"S0629360","name":"UNION"},{"catalog_number":"S0629355","name":"UNION"},{"catalog_number":"S0629350","name":"NIPPLE"},{"catalog_number":"S0629347","name":"UNION"},{"catalog_number":"S0629345","name":"NIPPLE"},{"catalog_number":"S0629343","name":"PART"},{"catalog_number":"S0629330","name":"NUT"},{"catalog_number":"S0629325","name":"NUT"},{"catalog_number":"S0629312","name":"UNION"},{"catalog_number":"S0629309","name":"UNION"},{"catalog_number":"S0629305","name":"UNION"},{"catalog_number":"S0629278","name":"UNION"},{"catalog_number":"S0629268","name":"NIPPLE"},{"catalog_number":"S0629266","name":"CONE"},{"catalog_number":"S0629241","name":"NIPPLE"},{"catalog_number":"S0629184","name":"CLAMP"},{"catalog_number":"S0629182","name":"FASTENER"},{"catalog_number":"S0629140","name":"CLAMP"},{"catalog_number":"S0629136","name":"CLAMP"},{"catalog_number":"S0629134","name":"CLAMP"},{"catalog_number":"S0629130","name":"CLAMP"},{"catalog_number":"S0629127","name":"CLAMP"},{"catalog_number":"S0629098","name":"CLAMP"},{"catalog_number":"S0629093","name":"BRACKET"},{"catalog_number":"S0629076","name":"CLAMP"},{"catalog_number":"S0629072","name":"CLAMP"},{"catalog_number":"S0629069","name":"CLAMP"},{"catalog_number":"S0629068","name":"CLIP"},{"catalog_number":"S0629065","name":"CLAMP"},{"catalog_number":"S0629060","name":"CLAMP"},{"catalog_number":"S0629057","name":"CLIP"},{"catalog_number":"S0629055","name":"CLIP"},{"catalog_number":"S0629054","name":"CLIP"},{"catalog_number":"S0629052","name":"CLIP"},{"catalog_number":"S0629044","name":"CLAMP"},{"catalog_number":"S0629039","name":"CLIP"},{"catalog_number":"S0629037","name":"CLIP"},{"catalog_number":"S0629035","name":"CLAMP"},{"catalog_number":"S0621221","name":"HOSE"},{"catalog_number":"S0621191","name":"HOSE"},{"catalog_number":"S0621143","name":"HOSE"},{"catalog_number":"S0621142","name":"HOSE"},{"catalog_number":"S0621141","name":"HOSE"},{"catalog_number":"S0621140","name":"HOSE"},{"catalog_number":"S0621139","name":"HOSE"},{"catalog_number":"S0621138","name":"HOSE"},{"catalog_number":"S0621137","name":"PIPE,WATER"},{"catalog_number":"S0621136","name":"PIPE,WATER"},{"catalog_number":"S0621130","name":"UNION"},{"catalog_number":"S0621125","name":"UNION"},{"catalog_number":"S0621123","name":"UNION"},{"catalog_number":"S0621120","name":"HOSE"},{"catalog_number":"S0621113","name":"PIPE"},{"catalog_number":"S0621111","name":"HOSE"},{"catalog_number":"S0621110","name":"HOSE"},{"catalog_number":"S0621101","name":"HOSE"},{"catalog_number":"S0621100","name":"RING"},{"catalog_number":"S0620997","name":"HOSE"},{"catalog_number":"S0620996","name":"PIPE,WATER"},{"catalog_number":"S0620995","name":"PIPE,WATER"},{"catalog_number":"S0620993","name":"HOSE"},{"catalog_number":"S0620992","name":"HOSE"},{"catalog_number":"S0620991","name":"HOSE"},{"catalog_number":"S0620990","name":"HOSE"},{"catalog_number":"S0620988","name":"HOSE"},{"catalog_number":"S0620986","name":"HOSE"},{"catalog_number":"S0620984","name":"HOSE"},{"catalog_number":"S0620982","name":"HOSE"},{"catalog_number":"S0620978","name":"HOSE"},{"catalog_number":"S0620977","name":"HOSE"},{"catalog_number":"S0620976","name":"PIPE,WATER"},{"catalog_number":"S0620975","name":"PIPE,WATER"},{"catalog_number":"S0620970","name":"PIPE,WATER"},{"catalog_number":"S0620968","name":"PIPE,WATER"},{"catalog_number":"S0620966","name":"PIPE"},{"catalog_number":"S0620965","name":"PIPE,WATER"},{"catalog_number":"S0620964","name":"PIPE,WATER"},{"catalog_number":"S0620954","name":"HOSE"},{"catalog_number":"S0620953","name":"HOSE"},{"catalog_number":"S0620947","name":"HOSE"},{"catalog_number":"S0620946","name":"HOSE"},{"catalog_number":"S0620945","name":"HOSE"},{"catalog_number":"S0620943","name":"HOSE"},{"catalog_number":"S0620942","name":"HOSE"},{"catalog_number":"S0620941","name":"HOSE"},{"catalog_number":"S0620940","name":"HOSE"},{"catalog_number":"S0620939","name":"HOSE"},{"catalog_number":"S0620936","name":"HOSE"},{"catalog_number":"S0620932","name":"HOSE"},{"catalog_number":"S0620931","name":"HOSE"},{"catalog_number":"S0620926","name":"HOSE"},{"catalog_number":"S0620897","name":"HOSE"},{"catalog_number":"S0620896","name":"HOSE"},{"catalog_number":"S0620892","name":"HOSE"},{"catalog_number":"S0620891","name":"HOSE"},{"catalog_number":"S0620888","name":"HOSE"},{"catalog_number":"S0620884","name":"HOSE"},{"catalog_number":"S0620883","name":"HOSE"},{"catalog_number":"S0620881","name":"HOSE"},{"catalog_number":"S0620880","name":"HOSE"}]}