{"machinery_brand_name":"Ag-Chem","parts":[{"catalog_number":"CH095-0942","name":"RETAINING RING"},{"catalog_number":"CH095-0845","name":"PIN"},{"catalog_number":"CH095-0759","name":"FLAT HEAD SCREW"},{"catalog_number":"CH095-0741","name":"MACHINE SCREW"},{"catalog_number":"CH095-0736","name":"MACHINE SCREW"},{"catalog_number":"CH085-7539","name":"O-RING SEAL"},{"catalog_number":"CH084-4350","name":"BULB"},{"catalog_number":"CH077-5261","name":"PLATE"},{"catalog_number":"CH061-9593","name":"BUSH"},{"catalog_number":"CH061-7540","name":"O RING"},{"catalog_number":"CH053-2313","name":"CONNECTOR"},{"catalog_number":"CH034-4202","name":"ELBOW UNION"},{"catalog_number":"CH033-8248","name":"CLIP"},{"catalog_number":"CH033-6033","name":"O RING"},{"catalog_number":"CH033-6032","name":"O-RING"},{"catalog_number":"CH033-6031","name":"O-RING SEAL"},{"catalog_number":"CH033-5879","name":"O-RING SEAL"},{"catalog_number":"CH033-1097","name":"BALL BEARING"},{"catalog_number":"CH032-9882","name":"O RING"},{"catalog_number":"CH032-1339","name":"ELBOW FITTING"},{"catalog_number":"CH030-7947","name":"ELBOW UNION"},{"catalog_number":"CH030-7937","name":"CONNECTOR"},{"catalog_number":"CH006-7801","name":"CONNECTOR"},{"catalog_number":"CH006-6586","name":"CONNECTOR"},{"catalog_number":"CH006-5490","name":"ELBOW"},{"catalog_number":"CH004-7270","name":"GREASE FITTING"},{"catalog_number":"CH004-1964","name":"O-RING SEAL"},{"catalog_number":"CD3937","name":"INSTRUCTIONS"},{"catalog_number":"CD3540","name":"FIT.INSTRUCTION"},{"catalog_number":"CD3355","name":"FIT.INSTRUCTION"},{"catalog_number":"CD3336","name":"FIT.INSTRUCTION"},{"catalog_number":"CD3254","name":"FIT.INSTRUCTION"},{"catalog_number":"CD3234","name":"FIT.INSTRUCTION"},{"catalog_number":"CD3209","name":"FIT.INSTRUCTION"},{"catalog_number":"CD3208","name":"FIT.INSTRUCTION"},{"catalog_number":"CD3204","name":"FIT.INSTRUCTION"},{"catalog_number":"CD3156","name":"FIT.INSTRUCTION"},{"catalog_number":"CD3151","name":"FIT.INSTRUCTION"},{"catalog_number":"CD3150","name":"FIT.INSTRUCTION"},{"catalog_number":"CD3145","name":"FIT.INSTRUCTION"},{"catalog_number":"CD3141","name":"FIT.INSTRUCTION"},{"catalog_number":"CD3139","name":"FIT.INSTRUCTION"},{"catalog_number":"CD3136","name":"FIT.INSTRUCTION"},{"catalog_number":"CD3135","name":"FIT.INSTRUCTION"},{"catalog_number":"CD3133","name":"FIT.INSTRUCTION"},{"catalog_number":"CD3119","name":"FIT.INSTRUCTION"},{"catalog_number":"CD3110","name":"FIT.INSTRUCTION"},{"catalog_number":"CD3106","name":"FIT.INSTRUCTION"},{"catalog_number":"CD3090","name":"FIT.INSTRUCTION"},{"catalog_number":"CD3088","name":"FIT.INSTRUCTION"},{"catalog_number":"CD3086","name":"FIT.INSTRUCTION"},{"catalog_number":"CD3081","name":"INSTRUCTIONS"},{"catalog_number":"CD3077","name":"FIT.INSTRUCTION"},{"catalog_number":"CD3076","name":"INSTRUCTIONS"},{"catalog_number":"CD3073","name":"FIT.INSTRUCTION"},{"catalog_number":"CD3072","name":"FIT.INSTRUCTION"},{"catalog_number":"CD3069","name":"INSTRUCTIONS"},{"catalog_number":"CD3054","name":"FIT.INSTRUCTION"},{"catalog_number":"CD3053","name":"FIT.INSTRUCTION"},{"catalog_number":"CD3052","name":"FIT.INSTRUCTION"},{"catalog_number":"CD3051","name":"FIT.INSTRUCTION"},{"catalog_number":"CD3050","name":"FIT.INSTRUCTION"},{"catalog_number":"CD3049","name":"FIT.INSTRUCTION"},{"catalog_number":"CD3040","name":"INSTRUCTIONS"},{"catalog_number":"CD3039","name":"INSTRUCTIONS"},{"catalog_number":"CD3038","name":"FIT.INSTRUCTION"},{"catalog_number":"CD3030","name":"FIT.INSTRUCTION"},{"catalog_number":"CD3024","name":"FIT.INSTRUCTION"},{"catalog_number":"CD3023","name":"FIT.INSTRUCTION"},{"catalog_number":"CD3022","name":"FIT.INSTRUCTION"},{"catalog_number":"CD3021","name":"FIT.INSTRUCTION"},{"catalog_number":"CD3020","name":"FIT.INSTRUCTION"},{"catalog_number":"CD3019","name":"FIT.INSTRUCTION"},{"catalog_number":"CD3015","name":"INSTRUCTIONS"},{"catalog_number":"CD3002","name":"FIT.INSTRUCTION"},{"catalog_number":"CD3000","name":"FIT.INSTRUCTION"},{"catalog_number":"CD2999","name":"FIT.INSTRUCTION"},{"catalog_number":"CD2998","name":"FIT.INSTRUCTION"},{"catalog_number":"CD2997","name":"FIT.INSTRUCTION"},{"catalog_number":"CD2996","name":"FIT.INSTRUCTION"},{"catalog_number":"CD2991","name":"FIT.INSTRUCTION"},{"catalog_number":"CD2989","name":"FIT.INSTRUCTION"},{"catalog_number":"CD2984","name":"FIT.INSTRUCTION"},{"catalog_number":"CD2983","name":"FIT.INSTRUCTION"},{"catalog_number":"CD2980","name":"FIT.INSTRUCTION"},{"catalog_number":"CD2976","name":"FIT.INSTRUCTION"},{"catalog_number":"CD2972","name":"FIT.INSTRUCTION"},{"catalog_number":"CD2971","name":"FIT.INSTRUCTION"},{"catalog_number":"CD2969","name":"FIT.INSTRUCTION"},{"catalog_number":"CD2967","name":"FIT.INSTRUCTION"},{"catalog_number":"CD2961","name":"INSTRUCTIONS"},{"catalog_number":"CD2960-2","name":"FIT.INSTRUCTION"},{"catalog_number":"CD2960-1","name":"FIT.INSTRUCTION"},{"catalog_number":"CD2959","name":"FIT.INSTRUCTION"},{"catalog_number":"CD2958","name":"INSTRUCTIONS"},{"catalog_number":"CD2955","name":"FIT.INSTRUCTION"},{"catalog_number":"CD2954","name":"FIT.INSTRUCTION"},{"catalog_number":"CD2952","name":"FIT.INSTRUCTION"},{"catalog_number":"CD2947","name":"INSTRUCTIONS"},{"catalog_number":"CD2945","name":"INSTRUCTIONS"},{"catalog_number":"CD2941","name":"FIT.INSTRUCTION"},{"catalog_number":"CD2924","name":"FIT.INSTRUCTION"},{"catalog_number":"CD2923","name":"FIT.INSTRUCTION"},{"catalog_number":"CD2922-1-01","name":"INSTRUCTIONS"},{"catalog_number":"CD2917","name":"INSTRUCTIONS"},{"catalog_number":"CD2916","name":"INSTRUCTIONS"},{"catalog_number":"CD2915","name":"INSTRUCTIONS"},{"catalog_number":"CD2914","name":"INSTRUCTIONS"},{"catalog_number":"CD2913","name":"INSTRUCTIONS"},{"catalog_number":"CD2905","name":"FIT.INSTRUCTION"},{"catalog_number":"CD2902","name":"FIT.INSTRUCTION"},{"catalog_number":"CD2901","name":"FIT.INSTRUCTION"},{"catalog_number":"CD2900","name":"ACCESSORY CODE"},{"catalog_number":"CD2898","name":"ACCESSORY CODE"},{"catalog_number":"CD2897","name":"FIT.INSTRUCTION"},{"catalog_number":"CD2891","name":"FIT.INSTRUCTION"},{"catalog_number":"CD2879","name":"FIT.INSTRUCTION"},{"catalog_number":"CD2878","name":"FIT.INSTRUCTION"},{"catalog_number":"CD2876","name":"FIT.INSTRUCTION"},{"catalog_number":"CD2875","name":"FIT.INSTRUCTION"},{"catalog_number":"CD2861","name":"CHART"},{"catalog_number":"CD2860","name":"CHART"},{"catalog_number":"CD2848","name":"FIT.INSTRUCTION"},{"catalog_number":"CD2845-1-01","name":"INSTRUCTIONS"},{"catalog_number":"CD2834","name":"FIT.INSTRUCTION"},{"catalog_number":"CD2804","name":"FIT.INSTRUCTION"},{"catalog_number":"CD2780","name":"FIT.INSTRUCTION"},{"catalog_number":"CD2779","name":"FIT.INSTRUCTION"},{"catalog_number":"CD2778","name":"FIT.INSTRUCTION"},{"catalog_number":"CD2777","name":"FIT.INSTRUCTION"},{"catalog_number":"CD2776","name":"FIT.INSTRUCTION"},{"catalog_number":"CD2775","name":"FIT.INSTRUCTION"},{"catalog_number":"CD2774","name":"FIT.INSTRUCTION"},{"catalog_number":"CD2728","name":"FIT.INSTRUCTION"},{"catalog_number":"CD2638","name":"FIT.INSTRUCTION"},{"catalog_number":"CD2637","name":"FIT.INSTRUCTION"},{"catalog_number":"CAM551","name":"MONITOR"},{"catalog_number":"CAM081","name":"KIT, CYLINDER"},{"catalog_number":"CAM080","name":"CONCAVE"},{"catalog_number":"CA716425","name":"SERVICE TOOL"},{"catalog_number":"C1MTA215","name":"CONE"},{"catalog_number":"C1ML2503X","name":"HOSE"},{"catalog_number":"C1173012","name":"KIT, STEERING"},{"catalog_number":"C1173001","name":"KIT"},{"catalog_number":"C1146004","name":"KIT, GUARD"},{"catalog_number":"C064301E02","name":"PARTS BOOK"},{"catalog_number":"C064201E02","name":"PARTS BOOK"},{"catalog_number":"C0378003","name":"TRAY CHANNEL"},{"catalog_number":"C0373026","name":"REAR BEATER"},{"catalog_number":"C0373025","name":"KIT"},{"catalog_number":"C0373013","name":"KIT, MAIZE"},{"catalog_number":"C0373012","name":"KIT, MAIZE"},{"catalog_number":"C0373009","name":"CONVERSION KIT"},{"catalog_number":"C0373004","name":"KIT, ATTACHMENT"},{"catalog_number":"C0360005","name":"FUEL FILTER KIT"},{"catalog_number":"C0352024","name":"KIT"},{"catalog_number":"C0183112","name":"REEL"},{"catalog_number":"C0183034","name":"REEL"},{"catalog_number":"C0183032","name":"REEL"},{"catalog_number":"C0183031","name":"REEL"},{"catalog_number":"C0140012","name":"DRIVE"},{"catalog_number":"BR0233","name":"FLAT WASHER"},{"catalog_number":"BKA2068","name":"SPRING ASSEMBLY"},{"catalog_number":"BK61216","name":"KIT"},{"catalog_number":"BK61173","name":"KIT, ATTACHMENT"},{"catalog_number":"BK61171","name":"KIT, ATTACHMENT"},{"catalog_number":"BK61142","name":"KIT, ATTACHMENT"},{"catalog_number":"BK61141","name":"KIT, ATTACHMENT"},{"catalog_number":"BK61138","name":"KIT, ATTACHMENT"},{"catalog_number":"BK61127","name":"KIT"},{"catalog_number":"BK61126","name":"KIT"},{"catalog_number":"BK61125","name":"KIT"},{"catalog_number":"BK61124","name":"KIT"},{"catalog_number":"BK61123","name":"KIT"},{"catalog_number":"BK61122","name":"KIT"},{"catalog_number":"BK61121","name":"KIT"},{"catalog_number":"BK61120","name":"KIT"},{"catalog_number":"BK61119","name":"KIT"},{"catalog_number":"BK61102","name":"KIT, ATTACHMENT"},{"catalog_number":"BK61101","name":"KIT, ATTACHMENT"},{"catalog_number":"BK61100","name":"KIT, ATTACHMENT"},{"catalog_number":"BK61083","name":"KIT, ATTACHMENT"},{"catalog_number":"BK61078","name":"KIT"},{"catalog_number":"BK61060","name":"KIT"},{"catalog_number":"BK61059","name":"KIT"},{"catalog_number":"BK61058","name":"KIT"},{"catalog_number":"BK61050","name":"KIT"},{"catalog_number":"BK61049","name":"KIT"},{"catalog_number":"BK61048","name":"KIT"},{"catalog_number":"BK61047","name":"KIT"},{"catalog_number":"BK61025","name":"KIT, ATTACHMENT"},{"catalog_number":"BK41209","name":"KIT, ATTACHMENT"},{"catalog_number":"BK41151","name":"KIT, ATTACHMENT"},{"catalog_number":"BK41145","name":"KIT, COUPLING"},{"catalog_number":"BK41144","name":"KIT, COUPLING"},{"catalog_number":"BK41086","name":"KIT, ATTACHMENT"},{"catalog_number":"BK41084","name":"KIT, ATTACHMENT"},{"catalog_number":"BK41073","name":"KIT, ATTACHMENT"},{"catalog_number":"BK41072","name":"KIT, ATTACHMENT"},{"catalog_number":"BD7173","name":"CYLINDER"},{"catalog_number":"BD7171","name":"TUBE"},{"catalog_number":"BD5882","name":"SHAFT"},{"catalog_number":"BD5881","name":"SHAFT"},{"catalog_number":"BD5879","name":"TUBE"},{"catalog_number":"BD5878","name":"RUBBER STOP"},{"catalog_number":"BD5783","name":"FITTING"},{"catalog_number":"BD5781","name":"COVER"},{"catalog_number":"BD0917","name":"LOCK COLLAR"},{"catalog_number":"BC200","name":"ACCESSORY"},{"catalog_number":"BC1000","name":"ACCESSORY"},{"catalog_number":"BA5284","name":"SPROCKET"},{"catalog_number":"BA5282","name":"IDLER SPROCKET"},{"catalog_number":"BA5182","name":"DEPTH RING"},{"catalog_number":"BA1452","name":"HYDRAULIC HOSE"},{"catalog_number":"BA1449","name":"HOSE ASSY"},{"catalog_number":"B3MT01X131","name":"CONNECTION"},{"catalog_number":"B1MT03X16","name":"CONNECTION"},{"catalog_number":"B10764","name":"HEX CAP SCREW"},{"catalog_number":"AL9032694","name":"HOSE"},{"catalog_number":"AL9032633","name":"HOSE"},{"catalog_number":"AL9032630","name":"HOSE"},{"catalog_number":"AL9032629","name":"HOSE"},{"catalog_number":"AL9032628","name":"HOSE"},{"catalog_number":"AL9032622","name":"HOSE"},{"catalog_number":"AL9032612","name":"HYDRAULIC HOSE"},{"catalog_number":"AL9032611","name":"HYDRAULIC HOSE"},{"catalog_number":"AL9032610","name":"HOSE"},{"catalog_number":"AL9032605","name":"HOSE"},{"catalog_number":"AL9032604","name":"HOSE"},{"catalog_number":"AL9032603","name":"HOSE"},{"catalog_number":"AL9032602","name":"HOSE"},{"catalog_number":"AL9032601","name":"HOSE"},{"catalog_number":"AL9032598","name":"KIT, HOSE"},{"catalog_number":"AL9032579","name":"KIT, HOSE"},{"catalog_number":"AL9032578","name":"KIT, HOSE"},{"catalog_number":"AL9032574","name":"KIT, HOSE"},{"catalog_number":"AL9032558","name":"KIT, HOSE"},{"catalog_number":"AL9032557","name":"KIT, HOSE"},{"catalog_number":"AL9032556","name":"KIT, HOSE"},{"catalog_number":"AL9032555","name":"KIT, HOSE"},{"catalog_number":"AL9032554","name":"KIT, HOSE"},{"catalog_number":"AL9032553","name":"KIT, HOSE"},{"catalog_number":"AL9032546","name":"HOSE"},{"catalog_number":"AL9032543","name":"HOSE"},{"catalog_number":"AL9032542","name":"HOSE"},{"catalog_number":"AL9032538","name":"HOSE"},{"catalog_number":"AL9032536","name":"HYDRAULIC HOSE"},{"catalog_number":"AL9032534","name":"HOSE"},{"catalog_number":"AL9032533","name":"HOSE"},{"catalog_number":"AL9032532","name":"HOSE"},{"catalog_number":"AL9032531","name":"HOSE"},{"catalog_number":"AL9032530","name":"HOSE"},{"catalog_number":"AL9032529","name":"HOSE"},{"catalog_number":"AL9032528","name":"HOSE"},{"catalog_number":"AL9032525","name":"HOSE"},{"catalog_number":"AL9032524","name":"HOSE"},{"catalog_number":"AL9032523","name":"HOSE"},{"catalog_number":"AL9032522","name":"HOSE"},{"catalog_number":"AL9032521","name":"HOSE"},{"catalog_number":"AL9032520","name":"HOSE"},{"catalog_number":"AL9032519","name":"HOSE"},{"catalog_number":"AL9032518","name":"HOSE"},{"catalog_number":"AL9032517","name":"HOSE"},{"catalog_number":"AL9032516","name":"HOSE"},{"catalog_number":"AL9032515","name":"HOSE"},{"catalog_number":"AL9032514","name":"HOSE"},{"catalog_number":"AL9032513","name":"HOSE"},{"catalog_number":"AL9032352","name":"HYDRAULIC HOSE"},{"catalog_number":"AL9031894","name":"SUSPENSION KIT"},{"catalog_number":"AL9031893","name":"SUSPENSION KIT"},{"catalog_number":"AL9031892","name":"SUSPENSION KIT"},{"catalog_number":"AL9031871","name":"HOSE"},{"catalog_number":"AL9031646","name":"KIT, HOSE"},{"catalog_number":"AL9031645","name":"KIT, HOSE"},{"catalog_number":"AL9031588","name":"HYDR. HOSE"},{"catalog_number":"AL9031587","name":"HYDR. HOSE"},{"catalog_number":"AL9031579","name":"HYDR. HOSE"},{"catalog_number":"AL9031578","name":"HYDR. HOSE"},{"catalog_number":"AL9031577","name":"HYDR. HOSE"},{"catalog_number":"AL9031516","name":"KIT, HOSE"},{"catalog_number":"AL9031514","name":"PIPE"},{"catalog_number":"AL9031513","name":"PIPE"},{"catalog_number":"AL9031511","name":"HYDRAULIC HOSE"},{"catalog_number":"AL9031510","name":"HYDRAULIC HOSE"},{"catalog_number":"AL9031504","name":"HOSE"},{"catalog_number":"AL9031492","name":"HOSE"},{"catalog_number":"AL9031491","name":"HOSE"},{"catalog_number":"AL9031483","name":"HYDRAULIC HOSE"},{"catalog_number":"AL9031471","name":"HOSE"},{"catalog_number":"AL9031328","name":"KIT, HOSE"},{"catalog_number":"AL9031326","name":"KIT, HOSE"},{"catalog_number":"AL9031325","name":"PLUG"},{"catalog_number":"AL9031324","name":"COUPLER"},{"catalog_number":"AL9031323","name":"KIT"},{"catalog_number":"AL9031322","name":"KIT"},{"catalog_number":"AL9031319","name":"DRIVE KIT"},{"catalog_number":"AL9031316","name":"KIT, HOSE"},{"catalog_number":"AL9031314","name":"KIT, HOSE"},{"catalog_number":"AL9031312","name":"KIT, HOSE"},{"catalog_number":"AL9031260","name":"HOSE"},{"catalog_number":"AL9031245","name":"HOSE"},{"catalog_number":"AL9031237","name":"HOSE"},{"catalog_number":"AL9031236","name":"HOSE"},{"catalog_number":"AL9031235","name":"HOSE"},{"catalog_number":"AL9031232","name":"HOSE"},{"catalog_number":"AL9031231","name":"HOSE"},{"catalog_number":"AL9031230","name":"HOSE"},{"catalog_number":"AL9031225","name":"HOSE"},{"catalog_number":"AL9031224","name":"HOSE"},{"catalog_number":"AL9031223","name":"HOSE"},{"catalog_number":"AL9031216","name":"HOSE"},{"catalog_number":"AL9031214","name":"HOSE"},{"catalog_number":"AL9031211","name":"HOSE"},{"catalog_number":"AL9031170","name":"HYDRAULIC HOSE"},{"catalog_number":"AL9031165","name":"HOSE"},{"catalog_number":"AL9031164","name":"HOSE"},{"catalog_number":"AL9031163","name":"HOSE"},{"catalog_number":"AL9031162","name":"HOSE"},{"catalog_number":"AL9031161","name":"HOSE"},{"catalog_number":"AL9031160","name":"HOSE"},{"catalog_number":"AL9031157","name":"HOSE"},{"catalog_number":"AL9031156","name":"HOSE"},{"catalog_number":"AL9031155","name":"HOSE"},{"catalog_number":"AL9031154","name":"KIT"},{"catalog_number":"AL9031151","name":"HOSE"},{"catalog_number":"AL9031150","name":"HOSE"},{"catalog_number":"AL9031148","name":"HYDRAULIC HOSE"},{"catalog_number":"AL9031146","name":"HYDRAULIC HOSE"},{"catalog_number":"AL9031144","name":"HYDRAULIC HOSE"},{"catalog_number":"AL9031143","name":"HYDRAULIC HOSE"},{"catalog_number":"AL9031141","name":"HYDRAULIC HOSE"},{"catalog_number":"AL9031137","name":"HYDRAULIC HOSE"},{"catalog_number":"AL9031134","name":"HYDRAULIC HOSE"},{"catalog_number":"AL9031133","name":"HYDRAULIC HOSE"},{"catalog_number":"AL9031132","name":"HYDRAULIC HOSE"},{"catalog_number":"AL9031127","name":"HYDRAULIC HOSE"},{"catalog_number":"AL9031125","name":"HOSE"},{"catalog_number":"AL9031124","name":"HYDRAULIC HOSE"},{"catalog_number":"AL9031123","name":"HYDRAULIC HOSE"},{"catalog_number":"AL9031122","name":"HYDRAULIC HOSE"},{"catalog_number":"AL9031115","name":"HYDRAULIC HOSE"},{"catalog_number":"AL9031114","name":"HYDRAULIC HOSE"},{"catalog_number":"AL9031113","name":"HYDRAULIC HOSE"},{"catalog_number":"AL9031112","name":"HYDRAULIC HOSE"},{"catalog_number":"AL9031111","name":"HYDRAULIC HOSE"},{"catalog_number":"AL9031100","name":"HYDRAULIC HOSE"},{"catalog_number":"AL9031097","name":"HYDR. HOSE"},{"catalog_number":"AL9031028","name":"HYDRAULIC HOSE"},{"catalog_number":"AL9031010","name":"HYDRAULIC HOSE"},{"catalog_number":"AL9030974","name":"HOSE"},{"catalog_number":"AL9030970","name":"HYDRAULIC HOSE"},{"catalog_number":"AL9030969","name":"HYDRAULIC HOSE"},{"catalog_number":"AL9030968","name":"HYDRAULIC HOSE"},{"catalog_number":"AL9030967","name":"HYDRAULIC HOSE"},{"catalog_number":"AL9030954","name":"HOSE"},{"catalog_number":"AL9030947","name":"HOSE"},{"catalog_number":"AL9030916","name":"HYDR. HOSE"},{"catalog_number":"AL9030910","name":"HYDRAULIC HOSE"},{"catalog_number":"AL9030904","name":"HYDRAULIC HOSE"},{"catalog_number":"AL9030874","name":"HOSE"},{"catalog_number":"AL9030860","name":"HYDRAULIC HOSE"},{"catalog_number":"AL9030833","name":"HOSE"},{"catalog_number":"AL9030832","name":"HOSE"},{"catalog_number":"AL9030829","name":"HYDRAULIC HOSE"},{"catalog_number":"AL9020107","name":"PIN"},{"catalog_number":"AL9020093","name":"PIN"},{"catalog_number":"AL9020086","name":"PIN"},{"catalog_number":"AL9020072","name":"PIVOT"},{"catalog_number":"AL9020071","name":"KIT, PIN"},{"catalog_number":"AL9020070","name":"KIT, PIN"},{"catalog_number":"AL9020069","name":"KIT, PIN"},{"catalog_number":"AL9020068","name":"KIT, PIN"},{"catalog_number":"AL9020067","name":"KIT, PIN"},{"catalog_number":"AL9020063","name":"PIN"},{"catalog_number":"AL9020061","name":"PIVOT"},{"catalog_number":"AL9020048","name":"PIN"},{"catalog_number":"AL9020047","name":"PIN"},{"catalog_number":"AL9020046","name":"AXLE"},{"catalog_number":"AL9020040","name":"PIVOT"},{"catalog_number":"AL9020039","name":"PIVOT"},{"catalog_number":"AL9020038","name":"PIVOT"},{"catalog_number":"AL9020037","name":"PIVOT"},{"catalog_number":"AL9020036","name":"PIN"},{"catalog_number":"AL9020035","name":"PIN"},{"catalog_number":"AL9020034","name":"PIN"},{"catalog_number":"AL841132","name":"PIN"},{"catalog_number":"AL830567","name":"TOOL"},{"catalog_number":"AL830559","name":"SUPPORT, RH"},{"catalog_number":"AL830558","name":"SUPPORT"},{"catalog_number":"AL830557","name":"SUPPORT, RH"},{"catalog_number":"AL830556","name":"SUPPORT, LH"},{"catalog_number":"AL830535","name":"FRAME"},{"catalog_number":"AL830349","name":"CLAW"},{"catalog_number":"AL830348","name":"FRAME"},{"catalog_number":"AL830325","name":"PLATE"},{"catalog_number":"AL802010","name":"RAM"},{"catalog_number":"AL786010","name":"RAM"},{"catalog_number":"AL759010","name":"RIGHT HAND RAM"},{"catalog_number":"AL758023","name":"PISTON"},{"catalog_number":"AL755024","name":"CYLINDER"},{"catalog_number":"AL755021","name":"BEARING"},{"catalog_number":"AL755010","name":"RAM"},{"catalog_number":"AL753010","name":"RIGHT HAND RAM"},{"catalog_number":"AL748023","name":"PISTON ROD"},{"catalog_number":"AL737024","name":"CYLINDER CASING"},{"catalog_number":"AL725101","name":"PIN"},{"catalog_number":"AL702010","name":"RAM"},{"catalog_number":"AL60018062","name":"PIVOT"},{"catalog_number":"AL60018059","name":"PIVOT"},{"catalog_number":"AL60018058","name":"PIVOT"},{"catalog_number":"AL60018053","name":"PIN"},{"catalog_number":"AL60017561","name":"COUPLING"},{"catalog_number":"AL60017560","name":"SEAL KIT"},{"catalog_number":"AL60008696","name":"END CAP"},{"catalog_number":"AL60008055","name":"LEFT HAND KIT"},{"catalog_number":"AL60008053","name":"RIGHT HAND KIT"},{"catalog_number":"AL60008052","name":"RIGHT HAND GRIP"},{"catalog_number":"AL60008047","name":"SLEEVE"},{"catalog_number":"AL60008046","name":"LEFT HAND SLEEVE"},{"catalog_number":"AL60008045","name":"LEFT HAND GRIP"},{"catalog_number":"AL60008017","name":"KIT"},{"catalog_number":"AL60006439","name":"JOYSTICK"},{"catalog_number":"AL60006437","name":"JOYSTICK"},{"catalog_number":"AL60004357","name":"LEVER"},{"catalog_number":"AL60000286","name":"HOSE"},{"catalog_number":"AL60000266","name":"HOSE"},{"catalog_number":"AL60000143","name":"HOSE"},{"catalog_number":"AL60000135","name":"HOSE"},{"catalog_number":"AL550039","name":"KIT, MANIFOLD"},{"catalog_number":"AL550001","name":"CONTROL VALVE"},{"catalog_number":"AL525703","name":"BOLT"},{"catalog_number":"AL5229835","name":"FRAME"},{"catalog_number":"AL5220730","name":"SLEEVE"},{"catalog_number":"AL5220708","name":"LOCKING SYSTEM"},{"catalog_number":"AL5220702","name":"LOCKING SYSTEM"},{"catalog_number":"AL5220699","name":"LOCKING SYSTEM"},{"catalog_number":"AL5220698","name":"LOCKING SYSTEM"},{"catalog_number":"AL5220694","name":"LOCKING SYSTEM"},{"catalog_number":"AL5220693","name":"LOCKING SYSTEM"},{"catalog_number":"AL5220692","name":"LOCKING SYSTEM"},{"catalog_number":"AL5220675","name":"SUSPENSION"},{"catalog_number":"AL5220674","name":"SUSPENSION"},{"catalog_number":"AL5220672","name":"SUSPENSION"},{"catalog_number":"AL5220667","name":"SUSPENSION"},{"catalog_number":"AL5220665","name":"SUSPENSION"},{"catalog_number":"AL5220661","name":"SUSPENSION"},{"catalog_number":"AL5220651","name":"SUSPENSION"},{"catalog_number":"AL5220603","name":"HOSE CLAMP"},{"catalog_number":"AL5220602","name":"LOADER BEAM"},{"catalog_number":"AL5220601","name":"HOSE CLAMP"},{"catalog_number":"AL5220530","name":"VALVE"},{"catalog_number":"AL5220529","name":"LOCKING SYSTEM"},{"catalog_number":"AL5220526","name":"SHUTOFF VALVE"},{"catalog_number":"AL5220518","name":"VALVE"},{"catalog_number":"AL5220492","name":"PIN"},{"catalog_number":"AL5220491","name":"SECURING PIECE"},{"catalog_number":"AL5220483","name":"HOSE CONNECTION"},{"catalog_number":"AL5220451","name":"KIT, SUNDRY"},{"catalog_number":"AL5220418","name":"LUG"},{"catalog_number":"AL5220412","name":"FRAME"},{"catalog_number":"AL5220395","name":"PIN"},{"catalog_number":"AL5220394","name":"KIT"},{"catalog_number":"AL5220391","name":"LINK"},{"catalog_number":"AL5220385","name":"LEVER KIT"},{"catalog_number":"AL5220383","name":"ADAPTER"},{"catalog_number":"AL5220382","name":"ADAPTER"},{"catalog_number":"AL5220381","name":"PIN"},{"catalog_number":"AL5220361","name":"TOOL CARRIER"},{"catalog_number":"AL5220354","name":"KIT, SCREW"},{"catalog_number":"AL5220332","name":"TOOL CARRIER"},{"catalog_number":"AL5220327","name":"LEVER"},{"catalog_number":"AL5220309","name":"LINK"},{"catalog_number":"AL5220303","name":"BRACKET"},{"catalog_number":"AL5220288","name":"FRAME"},{"catalog_number":"AL5220287","name":"FRAME"},{"catalog_number":"AL5220286","name":"FRAME"},{"catalog_number":"AL5220285","name":"FRAME"},{"catalog_number":"AL5220273","name":"HOLDER"},{"catalog_number":"AL5220272","name":"KIT"},{"catalog_number":"AL5220271","name":"SPACER"},{"catalog_number":"AL5220265","name":"LEVER KIT"},{"catalog_number":"AL5220193","name":"KIT, BEARING"},{"catalog_number":"AL5220172","name":"KIT, FRAME"},{"catalog_number":"AL5220102","name":"PIN"},{"catalog_number":"AL5220100","name":"ADAPTER"},{"catalog_number":"AL5220094","name":"KIT, FRAME"},{"catalog_number":"AL5220086","name":"LOCKING SYSTEM"},{"catalog_number":"AL5220032","name":"PLATE"},{"catalog_number":"AL5219346","name":"KIT"},{"catalog_number":"AL5219330","name":"CLEVIS PIN"},{"catalog_number":"AL5219313","name":"KIT, FRAME"},{"catalog_number":"AL5219310","name":"KIT"},{"catalog_number":"AL5219304","name":"KIT, TOOL"},{"catalog_number":"AL5219303","name":"KIT, TOOL"},{"catalog_number":"AL5219301","name":"KIT, TOOL"},{"catalog_number":"AL5219246","name":"SLEEVE"},{"catalog_number":"AL5219245","name":"PARTS PACK"},{"catalog_number":"AL5219244","name":"SPACER"},{"catalog_number":"AL5219243","name":"PROTECTION PLATE"},{"catalog_number":"AL5219242","name":"KIT"},{"catalog_number":"AL5219240","name":"SLEEVE"},{"catalog_number":"AL5219231","name":"RIGHT HAND PIN"},{"catalog_number":"AL5219230","name":"LEFT HAND PIN"},{"catalog_number":"AL5219189","name":"BRACKET"},{"catalog_number":"AL5219188","name":"BRACKET"},{"catalog_number":"AL5219187","name":"BRACKET"},{"catalog_number":"AL5219183","name":"HOSE GUIDE"},{"catalog_number":"AL5219161","name":"LOCKING"},{"catalog_number":"AL5219154","name":"INDICATOR"},{"catalog_number":"AL5219153","name":"PLATE"},{"catalog_number":"AL5219145","name":"ADAPTER"},{"catalog_number":"AL5219140","name":"SCREW"},{"catalog_number":"AL5219125","name":"CLEVIS PIN"},{"catalog_number":"AL5219100","name":"SPACER"},{"catalog_number":"AL5219094","name":"KIT, TOOL"},{"catalog_number":"AL5219093","name":"KIT, TOOL"},{"catalog_number":"AL5219083","name":"INDICATOR"},{"catalog_number":"AL5219082","name":"SLEEVE"},{"catalog_number":"AL5219078","name":"EXTENSION"},{"catalog_number":"AL5219075","name":"PIN"},{"catalog_number":"AL5219074","name":"FRAME"},{"catalog_number":"AL5219073","name":"FRAME"},{"catalog_number":"AL5219068","name":"PLATE"},{"catalog_number":"AL5219064","name":"KIT, TOOL"},{"catalog_number":"AL5219063","name":"KIT, TOOL"},{"catalog_number":"AL5219062","name":"CYLINDER"},{"catalog_number":"AL5219052","name":"KIT"},{"catalog_number":"AL5219051","name":"KIT"},{"catalog_number":"AL5219049","name":"INDICATOR"},{"catalog_number":"AL5219048","name":"PLATE"},{"catalog_number":"AL5219046","name":"KIT"},{"catalog_number":"AL5219044","name":"PIN"},{"catalog_number":"AL5219033","name":"SPACER"},{"catalog_number":"AL5219024","name":"FRAME"},{"catalog_number":"AL5219023","name":"FRAME"},{"catalog_number":"AL5219022","name":"FRAME"},{"catalog_number":"AL5219013","name":"FRAME"},{"catalog_number":"AL5219012","name":"FRAME"},{"catalog_number":"AL5219003","name":"KIT, TOOL"},{"catalog_number":"AL5219002","name":"KIT, TOOL"},{"catalog_number":"AL521895","name":"VALVE"},{"catalog_number":"AL521854","name":"PLUG"},{"catalog_number":"AL521837","name":"PRESSURE VALVE"},{"catalog_number":"AL521835","name":"PLUG"},{"catalog_number":"AL521834","name":"SEALS KIT"},{"catalog_number":"AL521822","name":"PRESSURE VALVE"},{"catalog_number":"AL521818","name":"PLUG"},{"catalog_number":"AL521817","name":"FILTER"},{"catalog_number":"AL521804","name":"NON RETURN VALVE"},{"catalog_number":"AL5218013","name":"STAY"},{"catalog_number":"AL5218012","name":"STAY"},{"catalog_number":"AL5218011","name":"STAY"},{"catalog_number":"AL5218006","name":"STAND"},{"catalog_number":"AL5218005","name":"STAND"},{"catalog_number":"AL5218004","name":"STAND"},{"catalog_number":"AL521782","name":"DISTRIBUTOR"},{"catalog_number":"AL521777","name":"PLUG"},{"catalog_number":"AL521747","name":"PLUG"},{"catalog_number":"AL521746","name":"BALL"},{"catalog_number":"AL521745","name":"PLUG"},{"catalog_number":"AL521690","name":"PLUG"},{"catalog_number":"AL521689","name":"SEAL"},{"catalog_number":"AL521688","name":"NON RETURN VALVE"},{"catalog_number":"AL521685","name":"CONTROL VALVE"},{"catalog_number":"AL521684","name":"UNION"},{"catalog_number":"AL521683","name":"UNION"},{"catalog_number":"AL521650","name":"SPACER"},{"catalog_number":"AL521649","name":"WASHER"},{"catalog_number":"AL521648","name":"RETAINER"},{"catalog_number":"AL521647","name":"RETAINER"},{"catalog_number":"AL521646","name":"NON RETURN VALVE"},{"catalog_number":"AL521644","name":"CONTROL VALVE"},{"catalog_number":"AL521632","name":"PRESSURE VALVE"},{"catalog_number":"AL521622","name":"DISTRIBUTOR"},{"catalog_number":"AL521544","name":"ADAPTER"},{"catalog_number":"AL521543","name":"ADAPTER"},{"catalog_number":"AL5215260","name":"KIT, SUNDRY"},{"catalog_number":"AL5215255","name":"KIT, SUNDRY"},{"catalog_number":"AL5215251","name":"KIT, SUNDRY"},{"catalog_number":"AL5215250","name":"KIT, SUNDRY"},{"catalog_number":"AL5215234","name":"KIT"},{"catalog_number":"AL5215233","name":"DRIVE KIT"},{"catalog_number":"AL5215232","name":"KIT, SUNDRY"},{"catalog_number":"AL5215231","name":"KIT, SUNDRY"},{"catalog_number":"AL5215230","name":"KIT, SUNDRY"},{"catalog_number":"AL5215227","name":"SPACER"},{"catalog_number":"AL5215219","name":"ROD"},{"catalog_number":"AL5215218","name":"INDICATOR"},{"catalog_number":"AL5215217","name":"INDICATOR"},{"catalog_number":"AL5215216","name":"ROD"},{"catalog_number":"AL5215209","name":"HOLDER"},{"catalog_number":"AL5215208","name":"HOLDER"},{"catalog_number":"AL5215205","name":"LEVER"},{"catalog_number":"AL5215193","name":"BEAM"},{"catalog_number":"AL5215192","name":"COVER"},{"catalog_number":"AL5215191","name":"COVER"},{"catalog_number":"AL5215183","name":"KIT, TOOL"},{"catalog_number":"AL5215182","name":"BOX"},{"catalog_number":"AL5215181","name":"BOX"},{"catalog_number":"AL5215167","name":"KIT, SUPPORT"}]}