{"machinery_brand_name":"Ag-Chem","parts":[{"catalog_number":"SR689441","name":"PLATE"},{"catalog_number":"SR689439","name":"ROD"},{"catalog_number":"SR689438","name":"SUPPORT"},{"catalog_number":"SR689437","name":"SUPPORT"},{"catalog_number":"SR689436","name":"SCREW"},{"catalog_number":"SR689432","name":"SHAFT"},{"catalog_number":"SR689429","name":"EXTENSION"},{"catalog_number":"SR689420","name":"CONCAVE"},{"catalog_number":"SR689416","name":"STRIPPER"},{"catalog_number":"SR689415","name":"SHAFT"},{"catalog_number":"SR689414","name":"HOLDER"},{"catalog_number":"SR689413","name":"SHAFT"},{"catalog_number":"SR689412","name":"SHAFT"},{"catalog_number":"SR689406","name":"HUB"},{"catalog_number":"SR689404","name":"SHAFT"},{"catalog_number":"SR689401","name":"DRUM"},{"catalog_number":"SR689394","name":"PLATE"},{"catalog_number":"SR689393","name":"PLATE"},{"catalog_number":"SR689368","name":"PIN"},{"catalog_number":"SR689324","name":"CABLE"},{"catalog_number":"SR689313","name":"DISC"},{"catalog_number":"SR689307","name":"HOSE"},{"catalog_number":"SR689287","name":"HOLDER"},{"catalog_number":"SR689263","name":"SHAFT"},{"catalog_number":"SR689262","name":"SHAFT"},{"catalog_number":"SR689249","name":"SIEVE"},{"catalog_number":"SR689248","name":"SHAFT"},{"catalog_number":"SR689247","name":"SHAFT"},{"catalog_number":"SR689246","name":"SHAFT"},{"catalog_number":"SR689165","name":"RING"},{"catalog_number":"SR689163","name":"SHAFT"},{"catalog_number":"SR689144","name":"PART"},{"catalog_number":"SR689141","name":"PART"},{"catalog_number":"SR689140","name":"ARM"},{"catalog_number":"SR689137","name":"BLOWER"},{"catalog_number":"SR689131","name":"RING"},{"catalog_number":"SR689130","name":"PIPE"},{"catalog_number":"SR689129","name":"PIPE"},{"catalog_number":"SR689120","name":"FLAP"},{"catalog_number":"SR688982","name":"TANK"},{"catalog_number":"SR688976","name":"BEARING PLATE"},{"catalog_number":"SR688972","name":"SUPPORT"},{"catalog_number":"SR688971","name":"SUPPORT"},{"catalog_number":"SR688969","name":"HOUSING"},{"catalog_number":"SR688967","name":"HOUSING"},{"catalog_number":"SR688949","name":"GUARD"},{"catalog_number":"SR688924","name":"BRACKET"},{"catalog_number":"SR688898","name":"FUEL LINE"},{"catalog_number":"SR688894","name":"PULLEY"},{"catalog_number":"SR688893","name":"SHAFT"},{"catalog_number":"SR688889","name":"GUARD"},{"catalog_number":"SR688867","name":"TUBE"},{"catalog_number":"SR688841","name":"ARM"},{"catalog_number":"SR688840","name":"ARM"},{"catalog_number":"SR688839","name":"ARM"},{"catalog_number":"SR688837","name":"PART"},{"catalog_number":"SR688836","name":"RING"},{"catalog_number":"SR688831","name":"GUARD"},{"catalog_number":"SR688829","name":"HOLDER"},{"catalog_number":"SR688827","name":"HOLDER"},{"catalog_number":"SR688810","name":"PULLEY"},{"catalog_number":"SR688803","name":"WHEEL"},{"catalog_number":"SR688798","name":"BUSH"},{"catalog_number":"SR688796","name":"GUARD"},{"catalog_number":"SR688794","name":"GUARD"},{"catalog_number":"SR688775","name":"COWL"},{"catalog_number":"SR688774","name":"GUARD"},{"catalog_number":"SR688773","name":"COWL"},{"catalog_number":"SR688765","name":"GUARD"},{"catalog_number":"SR688764","name":"COWL"},{"catalog_number":"SR688754","name":"HOLDER"},{"catalog_number":"SR688753","name":"WING TIP"},{"catalog_number":"SR688752","name":"WING TIP"},{"catalog_number":"SR688739","name":"GEAR"},{"catalog_number":"SR688736","name":"CRANKSHAFT"},{"catalog_number":"SR688734","name":"PULLEY"},{"catalog_number":"SR688729","name":"WHEEL"},{"catalog_number":"SR688704","name":"FRAME"},{"catalog_number":"SR688703","name":"SHAFT"},{"catalog_number":"SR688702","name":"SHAFT"},{"catalog_number":"SR688700","name":"SHAFT"},{"catalog_number":"SR688699","name":"SHAFT"},{"catalog_number":"SR688480","name":"LEVER"},{"catalog_number":"SR688409","name":"HOLDER"},{"catalog_number":"SR688400","name":"BEARING CUP"},{"catalog_number":"SR688395","name":"MOULDING"},{"catalog_number":"SR688321","name":"WIRE"},{"catalog_number":"SR688298","name":"COVER"},{"catalog_number":"SR688292","name":"SUPPORT"},{"catalog_number":"SR688286","name":"FAN"},{"catalog_number":"SR688268","name":"GUARD"},{"catalog_number":"SR688267","name":"SUPPORT"},{"catalog_number":"SR688266","name":"PROTECTION"},{"catalog_number":"SR688265","name":"FRAME"},{"catalog_number":"SR688264","name":"BAR"},{"catalog_number":"SR688256","name":"HOLDER"},{"catalog_number":"SR688254","name":"PLATE"},{"catalog_number":"SR688253","name":"PLATE"},{"catalog_number":"SR688251","name":"PLATE"},{"catalog_number":"SR688250","name":"PLATE"},{"catalog_number":"SR688249","name":"PLATE"},{"catalog_number":"SR688231","name":"HOLDER"},{"catalog_number":"SR688203","name":"PLATE"},{"catalog_number":"SR688158","name":"PULLEY"},{"catalog_number":"SR688154","name":"GUARD"},{"catalog_number":"SR688146","name":"RACK"},{"catalog_number":"SR688138","name":"TOGGLE"},{"catalog_number":"SR688133","name":"SHAFT"},{"catalog_number":"SR688132","name":"LEVER"},{"catalog_number":"SR688129","name":"PLATE"},{"catalog_number":"SR688128","name":"PLATE"},{"catalog_number":"SR688126","name":"SHAFT"},{"catalog_number":"SR688122","name":"SHAFT"},{"catalog_number":"SR688118","name":"LEVER"},{"catalog_number":"SR688108","name":"PLATE"},{"catalog_number":"SR688083","name":"PLATE"},{"catalog_number":"SR688076","name":"MOULDING"},{"catalog_number":"SR688075","name":"PLATE"},{"catalog_number":"SR688073","name":"PLATE"},{"catalog_number":"SR688072","name":"PLATE"},{"catalog_number":"SR688067","name":"COVER"},{"catalog_number":"SR688055","name":"KEY"},{"catalog_number":"SR688052","name":"LEVER"},{"catalog_number":"SR688051","name":"LEVER"},{"catalog_number":"SR688049","name":"HOLDER"},{"catalog_number":"SR688048","name":"HOLDER"},{"catalog_number":"SR688046","name":"SUPPORT"},{"catalog_number":"SR688042","name":"PLATE"},{"catalog_number":"SR688040","name":"PLATE"},{"catalog_number":"SR688039","name":"SUPPORT"},{"catalog_number":"SR688038","name":"SUPPORT"},{"catalog_number":"SR688037","name":"SUPPORT"},{"catalog_number":"SR688036","name":"FLANGE"},{"catalog_number":"SR688031","name":"ROD"},{"catalog_number":"SR688027","name":"PLATE"},{"catalog_number":"SR688025","name":"ROD"},{"catalog_number":"SR688018","name":"COVER"},{"catalog_number":"SR688009","name":"PLATE"},{"catalog_number":"SR688002","name":"FRAME"},{"catalog_number":"SR687990","name":"PIPE"},{"catalog_number":"SR687985","name":"PIPE"},{"catalog_number":"SR687984","name":"PIPE"},{"catalog_number":"SR687969","name":"AUGER"},{"catalog_number":"SR687967","name":"TUBE"},{"catalog_number":"SR687962","name":"FRAME"},{"catalog_number":"SR687956","name":"PROTECTION"},{"catalog_number":"SR687951","name":"BEARING"},{"catalog_number":"SR687948","name":"WASHER"},{"catalog_number":"SR687926","name":"GUIDE"},{"catalog_number":"SR687924","name":"PLATE"},{"catalog_number":"SR687920","name":"PIPE"},{"catalog_number":"SR687917","name":"GASKET"},{"catalog_number":"SR687915","name":"HOSE"},{"catalog_number":"SR687914","name":"PIPE"},{"catalog_number":"SR687908","name":"PLATE"},{"catalog_number":"SR687906","name":"FLANGE"},{"catalog_number":"SR687894","name":"PROTECTION"},{"catalog_number":"SR687893","name":"PLATE"},{"catalog_number":"SR687889","name":"SHAFT"},{"catalog_number":"SR687881","name":"FLANGE"},{"catalog_number":"SR687875","name":"GUARD"},{"catalog_number":"SR687869","name":"DOOR"},{"catalog_number":"SR687868","name":"PLATE"},{"catalog_number":"SR687866","name":"HOLDER"},{"catalog_number":"SR687857","name":"GUARD"},{"catalog_number":"SR687856","name":"WHEEL"},{"catalog_number":"SR687855","name":"PULLEY"},{"catalog_number":"SR687853","name":"CLAMP"},{"catalog_number":"SR687852","name":"CLAMP"},{"catalog_number":"SR687851","name":"WASHER"},{"catalog_number":"SR687846","name":"BEARER"},{"catalog_number":"SR687840","name":"PULLEY"},{"catalog_number":"SR687836","name":"EXTENSION"},{"catalog_number":"SR687833","name":"PAD"},{"catalog_number":"SR687817","name":"KEY"},{"catalog_number":"SR687816","name":"WASHER"},{"catalog_number":"SR687813","name":"BAR"},{"catalog_number":"SR687809","name":"SPROCKET"},{"catalog_number":"SR687799","name":"DAMPER"},{"catalog_number":"SR687798","name":"FLANGE"},{"catalog_number":"SR687783","name":"GUARD"},{"catalog_number":"SR687757","name":"HOLDER"},{"catalog_number":"SR687718","name":"PULLEY"},{"catalog_number":"SR687717","name":"PULLEY"},{"catalog_number":"SR687295","name":"KIT, CYLINDER"},{"catalog_number":"SR687292","name":"SUPPORT"},{"catalog_number":"SR687281","name":"HOLDER"},{"catalog_number":"SR687275","name":"STRAW WALKER"},{"catalog_number":"SR687274","name":"STRAW WALKER"},{"catalog_number":"SR687267","name":"PIPE"},{"catalog_number":"SR687266","name":"SHAFT"},{"catalog_number":"SR687265","name":"SHAFT"},{"catalog_number":"SR687263","name":"GUIDE"},{"catalog_number":"SR687259","name":"FLANGE"},{"catalog_number":"SR687257","name":"PROTECTION"},{"catalog_number":"SR687256","name":"GUARD"},{"catalog_number":"SR687255","name":"GUARD"},{"catalog_number":"SR687252","name":"PLATE"},{"catalog_number":"SR687246","name":"PRESS"},{"catalog_number":"SR687242","name":"GUARD"},{"catalog_number":"SR687241","name":"CHAIN"},{"catalog_number":"SR687238","name":"GUARD"},{"catalog_number":"SR687235","name":"BEAM"},{"catalog_number":"SR687232","name":"PIN"},{"catalog_number":"SR687229","name":"SCREW"},{"catalog_number":"SR687203","name":"FRONT AXLE"},{"catalog_number":"SR687194","name":"SPROCKET"},{"catalog_number":"SR687193","name":"PULLEY"},{"catalog_number":"SR687157","name":"BEAM"},{"catalog_number":"SR687147","name":"COVER"},{"catalog_number":"SR687146","name":"MOULDING"},{"catalog_number":"SR687139","name":"COVER"},{"catalog_number":"SR687134","name":"MONITOR"},{"catalog_number":"SR687133","name":"CABLE"},{"catalog_number":"SR687124","name":"PLATE"},{"catalog_number":"SR687121","name":"HOLDER"},{"catalog_number":"SR687119","name":"ARM"},{"catalog_number":"SR687118","name":"PULLEY"},{"catalog_number":"SR687117","name":"PULLEY"},{"catalog_number":"SR687106","name":"SUPPORT"},{"catalog_number":"SR687080","name":"SCREW"},{"catalog_number":"SR687079","name":"SUPPORT"},{"catalog_number":"SR687078","name":"SUPPORT"},{"catalog_number":"SR687076","name":"CLAMP"},{"catalog_number":"SR687075","name":"TOOL BOX"},{"catalog_number":"SR687073","name":"COVER"},{"catalog_number":"SR687072","name":"COVER"},{"catalog_number":"SR687070","name":"HOLDER"},{"catalog_number":"SR687069","name":"PLATE"},{"catalog_number":"SR687067","name":"HOSE"},{"catalog_number":"SR687066","name":"HOSE"},{"catalog_number":"SR687065","name":"HOSE"},{"catalog_number":"SR687058","name":"HOSE"},{"catalog_number":"SR687057","name":"HOSE"},{"catalog_number":"SR687053","name":"U BOLT"},{"catalog_number":"SR687052","name":"SUPPORT"},{"catalog_number":"SR687050","name":"SUPPORT"},{"catalog_number":"SR687046","name":"STIFFENER"},{"catalog_number":"SR687045","name":"CLOTHING"},{"catalog_number":"SR687044","name":"MOULDING"},{"catalog_number":"SR687043","name":"MOULDING"},{"catalog_number":"SR687038","name":"SUPPORT"},{"catalog_number":"SR687037","name":"SUPPORT"},{"catalog_number":"SR687030","name":"HOLDER"},{"catalog_number":"SR687029","name":"SWITCH"},{"catalog_number":"SR687027","name":"SHAFT"},{"catalog_number":"SR687020","name":"CLAMP"},{"catalog_number":"SR687009","name":"SUPPORT"},{"catalog_number":"SR687003","name":"GRIP"},{"catalog_number":"SR687002","name":"BUSH"},{"catalog_number":"SR686973","name":"GUARD"},{"catalog_number":"SR686971","name":"PLATE"},{"catalog_number":"SR686970","name":"HOLDER"},{"catalog_number":"SR686946","name":"SUPPORT"},{"catalog_number":"SR686945","name":"SUPPORT"},{"catalog_number":"SR686943","name":"HASP"},{"catalog_number":"SR686940","name":"RING"},{"catalog_number":"SR686933","name":"PIPE"},{"catalog_number":"SR686931","name":"PIPE"},{"catalog_number":"SR686929","name":"PIPE"},{"catalog_number":"SR686927","name":"PIPE"},{"catalog_number":"SR686925","name":"ADJUSTING SCREW"},{"catalog_number":"SR686924","name":"LEVER"},{"catalog_number":"SR686923","name":"SUPPORT"},{"catalog_number":"SR686919","name":"ARM"},{"catalog_number":"SR686918","name":"ARM"},{"catalog_number":"SR686917","name":"ARM"},{"catalog_number":"SR686916","name":"CLAMP"},{"catalog_number":"SR686911","name":"SUPPORT"},{"catalog_number":"SR686898","name":"HOLDER"},{"catalog_number":"SR686894","name":"CLAMP"},{"catalog_number":"SR686892","name":"CYLINDER"},{"catalog_number":"SR686884","name":"UNION"},{"catalog_number":"SR686872","name":"JOINT"},{"catalog_number":"SR686859","name":"DOOR"},{"catalog_number":"SR686844","name":"PULLEY"},{"catalog_number":"SR686842","name":"GUARD"},{"catalog_number":"SR686840","name":"LATCH"},{"catalog_number":"SR686835","name":"STUB AXLE"},{"catalog_number":"SR686834","name":"HOLDER"},{"catalog_number":"SR686830","name":"SUPPORT"},{"catalog_number":"SR686825","name":"FANDRIVE HOUSING"},{"catalog_number":"SR686820","name":"CONROD"},{"catalog_number":"SR686819","name":"CONROD"},{"catalog_number":"SR686812","name":"HOSE"},{"catalog_number":"SR686811","name":"HOSE"},{"catalog_number":"SR686809","name":"GUARD"},{"catalog_number":"SR686808","name":"GUARD"},{"catalog_number":"SR686805","name":"DAMPER"},{"catalog_number":"SR686804","name":"HOSE"},{"catalog_number":"SR686802","name":"TUBE"},{"catalog_number":"SR686795","name":"PIPE"},{"catalog_number":"SR686794","name":"PIPE"},{"catalog_number":"SR686790","name":"PIPE"},{"catalog_number":"SR686787","name":"SUPPORT"},{"catalog_number":"SR686785","name":"BUSH"},{"catalog_number":"SR686770","name":"PULLEY"},{"catalog_number":"SR686768","name":"HOLDER"},{"catalog_number":"SR686760","name":"LATCH"},{"catalog_number":"SR686759","name":"LEVER"},{"catalog_number":"SR686758","name":"FRAME"},{"catalog_number":"SR686753","name":"FLANGE"},{"catalog_number":"SR686752","name":"RAIL"},{"catalog_number":"SR686747","name":"GUARD"},{"catalog_number":"SR686743","name":"SUPPORT"},{"catalog_number":"SR686742","name":"BUSH"},{"catalog_number":"SR686740","name":"GUARD"},{"catalog_number":"SR686736","name":"MOULDING"},{"catalog_number":"SR686734","name":"GUARD"},{"catalog_number":"SR686730","name":"BAR"},{"catalog_number":"SR686727","name":"PLATE"},{"catalog_number":"SR686726","name":"PLATE"},{"catalog_number":"SR686725","name":"PLATE"},{"catalog_number":"SR686724","name":"PLATE"},{"catalog_number":"SR686722","name":"CLAMP"},{"catalog_number":"SR686719","name":"DOOR"},{"catalog_number":"SR686708","name":"HOSE"},{"catalog_number":"SR686702","name":"HASP"},{"catalog_number":"SR686701","name":"HOLDER"},{"catalog_number":"SR686700","name":"RUBBER"},{"catalog_number":"SR686697","name":"BRAKE CARRIER"},{"catalog_number":"SR686693","name":"BUSH"},{"catalog_number":"SR686692","name":"SUPPORT"},{"catalog_number":"SR686691","name":"SUPPORT"},{"catalog_number":"SR686689","name":"BRAKE DRUM"},{"catalog_number":"SR686685","name":"ROD"},{"catalog_number":"SR686681","name":"LEVER"},{"catalog_number":"SR686680","name":"HOLDER"},{"catalog_number":"SR686679","name":"MOULDING"},{"catalog_number":"SR686678","name":"MOULDING"},{"catalog_number":"SR686677","name":"GUARD"},{"catalog_number":"SR686676","name":"STOP"},{"catalog_number":"SR686674","name":"GUARD"},{"catalog_number":"SR686673","name":"SUPPORT"},{"catalog_number":"SR686665","name":"KEY"},{"catalog_number":"SR686664","name":"HOOK"},{"catalog_number":"SR686660","name":"GRAIN PAN"},{"catalog_number":"SR686656","name":"STIRRUP"},{"catalog_number":"SR686644","name":"PIPE"},{"catalog_number":"SR686643","name":"PIPE"},{"catalog_number":"SR686642","name":"PIPE"},{"catalog_number":"SR686641","name":"PIPE"},{"catalog_number":"SR686640","name":"PIPE"},{"catalog_number":"SR686639","name":"PIPE"},{"catalog_number":"SR686638","name":"PIPE"},{"catalog_number":"SR686637","name":"PIPE"},{"catalog_number":"SR686636","name":"PIPE"},{"catalog_number":"SR686631","name":"PIPE"},{"catalog_number":"SR686630","name":"PIPE"},{"catalog_number":"SR686629","name":"PIPE"},{"catalog_number":"SR686627","name":"PIPE"},{"catalog_number":"SR686625","name":"PIPE"},{"catalog_number":"SR686624","name":"PIPE"},{"catalog_number":"SR686623","name":"PIPE"},{"catalog_number":"SR686616","name":"CLAMP"},{"catalog_number":"SR686615","name":"CLAMP"},{"catalog_number":"SR686614","name":"CLAMP"},{"catalog_number":"SR686611","name":"GUARD"},{"catalog_number":"SR686607","name":"SHAFT"},{"catalog_number":"SR686605","name":"SHAFT"},{"catalog_number":"SR686603","name":"SHAFT"},{"catalog_number":"SR686599","name":"HOLDER"},{"catalog_number":"SR686598","name":"GUARD"},{"catalog_number":"SR686597","name":"BEARING SHELL"},{"catalog_number":"SR686588","name":"HOLDER"},{"catalog_number":"SR686587","name":"SUPPORT"},{"catalog_number":"SR686586","name":"HOLDER"},{"catalog_number":"SR686585","name":"WHEEL RIM"},{"catalog_number":"SR686576","name":"PLATE"},{"catalog_number":"SR686575","name":"SUPPORT"},{"catalog_number":"SR686574","name":"FLANGE"},{"catalog_number":"SR686561","name":"PLATE"},{"catalog_number":"SR686551","name":"GUSSET"},{"catalog_number":"SR686542","name":"SUPPORT"},{"catalog_number":"SR686533","name":"GUARD"},{"catalog_number":"SR686528","name":"GUARD"},{"catalog_number":"SR686523","name":"AIR CONDITIONER"},{"catalog_number":"SR686521","name":"SUPPORT"},{"catalog_number":"SR686520","name":"SUPPORT"},{"catalog_number":"SR686519","name":"SUPPORT"},{"catalog_number":"SR686518","name":"SCREW"},{"catalog_number":"SR686517","name":"KNIFE"},{"catalog_number":"SR686511","name":"COVER"},{"catalog_number":"SR686509","name":"MOULDING"},{"catalog_number":"SR686502","name":"BUSH"},{"catalog_number":"SR686494","name":"CLAMP"},{"catalog_number":"SR686479","name":"HUB"},{"catalog_number":"SR686478","name":"BUSH"},{"catalog_number":"SR686475","name":"BUFFER"},{"catalog_number":"SR686472","name":"BUSH"},{"catalog_number":"SR686471","name":"CAP"},{"catalog_number":"SR686467","name":"LEVER"},{"catalog_number":"SR686459","name":"HOSE"},{"catalog_number":"SR686457","name":"BUSH"},{"catalog_number":"SR686456","name":"GUARD"},{"catalog_number":"SR686454","name":"BUSH"},{"catalog_number":"SR686450","name":"BUSH"},{"catalog_number":"SR686449","name":"SHAFT"},{"catalog_number":"SR686442","name":"SUPPORT"},{"catalog_number":"SR686438","name":"PIN"},{"catalog_number":"SR686437","name":"ROD"},{"catalog_number":"SR686436","name":"BUFFER"},{"catalog_number":"SR686435","name":"PLATE"},{"catalog_number":"SR686431","name":"ROD"},{"catalog_number":"SR686425","name":"PLATE"},{"catalog_number":"SR686424","name":"SHAFT"},{"catalog_number":"SR686422","name":"PIPE"},{"catalog_number":"SR686417","name":"SHAFT"},{"catalog_number":"SR686416","name":"SHAFT"},{"catalog_number":"SR686412","name":"ADJUSTING SCREW"},{"catalog_number":"SR686408","name":"CYLINDER"},{"catalog_number":"SR686405","name":"HOOK"},{"catalog_number":"SR686399","name":"PIPE"},{"catalog_number":"SR686394","name":"SUPPORT"},{"catalog_number":"SR686393","name":"PIPE"},{"catalog_number":"SR686388","name":"LADDER"},{"catalog_number":"SR686380","name":"SHAFT"},{"catalog_number":"SR686373","name":"SUPPORT"},{"catalog_number":"SR686369","name":"PULLEY"},{"catalog_number":"SR686368","name":"HUB"},{"catalog_number":"SR686364","name":"SCREW"},{"catalog_number":"SR686363","name":"SCREW"},{"catalog_number":"SR686360","name":"UNION"},{"catalog_number":"SR686359","name":"HOLDER"},{"catalog_number":"SR686355","name":"ARM"},{"catalog_number":"SR686336","name":"HOUSING"},{"catalog_number":"SR686335","name":"HOUSING"},{"catalog_number":"SR686334","name":"HOUSING"},{"catalog_number":"SR686333","name":"SHAFT"},{"catalog_number":"SR686332","name":"SHAFT"},{"catalog_number":"SR686327","name":"AUGER"},{"catalog_number":"SR686326","name":"AUGER"},{"catalog_number":"SR686325","name":"AUGER"},{"catalog_number":"SR686321","name":"DRIVE"},{"catalog_number":"SR686319","name":"SUPPORT"},{"catalog_number":"SR686316","name":"STEM"},{"catalog_number":"SR686315","name":"GRIP"},{"catalog_number":"SR686314","name":"SHAFT"},{"catalog_number":"SR686311","name":"BUSH"},{"catalog_number":"SR686310","name":"EXTENSION"},{"catalog_number":"SR686309","name":"SHAFT"},{"catalog_number":"SR686308","name":"SUPPORT"},{"catalog_number":"SR686301","name":"TABLE"},{"catalog_number":"SR686298","name":"KIT, CYLINDER"},{"catalog_number":"SR686297","name":"RACK"},{"catalog_number":"SR686284","name":"PLATE"},{"catalog_number":"SR686283","name":"PLATE"},{"catalog_number":"SR686282","name":"KNIFE"},{"catalog_number":"SR686280","name":"KNIFE HEAD"},{"catalog_number":"SR686271","name":"FRAME"},{"catalog_number":"SR686270","name":"FRAME"},{"catalog_number":"SR686269","name":"FRAME"},{"catalog_number":"SR686266","name":"LATCH"},{"catalog_number":"SR686265","name":"SUPPORT"},{"catalog_number":"SR686263","name":"PAN"},{"catalog_number":"SR686262","name":"PAN"},{"catalog_number":"SR686261","name":"PAN"},{"catalog_number":"SR686258","name":"GASKET"},{"catalog_number":"SR686254","name":"SUPPORT"},{"catalog_number":"SR686253","name":"SUPPORT"},{"catalog_number":"SR686252","name":"HINGE"},{"catalog_number":"SR686251","name":"HINGE"},{"catalog_number":"SR686247","name":"CLUTCH DISC"},{"catalog_number":"SR686244","name":"HOUSING"},{"catalog_number":"SR686243","name":"HOUSING"},{"catalog_number":"SR686242","name":"SUPPORT"},{"catalog_number":"SR686231","name":"SHAFT"},{"catalog_number":"SR686229","name":"SHAFT"},{"catalog_number":"SR686228","name":"SHAFT"},{"catalog_number":"SR686221","name":"HOUSING"},{"catalog_number":"SR686217","name":"SUPPORT"},{"catalog_number":"SR686216","name":"SUPPORT"},{"catalog_number":"SR686214","name":"SUPPORT"},{"catalog_number":"SR686212","name":"PULLEY"},{"catalog_number":"SR686211","name":"PULLEY"},{"catalog_number":"SR686204","name":"BUSH"},{"catalog_number":"SR686202","name":"LEVER"},{"catalog_number":"SR686195","name":"COVER"},{"catalog_number":"SR686190","name":"HOOK"},{"catalog_number":"SR686189","name":"HOOK"},{"catalog_number":"SR686184","name":"PEDAL"},{"catalog_number":"SR686180","name":"CONCAVE"},{"catalog_number":"SR686174","name":"HINGE ROD"},{"catalog_number":"SR686170","name":"GRATE"},{"catalog_number":"SR686169","name":"PIN"},{"catalog_number":"SR686161","name":"SUPPORT"},{"catalog_number":"SR686160","name":"SHAFT"},{"catalog_number":"SR686152","name":"SUPPORT"},{"catalog_number":"SR686151","name":"STAND"},{"catalog_number":"SR686150","name":"STAND"},{"catalog_number":"SR686141","name":"STRIPPER"},{"catalog_number":"SR686136","name":"BUFFER"},{"catalog_number":"SR686131","name":"ROD"},{"catalog_number":"SR686130","name":"BAR"},{"catalog_number":"SR686120","name":"ROD"},{"catalog_number":"SR686119","name":"SUPPORT"},{"catalog_number":"SR686116","name":"SUPPORT"},{"catalog_number":"SR686115","name":"SUPPORT"},{"catalog_number":"SR686106","name":"COVER"},{"catalog_number":"SR686089","name":"GUARD"},{"catalog_number":"SR686077","name":"GUARD"},{"catalog_number":"SR686074","name":"BEAM"},{"catalog_number":"SR686071","name":"INDICATOR"},{"catalog_number":"SR686070","name":"SCALE"},{"catalog_number":"SR686069","name":"RACK"},{"catalog_number":"SR686061","name":"SUPPORT"},{"catalog_number":"SR686058","name":"GUARD"},{"catalog_number":"SR686055","name":"GUARD"},{"catalog_number":"SR686037","name":"SUPPORT"},{"catalog_number":"SR686036","name":"RAIL"},{"catalog_number":"SR686032","name":"EXTENSION"},{"catalog_number":"SR686031","name":"SUPPORT"},{"catalog_number":"SR686030","name":"LADDER"},{"catalog_number":"SR686025","name":"GUARD"},{"catalog_number":"SR686024","name":"GUARD"},{"catalog_number":"SR686023","name":"ELEVATOR"},{"catalog_number":"SR686015","name":"DRUM"},{"catalog_number":"SR685999","name":"GUARD"},{"catalog_number":"SR685998","name":"GUARD"},{"catalog_number":"SR685984","name":"GUARD"},{"catalog_number":"SR685948","name":"LATCH"},{"catalog_number":"SR685945","name":"SUPPORT"},{"catalog_number":"SR685944","name":"GUARD"},{"catalog_number":"SR685940","name":"STIFFENER"},{"catalog_number":"SR685939","name":"STIFFENER"},{"catalog_number":"SR685938","name":"GUARD"},{"catalog_number":"SR685937","name":"GUARD"},{"catalog_number":"SR685934","name":"BOTTOM"},{"catalog_number":"SR685933","name":"BOTTOM"},{"catalog_number":"SR685932","name":"STIFFENER"},{"catalog_number":"SR685931","name":"STIFFENER"},{"catalog_number":"SR685930","name":"SUPPORT"},{"catalog_number":"SR685929","name":"SUPPORT"},{"catalog_number":"SR685924","name":"FENDER"},{"catalog_number":"SR685923","name":"FENDER"},{"catalog_number":"SR685913","name":"PROTECTION"},{"catalog_number":"SR685910","name":"PROTECTION"},{"catalog_number":"SR685903","name":"SUPPORT"},{"catalog_number":"SR685902","name":"SUPPORT"},{"catalog_number":"SR685901","name":"GUARD"},{"catalog_number":"SR685899","name":"GUARD"},{"catalog_number":"SR685898","name":"HOSE"},{"catalog_number":"SR685896","name":"GUARD"},{"catalog_number":"SR685889","name":"EXTENSION"},{"catalog_number":"SR685886","name":"GUIDE"},{"catalog_number":"SR685873","name":"SQUARE."},{"catalog_number":"SR685868","name":"SCREW"},{"catalog_number":"SR685854","name":"GUARD"},{"catalog_number":"SR685845","name":"SUPPORT"},{"catalog_number":"SR685840","name":"MOULDING"},{"catalog_number":"SR685836","name":"TANK"},{"catalog_number":"SR685832","name":"COVER"},{"catalog_number":"SR685829","name":"RAIL"},{"catalog_number":"SR685818","name":"COVER"},{"catalog_number":"SR685809","name":"TANK"},{"catalog_number":"SR685806","name":"ARM"},{"catalog_number":"SR685804","name":"SHAFT"},{"catalog_number":"SR685803","name":"SUPPORT"},{"catalog_number":"SR685801","name":"PLATE"},{"catalog_number":"SR685800","name":"PLATE"},{"catalog_number":"SR685799","name":"LATCH"},{"catalog_number":"SR685787","name":"STRAW WALKER"},{"catalog_number":"SR685786","name":"STRAW WALKER"},{"catalog_number":"SR685770","name":"FRAME"},{"catalog_number":"SR685758","name":"SUPPORT"},{"catalog_number":"SR685757","name":"TANK"},{"catalog_number":"SR685751","name":"LEVER"},{"catalog_number":"SR685746","name":"BEARING PLATE"},{"catalog_number":"SR685733","name":"PLATE"},{"catalog_number":"SR685732","name":"SUPPORT"},{"catalog_number":"SR685731","name":"PLATE"},{"catalog_number":"SR685730","name":"SHAFT"},{"catalog_number":"SR685729","name":"TOGGLE"},{"catalog_number":"SR685728","name":"SPROCKET"},{"catalog_number":"SR685727","name":"SPROCKET"},{"catalog_number":"SR685720","name":"PISTON"},{"catalog_number":"SR685719","name":"BRAKE SHOE"},{"catalog_number":"SR685716","name":"FRONT AXLE"},{"catalog_number":"SR685715","name":"BEARING"},{"catalog_number":"SR685708","name":"SUPPORT"},{"catalog_number":"SR685700","name":"BUSH"},{"catalog_number":"SR685699","name":"LEVER"},{"catalog_number":"SR685697","name":"PLATE"},{"catalog_number":"SR685692","name":"GRAIN TANK"},{"catalog_number":"SR685687","name":"SUPPORT"},{"catalog_number":"SR685682","name":"SUPPORT"},{"catalog_number":"SR685675","name":"SCREW"},{"catalog_number":"SR685660","name":"GRAIN PAN"},{"catalog_number":"SR685655","name":"FLANGE"},{"catalog_number":"SR685653","name":"SHAFT"},{"catalog_number":"SR685649","name":"LEVER"},{"catalog_number":"SR685642","name":"TANK"},{"catalog_number":"SR685637","name":"BUSH"},{"catalog_number":"SR685636","name":"ROD"},{"catalog_number":"SR685633","name":"HOUSING"},{"catalog_number":"SR685629","name":"SUPPORT"},{"catalog_number":"SR685627","name":"FLYWHEEL"},{"catalog_number":"SR685625","name":"HOLDER"},{"catalog_number":"SR685618","name":"KEY"},{"catalog_number":"SR685617","name":"SCREW"}]}