{"machinery_brand_name":"Ag-Chem","parts":[{"catalog_number":"TU0005840","name":"PIN"},{"catalog_number":"TU0005830","name":"PIN"},{"catalog_number":"TU0005820","name":"PIN"},{"catalog_number":"TU0005810","name":"PIN"},{"catalog_number":"TU0005800","name":"PIN"},{"catalog_number":"TU0005790","name":"PIN"},{"catalog_number":"TU0005780","name":"PIN"},{"catalog_number":"TU0005770","name":"PIN"},{"catalog_number":"TU0005760","name":"PIN"},{"catalog_number":"TU0005750","name":"PIN"},{"catalog_number":"TU0005740","name":"PIN"},{"catalog_number":"TU0005720","name":"PIN"},{"catalog_number":"TU0005710","name":"PIN"},{"catalog_number":"TU0005700","name":"PIPE"},{"catalog_number":"TU0005690","name":"PIN"},{"catalog_number":"TU0005680","name":"PIN"},{"catalog_number":"TU0005670","name":"PIN"},{"catalog_number":"TU0005660","name":"PIN"},{"catalog_number":"TU0005650","name":"PIN"},{"catalog_number":"TU0005640","name":"PIN"},{"catalog_number":"TU0005630","name":"PIN"},{"catalog_number":"TU0005620","name":"PIN"},{"catalog_number":"TU0005610","name":"PIN"},{"catalog_number":"TU0005600","name":"PIN"},{"catalog_number":"TU0005590","name":"RING"},{"catalog_number":"TU0005580","name":"RING"},{"catalog_number":"TU0005570","name":"AXLE"},{"catalog_number":"TU0005560","name":"RING"},{"catalog_number":"TU0005550","name":"LOCK"},{"catalog_number":"TU0005540","name":"SPRING"},{"catalog_number":"TU0005530","name":"SPRING"},{"catalog_number":"TU0005520","name":"SPRING"},{"catalog_number":"TU0005510","name":"SPRING"},{"catalog_number":"TU0005500","name":"SPRING"},{"catalog_number":"TU0005480","name":"SPRING"},{"catalog_number":"TU0005470","name":"CYLINDER"},{"catalog_number":"TU0005460","name":"SPRING"},{"catalog_number":"TU0005450","name":"SPRING"},{"catalog_number":"TU0005440","name":"SPRING"},{"catalog_number":"TU0005430","name":"SPRING"},{"catalog_number":"TU0005420","name":"SPRING"},{"catalog_number":"TU0005410","name":"SPRING"},{"catalog_number":"TU0005400","name":"PIN"},{"catalog_number":"TU0005380","name":"TAP"},{"catalog_number":"TU0005370","name":"REDUCER"},{"catalog_number":"TU0005360","name":"CONNECTING LINK"},{"catalog_number":"TU0005350","name":"COUPLING"},{"catalog_number":"TU0005340","name":"PLATE"},{"catalog_number":"TU0005210","name":"V BELT"},{"catalog_number":"TU0005200","name":"V BELT"},{"catalog_number":"TU0005190","name":"V BELT"},{"catalog_number":"TU0005180","name":"BELT"},{"catalog_number":"TU0005170","name":"V BELT"},{"catalog_number":"TU0005160","name":"V BELT"},{"catalog_number":"TU0005140","name":"V BELT"},{"catalog_number":"TU0005110","name":"PLUG"},{"catalog_number":"TU0004200","name":"GEARBOX"},{"catalog_number":"TU0004180","name":"BELT"},{"catalog_number":"TU0004170","name":"SPROCKET"},{"catalog_number":"TU0004110","name":"WHEEL"},{"catalog_number":"TU0004100","name":"WHEEL"},{"catalog_number":"TU0004060","name":"BALL BEARING"},{"catalog_number":"TU0004050","name":"BALL BEARING"},{"catalog_number":"TU0004030","name":"BALL BEARING"},{"catalog_number":"TU0004020","name":"BALL BEARING"},{"catalog_number":"TU0004010","name":"BALL BEARING"},{"catalog_number":"TU0004000","name":"BALL BEARING"},{"catalog_number":"TU0003990","name":"BALL BEARING"},{"catalog_number":"TU0003980","name":"BALL BEARING"},{"catalog_number":"TU0003970","name":"BALL BEARING"},{"catalog_number":"TU0003960","name":"CUP"},{"catalog_number":"TU0003950","name":"CUP"},{"catalog_number":"TU0003940","name":"COLLAR"},{"catalog_number":"TU0003930","name":"COLLAR"},{"catalog_number":"TU0003920","name":"BEARING"},{"catalog_number":"TU0003900","name":"BALL BEARING"},{"catalog_number":"TU0003890","name":"BALL BEARING"},{"catalog_number":"TU0003880","name":"BEARING"},{"catalog_number":"TU0003870","name":"BEARING"},{"catalog_number":"TU0003850","name":"LINK"},{"catalog_number":"TU0003800","name":"BEARING BUSH"},{"catalog_number":"TU0003750","name":"BUSH"},{"catalog_number":"TU0002450","name":"NIPPLE"},{"catalog_number":"TU0002430","name":"CLAMPING PIECE"},{"catalog_number":"TU0002400","name":"KNIFE"},{"catalog_number":"TU0002060","name":"HOSE"},{"catalog_number":"TU0002050","name":"PIPE"},{"catalog_number":"TU0002040","name":"HOSE"},{"catalog_number":"TU0002020","name":"HOSE"},{"catalog_number":"TU0002010","name":"PIPE"},{"catalog_number":"TU0001960","name":"HOSE"},{"catalog_number":"TU0001950","name":"HOSE"},{"catalog_number":"TU0001940","name":"HOSE"},{"catalog_number":"TU0001930","name":"HOSE"},{"catalog_number":"TU0001920","name":"HOSE"},{"catalog_number":"TU0001910","name":"HOSE"},{"catalog_number":"TU0001900","name":"HOSE"},{"catalog_number":"TU0001890","name":"HOSE"},{"catalog_number":"TU0001880","name":"HOSE"},{"catalog_number":"TU0001860","name":"HOSE"},{"catalog_number":"TU0001800","name":"NOSE"},{"catalog_number":"TU0001790","name":"HOSE"},{"catalog_number":"TU0001760","name":"HOSE"},{"catalog_number":"TU0001750","name":"PLUG"},{"catalog_number":"TU0001730","name":"HOSE"},{"catalog_number":"TU0001720","name":"HOSE"},{"catalog_number":"TU0001700","name":"HOSE"},{"catalog_number":"TU0001690","name":"HOSE"},{"catalog_number":"TU0001680","name":"HOSE"},{"catalog_number":"TU0001670","name":"HOSE"},{"catalog_number":"TU0001660","name":"HOSE"},{"catalog_number":"TU0001650","name":"HOSE"},{"catalog_number":"TU0001640","name":"HOSE"},{"catalog_number":"TU0001630","name":"HOSE"},{"catalog_number":"TU0001620","name":"VALVE"},{"catalog_number":"TU0001610","name":"CYLINDER"},{"catalog_number":"TU0001530","name":"END"},{"catalog_number":"TU0001520","name":"BRACKET"},{"catalog_number":"TU0001510","name":"FASTENER"},{"catalog_number":"TU0001500","name":"FASTENER"},{"catalog_number":"TU0001490","name":"COVER"},{"catalog_number":"TU0001480","name":"COVER"},{"catalog_number":"TU0001460","name":"PLUG"},{"catalog_number":"TU0001440","name":"COUPLER"},{"catalog_number":"TU0001430","name":"COUPLER"},{"catalog_number":"TU0001420","name":"COUPLER"},{"catalog_number":"TU0001410","name":"COUPLER"},{"catalog_number":"TU0001400","name":"PART"},{"catalog_number":"TU0001390","name":"COUPLER"},{"catalog_number":"TU0001360","name":"PLUG"},{"catalog_number":"TU0001350","name":"VALVE"},{"catalog_number":"TU0001340","name":"NIPPLE"},{"catalog_number":"TU0001330","name":"NIPPLE"},{"catalog_number":"TU0001310","name":"NIPPLE"},{"catalog_number":"TU0001300","name":"NIPPLE"},{"catalog_number":"TU0001290","name":"CONNECTOR"},{"catalog_number":"TU0001280","name":"CONNECTOR"},{"catalog_number":"TU0001270","name":"HYDRAULIC MOTOR"},{"catalog_number":"TU0001260","name":"NUT"},{"catalog_number":"TU0001250","name":"PIPE"},{"catalog_number":"TU0000930","name":"PART"},{"catalog_number":"TU0000910","name":"PISTON SEAL"},{"catalog_number":"TU0000900","name":"SEAL"},{"catalog_number":"TU0000890","name":"PISTON SEAL"},{"catalog_number":"TU0000880","name":"SEAL"},{"catalog_number":"TU0000870","name":"RING"},{"catalog_number":"TU0000860","name":"O RING"},{"catalog_number":"TU0000840","name":"O RING"},{"catalog_number":"TU0000800","name":"O RING"},{"catalog_number":"TU0000790","name":"O RING"},{"catalog_number":"TU0000780","name":"O RING"},{"catalog_number":"TU0000750","name":"O RING"},{"catalog_number":"TU0000740","name":"O RING"},{"catalog_number":"TU0000730","name":"O RING"},{"catalog_number":"TU0000700","name":"SCRAPER"},{"catalog_number":"TU0000670","name":"SCRAPER"},{"catalog_number":"TU0000630","name":"RING"},{"catalog_number":"TU0000620","name":"GASKET"},{"catalog_number":"TU0000610","name":"SEAL"},{"catalog_number":"TU0000600","name":"OIL SEAL"},{"catalog_number":"TU0000590","name":"SEAL"},{"catalog_number":"TU0000580","name":"SEAL"},{"catalog_number":"TU0000570","name":"SEAL"},{"catalog_number":"TU0000220","name":"CHAIN"},{"catalog_number":"TU0000210","name":"VALVE"},{"catalog_number":"TU0000180","name":"PLUG"},{"catalog_number":"TMOPLATE01","name":"BOOKLET"},{"catalog_number":"TMOL600E03","name":"BOOKLET"},{"catalog_number":"TMOL400E01","name":"BOOKLET"},{"catalog_number":"TMOI400XE01","name":"REP TIME SCHED"},{"catalog_number":"TMO5000E01","name":"BOOKLET"},{"catalog_number":"TMHL579A","name":"SPRING"},{"catalog_number":"TMHL578","name":"RING"},{"catalog_number":"TMHL577","name":"RING"},{"catalog_number":"TMHL576","name":"RING"},{"catalog_number":"TM732116","name":"BEARING"},{"catalog_number":"TM45235","name":"GRIP"},{"catalog_number":"TM45208","name":"SPACER"},{"catalog_number":"TM45198","name":"SPRING"},{"catalog_number":"TM45122","name":"NUT"},{"catalog_number":"TM31724","name":"BAR"},{"catalog_number":"TM31723","name":"BAR"},{"catalog_number":"TM31719","name":"PLATE"},{"catalog_number":"TD401-1916","name":"KIT"},{"catalog_number":"T0313006","name":"FENDER"},{"catalog_number":"T0285011","name":"KIT"},{"catalog_number":"T0285009","name":"POWER TAKE-OFF"},{"catalog_number":"T0285006","name":"POWER TAKE-OFF"},{"catalog_number":"T0258002","name":"KIT, CARRIER"},{"catalog_number":"SY500147L","name":"OVERALL"},{"catalog_number":"SY2712912L","name":"WAISTCOAT"},{"catalog_number":"SY2712911L","name":"WAISTCOAT"},{"catalog_number":"SY133271L","name":"SUMMER JACKET"},{"catalog_number":"SY12362154","name":"BIB & BRACE"},{"catalog_number":"SY1028758","name":"OVERALL"},{"catalog_number":"SY1028756","name":"OVERALL"},{"catalog_number":"SU1286","name":"BOLT"},{"catalog_number":"SU1200","name":"PARALLEL KEY"},{"catalog_number":"ST1250001","name":"BAND"},{"catalog_number":"SRSM487","name":"PART"},{"catalog_number":"SRD61","name":"PART"},{"catalog_number":"SRD2","name":"PART"},{"catalog_number":"SR9700464","name":"EXTENSION"},{"catalog_number":"SR855099","name":"PLATE"},{"catalog_number":"SR710298","name":"CHAIN"},{"catalog_number":"SR708665","name":"DISC"},{"catalog_number":"SR708650","name":"SPACER"},{"catalog_number":"SR706988","name":"KIT"},{"catalog_number":"SR706836","name":"KNIFE"},{"catalog_number":"SR706835","name":"KNIFE"},{"catalog_number":"SR706791","name":"KNIFE"},{"catalog_number":"SR706790","name":"KNIFE"},{"catalog_number":"SR706789","name":"KNIFE"},{"catalog_number":"SR706785","name":"KNIFE"},{"catalog_number":"SR706784","name":"KNIFE"},{"catalog_number":"SR706781","name":"KNIFE"},{"catalog_number":"SR706779","name":"KNIFE"},{"catalog_number":"SR706778","name":"KNIFE"},{"catalog_number":"SR706777","name":"KNIFE"},{"catalog_number":"SR706775","name":"KNIFE"},{"catalog_number":"SR706774","name":"KNIFE"},{"catalog_number":"SR706773","name":"KNIFE"},{"catalog_number":"SR706757","name":"SPROCKET"},{"catalog_number":"SR706385","name":"FINGER"},{"catalog_number":"SR705221","name":"PLATE"},{"catalog_number":"SR704921","name":"HOSE"},{"catalog_number":"SR703484","name":"SHAFT"},{"catalog_number":"SR702759","name":"GUARD"},{"catalog_number":"SR702758","name":"GUARD"},{"catalog_number":"SR702628","name":"GUARD"},{"catalog_number":"SR702363","name":"COVER"},{"catalog_number":"SR702194","name":"LIST"},{"catalog_number":"SR702193","name":"LIST"},{"catalog_number":"SR702154","name":"PEDAL"},{"catalog_number":"SR702125","name":"PART"},{"catalog_number":"SR702121","name":"INDICATOR"},{"catalog_number":"SR702086","name":"ROD"},{"catalog_number":"SR702035","name":"FLANGE"},{"catalog_number":"SR702033","name":"SHAFT"},{"catalog_number":"SR701865","name":"CIRCLIP"},{"catalog_number":"SR701745","name":"CASE"},{"catalog_number":"SR701737","name":"EXTENSION"},{"catalog_number":"SR701736","name":"STRAW WALKER"},{"catalog_number":"SR701676","name":"SHAFT"},{"catalog_number":"SR701674","name":"SCREW"},{"catalog_number":"SR701629","name":"RAIL"},{"catalog_number":"SR701610","name":"AUGER"},{"catalog_number":"SR701524","name":"AUGER"},{"catalog_number":"SR701398","name":"GRILLE"},{"catalog_number":"SR701397","name":"GRILLE"},{"catalog_number":"SR701369","name":"DRUM"},{"catalog_number":"SR701345","name":"LATCH"},{"catalog_number":"SR701344","name":"LATCH"},{"catalog_number":"SR701308","name":"HEATER"},{"catalog_number":"SR701226","name":"LIST"},{"catalog_number":"SR701225","name":"SEAL"},{"catalog_number":"SR701186","name":"WING TIP"},{"catalog_number":"SR701150","name":"HOLDER"},{"catalog_number":"SR701149","name":"HOLDER"},{"catalog_number":"SR701137","name":"PIN"},{"catalog_number":"SR701133","name":"PIN"},{"catalog_number":"SR701127","name":"ARM"},{"catalog_number":"SR701125","name":"BAR"},{"catalog_number":"SR701116","name":"BAR"},{"catalog_number":"SR701114","name":"PLATE"},{"catalog_number":"SR701113","name":"PULLEY"},{"catalog_number":"SR701111","name":"PIN"},{"catalog_number":"SR701095","name":"WIRE"},{"catalog_number":"SR701094","name":"PIPE"},{"catalog_number":"SR701093","name":"ROD"},{"catalog_number":"SR701090","name":"ROD"},{"catalog_number":"SR701087","name":"REINFORCEMENT"},{"catalog_number":"SR701072","name":"COVER"},{"catalog_number":"SR701069","name":"COVER"},{"catalog_number":"SR701062","name":"COVER"},{"catalog_number":"SR700995","name":"HOLDER"},{"catalog_number":"SR700989","name":"HUB"},{"catalog_number":"SR700981","name":"PULLEY"},{"catalog_number":"SR700970","name":"SHAFT"},{"catalog_number":"SR700969","name":"SHAFT"},{"catalog_number":"SR700968","name":"SHAFT"},{"catalog_number":"SR700904","name":"BUFFER"},{"catalog_number":"SR700903","name":"HOLDER"},{"catalog_number":"SR700901","name":"LOCK"},{"catalog_number":"SR700788","name":"GUARD"},{"catalog_number":"SR700751","name":"EXTENSION"},{"catalog_number":"SR700613","name":"SHAFT"},{"catalog_number":"SR700611","name":"HOUSING"},{"catalog_number":"SR700610","name":"AUGER"},{"catalog_number":"SR700609","name":"FLANGE"},{"catalog_number":"SR700606","name":"FLANGE"},{"catalog_number":"SR700604","name":"SHAFT"},{"catalog_number":"SR700602","name":"HOUSING"},{"catalog_number":"SR700601","name":"AUGER"},{"catalog_number":"SR700582","name":"BUSH"},{"catalog_number":"SR700564","name":"ARM"},{"catalog_number":"SR700478","name":"PLATE"},{"catalog_number":"SR700476","name":"GRIP"},{"catalog_number":"SR700470","name":"TANK"},{"catalog_number":"SR700467","name":"SUPPORT"},{"catalog_number":"SR700466","name":"COVER"},{"catalog_number":"SR700454","name":"TANK"},{"catalog_number":"SR700447","name":"LADDER"},{"catalog_number":"SR700446","name":"FOOT"},{"catalog_number":"SR700445","name":"FRAME"},{"catalog_number":"SR700444","name":"FRAME"},{"catalog_number":"SR700442","name":"ISOLATOR"},{"catalog_number":"SR700441","name":"ISOLATOR"},{"catalog_number":"SR700440","name":"PLATE"},{"catalog_number":"SR700439","name":"PLATE"},{"catalog_number":"SR700438","name":"PLATE"},{"catalog_number":"SR700437","name":"PLATE"},{"catalog_number":"SR700436","name":"ISOLATOR"},{"catalog_number":"SR700430","name":"COVER"},{"catalog_number":"SR700421","name":"SUPPORT"},{"catalog_number":"SR700419","name":"EXTENSION"},{"catalog_number":"SR700397","name":"GUARD"},{"catalog_number":"SR700395","name":"GUARD"},{"catalog_number":"SR700385","name":"PIPE"},{"catalog_number":"SR700384","name":"PIPE"},{"catalog_number":"SR700381","name":"HOLDER"},{"catalog_number":"SR700380","name":"HOLDER"},{"catalog_number":"SR700377","name":"PLATE"},{"catalog_number":"SR700376","name":"SUPPORT"},{"catalog_number":"SR700375","name":"FRAME"},{"catalog_number":"SR700374","name":"GUARD"},{"catalog_number":"SR700370","name":"PIPE"},{"catalog_number":"SR700367","name":"WASHER"},{"catalog_number":"SR700366","name":"SHAFT"},{"catalog_number":"SR700365","name":"SHAFT"},{"catalog_number":"SR700362","name":"PIPE"},{"catalog_number":"SR700355","name":"COVER"},{"catalog_number":"SR700353","name":"PIN"},{"catalog_number":"SR700352","name":"MOULDING"},{"catalog_number":"SR700349","name":"FRAME"},{"catalog_number":"SR700348","name":"FRAME"},{"catalog_number":"SR700345","name":"HOUSING"},{"catalog_number":"SR700344","name":"FLANGE"},{"catalog_number":"SR700343","name":"PLATE"},{"catalog_number":"SR700342","name":"WING TIP"},{"catalog_number":"SR700341","name":"WING TIP"},{"catalog_number":"SR700336","name":"PLATE"},{"catalog_number":"SR700333","name":"FLANGE"},{"catalog_number":"SR700330","name":"SUPPORT"},{"catalog_number":"SR700314","name":"HOLDER"},{"catalog_number":"SR700303","name":"GUARD"},{"catalog_number":"SR700299","name":"BUSH"},{"catalog_number":"SR700279","name":"PLATE"},{"catalog_number":"SR700277","name":"RAIL"},{"catalog_number":"SR700275","name":"SHAFT"},{"catalog_number":"SR700273","name":"FLANGE"},{"catalog_number":"SR700272","name":"SUPPORT"},{"catalog_number":"SR700271","name":"SUPPORT"},{"catalog_number":"SR700268","name":"LEVER"},{"catalog_number":"SR700266","name":"ROD"},{"catalog_number":"SR700265","name":"LEVER"},{"catalog_number":"SR700264","name":"STIRRUP"},{"catalog_number":"SR700263","name":"SUPPORT"},{"catalog_number":"SR700252","name":"AXLE"},{"catalog_number":"SR700238","name":"BAR"},{"catalog_number":"SR700237","name":"BAR"},{"catalog_number":"SR700198","name":"RAIL"},{"catalog_number":"SR700192","name":"PLATE"},{"catalog_number":"SR700186","name":"PLATE"},{"catalog_number":"SR700185","name":"PLATE"},{"catalog_number":"SR700181","name":"SUPPORT"},{"catalog_number":"SR700178","name":"FOOT"},{"catalog_number":"SR700177","name":"PLATE"},{"catalog_number":"SR700176","name":"ROD"},{"catalog_number":"SR700175","name":"RAIL"},{"catalog_number":"SR700158","name":"FOOT"},{"catalog_number":"SR700144","name":"AUGER"},{"catalog_number":"SR700138","name":"GUARD"},{"catalog_number":"SR700126","name":"SHAFT"},{"catalog_number":"SR700125","name":"FLANGE"},{"catalog_number":"SR700122","name":"FLANGE"},{"catalog_number":"SR700121","name":"HUB"},{"catalog_number":"SR700111","name":"HOUSING"},{"catalog_number":"SR700110","name":"AUGER"},{"catalog_number":"SR700108","name":"HOUSING"},{"catalog_number":"SR700107","name":"AUGER"},{"catalog_number":"SR700093","name":"SHAFT"},{"catalog_number":"SR700091","name":"SHAFT"},{"catalog_number":"SR700089","name":"SHAFT"},{"catalog_number":"SR700087","name":"SHAFT"},{"catalog_number":"SR700085","name":"SHAFT"},{"catalog_number":"SR700069","name":"PLATE"},{"catalog_number":"SR700052","name":"FRAME"},{"catalog_number":"SR699993","name":"HOSE"},{"catalog_number":"SR699986","name":"RACK"},{"catalog_number":"SR699976","name":"HEAD"},{"catalog_number":"SR699975","name":"HEAD"},{"catalog_number":"SR699960","name":"PLATE"},{"catalog_number":"SR699956","name":"MOTOR"},{"catalog_number":"SR699955","name":"DIGITAL DISPLAY"},{"catalog_number":"SR699954","name":"MOTOR"},{"catalog_number":"SR699942","name":"COVER"},{"catalog_number":"SR699940","name":"SUPPORT"},{"catalog_number":"SR699932","name":"HOLDER"},{"catalog_number":"SR699931","name":"HOLDER"},{"catalog_number":"SR699908","name":"HOLDER"},{"catalog_number":"SR699907","name":"HOLDER"},{"catalog_number":"SR699902","name":"CAB"},{"catalog_number":"SR699880","name":"PLATE"},{"catalog_number":"SR699872","name":"GUARD"},{"catalog_number":"SR699856","name":"GUARD"},{"catalog_number":"SR699846","name":"SHAFT"},{"catalog_number":"SR699845","name":"SHAFT"},{"catalog_number":"SR699844","name":"BUSH"},{"catalog_number":"SR699843","name":"COVER"},{"catalog_number":"SR699842","name":"BEARING HOUSING"},{"catalog_number":"SR699834","name":"BAR"},{"catalog_number":"SR699770","name":"INDICATOR"},{"catalog_number":"SR699730","name":"GAUGE"},{"catalog_number":"SR699725","name":"ACTUATOR"},{"catalog_number":"SR699718","name":"THERMOSTAT"},{"catalog_number":"SR699715","name":"FRAME"},{"catalog_number":"SR699713","name":"FRAME"},{"catalog_number":"SR699711","name":"FRAME"},{"catalog_number":"SR699704","name":"HOSE"},{"catalog_number":"SR699701","name":"SHAFT"},{"catalog_number":"SR699617","name":"PLATE"},{"catalog_number":"SR699613","name":"FASTENER"},{"catalog_number":"SR699612","name":"NUT"},{"catalog_number":"SR699605","name":"FRAME"},{"catalog_number":"SR699601","name":"HOLDER"},{"catalog_number":"SR699550","name":"SUPPORT"},{"catalog_number":"SR699534","name":"PLATE"},{"catalog_number":"SR699532","name":"SUPPORT"},{"catalog_number":"SR699525","name":"SUPPORT"},{"catalog_number":"SR699524","name":"GUARD"},{"catalog_number":"SR699521","name":"GUARD"},{"catalog_number":"SR699512","name":"STONE TRAP"},{"catalog_number":"SR699492","name":"GUARD"},{"catalog_number":"SR699488","name":"HOLDER"},{"catalog_number":"SR699487","name":"TYRE"},{"catalog_number":"SR699482","name":"KEY"},{"catalog_number":"SR699467","name":"GUARD"},{"catalog_number":"SR699466","name":"GUARD"},{"catalog_number":"SR699461","name":"LEVER"},{"catalog_number":"SR699431","name":"ROD"},{"catalog_number":"SR699427","name":"HOLDER"},{"catalog_number":"SR699426","name":"SUPPORT"},{"catalog_number":"SR699425","name":"SUPPORT"},{"catalog_number":"SR699424","name":"SUPPORT"},{"catalog_number":"SR699422","name":"COVER"},{"catalog_number":"SR699416","name":"CYLINDER"},{"catalog_number":"SR699413","name":"PULLEY"},{"catalog_number":"SR699400","name":"LIST"},{"catalog_number":"SR699393","name":"ECCENTRIC"},{"catalog_number":"SR699358","name":"GUARD"},{"catalog_number":"SR699357","name":"GUARD"},{"catalog_number":"SR699331","name":"LIST"},{"catalog_number":"SR699177","name":"ROD"},{"catalog_number":"SR699145","name":"RAIL"},{"catalog_number":"SR699143","name":"LIST"},{"catalog_number":"SR699139","name":"COVER"},{"catalog_number":"SR699138","name":"COVER"},{"catalog_number":"SR699135","name":"SUPPORT"},{"catalog_number":"SR699133","name":"PLATE"},{"catalog_number":"SR699131","name":"HOLDER"},{"catalog_number":"SR699129","name":"STAND"},{"catalog_number":"SR699123","name":"SUPPORT"},{"catalog_number":"SR699119","name":"HOLDER"},{"catalog_number":"SR699118","name":"HOLDER"},{"catalog_number":"SR699112","name":"GUARD"},{"catalog_number":"SR699111","name":"PLATE"},{"catalog_number":"SR699089","name":"METER"},{"catalog_number":"SR699087","name":"ARM"},{"catalog_number":"SR699081","name":"GUARD"},{"catalog_number":"SR699079","name":"HOLDER"},{"catalog_number":"SR699077","name":"HOLDER"},{"catalog_number":"SR699076","name":"GUARD"},{"catalog_number":"SR699075","name":"HOLDER"},{"catalog_number":"SR699074","name":"HOLDER"},{"catalog_number":"SR699071","name":"HOLDER"},{"catalog_number":"SR699054","name":"LEVER"},{"catalog_number":"SR699052","name":"SHAFT"},{"catalog_number":"SR699050","name":"FASTENER"},{"catalog_number":"SR699049","name":"SUPPORT"},{"catalog_number":"SR699047","name":"PLATE"},{"catalog_number":"SR699044","name":"CAGE"},{"catalog_number":"SR699035","name":"SUPPORT"},{"catalog_number":"SR699034","name":"HOLDER"},{"catalog_number":"SR699033","name":"HOLDER"},{"catalog_number":"SR699027","name":"COVER"},{"catalog_number":"SR699024","name":"FASTENER"},{"catalog_number":"SR699023","name":"FASTENER"},{"catalog_number":"SR699021","name":"FASTENER"},{"catalog_number":"SR699020","name":"COUNTERPLATE"},{"catalog_number":"SR699007","name":"CAGE"},{"catalog_number":"SR698989","name":"FASTENER"},{"catalog_number":"SR698984","name":"PIN"},{"catalog_number":"SR698982","name":"SUPPORT"},{"catalog_number":"SR698981","name":"GUARD"},{"catalog_number":"SR698977","name":"COVER"},{"catalog_number":"SR698959","name":"CARRIER"},{"catalog_number":"SR698958","name":"CARRIER"},{"catalog_number":"SR698956","name":"SUPPORT"},{"catalog_number":"SR698945","name":"SUPPORT"},{"catalog_number":"SR698943","name":"PLATE"},{"catalog_number":"SR698921","name":"ARM"},{"catalog_number":"SR698920","name":"STOP"},{"catalog_number":"SR698913","name":"PLATE"},{"catalog_number":"SR698899","name":"FASTENER"},{"catalog_number":"SR698898","name":"FASTENER"},{"catalog_number":"SR698892","name":"SUPPORT"},{"catalog_number":"SR698891","name":"PEDAL"},{"catalog_number":"SR698887","name":"RAIL"},{"catalog_number":"SR698882","name":"RAIL"},{"catalog_number":"SR698870","name":"BAR"},{"catalog_number":"SR698869","name":"HOLDER"},{"catalog_number":"SR698868","name":"RACK"},{"catalog_number":"SR698859","name":"AXLE"},{"catalog_number":"SR698857","name":"ROD"},{"catalog_number":"SR698850","name":"KIT, DIVIDER"},{"catalog_number":"SR698849","name":"DIVIDER"},{"catalog_number":"SR698848","name":"DIVIDER"},{"catalog_number":"SR698844","name":"ROD"},{"catalog_number":"SR698842","name":"DIVIDER"},{"catalog_number":"SR698841","name":"DIVIDER"},{"catalog_number":"SR698840","name":"SUPPORT"},{"catalog_number":"SR698837","name":"SUPPORT"},{"catalog_number":"SR698836","name":"DIVIDER"},{"catalog_number":"SR698835","name":"DIVIDER"},{"catalog_number":"SR698832","name":"TUBE"},{"catalog_number":"SR698831","name":"DIVIDER"},{"catalog_number":"SR698830","name":"DIVIDER"},{"catalog_number":"SR698810","name":"LIST"},{"catalog_number":"SR698795","name":"TROUGH"},{"catalog_number":"SR698789","name":"LIST"},{"catalog_number":"SR698780","name":"LIST"},{"catalog_number":"SR698770","name":"LIST"},{"catalog_number":"SR698762","name":"TROUGH"},{"catalog_number":"SR698760","name":"COVER"},{"catalog_number":"SR698733","name":"COVER"},{"catalog_number":"SR698695","name":"PLATE"},{"catalog_number":"SR698681","name":"EXTENSION"},{"catalog_number":"SR698679","name":"HOLDER"},{"catalog_number":"SR698678","name":"BEAM"},{"catalog_number":"SR698677","name":"BEAM"},{"catalog_number":"SR698664","name":"SHAFT"},{"catalog_number":"SR698631","name":"SHAFT"},{"catalog_number":"SR698606","name":"PLATE"},{"catalog_number":"SR698602","name":"ECCENTRIC"},{"catalog_number":"SR698597","name":"HINGE"},{"catalog_number":"SR698585","name":"COVER"},{"catalog_number":"SR698577","name":"COVER"},{"catalog_number":"SR698554","name":"PLATE"},{"catalog_number":"SR698547","name":"BUSH"},{"catalog_number":"SR698546","name":"PLATE"},{"catalog_number":"SR698525","name":"AUGER"},{"catalog_number":"SR698523","name":"SHAFT"},{"catalog_number":"SR698521","name":"HOUSING"},{"catalog_number":"SR698520","name":"AUGER"},{"catalog_number":"SR698515","name":"AUGER"},{"catalog_number":"SR698513","name":"SHAFT"},{"catalog_number":"SR698511","name":"HOUSING"},{"catalog_number":"SR698510","name":"AUGER"},{"catalog_number":"SR698506","name":"CASING."},{"catalog_number":"SR698505","name":"AUGER"},{"catalog_number":"SR698503","name":"SHAFT"},{"catalog_number":"SR698501","name":"HOUSING"},{"catalog_number":"SR698500","name":"AUGER"},{"catalog_number":"SR698499","name":"WASHER"},{"catalog_number":"SR698496","name":"DOOR"},{"catalog_number":"SR698495","name":"COVER"},{"catalog_number":"SR698493","name":"COVER"},{"catalog_number":"SR698459","name":"CRANKSHAFT"},{"catalog_number":"SR698457","name":"CRANKSHAFT"},{"catalog_number":"SR698451","name":"FLANGE"},{"catalog_number":"SR698447","name":"EXTENSION"},{"catalog_number":"SR698445","name":"STRAW WALKER"},{"catalog_number":"SR698425","name":"SHAFT"},{"catalog_number":"SR698424","name":"SHAFT"},{"catalog_number":"SR698419","name":"LADDER"},{"catalog_number":"SR698394","name":"SCREW"},{"catalog_number":"SR698337","name":"GUARD"},{"catalog_number":"SR698336","name":"GUARD"},{"catalog_number":"SR698298","name":"PLATE"},{"catalog_number":"SR698295","name":"FLANGE"},{"catalog_number":"SR698293","name":"FLANGE"},{"catalog_number":"SR698292","name":"BEARING"},{"catalog_number":"SR698288","name":"FINGER"},{"catalog_number":"SR698285","name":"ARM"},{"catalog_number":"SR698283","name":"BUSH"},{"catalog_number":"SR698282","name":"BUSH"},{"catalog_number":"SR698280","name":"PIN"},{"catalog_number":"SR698279","name":"PLATE"},{"catalog_number":"SR698278","name":"WASHER"},{"catalog_number":"SR698276","name":"HUB"},{"catalog_number":"SR698256","name":"GUARD"},{"catalog_number":"SR698249","name":"BAR"},{"catalog_number":"SR698248","name":"BAR"},{"catalog_number":"SR698242","name":"SHAFT"},{"catalog_number":"SR698234","name":"HOSE"},{"catalog_number":"SR698227","name":"KNIFE"},{"catalog_number":"SR698226","name":"KNIFE"},{"catalog_number":"SR698225","name":"KNIFE"},{"catalog_number":"SR698224","name":"KNIFE"}]}