{"machinery_brand_name":"Ag-Chem","parts":[{"catalog_number":"SR698219","name":"GUARD"},{"catalog_number":"SR698212","name":"LATCH"},{"catalog_number":"SR698208","name":"GUARD"},{"catalog_number":"SR698207","name":"GUARD"},{"catalog_number":"SR698153","name":"REAR AXLE"},{"catalog_number":"SR698145","name":"FASTENER"},{"catalog_number":"SR698125","name":"RACK"},{"catalog_number":"SR698102","name":"RUBBER BUSH"},{"catalog_number":"SR698091","name":"CLUTCH"},{"catalog_number":"SR698090","name":"CLUTCH"},{"catalog_number":"SR698087","name":"SHAFT"},{"catalog_number":"SR698083","name":"ARM"},{"catalog_number":"SR698077","name":"BUSH"},{"catalog_number":"SR698055","name":"LADDER"},{"catalog_number":"SR698047","name":"EXTENSION"},{"catalog_number":"SR698038","name":"INDICATOR"},{"catalog_number":"SR698037","name":"PLATE"},{"catalog_number":"SR698036","name":"GUARD"},{"catalog_number":"SR698033","name":"LATCH"},{"catalog_number":"SR698030","name":"STAND"},{"catalog_number":"SR698015","name":"EXTENSION"},{"catalog_number":"SR698001","name":"PULLEY"},{"catalog_number":"SR697989","name":"HOSE"},{"catalog_number":"SR697988","name":"HOSE"},{"catalog_number":"SR697979","name":"LEVER"},{"catalog_number":"SR697973","name":"HOLDER"},{"catalog_number":"SR697968","name":"LADDER"},{"catalog_number":"SR697956","name":"STRAW WALKER"},{"catalog_number":"SR697932","name":"ARM"},{"catalog_number":"SR697931","name":"SUPPORT"},{"catalog_number":"SR697930","name":"HOLDER"},{"catalog_number":"SR697920","name":"FRAME"},{"catalog_number":"SR697901","name":"PULLEY"},{"catalog_number":"SR697896","name":"PULLEY"},{"catalog_number":"SR697894","name":"CHAIN"},{"catalog_number":"SR697893","name":"BUSH"},{"catalog_number":"SR697892","name":"SHAFT"},{"catalog_number":"SR697890","name":"ARM"},{"catalog_number":"SR697888","name":"GUARD"},{"catalog_number":"SR697880","name":"FRAME"},{"catalog_number":"SR697875","name":"ARM"},{"catalog_number":"SR697871","name":"SUPPORT"},{"catalog_number":"SR697862","name":"SHAFT"},{"catalog_number":"SR697828","name":"GUARD"},{"catalog_number":"SR697747","name":"GUARD"},{"catalog_number":"SR697743","name":"BEAM"},{"catalog_number":"SR697741","name":"PLATE"},{"catalog_number":"SR697732","name":"GUARD"},{"catalog_number":"SR697730","name":"PLATE"},{"catalog_number":"SR697729","name":"GUARD"},{"catalog_number":"SR697725","name":"GUARD"},{"catalog_number":"SR697714","name":"COVER"},{"catalog_number":"SR697711","name":"GUARD"},{"catalog_number":"SR697710","name":"GUARD"},{"catalog_number":"SR697675","name":"LEVER"},{"catalog_number":"SR697673","name":"LIST"},{"catalog_number":"SR697672","name":"LIST"},{"catalog_number":"SR697671","name":"LIST"},{"catalog_number":"SR697670","name":"PACKING"},{"catalog_number":"SR697669","name":"PACKING"},{"catalog_number":"SR697668","name":"LIST"},{"catalog_number":"SR697661","name":"DOOR"},{"catalog_number":"SR697620","name":"ROD"},{"catalog_number":"SR697613","name":"FLANGE"},{"catalog_number":"SR697550","name":"HINGE"},{"catalog_number":"SR697513","name":"ARM"},{"catalog_number":"SR697502","name":"RACK"},{"catalog_number":"SR697483","name":"CAGE"},{"catalog_number":"SR697469","name":"ARM"},{"catalog_number":"SR697463","name":"ARM"},{"catalog_number":"SR697459","name":"ARM"},{"catalog_number":"SR697443","name":"PLATE"},{"catalog_number":"SR697442","name":"HOUSING"},{"catalog_number":"SR697439","name":"PIN"},{"catalog_number":"SR697402","name":"TROUGH"},{"catalog_number":"SR697391","name":"HOLDER"},{"catalog_number":"SR697389","name":"HOLDER"},{"catalog_number":"SR697346","name":"BUSH"},{"catalog_number":"SR697323","name":"FRONT GRILLE"},{"catalog_number":"SR697321","name":"CONCAVE"},{"catalog_number":"SR697277","name":"SUPPORT"},{"catalog_number":"SR697276","name":"HOLDER"},{"catalog_number":"SR697266","name":"AUGER"},{"catalog_number":"SR697259","name":"HOUSING"},{"catalog_number":"SR697251","name":"WASHER"},{"catalog_number":"SR697238","name":"HOLDER"},{"catalog_number":"SR697223","name":"BUSH"},{"catalog_number":"SR697221","name":"SHAFT"},{"catalog_number":"SR697219","name":"ROD"},{"catalog_number":"SR697213","name":"HOLDER"},{"catalog_number":"SR697206","name":"LEVER"},{"catalog_number":"SR697204","name":"LEVER"},{"catalog_number":"SR697202","name":"POINTER"},{"catalog_number":"SR697201","name":"SCALE"},{"catalog_number":"SR697185","name":"SUPPORT"},{"catalog_number":"SR697170","name":"HOLDER"},{"catalog_number":"SR697160","name":"FASTENER"},{"catalog_number":"SR697149","name":"ROD"},{"catalog_number":"SR697145","name":"ROD"},{"catalog_number":"SR697116","name":"SIEVE"},{"catalog_number":"SR697115","name":"SIEVE"},{"catalog_number":"SR697106","name":"PIPE"},{"catalog_number":"SR697079","name":"CABLE"},{"catalog_number":"SR697076","name":"PACKING"},{"catalog_number":"SR697071","name":"DOOR"},{"catalog_number":"SR697049","name":"DAMPER"},{"catalog_number":"SR697048","name":"AUGER"},{"catalog_number":"SR697040","name":"GUARD"},{"catalog_number":"SR697035","name":"PLATE"},{"catalog_number":"SR697013","name":"BUSH"},{"catalog_number":"SR697010","name":"PULLEY"},{"catalog_number":"SR697007","name":"SUPPORT"},{"catalog_number":"SR697005","name":"PLATE"},{"catalog_number":"SR697004","name":"PLATE"},{"catalog_number":"SR696996","name":"SUPPORT"},{"catalog_number":"SR696979","name":"PANEL"},{"catalog_number":"SR696938","name":"HOLDER"},{"catalog_number":"SR696917","name":"PACKING"},{"catalog_number":"SR696916","name":"PLATE"},{"catalog_number":"SR696906","name":"CASE"},{"catalog_number":"SR696877","name":"DRIVE SHAFT"},{"catalog_number":"SR696876","name":"SHAFT"},{"catalog_number":"SR696873","name":"WASHER"},{"catalog_number":"SR696872","name":"LEVER"},{"catalog_number":"SR696862","name":"LEVER"},{"catalog_number":"SR696848","name":"HEAD"},{"catalog_number":"SR696847","name":"KNIFE"},{"catalog_number":"SR696832","name":"PIN"},{"catalog_number":"SR696786","name":"PRESSURE VALVE"},{"catalog_number":"SR696774","name":"PIPE"},{"catalog_number":"SR696773","name":"FASTENER"},{"catalog_number":"SR696769","name":"EYELET"},{"catalog_number":"SR696768","name":"TROUGH"},{"catalog_number":"SR696750","name":"DECAL"},{"catalog_number":"SR696749","name":"BUSH"},{"catalog_number":"SR696748","name":"ROD"},{"catalog_number":"SR696745","name":"COVER"},{"catalog_number":"SR696739","name":"RING"},{"catalog_number":"SR696734","name":"PULLEY"},{"catalog_number":"SR696731","name":"PULLEY"},{"catalog_number":"SR696726","name":"PULLEY"},{"catalog_number":"SR696718","name":"HINGE"},{"catalog_number":"SR696681","name":"SCRAPER"},{"catalog_number":"SR696678","name":"SHAFT"},{"catalog_number":"SR696671","name":"SPROCKET"},{"catalog_number":"SR696647","name":"BUSH"},{"catalog_number":"SR696640","name":"GUARD"},{"catalog_number":"SR696626","name":"PIPE"},{"catalog_number":"SR696623","name":"ROD"},{"catalog_number":"SR696619","name":"RACK"},{"catalog_number":"SR696602","name":"PULLEY"},{"catalog_number":"SR696598","name":"SHAFT"},{"catalog_number":"SR696592","name":"SHAFT"},{"catalog_number":"SR696580","name":"LEVER"},{"catalog_number":"SR696579","name":"LEVER"},{"catalog_number":"SR696578","name":"WING TIP"},{"catalog_number":"SR696563","name":"BUSH"},{"catalog_number":"SR696556","name":"BEARING HOUSING"},{"catalog_number":"SR696555","name":"HOLDER"},{"catalog_number":"SR696516","name":"UNLOADER"},{"catalog_number":"SR696502","name":"COIL"},{"catalog_number":"SR696498","name":"DOOR"},{"catalog_number":"SR696497","name":"ENGINE BONNET"},{"catalog_number":"SR696484","name":"SUPPORT"},{"catalog_number":"SR696479","name":"SUPPORT"},{"catalog_number":"SR696467","name":"DOOR"},{"catalog_number":"SR696466","name":"GUARD"},{"catalog_number":"SR696465","name":"LIST"},{"catalog_number":"SR696452","name":"GUARD"},{"catalog_number":"SR696451","name":"STIFFENER"},{"catalog_number":"SR696366","name":"AUGER"},{"catalog_number":"SR696362","name":"AUGER"},{"catalog_number":"SR696358","name":"AUGER"},{"catalog_number":"SR696346","name":"SUPPORT"},{"catalog_number":"SR696340","name":"SHAFT"},{"catalog_number":"SR696338","name":"DRUM"},{"catalog_number":"SR696333","name":"SHAFT"},{"catalog_number":"SR696302","name":"FRAME"},{"catalog_number":"SR696300","name":"EXTENSION"},{"catalog_number":"SR696299","name":"LIST"},{"catalog_number":"SR696298","name":"LIST"},{"catalog_number":"SR696297","name":"CONCAVE"},{"catalog_number":"SR696288","name":"PLATE"},{"catalog_number":"SR696287","name":"PACKING"},{"catalog_number":"SR696286","name":"PACKING"},{"catalog_number":"SR696282","name":"BEARING CUP"},{"catalog_number":"SR696278","name":"STRIPPER"},{"catalog_number":"SR696274","name":"PULLEY"},{"catalog_number":"SR696269","name":"PIN"},{"catalog_number":"SR696268","name":"PULLEY"},{"catalog_number":"SR696264","name":"PULLEY"},{"catalog_number":"SR696258","name":"HOLDER"},{"catalog_number":"SR696257","name":"BEARING"},{"catalog_number":"SR696237","name":"HOLDER"},{"catalog_number":"SR696236","name":"HOLDER"},{"catalog_number":"SR696202","name":"KIT"},{"catalog_number":"SR696187","name":"PULLEY"},{"catalog_number":"SR696183","name":"GUARD"},{"catalog_number":"SR696180","name":"PULLEY"},{"catalog_number":"SR696173","name":"PULLEY"},{"catalog_number":"SR696171","name":"PULLEY"},{"catalog_number":"SR696170","name":"PULLEY"},{"catalog_number":"SR696168","name":"SPACER"},{"catalog_number":"SR696156","name":"AXLE"},{"catalog_number":"SR696155","name":"AXLE"},{"catalog_number":"SR696149","name":"HOLDER"},{"catalog_number":"SR696143","name":"WASHER"},{"catalog_number":"SR696138","name":"SHAFT"},{"catalog_number":"SR696112","name":"SHAFT"},{"catalog_number":"SR696068","name":"HOUSING"},{"catalog_number":"SR696050","name":"SHAFT"},{"catalog_number":"SR696049","name":"SHAFT"},{"catalog_number":"SR696041","name":"LOCKING PLATE"},{"catalog_number":"SR696038","name":"SCREW"},{"catalog_number":"SR696030","name":"ADAPTER"},{"catalog_number":"SR696027","name":"BEARING"},{"catalog_number":"SR696026","name":"AUGER"},{"catalog_number":"SR696025","name":"BUSH"},{"catalog_number":"SR696024","name":"SHAFT"},{"catalog_number":"SR696023","name":"AUGER"},{"catalog_number":"SR696021","name":"DRIVE SHAFT"},{"catalog_number":"SR696013","name":"ROD"},{"catalog_number":"SR696004","name":"RACK"},{"catalog_number":"SR696003","name":"RACK"},{"catalog_number":"SR695978","name":"INLET"},{"catalog_number":"SR695960","name":"CYLINDER"},{"catalog_number":"SR695959","name":"CYLINDER"},{"catalog_number":"SR695958","name":"CYLINDER"},{"catalog_number":"SR695957","name":"CYLINDER"},{"catalog_number":"SR695955","name":"PISTON"},{"catalog_number":"SR695951","name":"WIRE"},{"catalog_number":"SR695948","name":"HOLDER"},{"catalog_number":"SR695946","name":"BUSH"},{"catalog_number":"SR695941","name":"HASP"},{"catalog_number":"SR695924","name":"BOLT"},{"catalog_number":"SR695920","name":"FORK"},{"catalog_number":"SR695919","name":"FORK"},{"catalog_number":"SR695888","name":"HOLDER"},{"catalog_number":"SR695887","name":"SUPPORT"},{"catalog_number":"SR695878","name":"SHAFT"},{"catalog_number":"SR695877","name":"PULLEY"},{"catalog_number":"SR695875","name":"SUPPORT"},{"catalog_number":"SR695858","name":"TANK"},{"catalog_number":"SR695856","name":"PIPE"},{"catalog_number":"SR695847","name":"CLIP"},{"catalog_number":"SR695831","name":"SUPPORT"},{"catalog_number":"SR695827","name":"HOSE"},{"catalog_number":"SR695826","name":"UNION"},{"catalog_number":"SR695821","name":"HOOK"},{"catalog_number":"SR695820","name":"HOOK"},{"catalog_number":"SR695818","name":"SPACER"},{"catalog_number":"SR695814","name":"ARM"},{"catalog_number":"SR695805","name":"HUB"},{"catalog_number":"SR695743","name":"HOSE"},{"catalog_number":"SR695739","name":"FILLING"},{"catalog_number":"SR695737","name":"COVER"},{"catalog_number":"SR695736","name":"TANK"},{"catalog_number":"SR695735","name":"FLANGE"},{"catalog_number":"SR695731","name":"HOLDER"},{"catalog_number":"SR695729","name":"BAR"},{"catalog_number":"SR695723","name":"HOLDER"},{"catalog_number":"SR695716","name":"INSTRUMENT PANEL"},{"catalog_number":"SR695712","name":"INDICATOR"},{"catalog_number":"SR695709","name":"CABLE"},{"catalog_number":"SR695673","name":"FLANGE"},{"catalog_number":"SR695650","name":"BAR"},{"catalog_number":"SR695647","name":"BAR"},{"catalog_number":"SR695644","name":"BAR"},{"catalog_number":"SR695641","name":"BAR"},{"catalog_number":"SR695595","name":"GUIDE"},{"catalog_number":"SR695582","name":"PLATE"},{"catalog_number":"SR695554","name":"PIPE"},{"catalog_number":"SR695552","name":"FILLING"},{"catalog_number":"SR695550","name":"SUPPORT"},{"catalog_number":"SR695539","name":"LADDER"},{"catalog_number":"SR695536","name":"HOLDER"},{"catalog_number":"SR695534","name":"DAMPER"},{"catalog_number":"SR695532","name":"GUARD"},{"catalog_number":"SR695506","name":"HOLDER"},{"catalog_number":"SR695505","name":"INDICATOR"},{"catalog_number":"SR695504","name":"CABLE"},{"catalog_number":"SR695446","name":"HOSE"},{"catalog_number":"SR695445","name":"PIPE"},{"catalog_number":"SR695444","name":"PIPE"},{"catalog_number":"SR695443","name":"PIPE"},{"catalog_number":"SR695442","name":"PIPE"},{"catalog_number":"SR695427","name":"GUIDE"},{"catalog_number":"SR695422","name":"CAB"},{"catalog_number":"SR695414","name":"BUSH"},{"catalog_number":"SR695403","name":"MOULDING"},{"catalog_number":"SR695402","name":"MOULDING"},{"catalog_number":"SR695401","name":"CANVAS"},{"catalog_number":"SR695395","name":"RACK"},{"catalog_number":"SR695394","name":"WIRE"},{"catalog_number":"SR695391","name":"VALVE BLOCK"},{"catalog_number":"SR695384","name":"PANEL"},{"catalog_number":"SR695380","name":"WHEEL RIM"},{"catalog_number":"SR695364","name":"GUARD"},{"catalog_number":"SR695357","name":"GUARD"},{"catalog_number":"SR695307","name":"SUPPORT"},{"catalog_number":"SR695304","name":"PULLEY"},{"catalog_number":"SR695303","name":"PULLEY"},{"catalog_number":"SR695302","name":"FILLING"},{"catalog_number":"SR695229","name":"PIPE"},{"catalog_number":"SR695228","name":"PROTECTION"},{"catalog_number":"SR695227","name":"WALL"},{"catalog_number":"SR695226","name":"PLATE"},{"catalog_number":"SR695225","name":"PROTECTION"},{"catalog_number":"SR695224","name":"FRONT PART"},{"catalog_number":"SR695211","name":"RACK"},{"catalog_number":"SR695208","name":"PULLEY"},{"catalog_number":"SR695202","name":"HOLDER"},{"catalog_number":"SR695173","name":"PULLEY"},{"catalog_number":"SR695171","name":"PIPE"},{"catalog_number":"SR695170","name":"PIPE"},{"catalog_number":"SR695169","name":"PIPE"},{"catalog_number":"SR695168","name":"PIPE"},{"catalog_number":"SR695167","name":"PIPE"},{"catalog_number":"SR695166","name":"PIPE"},{"catalog_number":"SR695165","name":"CLOTHING"},{"catalog_number":"SR695164","name":"REINFORCEMENT"},{"catalog_number":"SR695163","name":"LIST"},{"catalog_number":"SR695157","name":"LADDER"},{"catalog_number":"SR695150","name":"LEVER"},{"catalog_number":"SR695149","name":"LEVER"},{"catalog_number":"SR695148","name":"LEVER"},{"catalog_number":"SR695147","name":"LEVER"},{"catalog_number":"SR695146","name":"SUPPORT"},{"catalog_number":"SR695145","name":"RESTRICTOR"},{"catalog_number":"SR695144","name":"RESTRICTOR"},{"catalog_number":"SR695143","name":"RESTRICTOR"},{"catalog_number":"SR695142","name":"RESTRICTOR"},{"catalog_number":"SR695140","name":"COVER"},{"catalog_number":"SR695138","name":"HOLDER"},{"catalog_number":"SR695129","name":"PEDAL"},{"catalog_number":"SR695127","name":"SUPPORT"},{"catalog_number":"SR695126","name":"HOLDER"},{"catalog_number":"SR695125","name":"INTERM. PLATE"},{"catalog_number":"SR695124","name":"BAR"},{"catalog_number":"SR695122","name":"BUSH"},{"catalog_number":"SR695117","name":"HOLDER"},{"catalog_number":"SR695116","name":"ROD"},{"catalog_number":"SR695112","name":"AXLE"},{"catalog_number":"SR695109","name":"LEVER"},{"catalog_number":"SR695108","name":"AXLE"},{"catalog_number":"SR695101","name":"FRONT AXLE"},{"catalog_number":"SR695099","name":"SHAFT"},{"catalog_number":"SR695095","name":"GUARD"},{"catalog_number":"SR695094","name":"FILLING"},{"catalog_number":"SR695089","name":"PIPE"},{"catalog_number":"SR695083","name":"SCREW"},{"catalog_number":"SR695082","name":"SHAFT"},{"catalog_number":"SR695081","name":"SHAFT"},{"catalog_number":"SR695067","name":"SHAFT"},{"catalog_number":"SR695066","name":"HOUSING"},{"catalog_number":"SR695063","name":"SHAFT"},{"catalog_number":"SR695058","name":"PLATE"},{"catalog_number":"SR695057","name":"PLATE"},{"catalog_number":"SR695051","name":"STUB AXLE"},{"catalog_number":"SR695050","name":"STUB AXLE"},{"catalog_number":"SR695048","name":"HOLDER"},{"catalog_number":"SR695046","name":"BELT GUIDE"},{"catalog_number":"SR695043","name":"HOLDER"},{"catalog_number":"SR695041","name":"HOLDER"},{"catalog_number":"SR695040","name":"GUARD"},{"catalog_number":"SR695038","name":"HUB"},{"catalog_number":"SR695017","name":"SHAFT"},{"catalog_number":"SR695016","name":"SHAFT"},{"catalog_number":"SR695013","name":"SHAFT"},{"catalog_number":"SR695012","name":"SHAFT"},{"catalog_number":"SR695005","name":"DOOR"},{"catalog_number":"SR695004","name":"SUPPORT"},{"catalog_number":"SR694991","name":"PLATE"},{"catalog_number":"SR694990","name":"HOLDER"},{"catalog_number":"SR694989","name":"HOLDER"},{"catalog_number":"SR694986","name":"SHAFT"},{"catalog_number":"SR694981","name":"BUSH"},{"catalog_number":"SR694979","name":"STRIPPER"},{"catalog_number":"SR694977","name":"HOSE"},{"catalog_number":"SR694972","name":"BUSH"},{"catalog_number":"SR694968","name":"SCREW"},{"catalog_number":"SR694963","name":"ECCENTRIC"},{"catalog_number":"SR694962","name":"ECCENTRIC"},{"catalog_number":"SR694958","name":"KIT, BEATER"},{"catalog_number":"SR694940","name":"SUPPORT"},{"catalog_number":"SR694937","name":"SUPPORT"},{"catalog_number":"SR694933","name":"HOUSING"},{"catalog_number":"SR694927","name":"PLATE"},{"catalog_number":"SR694926","name":"TIGHTENER"},{"catalog_number":"SR694907","name":"GUIDE"},{"catalog_number":"SR694900","name":"BUSH"},{"catalog_number":"SR694897","name":"CAPSTAN"},{"catalog_number":"SR694896","name":"HOLDER"},{"catalog_number":"SR694895","name":"CRANK"},{"catalog_number":"SR694894","name":"GUARD"},{"catalog_number":"SR694889","name":"DOOR"},{"catalog_number":"SR694885","name":"SPACER"},{"catalog_number":"SR694880","name":"HOUSING"},{"catalog_number":"SR694875","name":"ARM"},{"catalog_number":"SR694870","name":"ARM"},{"catalog_number":"SR694865","name":"ARM"},{"catalog_number":"SR694863","name":"FRAME"},{"catalog_number":"SR694852","name":"SHAFT"},{"catalog_number":"SR694826","name":"STOP"},{"catalog_number":"SR694825","name":"PACKING"},{"catalog_number":"SR694819","name":"STOP"},{"catalog_number":"SR694818","name":"ARM"},{"catalog_number":"SR694816","name":"EXTENSION"},{"catalog_number":"SR694815","name":"STRAW WALKER"},{"catalog_number":"SR694814","name":"SUPPORT"},{"catalog_number":"SR694813","name":"SUPPORT"},{"catalog_number":"SR694812","name":"SIEVE"},{"catalog_number":"SR694811","name":"SIEVE"},{"catalog_number":"SR694810","name":"SIEVE"},{"catalog_number":"SR694809","name":"SIEVE"},{"catalog_number":"SR694808","name":"SIEVE"},{"catalog_number":"SR694807","name":"SIEVE"},{"catalog_number":"SR694800","name":"LUG"},{"catalog_number":"SR694799","name":"HOLDER"},{"catalog_number":"SR694798","name":"LUG"},{"catalog_number":"SR694796","name":"STIRRUP"},{"catalog_number":"SR694795","name":"HOLDER"},{"catalog_number":"SR694789","name":"SUPPORT"},{"catalog_number":"SR694788","name":"GUARD"},{"catalog_number":"SR694787","name":"PLATE"},{"catalog_number":"SR694783","name":"LADDER"},{"catalog_number":"SR694776","name":"SUPPORT"},{"catalog_number":"SR694774","name":"LADDER"},{"catalog_number":"SR694744","name":"EXTENSION"},{"catalog_number":"SR694742","name":"STRAW WALKER"},{"catalog_number":"SR694740","name":"MOULDING"},{"catalog_number":"SR694739","name":"LIST"},{"catalog_number":"SR694735","name":"GUARD"},{"catalog_number":"SR694734","name":"DOOR"},{"catalog_number":"SR694732","name":"PLATE"},{"catalog_number":"SR694731","name":"GUARD"},{"catalog_number":"SR694720","name":"HAT"},{"catalog_number":"SR694716","name":"HOUSING"},{"catalog_number":"SR694713","name":"STAND"},{"catalog_number":"SR694695","name":"FLANGE"},{"catalog_number":"SR694694","name":"BUSH"},{"catalog_number":"SR694693","name":"PULLEY"},{"catalog_number":"SR694661","name":"HOLDER"},{"catalog_number":"SR694650","name":"PRESSURE INDICAT"},{"catalog_number":"SR694641","name":"SUPPORT"},{"catalog_number":"SR694640","name":"SUPPORT"},{"catalog_number":"SR694638","name":"SUPPORT"},{"catalog_number":"SR694627","name":"SUPPORT"},{"catalog_number":"SR694625","name":"SUPPORT"},{"catalog_number":"SR694623","name":"SUPPORT"},{"catalog_number":"SR694621","name":"GUARD"},{"catalog_number":"SR694620","name":"SUCTION PIPE"},{"catalog_number":"SR694619","name":"SUCTION PIPE"},{"catalog_number":"SR694612","name":"SHAFT"},{"catalog_number":"SR694611","name":"SHAFT"},{"catalog_number":"SR694594","name":"SUPPORT"},{"catalog_number":"SR694593","name":"SUPPORT"},{"catalog_number":"SR694588","name":"STEP"},{"catalog_number":"SR694587","name":"BELT"},{"catalog_number":"SR694584","name":"INLET"},{"catalog_number":"SR694583","name":"DAMPER"},{"catalog_number":"SR694582","name":"SCREW"},{"catalog_number":"SR694576","name":"CABLE"},{"catalog_number":"SR694571","name":"SUPPORT"},{"catalog_number":"SR694563","name":"KEY"},{"catalog_number":"SR694559","name":"ARM"},{"catalog_number":"SR694557","name":"PIN"},{"catalog_number":"SR694554","name":"BAR"},{"catalog_number":"SR694545","name":"SUPPORT"},{"catalog_number":"SR694540","name":"PULLEY"},{"catalog_number":"SR694532","name":"PULLEY"},{"catalog_number":"SR694531","name":"WASHER"},{"catalog_number":"SR694530","name":"BUSH"},{"catalog_number":"SR694529","name":"BUSH"},{"catalog_number":"SR694526","name":"COVER"},{"catalog_number":"SR694520","name":"SUPPORT"},{"catalog_number":"SR694519","name":"SUPPORT"},{"catalog_number":"SR694515","name":"PLATE"},{"catalog_number":"SR694513","name":"BAR"},{"catalog_number":"SR694504","name":"DOOR"},{"catalog_number":"SR694503","name":"DOOR"},{"catalog_number":"SR694501","name":"PULLEY"},{"catalog_number":"SR694500","name":"PLATE"},{"catalog_number":"SR694499","name":"SUPPORT"},{"catalog_number":"SR694493","name":"FUEL TANK"},{"catalog_number":"SR694489","name":"PIPE"},{"catalog_number":"SR694487","name":"SHAFT"},{"catalog_number":"SR694481","name":"SHAFT"},{"catalog_number":"SR694479","name":"SHAFT"},{"catalog_number":"SR694474","name":"HOUSING"},{"catalog_number":"SR694473","name":"AUGER"},{"catalog_number":"SR694469","name":"BAR"},{"catalog_number":"SR694466","name":"GUARD"},{"catalog_number":"SR694463","name":"KNIFE BACK"},{"catalog_number":"SR694462","name":"KNIFE"},{"catalog_number":"SR694461","name":"SUPPORT"},{"catalog_number":"SR694452","name":"FRAME"},{"catalog_number":"SR694447","name":"STRIPPER"},{"catalog_number":"SR694446","name":"BUSH"},{"catalog_number":"SR694444","name":"HOLDER"},{"catalog_number":"SR694440","name":"SHAFT"},{"catalog_number":"SR694439","name":"SHAFT"},{"catalog_number":"SR694436","name":"PIPE"},{"catalog_number":"SR694435","name":"SHAFT"},{"catalog_number":"SR694434","name":"NUT"},{"catalog_number":"SR694432","name":"SCREW"},{"catalog_number":"SR694431","name":"SUPPORT"},{"catalog_number":"SR694429","name":"PACKING"},{"catalog_number":"SR694428","name":"DOOR"},{"catalog_number":"SR694420","name":"HOUSING"},{"catalog_number":"SR694419","name":"BUSH"},{"catalog_number":"SR694418","name":"SHAFT"},{"catalog_number":"SR694417","name":"FLANGE"},{"catalog_number":"SR694416","name":"PULLEY"},{"catalog_number":"SR694408","name":"SHAFT"},{"catalog_number":"SR694407","name":"PIN"},{"catalog_number":"SR694406","name":"BOTTOM"},{"catalog_number":"SR694403","name":"SHAFT"},{"catalog_number":"SR694402","name":"NUT"},{"catalog_number":"SR694401","name":"PACKING"},{"catalog_number":"SR694389","name":"BAR"},{"catalog_number":"SR694382","name":"DOOR"},{"catalog_number":"SR694379","name":"GUARD"},{"catalog_number":"SR694378","name":"SUPPORT"},{"catalog_number":"SR694377","name":"GUARD"},{"catalog_number":"SR694348","name":"CLAMP"},{"catalog_number":"SR694347","name":"SHAFT"},{"catalog_number":"SR694346","name":"BEARING PLATE"},{"catalog_number":"SR694342","name":"COVER"},{"catalog_number":"SR694339","name":"EXTENSION"},{"catalog_number":"SR694338","name":"PLATE"},{"catalog_number":"SR694319","name":"ELEVATOR"},{"catalog_number":"SR694313","name":"BOTTOM"},{"catalog_number":"SR694310","name":"SUPPORT"},{"catalog_number":"SR694309","name":"SUPPORT"},{"catalog_number":"SR694308","name":"PAD"},{"catalog_number":"SR694304","name":"BOTTOM"},{"catalog_number":"SR694303","name":"SCREW"},{"catalog_number":"SR694296","name":"HOLDER"},{"catalog_number":"SR694290","name":"NUT"},{"catalog_number":"SR694289","name":"LOCKING PLATE"},{"catalog_number":"SR694285","name":"COVER"},{"catalog_number":"SR694281","name":"HUB"},{"catalog_number":"SR694278","name":"BEARING"},{"catalog_number":"SR694277","name":"PIN"},{"catalog_number":"SR694276","name":"BEARING"},{"catalog_number":"SR694275","name":"PULLEY"},{"catalog_number":"SR694274","name":"PULLEY"},{"catalog_number":"SR694273","name":"PULLEY"},{"catalog_number":"SR694271","name":"PULLEY"},{"catalog_number":"SR694270","name":"PULLEY"},{"catalog_number":"SR694269","name":"PULLEY"},{"catalog_number":"SR694268","name":"PULLEY"},{"catalog_number":"SR694250","name":"HOLDER"},{"catalog_number":"SR694243","name":"HOLDER"},{"catalog_number":"SR694242","name":"HOLDER"},{"catalog_number":"SR694235","name":"TANK"},{"catalog_number":"SR694233","name":"LEVER"},{"catalog_number":"SR694229","name":"PIPE"},{"catalog_number":"SR694228","name":"PIPE"},{"catalog_number":"SR694227","name":"PIPE"},{"catalog_number":"SR694225","name":"HOUSING"},{"catalog_number":"SR694218","name":"KIT"},{"catalog_number":"SR694212","name":"FASTENER"},{"catalog_number":"SR694211","name":"PACKING"},{"catalog_number":"SR694210","name":"GUARD"},{"catalog_number":"SR694208","name":"STAND"},{"catalog_number":"SR694202","name":"HOLDER"},{"catalog_number":"SR694200","name":"WHEEL"},{"catalog_number":"SR694199","name":"SCREW"},{"catalog_number":"SR694187","name":"PIPE"},{"catalog_number":"SR694185","name":"SHAFT"},{"catalog_number":"SR694180","name":"HOUSING"},{"catalog_number":"SR694179","name":"AUGER"},{"catalog_number":"SR694175","name":"BAR"},{"catalog_number":"SR694170","name":"SHAFT"},{"catalog_number":"SR694169","name":"SHAFT"},{"catalog_number":"SR694164","name":"GUARD"},{"catalog_number":"SR694162","name":"KNIFE"},{"catalog_number":"SR694161","name":"KNIFE"},{"catalog_number":"SR694160","name":"PLATE"},{"catalog_number":"SR694153","name":"SUPPORT"},{"catalog_number":"SR694152","name":"FRAME"},{"catalog_number":"SR694143","name":"SHAFT"},{"catalog_number":"SR694127","name":"SPRING"},{"catalog_number":"SR694117","name":"COUNTER"},{"catalog_number":"SR694115","name":"PLATE"},{"catalog_number":"SR694110","name":"BEARING PLATE"},{"catalog_number":"SR694104","name":"SUPPORT"},{"catalog_number":"SR694098","name":"BAR"},{"catalog_number":"SR694096","name":"CABLE"},{"catalog_number":"SR694095","name":"BUSH"},{"catalog_number":"SR694093","name":"SUPPORT"},{"catalog_number":"SR694092","name":"BELT"},{"catalog_number":"SR694091","name":"BELT"},{"catalog_number":"SR694090","name":"BELT"},{"catalog_number":"SR694089","name":"GUARD"},{"catalog_number":"SR694088","name":"GUARD"},{"catalog_number":"SR694082","name":"COVER"},{"catalog_number":"SR694076","name":"BAR"}]}