{"machinery_brand_name":"Ag-Chem","parts":[{"catalog_number":"TU4T7310","name":"FLANGE"},{"catalog_number":"TU4T7090","name":"WASHER"},{"catalog_number":"TU4T7080","name":"FASTENER"},{"catalog_number":"TU4T7010","name":"MOUNTING"},{"catalog_number":"TU4T6960","name":"FLANGE"},{"catalog_number":"TU4T6910","name":"ROD"},{"catalog_number":"TU4T6900","name":"PIPE"},{"catalog_number":"TU4T6670","name":"ROCKER ARM"},{"catalog_number":"TU4T6460","name":"LEVER"},{"catalog_number":"TU4T6440","name":"LEVER"},{"catalog_number":"TU4T6300","name":"DOOR"},{"catalog_number":"TU4T6290","name":"DOOR"},{"catalog_number":"TU4T6040","name":"ROD"},{"catalog_number":"TU4T6030","name":"ROD"},{"catalog_number":"TU4T6010","name":"BUSH"},{"catalog_number":"TU4T5930","name":"BLADE"},{"catalog_number":"TU4T5920","name":"BLADE"},{"catalog_number":"TU4T5840","name":"PIN"},{"catalog_number":"TU4T5790","name":"PIN"},{"catalog_number":"TU4T5730","name":"BLADE"},{"catalog_number":"TU4T5720","name":"BLADE"},{"catalog_number":"TU4T5620","name":"CLEVIS PIN"},{"catalog_number":"TU4T4910","name":"LEVER"},{"catalog_number":"TU4T4690","name":"PIN"},{"catalog_number":"TU4T4440","name":"ADJUSTER"},{"catalog_number":"TU4T3930","name":"LINK"},{"catalog_number":"TU4T3910","name":"TOOTH"},{"catalog_number":"TU4T3880","name":"LINK"},{"catalog_number":"TU4T3860","name":"FASTENER"},{"catalog_number":"TU4T3850","name":"HOLDER"},{"catalog_number":"TU4T3840","name":"LOCK WASHER"},{"catalog_number":"TU4T1682","name":"PIN"},{"catalog_number":"TU4T1261","name":"AXLE"},{"catalog_number":"TU4T0800","name":"FOOT"},{"catalog_number":"TU4S7620","name":"SEALS KIT"},{"catalog_number":"TU4S7490","name":"FASTENER"},{"catalog_number":"TU4S7460","name":"PISTON ROD"},{"catalog_number":"TU4S7430","name":"PISTON ROD"},{"catalog_number":"TU4S7280","name":"SLEEVE"},{"catalog_number":"TU4S6880","name":"HOLDER"},{"catalog_number":"TU4S6820","name":"PIN"},{"catalog_number":"TU4S6750","name":"PIN"},{"catalog_number":"TU4S6680","name":"PIPE"},{"catalog_number":"TU4S6670","name":"PIPE"},{"catalog_number":"TU4S6660","name":"PIPE"},{"catalog_number":"TU4S6650","name":"PIPE"},{"catalog_number":"TU4S6490","name":"LINK"},{"catalog_number":"TU4S6390","name":"VALVE"},{"catalog_number":"TU4S6100","name":"LEVER"},{"catalog_number":"TU4S6080","name":"COVER"},{"catalog_number":"TU4S6030","name":"PIPE"},{"catalog_number":"TU4S5940","name":"PART"},{"catalog_number":"TU4S5920","name":"TAP"},{"catalog_number":"TU4S5910","name":"PIN"},{"catalog_number":"TU4S5900","name":"PART"},{"catalog_number":"TU4S5770","name":"PART"},{"catalog_number":"TU4S5760","name":"FASTENER"},{"catalog_number":"TU4S5750","name":"CLAMP"},{"catalog_number":"TU4S5670","name":"CYLINDER CASING"},{"catalog_number":"TU4S5650","name":"PISTON"},{"catalog_number":"TU4S5642","name":"NUT"},{"catalog_number":"TU4S5491","name":"PART"},{"catalog_number":"TU4S5321","name":"FASTENER"},{"catalog_number":"TU4S5200","name":"PART"},{"catalog_number":"TU4S5100","name":"ROLLER"},{"catalog_number":"TU4S5070","name":"PART"},{"catalog_number":"TU4S4460","name":"BRACKET"},{"catalog_number":"TU4S4281","name":"FASTENER"},{"catalog_number":"TU4S4261","name":"FASTENER"},{"catalog_number":"TU4S4150","name":"PIN"},{"catalog_number":"TU4S4140","name":"PIN"},{"catalog_number":"TU4S3911","name":"STEM"},{"catalog_number":"TU4S3902","name":"STEM"},{"catalog_number":"TU4S3650","name":"PART"},{"catalog_number":"TU4S3533","name":"PART"},{"catalog_number":"TU4S3441","name":"SCREW"},{"catalog_number":"TU4S3340","name":"PART"},{"catalog_number":"TU4S3161","name":"CYLINDER ROD"},{"catalog_number":"TU4S3101","name":"PART"},{"catalog_number":"TU4S3090","name":"CHAIN"},{"catalog_number":"TU4S2030","name":"FASTENER"},{"catalog_number":"TU4S1911","name":"PIPE"},{"catalog_number":"TU4S1880","name":"SEAL"},{"catalog_number":"TU4S147320","name":"PIN"},{"catalog_number":"TU4S1442","name":"PIN"},{"catalog_number":"TU4S1431","name":"TAP"},{"catalog_number":"TU4S1423","name":"PIN"},{"catalog_number":"TU4S1400","name":"TAP"},{"catalog_number":"TU4S1390","name":"PART"},{"catalog_number":"TU4S1380","name":"TAP"},{"catalog_number":"TU4S1360","name":"PART"},{"catalog_number":"TU4S1351","name":"TAP"},{"catalog_number":"TU4S1330","name":"PART"},{"catalog_number":"TU4S1143","name":"SPIDER"},{"catalog_number":"TU4S0501","name":"BUSH"},{"catalog_number":"TU4S0482","name":"WING TIP"},{"catalog_number":"TU4S0362","name":"BALL BEARING"},{"catalog_number":"TU4S0352","name":"BEARING BUSH"},{"catalog_number":"TU4S0263","name":"NUT"},{"catalog_number":"TU4S0251","name":"PISTON"},{"catalog_number":"TU4S0245","name":"PART"},{"catalog_number":"TU4S0234","name":"BEARING HOUSING"},{"catalog_number":"TU4S0201","name":"CYLINDER HEAD"},{"catalog_number":"TU4S0195","name":"PISTON ROD"},{"catalog_number":"TU4S0180","name":"PISTON"},{"catalog_number":"TU4S0101","name":"BUSH"},{"catalog_number":"TU4PK0180","name":"PIN"},{"catalog_number":"TU4O4310","name":"PART"},{"catalog_number":"TU4O4190","name":"ROLLER"},{"catalog_number":"TU4O4180","name":"BAR"},{"catalog_number":"TU4O4120","name":"PIN"},{"catalog_number":"TU4O4100","name":"HOSE"},{"catalog_number":"TU4O4090","name":"COUNTERPLATE"},{"catalog_number":"TU4O4080","name":"PLATE"},{"catalog_number":"TU4O4070","name":"PLATE"},{"catalog_number":"TU4O3760","name":"PIN"},{"catalog_number":"TU4O3410","name":"PART"},{"catalog_number":"TU4O2290","name":"PLATE"},{"catalog_number":"TU4O2280","name":"RUBBER"},{"catalog_number":"TU4O2250","name":"ADJUSTER"},{"catalog_number":"TU4O2220","name":"PART"},{"catalog_number":"TU4O2170","name":"WASHER"},{"catalog_number":"TU4O2150","name":"WASHER"},{"catalog_number":"TU4O2120","name":"BUSH"},{"catalog_number":"TU4O2100","name":"PART"},{"catalog_number":"TU4O2020","name":"ADJUSTER"},{"catalog_number":"TU4O1900","name":"ADJUSTER"},{"catalog_number":"TU4O1890","name":"PLATE"},{"catalog_number":"TU4O1700","name":"ADJUSTER"},{"catalog_number":"TU4O1620","name":"ROLL"},{"catalog_number":"TU4O1590","name":"AXLE"},{"catalog_number":"TU4O1530","name":"FASTENER"},{"catalog_number":"TU4O1440","name":"FASTENER"},{"catalog_number":"TU4O1270","name":"PROTECTION"},{"catalog_number":"TU4O1230","name":"PART"},{"catalog_number":"TU4O1160","name":"WASHER"},{"catalog_number":"TU4O1150","name":"FASTENER"},{"catalog_number":"TU4O0921","name":"PART"},{"catalog_number":"TU4O0750","name":"SCREW"},{"catalog_number":"TU4O0630","name":"PROTECTION"},{"catalog_number":"TU4O0620","name":"PROTECTION"},{"catalog_number":"TU4O0601","name":"BUSH"},{"catalog_number":"TU4O0480","name":"CHAIN"},{"catalog_number":"TU4O0410","name":"TUME PART"},{"catalog_number":"TU4O0190","name":"ADJUSTER"},{"catalog_number":"TU4O0170","name":"ROLLER"},{"catalog_number":"TU4O0120","name":"BAND"},{"catalog_number":"TU4O0030","name":"WHEEL"},{"catalog_number":"TU4NM1370","name":"PART"},{"catalog_number":"TU4NM1080","name":"CHAIN"},{"catalog_number":"TU4NM1060","name":"COVER"},{"catalog_number":"TU4NM1040","name":"FASTENER"},{"catalog_number":"TU4NM1000","name":"PLATE"},{"catalog_number":"TU4NM0980","name":"KEY"},{"catalog_number":"TU4NM0950","name":"PART"},{"catalog_number":"TU4NM0940","name":"PART"},{"catalog_number":"TU4NM0880","name":"ADJUSTER"},{"catalog_number":"TU4NM0830","name":"COVER"},{"catalog_number":"TU4NM0820","name":"GRIP"},{"catalog_number":"TU4NM0800","name":"BUSH"},{"catalog_number":"TU4NM0790","name":"WASHER"},{"catalog_number":"TU4NM0780","name":"SPRING"},{"catalog_number":"TU4NM0770","name":"SPRING"},{"catalog_number":"TU4NM0760","name":"SPRING"},{"catalog_number":"TU4NM0730","name":"TAP"},{"catalog_number":"TU4NM0690","name":"SPROCKET"},{"catalog_number":"TU4NM0680","name":"CHAIN"},{"catalog_number":"TU4NM0670","name":"SPROCKET"},{"catalog_number":"TU4NM0550","name":"CLEVIS PIN"},{"catalog_number":"TU4NM0120","name":"CONTROL LOCK"},{"catalog_number":"TU4NM0020","name":"LEVER"},{"catalog_number":"TU4NM0010","name":"PART"},{"catalog_number":"TU4NK0540","name":"PART"},{"catalog_number":"TU4NK0510","name":"CONTROL LOCK"},{"catalog_number":"TU4NK0500","name":"BOLT"},{"catalog_number":"TU4N9900","name":"FINGER"},{"catalog_number":"TU4N9680","name":"SHIELD"},{"catalog_number":"TU4N9650","name":"PIN"},{"catalog_number":"TU4N9420","name":"TIGHTENER"},{"catalog_number":"TU4N9410","name":"PIN"},{"catalog_number":"TU4N9320","name":"PIN"},{"catalog_number":"TU4N9310","name":"FINGER"},{"catalog_number":"TU4N9240","name":"PIN"},{"catalog_number":"TU4N9210","name":"ARM"},{"catalog_number":"TU4N9040","name":"COVER"},{"catalog_number":"TU4N9000","name":"PIN"},{"catalog_number":"TU4N8980","name":"CLEVIS PIN"},{"catalog_number":"TU4N8970","name":"CLEVIS PIN"},{"catalog_number":"TU4N8860","name":"PIN"},{"catalog_number":"TU4N8850","name":"PIN"},{"catalog_number":"TU4N8820","name":"TIGHTENER"},{"catalog_number":"TU4N8770","name":"BAR"},{"catalog_number":"TU4N8660","name":"PIN"},{"catalog_number":"TU4N8630","name":"RING"},{"catalog_number":"TU4N8520","name":"SPACER"},{"catalog_number":"TU4N8450","name":"SHIELD"},{"catalog_number":"TU4N8440","name":"SLEEVE"},{"catalog_number":"TU4N8160","name":"END"},{"catalog_number":"TU4N7910","name":"PIN"},{"catalog_number":"TU4N7770","name":"WHEEL"},{"catalog_number":"TU4N7740","name":"RING"},{"catalog_number":"TU4N7730","name":"PART"},{"catalog_number":"TU4N7710","name":"PIN"},{"catalog_number":"TU4N7700","name":"TOP"},{"catalog_number":"TU4N7640","name":"VALVE"},{"catalog_number":"TU4N7620","name":"PIN"},{"catalog_number":"TU4N7220","name":"PULLEY"},{"catalog_number":"TU4N7210","name":"BELT"},{"catalog_number":"TU4N7040","name":"LEG"},{"catalog_number":"TU4N6820","name":"FRAME"},{"catalog_number":"TU4N6810","name":"PULLEY"},{"catalog_number":"TU4N6730","name":"FLANGE"},{"catalog_number":"TU4N6560","name":"WHEEL"},{"catalog_number":"TU4N6550","name":"WHEEL"},{"catalog_number":"TU4N6210","name":"NUT"},{"catalog_number":"TU4N6140","name":"PIN"},{"catalog_number":"TU4N6090","name":"WASHER"},{"catalog_number":"TU4N5990","name":"CONTROL LOCK"},{"catalog_number":"TU4N5970","name":"PIN"},{"catalog_number":"TU4N5870","name":"SLEEVE"},{"catalog_number":"TU4N5820","name":"GEAR"},{"catalog_number":"TU4N5810","name":"GEAR"},{"catalog_number":"TU4N5200","name":"PIN"},{"catalog_number":"TU4N5190","name":"PIN"},{"catalog_number":"TU4N4560","name":"DISC"},{"catalog_number":"TU4N4420","name":"DISC"},{"catalog_number":"TU4N3150","name":"BLADE"},{"catalog_number":"TU4N2670","name":"PLATE"},{"catalog_number":"TU4N2591","name":"NUT"},{"catalog_number":"TU4N2502","name":"BELT"},{"catalog_number":"TU4N2380","name":"FASTENER"},{"catalog_number":"TU4N1972","name":"PIN"},{"catalog_number":"TU4N1940","name":"LEG"},{"catalog_number":"TU4N1830","name":"SCREW"},{"catalog_number":"TU4N1820","name":"PIN"},{"catalog_number":"TU4N1740","name":"FRAME"},{"catalog_number":"TU4N1630","name":"BELT GUIDE"},{"catalog_number":"TU4N1580","name":"CYLINDER"},{"catalog_number":"TU4N1570","name":"CYLINDER CASING"},{"catalog_number":"TU4N1520","name":"STOP"},{"catalog_number":"TU4N1450","name":"PTO SHAFT"},{"catalog_number":"TU4N1020","name":"RING"},{"catalog_number":"TU4N1010","name":"CONE"},{"catalog_number":"TU4N0320","name":"AXLE"},{"catalog_number":"TU4N0310","name":"AXLE"},{"catalog_number":"TU4N0200","name":"PULLEY"},{"catalog_number":"TU4N0160","name":"CYLINDER HEAD"},{"catalog_number":"TU4N0090","name":"NUT"},{"catalog_number":"TU4N0010","name":"PIN"},{"catalog_number":"TU4M1460","name":"HARVESTER BLADE"},{"catalog_number":"TU4M0400","name":"CONE"},{"catalog_number":"TU4L0570","name":"WASHER"},{"catalog_number":"TU4L0120","name":"REINFORCEMENT"},{"catalog_number":"TU4KP0400","name":"PIN"},{"catalog_number":"TU4KP0390","name":"PIN"},{"catalog_number":"TU4KP0380","name":"SCREW"},{"catalog_number":"TU4KP0360","name":"PART"},{"catalog_number":"TU4KP0350","name":"NIPPLE"},{"catalog_number":"TU4KP0340","name":"BUSH"},{"catalog_number":"TU4KP0330","name":"PIN"},{"catalog_number":"TU4K1200","name":"PIN"},{"catalog_number":"TU4K1180","name":"PIN"},{"catalog_number":"TU4K1170","name":"PIN"},{"catalog_number":"TU4K0840","name":"KIT"},{"catalog_number":"TU4K0790","name":"PISTON ROD"},{"catalog_number":"TU4K0670","name":"PLUG"},{"catalog_number":"TU4K0590","name":"PIN"},{"catalog_number":"TU4K0580","name":"SHIELD"},{"catalog_number":"TU4K0470","name":"PIN"},{"catalog_number":"TU4K0421","name":"STABILISER"},{"catalog_number":"TU4K0390","name":"BAR"},{"catalog_number":"TU4K0360","name":"LEVER"},{"catalog_number":"TU4K0130","name":"CYLINDER"},{"catalog_number":"TU4JK4200","name":"FLANGE"},{"catalog_number":"TU4J0560","name":"PISTON ROD"},{"catalog_number":"TU4HS3120","name":"PIN"},{"catalog_number":"TU4HS2880","name":"PLATE"},{"catalog_number":"TU4HS2830","name":"BEARING"},{"catalog_number":"TU4HS2820","name":"LEVER"},{"catalog_number":"TU4HS2800","name":"PIN"},{"catalog_number":"TU4HS2760","name":"FRAME"},{"catalog_number":"TU4HS2670","name":"PIN"},{"catalog_number":"TU4HS2580","name":"BRACKET"},{"catalog_number":"TU4HS2560","name":"BRACKET"},{"catalog_number":"TU4HS2480","name":"CONTROL CABLE"},{"catalog_number":"TU4HS2410","name":"RING"},{"catalog_number":"TU4HS2360","name":"LEVER KIT"},{"catalog_number":"TU4HS2340","name":"GRIP"},{"catalog_number":"TU4HS2150","name":"PIN"},{"catalog_number":"TU4HS2130","name":"PIN"},{"catalog_number":"TU4HS2020","name":"PIN"},{"catalog_number":"TU4HS1900","name":"PROTECTION"},{"catalog_number":"TU4HS1890","name":"COVER"},{"catalog_number":"TU4HS1740","name":"FRAME"},{"catalog_number":"TU4HS1730","name":"PIN"},{"catalog_number":"TU4HS1650","name":"PIN"},{"catalog_number":"TU4HS1610","name":"SUPPORT"},{"catalog_number":"TU4HS1580","name":"RING"},{"catalog_number":"TU4HS1480","name":"CONE"},{"catalog_number":"TU4HS1470","name":"BEARING"},{"catalog_number":"TU4HS1460","name":"PIN"},{"catalog_number":"TU4HS1440","name":"ROD"},{"catalog_number":"TU4HS1430","name":"LEVER"},{"catalog_number":"TU4HS1390","name":"BOLT"},{"catalog_number":"TU4HS1360","name":"ROPE"},{"catalog_number":"TU4HS1080","name":"FASTENER"},{"catalog_number":"TU4HS0880","name":"CLEVIS PIN"},{"catalog_number":"TU4HS0840","name":"BUSH"},{"catalog_number":"TU4HS0830","name":"PIN"},{"catalog_number":"TU4HS0500","name":"SCREW"},{"catalog_number":"TU4HS0490","name":"NUT"},{"catalog_number":"TU4HS0440","name":"KNIFE HEAD"},{"catalog_number":"TU4HS0230","name":"PIN"},{"catalog_number":"TU4HS0120","name":"FASTENER"},{"catalog_number":"TU4H4080","name":"PIPE"},{"catalog_number":"TU4H4070","name":"PIPE"},{"catalog_number":"TU4H4060","name":"PIPE"},{"catalog_number":"TU4H4050","name":"PIPE"},{"catalog_number":"TU4H4040","name":"PIPE"},{"catalog_number":"TU4H4030","name":"PIPE"},{"catalog_number":"TU4H3840","name":"CYLINDER"},{"catalog_number":"TU4H3400","name":"PIN"},{"catalog_number":"TU4H3390","name":"PIN"},{"catalog_number":"TU4H3380","name":"PIN"},{"catalog_number":"TU4H3120","name":"PISTON"},{"catalog_number":"TU4H2980","name":"BUSH"},{"catalog_number":"TU4H2970","name":"BUSH"},{"catalog_number":"TU4H2890","name":"PART"},{"catalog_number":"TU4H2830","name":"PIPE"},{"catalog_number":"TU4H2800","name":"PIPE"},{"catalog_number":"TU4H2770","name":"PIN"},{"catalog_number":"TU4H2740","name":"HYDRAULIC HOSE"},{"catalog_number":"TU4H2720","name":"PIPE"},{"catalog_number":"TU4H2650","name":"PART"},{"catalog_number":"TU4H2640","name":"TAP"},{"catalog_number":"TU4H2630","name":"TAP"},{"catalog_number":"TU4H2620","name":"PIN"},{"catalog_number":"TU4H2610","name":"PIN"},{"catalog_number":"TU4H2600","name":"PIN"},{"catalog_number":"TU4H2360","name":"PART"},{"catalog_number":"TU4H2350","name":"NUT"},{"catalog_number":"TU4H2320","name":"PART"},{"catalog_number":"TU4H2160","name":"PISTON ROD"},{"catalog_number":"TU4H2150","name":"PISTON ROD"},{"catalog_number":"TU4H2130","name":"PISTON ROD"},{"catalog_number":"TU4H2110","name":"CYLINDER HEAD"},{"catalog_number":"TU4H1650","name":"BEARING HOUSING"},{"catalog_number":"TU4H1640","name":"PISTON ROD"},{"catalog_number":"TU4H1201","name":"AXLE"},{"catalog_number":"TU4H1181","name":"LOCK"},{"catalog_number":"TU4H1162","name":"SECTOR"},{"catalog_number":"TU4H1150","name":"WING TIP"},{"catalog_number":"TU4H0640","name":"PIPE"},{"catalog_number":"TU4H0630","name":"PIPE"},{"catalog_number":"TU4H0591","name":"PIN"},{"catalog_number":"TU4H0470","name":"BEARING BUSH"},{"catalog_number":"TU4H0330","name":"PIN"},{"catalog_number":"TU4H0320","name":"PIN"},{"catalog_number":"TU4H0310","name":"PIN"},{"catalog_number":"TU4H0301","name":"PIN"},{"catalog_number":"TU4H0290","name":"PIN"},{"catalog_number":"TU4H0280","name":"PIN"},{"catalog_number":"TU4H0261","name":"PIN"},{"catalog_number":"TU4H0250","name":"PIN"},{"catalog_number":"TU4H0060","name":"JOINT"},{"catalog_number":"TU4FL0660","name":"PIN"},{"catalog_number":"TU4FL0280","name":"PIPE"},{"catalog_number":"TU4FL0270","name":"PIPE"},{"catalog_number":"TU4FL0250","name":"PART"},{"catalog_number":"TU4FL0150","name":"PISTON ROD"},{"catalog_number":"TU4F5770","name":"BUSH"},{"catalog_number":"TU4F5020","name":"BASE PLATE"},{"catalog_number":"TU4F4240","name":"PART"},{"catalog_number":"TU4F4230","name":"LINK"},{"catalog_number":"TU4F3940","name":"SHIELD"},{"catalog_number":"TU4F3930","name":"RING"},{"catalog_number":"TU4F3590","name":"NIPPLE"},{"catalog_number":"TU4F3440","name":"NIPPLE"},{"catalog_number":"TU4F3310","name":"PIN"},{"catalog_number":"TU4F3300","name":"PIN"},{"catalog_number":"TU4F3250","name":"WHEEL"},{"catalog_number":"TU4F3230","name":"PISTON ROD"},{"catalog_number":"TU4F3080","name":"PIN"},{"catalog_number":"TU4F3070","name":"PIN"},{"catalog_number":"TU4F3020","name":"CHAIN"},{"catalog_number":"TU4F2770","name":"ROD"},{"catalog_number":"TU4F2760","name":"SHAFT"},{"catalog_number":"TU4F2560","name":"PIN"},{"catalog_number":"TU4F2190","name":"CYLINDER HEAD"},{"catalog_number":"TU4F2180","name":"PISTON"},{"catalog_number":"TU4F2170","name":"PISTON ROD"},{"catalog_number":"TU4F2120","name":"PISTON ROD"},{"catalog_number":"TU4F2070","name":"PISTON"},{"catalog_number":"TU4F2020","name":"REGULATOR"},{"catalog_number":"TU4F1850","name":"NIPPLE"},{"catalog_number":"TU4F1800","name":"PLATE"},{"catalog_number":"TU4F1560","name":"PIN"},{"catalog_number":"TU4F1370","name":"SCREW"},{"catalog_number":"TU4F1170","name":"SPROCKET"},{"catalog_number":"TU4F1110","name":"PIN"},{"catalog_number":"TU4F0480","name":"PIN"},{"catalog_number":"TU4F0400","name":"NUT"},{"catalog_number":"TU4F0340","name":"COVER"},{"catalog_number":"TU4F0310","name":"BUSH"},{"catalog_number":"TU4F0250","name":"HOSE"},{"catalog_number":"TU4F0170","name":"BUSH"},{"catalog_number":"TU4F0080","name":"SPROCKET"},{"catalog_number":"TU4F0060","name":"LOCKING PLATE"},{"catalog_number":"TU4F0050","name":"ADJUSTMENT"},{"catalog_number":"TU4F0040","name":"WASHER"},{"catalog_number":"TU4D0640","name":"PIPE"},{"catalog_number":"TU4D0450","name":"PIN"},{"catalog_number":"TU4D0430","name":"PISTON ROD"},{"catalog_number":"TU4D0400","name":"PIPE"},{"catalog_number":"TU4D0390","name":"PIPE"},{"catalog_number":"TU4D0380","name":"PIPE"},{"catalog_number":"TU4D0370","name":"PIPE"},{"catalog_number":"TU4B5000","name":"PIN"},{"catalog_number":"TU4B4260","name":"HYDRAULIC HOSE"},{"catalog_number":"TU4B4250","name":"HYDRAULIC HOSE"},{"catalog_number":"TU4B3940","name":"FASTENER"},{"catalog_number":"TU4B3910","name":"MOUNTING"},{"catalog_number":"TU4B3880","name":"NUT"},{"catalog_number":"TU4B3820","name":"HOLDER"},{"catalog_number":"TU4B3800","name":"HYDRAULIC HOSE"},{"catalog_number":"TU4B3790","name":"TUBE"},{"catalog_number":"TU4B3780","name":"PIPE"},{"catalog_number":"TU4B3770","name":"PLATE"},{"catalog_number":"TU4B3760","name":"PLATE"},{"catalog_number":"TU4B3720","name":"PIPE"},{"catalog_number":"TU4B3640","name":"MOUNTING"},{"catalog_number":"TU4B3610","name":"FASTENER"},{"catalog_number":"TU4B3600","name":"FASTENER"},{"catalog_number":"TU4B3570","name":"PIN"},{"catalog_number":"TU4B3520","name":"PIN"},{"catalog_number":"TU4B3510","name":"PIN"},{"catalog_number":"TU4B3220","name":"PIN"},{"catalog_number":"TU4B3180","name":"LOCKING"},{"catalog_number":"TU4B2970","name":"PISTON ROD"},{"catalog_number":"TU4B2890","name":"WASHER"},{"catalog_number":"TU4B2770","name":"PISTON"},{"catalog_number":"TU4B2740","name":"PISTON ROD"},{"catalog_number":"TU4B2720","name":"PIN"},{"catalog_number":"TU4B2700","name":"PIN"},{"catalog_number":"TU4B2690","name":"PIN"},{"catalog_number":"TU4B2680","name":"PIN"},{"catalog_number":"TU4B2670","name":"PIN"},{"catalog_number":"TU4B2490","name":"SLIDE"},{"catalog_number":"TU4B2350","name":"SHIELD"},{"catalog_number":"TU4B2260","name":"PART"},{"catalog_number":"TU4B2160","name":"PART"},{"catalog_number":"TU4B2100","name":"PIPE"},{"catalog_number":"TU4B2070","name":"PIN"},{"catalog_number":"TU4B2060","name":"PART"},{"catalog_number":"TU4B2050","name":"PIN"},{"catalog_number":"TU4B2040","name":"PIN"},{"catalog_number":"TU4B2030","name":"PIN"},{"catalog_number":"TU4B2020","name":"PIN"},{"catalog_number":"TU4B2010","name":"PIN"},{"catalog_number":"TU4B2000","name":"PIN"},{"catalog_number":"TU4B1990","name":"TAP"},{"catalog_number":"TU4B1980","name":"PIPE"},{"catalog_number":"TU4B1970","name":"PIPE"},{"catalog_number":"TU4B1960","name":"PIPE"},{"catalog_number":"TU4B1860","name":"PISTON ROD"},{"catalog_number":"TU4B1850","name":"PISTON ROD"},{"catalog_number":"TU4B1810","name":"PART"},{"catalog_number":"TU4B1780","name":"PISTON ROD"},{"catalog_number":"TU4B1460","name":"PISTON ROD"},{"catalog_number":"TU4B1300","name":"SHIELD"},{"catalog_number":"TU4B1260","name":"PIN"},{"catalog_number":"TU4B1250","name":"PIN"},{"catalog_number":"TU4B1190","name":"NUT"},{"catalog_number":"TU4B1180","name":"PISTON ROD"},{"catalog_number":"TU4B0990","name":"PIN"},{"catalog_number":"TU4B0970","name":"BUSH"},{"catalog_number":"TU4B0940","name":"PART"},{"catalog_number":"TU4B0920","name":"PART"},{"catalog_number":"TU4B0900","name":"PART"},{"catalog_number":"TU4B0730","name":"PIN"},{"catalog_number":"TU4B0630","name":"PIN"},{"catalog_number":"TU4B0610","name":"PIN"},{"catalog_number":"TU4B0580","name":"TAP"},{"catalog_number":"TU4B0570","name":"PIN"},{"catalog_number":"TU4B0490","name":"SCREW"},{"catalog_number":"TU4B0480","name":"PART"},{"catalog_number":"TU4B0440","name":"BUSH"},{"catalog_number":"TU4B0310","name":"SUPPORT"},{"catalog_number":"TU4B0120","name":"TAP"},{"catalog_number":"TU4AS4880","name":"PLATE"},{"catalog_number":"TU4AS4850","name":"FASTENER"},{"catalog_number":"TU4AS4820","name":"FASTENER"},{"catalog_number":"TU4AS4780","name":"FASTENER"},{"catalog_number":"TU4AS4680","name":"CONNECTOR"},{"catalog_number":"TU4AS4660","name":"PISTON ROD"},{"catalog_number":"TU4AS4330","name":"BUSH"},{"catalog_number":"TU4AS4110","name":"PISTON ROD"},{"catalog_number":"TU4AS4070","name":"PIN"},{"catalog_number":"TU4AS4050","name":"PIN"},{"catalog_number":"TU4AS4030","name":"PIN"},{"catalog_number":"TU4AS3990","name":"BUSH"},{"catalog_number":"TU4AS3740","name":"PISTON ROD"},{"catalog_number":"TU4AS2930","name":"HYDRAULIC HOSE"},{"catalog_number":"TU4AS2920","name":"PIN"},{"catalog_number":"TU4AS2890","name":"PIPE"},{"catalog_number":"TU4AS2880","name":"PIPE"},{"catalog_number":"TU4AS2860","name":"PIPE"},{"catalog_number":"TU4AS2810","name":"PIN"},{"catalog_number":"TU4AS2800","name":"PIN"},{"catalog_number":"TU4AS2760","name":"LEVER"},{"catalog_number":"TU4AS2750","name":"PIN"},{"catalog_number":"TU4AS2740","name":"PIN"},{"catalog_number":"TU4AS2730","name":"PIN"},{"catalog_number":"TU4AS2720","name":"PIN"},{"catalog_number":"TU4AS2660","name":"PIN"},{"catalog_number":"TU4AS2650","name":"PIN"},{"catalog_number":"TU4AS2570","name":"PIN"},{"catalog_number":"TU4AS2550","name":"PIN"},{"catalog_number":"TU4AS2540","name":"PIN"},{"catalog_number":"TU4AS2480","name":"HYDRAULIC HOSE"},{"catalog_number":"TU4AS2470","name":"HYDRAULIC HOSE"},{"catalog_number":"TU4AS2380","name":"PART"},{"catalog_number":"TU4AS2370","name":"PART"},{"catalog_number":"TU4AS2360","name":"PISTON ROD"},{"catalog_number":"TU4AS2300","name":"FASTENER"},{"catalog_number":"TU4AS2180","name":"PIN"},{"catalog_number":"TU4AS2090","name":"PIN"},{"catalog_number":"TU4AS2080","name":"PIN"},{"catalog_number":"TU4AS2070","name":"SHIELD"},{"catalog_number":"TU4AS1890","name":"SHIELD"},{"catalog_number":"TU4AS1880","name":"PART"},{"catalog_number":"TU4AS1840","name":"PISTON ROD"},{"catalog_number":"TU4AS1820","name":"PIPE"},{"catalog_number":"TU4AS1810","name":"PISTON"},{"catalog_number":"TU4AS1780","name":"PIN"},{"catalog_number":"TU4AS1770","name":"PIN"},{"catalog_number":"TU4AS1760","name":"PIN"},{"catalog_number":"TU4AS1740","name":"PART"},{"catalog_number":"TU4AS1640","name":"PIN"},{"catalog_number":"TU4AS1630","name":"PIN"},{"catalog_number":"TU4AS1620","name":"PIN"},{"catalog_number":"TU4AS1320","name":"PIPE"},{"catalog_number":"TU4AS1220","name":"PIPE"},{"catalog_number":"TU4AS1200","name":"CLAMP"},{"catalog_number":"TU4AS1190","name":"CLAMP"},{"catalog_number":"TU4AS0840","name":"SLEEVE"},{"catalog_number":"TU4AS0820","name":"BUSH"},{"catalog_number":"TU4AS0790","name":"PIPE"},{"catalog_number":"TU4AS0660","name":"BEARING HOUSING"},{"catalog_number":"TU4AS0630","name":"PART"},{"catalog_number":"TU4AS0620","name":"PART"},{"catalog_number":"TU4AS0610","name":"BUSH"},{"catalog_number":"TU4AS0590","name":"PLATE"},{"catalog_number":"TU4AS0580","name":"LEVER"},{"catalog_number":"TU4AS0570","name":"PART"},{"catalog_number":"TU4AS0530","name":"PART"},{"catalog_number":"TU4AS0510","name":"PART"},{"catalog_number":"TU4AS0500","name":"TAP"},{"catalog_number":"TU4AS0490","name":"TAP"},{"catalog_number":"TU4AS0440","name":"BUSH"},{"catalog_number":"TU4AS0360","name":"PIN"},{"catalog_number":"TU4AS0340","name":"PART"},{"catalog_number":"TU4AS0300","name":"PART"},{"catalog_number":"TU4AS0280","name":"PART"},{"catalog_number":"TU4AS0230","name":"PIN"},{"catalog_number":"TU4AS0220","name":"PIPE"},{"catalog_number":"TU4AS0210","name":"PIPE"},{"catalog_number":"TU4AS0200","name":"PIPE"},{"catalog_number":"TU4AS0190","name":"PIPE"},{"catalog_number":"TU4AS0140","name":"TAP"},{"catalog_number":"TU4AE4011","name":"PIN"},{"catalog_number":"TU4AE2160","name":"TUBE"},{"catalog_number":"TU4AE2140","name":"HOSE"},{"catalog_number":"TU4AE2000","name":"FLANGE"},{"catalog_number":"TU4AE1990","name":"CYLINDER"},{"catalog_number":"TU4AE1980","name":"PISTON"},{"catalog_number":"TU4AE1970","name":"PISTON ROD"},{"catalog_number":"TU4AE1830","name":"PIPE"},{"catalog_number":"TU4AE1820","name":"PIPE"},{"catalog_number":"TU4AE1710","name":"TUBE"},{"catalog_number":"TU4AE1670","name":"PIN"},{"catalog_number":"TU4AE1520","name":"PISTON ROD"},{"catalog_number":"TU4AE1500","name":"SLIDE"},{"catalog_number":"TU4AE1390","name":"SLIDE"},{"catalog_number":"TU4AE1380","name":"SLIDE"},{"catalog_number":"TU4AE1370","name":"SLIDE"},{"catalog_number":"TU4AE1360","name":"ADJUSTER"},{"catalog_number":"TU4AE1350","name":"BUSH"},{"catalog_number":"TU4AE1180","name":"HOSE"},{"catalog_number":"TU4AE1150","name":"HOSE"},{"catalog_number":"TU4AE1090","name":"PIN"},{"catalog_number":"TU4AE1080","name":"PIN"},{"catalog_number":"TU4AE0730","name":"BUSH"},{"catalog_number":"TU4AE0670","name":"FASTENER"},{"catalog_number":"TU4AE0400","name":"SCREW"},{"catalog_number":"TU40130207","name":"BEARING"},{"catalog_number":"TU40117211","name":"TUME PART"},{"catalog_number":"TU40117208","name":"BEARING"},{"catalog_number":"TU40101527","name":"BEARING"},{"catalog_number":"TU3Y0040","name":"CYLINDER"}]}