{"machinery_brand_name":"Ag-Chem","parts":[{"catalog_number":"V866136591","name":"CONNECTING ROD"},{"catalog_number":"V866136590","name":"CONNECTING ROD"},{"catalog_number":"V866136589","name":"CONNECTING ROD"},{"catalog_number":"V866136588","name":"CONNECTING ROD"},{"catalog_number":"V866136587","name":"CONNECTING ROD"},{"catalog_number":"V866136586","name":"CONNECTING ROD"},{"catalog_number":"V866136585","name":"CONNECTING ROD"},{"catalog_number":"V866136584","name":"CONNECTING ROD"},{"catalog_number":"V866136583","name":"CONNECTING ROD"},{"catalog_number":"V866136582","name":"CONNECTING ROD"},{"catalog_number":"V866136581","name":"CONNECTING ROD"},{"catalog_number":"V866136580","name":"CONNECTING ROD"},{"catalog_number":"V866136579","name":"CONNECTING ROD"},{"catalog_number":"V866136578","name":"CONNECTING ROD"},{"catalog_number":"V866136577","name":"CONNECTING ROD"},{"catalog_number":"V866136576","name":"CONNECTING ROD"},{"catalog_number":"V866136575","name":"CONNECTING ROD"},{"catalog_number":"V866136574","name":"CONNECTING ROD"},{"catalog_number":"V866136573","name":"CONNECTING ROD"},{"catalog_number":"V866131193","name":"INJECTION PUMP"},{"catalog_number":"V866131095","name":"INJECTION PUMP"},{"catalog_number":"V866131002","name":"CYLINDER HEAD"},{"catalog_number":"V866130319","name":"INJECTION PUMP"},{"catalog_number":"V866130266","name":"INJECTION PUMP"},{"catalog_number":"V866128148","name":"CRANKSHAFT"},{"catalog_number":"V866116431","name":"INJECTION PUMP"},{"catalog_number":"V866116054","name":"INJECTION PUMP"},{"catalog_number":"V866115875","name":"INJECTION PUMP"},{"catalog_number":"V866082284","name":"INJECTION PUMP"},{"catalog_number":"V866031143","name":"INJECTION PUMP"},{"catalog_number":"V866015910","name":"INJECTION PUMP"},{"catalog_number":"V865477631Y","name":"ENGINE"},{"catalog_number":"V865476764","name":"REMAN ENGINE"},{"catalog_number":"V865476725","name":"REMAN ENGINE"},{"catalog_number":"V865291504T","name":"REMAN LONG BLOCK"},{"catalog_number":"V865291503V","name":"LONG BLOCK"},{"catalog_number":"V865291503T","name":"REMAN LONG BLOCK"},{"catalog_number":"V865277777Y","name":"ENGINE"},{"catalog_number":"V865277748V","name":"LONG BLOCK"},{"catalog_number":"V865277610X","name":"SHORT BLOCK"},{"catalog_number":"V865276795","name":"REMAN ENGINE"},{"catalog_number":"V865276711","name":"REMAN ENGINE"},{"catalog_number":"V865276710","name":"REMAN ENGINE"},{"catalog_number":"V865276709","name":"REMAN ENGINE"},{"catalog_number":"V865276708","name":"REMAN ENGINE"},{"catalog_number":"V865276512T","name":"REMAN LONG BLOCK"},{"catalog_number":"V865276507V","name":"LONG BLOCK"},{"catalog_number":"V865276507T","name":"REMAN LONG BLOCK"},{"catalog_number":"V865276299","name":"REMAN ENGINE"},{"catalog_number":"V865276180S","name":"REMAN SHRT BLOCK"},{"catalog_number":"V865276180","name":"REMAN ENGINE"},{"catalog_number":"V865276174T","name":"REMAN LONG BLOCK"},{"catalog_number":"V865276174S","name":"REMAN SHRT BLOCK"},{"catalog_number":"V865276174","name":"REMAN ENGINE"},{"catalog_number":"V865261907S","name":"REMAN SHRT BLOCK"},{"catalog_number":"V865261907","name":"REMAN ENGINE"},{"catalog_number":"V865261906S","name":"REMAN SHRT BLOCK"},{"catalog_number":"V865261906","name":"REMAN ENGINE"},{"catalog_number":"V865091501T","name":"REMAN LONG BLOCK"},{"catalog_number":"V865091500V","name":"LONG BLOCK"},{"catalog_number":"V865091500T","name":"REMAN LONG BLOCK"},{"catalog_number":"V865091303T","name":"REMAN LONG BLOCK"},{"catalog_number":"V865091302T","name":"REMAN LONG BLOCK"},{"catalog_number":"V86508700","name":"SPIDER"},{"catalog_number":"V865077574Y","name":"ENGINE"},{"catalog_number":"V865077149Y","name":"ENGINE"},{"catalog_number":"V865076850","name":"REMAN ENGINE"},{"catalog_number":"V865076849","name":"REMAN ENGINE"},{"catalog_number":"V865076743T","name":"REMAN LONG BLOCK"},{"catalog_number":"V865076743S","name":"REMAN SHRT BLOCK"},{"catalog_number":"V865076743","name":"REMAN ENGINE"},{"catalog_number":"V865076740S","name":"REMAN SHRT BLOCK"},{"catalog_number":"V865076740","name":"REMAN ENGINE"},{"catalog_number":"V865076739T","name":"REMAN LONG BLOCK"},{"catalog_number":"V865076739","name":"REMAN ENGINE"},{"catalog_number":"V865076700","name":"REMAN ENGINE"},{"catalog_number":"V865076699","name":"REMAN ENGINE"},{"catalog_number":"V865076679T","name":"REMAN LONG BLOCK"},{"catalog_number":"V865076679S","name":"REMAN SHRT BLOCK"},{"catalog_number":"V865076679","name":"REMAN ENGINE"},{"catalog_number":"V865076506S","name":"REMAN SHRT BLOCK"},{"catalog_number":"V865076506","name":"REMAN ENGINE"},{"catalog_number":"V865076361S","name":"REMAN SHRT BLOCK"},{"catalog_number":"V865076361","name":"REMAN ENGINE"},{"catalog_number":"V865076315","name":"REMAN ENGINE"},{"catalog_number":"V865076314","name":"REMAN ENGINE"},{"catalog_number":"V865076211S","name":"REMAN SHRT BLOCK"},{"catalog_number":"V865076211","name":"REMAN ENGINE"},{"catalog_number":"V865076173S","name":"REMAN SHRT BLOCK"},{"catalog_number":"V865076173","name":"REMAN ENGINE"},{"catalog_number":"V865076137X","name":"SHORT BLOCK"},{"catalog_number":"V865076137S","name":"REMAN SHRT BLOCK"},{"catalog_number":"V865076137","name":"REMAN ENGINE"},{"catalog_number":"V865076136X","name":"SHORT BLOCK"},{"catalog_number":"V865076136S","name":"REMAN SHRT BLOCK"},{"catalog_number":"V865076136","name":"REMAN ENGINE"},{"catalog_number":"V865061719","name":"REMAN ENGINE"},{"catalog_number":"V864891489T","name":"REMAN LONG BLOCK"},{"catalog_number":"V864891488T","name":"REMAN LONG BLOCK"},{"catalog_number":"V864877080","name":"REMAN ENGINE"},{"catalog_number":"V864877059","name":"REMAN ENGINE"},{"catalog_number":"V864877058","name":"REMAN ENGINE"},{"catalog_number":"V864877054","name":"REMAN ENGINE"},{"catalog_number":"V864877053","name":"REMAN ENGINE"},{"catalog_number":"V864876961","name":"REMAN ENGINE"},{"catalog_number":"V864876877","name":"REMAN ENGINE"},{"catalog_number":"V864876876","name":"REMAN ENGINE"},{"catalog_number":"V864876875","name":"REMAN ENGINE"},{"catalog_number":"V864876874","name":"REMAN ENGINE"},{"catalog_number":"V864876873","name":"REMAN ENGINE"},{"catalog_number":"V864876872","name":"REMAN ENGINE"},{"catalog_number":"V864876870","name":"REMAN ENGINE"},{"catalog_number":"V864876848","name":"REMAN ENGINE"},{"catalog_number":"V864876754","name":"REMAN ENGINE"},{"catalog_number":"V864876718","name":"REMAN ENGINE"},{"catalog_number":"V864876717","name":"REMAN ENGINE"},{"catalog_number":"V864876697","name":"REMAN ENGINE"},{"catalog_number":"V864876695","name":"REMAN ENGINE"},{"catalog_number":"V864876644","name":"REMAN ENGINE"},{"catalog_number":"V864876643","name":"REMAN ENGINE"},{"catalog_number":"V864876642","name":"REMAN ENGINE"},{"catalog_number":"V864876641","name":"REMAN ENGINE"},{"catalog_number":"V864876627","name":"REMAN ENGINE"},{"catalog_number":"V864876626","name":"REMAN ENGINE"},{"catalog_number":"V864876625","name":"REMAN ENGINE"},{"catalog_number":"V864876624","name":"REMAN ENGINE"},{"catalog_number":"V864876623","name":"REMAN ENGINE"},{"catalog_number":"V864876622","name":"REMAN ENGINE"},{"catalog_number":"V864876621","name":"REMAN ENGINE"},{"catalog_number":"V864876599","name":"REMAN ENGINE"},{"catalog_number":"V864876598","name":"REMAN ENGINE"},{"catalog_number":"V864876597","name":"REMAN ENGINE"},{"catalog_number":"V864876596","name":"REMAN ENGINE"},{"catalog_number":"V864876595","name":"REMAN ENGINE"},{"catalog_number":"V864876594","name":"REMAN ENGINE"},{"catalog_number":"V864876593X","name":"SHORT BLOCK"},{"catalog_number":"V864876593S","name":"REMAN SHRT BLOCK"},{"catalog_number":"V864876593","name":"REMAN ENGINE"},{"catalog_number":"V864876538","name":"REMAN ENGINE"},{"catalog_number":"V864876313","name":"REMAN ENGINE"},{"catalog_number":"V864876311","name":"REMAN ENGINE"},{"catalog_number":"V864876310","name":"REMAN ENGINE"},{"catalog_number":"V864876170S","name":"REMAN SHRT BLOCK"},{"catalog_number":"V864876170","name":"REMAN ENGINE"},{"catalog_number":"V864876169","name":"REMAN ENGINE"},{"catalog_number":"V864876168","name":"REMAN ENGINE"},{"catalog_number":"V864876167X","name":"SHORT ENGINE"},{"catalog_number":"V864876166","name":"REMAN ENGINE"},{"catalog_number":"V864876165","name":"REMAN ENGINE"},{"catalog_number":"V864876164","name":"REMAN ENGINE"},{"catalog_number":"V864876134T","name":"REMAN LONG BLOCK"},{"catalog_number":"V864876132T","name":"REMAN LONG BLOCK"},{"catalog_number":"V864876131V","name":"LONG BLOCK"},{"catalog_number":"V864876018","name":"REMAN ENGINE"},{"catalog_number":"V864876017S","name":"REMAN SHRT BLOCK"},{"catalog_number":"V864876017","name":"REMAN ENGINE"},{"catalog_number":"V864876016","name":"REMAN ENGINE"},{"catalog_number":"V864876015","name":"REMAN ENGINE"},{"catalog_number":"V864861682","name":"REMAN ENGINE"},{"catalog_number":"V864861681","name":"REMAN ENGINE"},{"catalog_number":"V864861615X","name":"SHORT BLOCK"},{"catalog_number":"V864861615T","name":"REMAN LONG BLOCK"},{"catalog_number":"V864861615S","name":"REMAN SHRT BLOCK"},{"catalog_number":"V864861615","name":"REMAN ENGINE"},{"catalog_number":"V864861614T","name":"REMAN LONG BLOCK"},{"catalog_number":"V864861614S","name":"REMAN SHRT BLOCK"},{"catalog_number":"V864861613T","name":"REMAN LONG BLOCK"},{"catalog_number":"V864861613S","name":"REMAN SHRT BLOCK"},{"catalog_number":"V864861612T","name":"REMAN LONG BLOCK"},{"catalog_number":"V864861612S","name":"REMAN SHRT BLOCK"},{"catalog_number":"V864861611T","name":"REMAN LONG BLOCK"},{"catalog_number":"V864861611S","name":"REMAN SHRT BLOCK"},{"catalog_number":"V864861610T","name":"REMAN LONG BLOCK"},{"catalog_number":"V864861610S","name":"REMAN SHRT BLOCK"},{"catalog_number":"V864776220T","name":"REMAN LONG BLOCK"},{"catalog_number":"V864677836U","name":"REMAN ENGINE"},{"catalog_number":"V864677246","name":"REMAN ENGINE"},{"catalog_number":"V864676971","name":"REMAN ENGINE"},{"catalog_number":"V864676970","name":"REMAN ENGINE"},{"catalog_number":"V864676868","name":"REMAN ENGINE"},{"catalog_number":"V864676847","name":"REMAN ENGINE"},{"catalog_number":"V864676689T","name":"REMAN LONG BLOCK"},{"catalog_number":"V864676689S","name":"REMAN SHRT BLOCK"},{"catalog_number":"V864676357T","name":"REMAN LONG BLOCK"},{"catalog_number":"V864676357S","name":"REMAN SHRT BLOCK"},{"catalog_number":"V864676357","name":"REMAN ENGINE"},{"catalog_number":"V864676354S","name":"REMAN SHRT BLOCK"},{"catalog_number":"V864676354","name":"REMAN ENGINE"},{"catalog_number":"V864676122T","name":"REMAN LONG BLOCK"},{"catalog_number":"V864676122S","name":"REMAN SHRT BLOCK"},{"catalog_number":"V864676122","name":"REMAN ENGINE"},{"catalog_number":"V864676097T","name":"REMAN LONG BLOCK"},{"catalog_number":"V864676097S","name":"REMAN SHRT BLOCK"},{"catalog_number":"V864676097","name":"REMAN ENGINE"},{"catalog_number":"V864676082","name":"REMAN ENGINE"},{"catalog_number":"V864576846","name":"REMAN ENGINE"},{"catalog_number":"V864576845","name":"REMAN ENGINE"},{"catalog_number":"V864576687","name":"REMAN ENGINE"},{"catalog_number":"V864576332T","name":"REMAN LONG BLOCK"},{"catalog_number":"V864576332S","name":"REMAN SHRT BLOCK"},{"catalog_number":"V864576332","name":"REMAN ENGINE"},{"catalog_number":"V864576162V","name":"LONG BLOCK"},{"catalog_number":"V864576162T","name":"REMAN LONG BLOCK"},{"catalog_number":"V864576162S","name":"REMAN SHRT BLOCK"},{"catalog_number":"V864576162","name":"REMAN ENGINE"},{"catalog_number":"V864477263Y","name":"ENGINE"},{"catalog_number":"V864477142Y","name":"ENGINE"},{"catalog_number":"V864476958Y","name":"ENGINE"},{"catalog_number":"V864476871","name":"REMAN ENGINE"},{"catalog_number":"V864476356T","name":"REMAN LONG BLOCK"},{"catalog_number":"V864476356S","name":"REMAN SHRT BLOCK"},{"catalog_number":"V864476356","name":"REMAN ENGINE"},{"catalog_number":"V864476355T","name":"REMAN LONG BLOCK"},{"catalog_number":"V864476355S","name":"REMAN SHRT BLOCK"},{"catalog_number":"V864476355","name":"REMAN ENGINE"},{"catalog_number":"V864476353X","name":"SHORT BLOCK"},{"catalog_number":"V864476353T","name":"REMAN LONG BLOCK"},{"catalog_number":"V864476353","name":"REMAN ENGINE"},{"catalog_number":"V864476352","name":"REMAN ENGINE"},{"catalog_number":"V864476351","name":"REMAN ENGINE"},{"catalog_number":"V864476124X","name":"SHORT BLOCK"},{"catalog_number":"V864476124","name":"REMAN ENGINE"},{"catalog_number":"V864476099T","name":"REMAN LONG BLOCK"},{"catalog_number":"V864476099S","name":"REMAN SHRT BLOCK"},{"catalog_number":"V864476099","name":"REMAN ENGINE"},{"catalog_number":"V864476098T","name":"REMAN LONG BLOCK"},{"catalog_number":"V864476098S","name":"REMAN SHRT BLOCK"},{"catalog_number":"V864476098","name":"REMAN ENGINE"},{"catalog_number":"V864376844","name":"REMAN ENGINE"},{"catalog_number":"V864376843","name":"REMAN ENGINE"},{"catalog_number":"V864376842","name":"REMAN ENGINE"},{"catalog_number":"V864376841","name":"REMAN ENGINE"},{"catalog_number":"V864376840","name":"REMAN ENGINE"},{"catalog_number":"V864376839","name":"REMAN ENGINE"},{"catalog_number":"V864376838","name":"REMAN ENGINE"},{"catalog_number":"V864376837","name":"REMAN ENGINE"},{"catalog_number":"V864376836","name":"REMAN ENGINE"},{"catalog_number":"V864376835","name":"REMAN ENGINE"},{"catalog_number":"V864376834","name":"REMAN ENGINE"},{"catalog_number":"V864376688S","name":"REMAN SHRT BLOCK"},{"catalog_number":"V864376686T","name":"REMAN LONG BLOCK"},{"catalog_number":"V864376686S","name":"REMAN SHRT BLOCK"},{"catalog_number":"V864376685T","name":"REMAN LONG BLOCK"},{"catalog_number":"V864376685S","name":"REMAN SHRT BLOCK"},{"catalog_number":"V864376684T","name":"REMAN LONG BLOCK"},{"catalog_number":"V864376684","name":"REMAN ENGINE"},{"catalog_number":"V864376682","name":"REMAN ENGINE"},{"catalog_number":"V864376681","name":"REMAN ENGINE"},{"catalog_number":"V864376273","name":"REMAN ENGINE"},{"catalog_number":"V864376219T","name":"REMAN LONG BLOCK"},{"catalog_number":"V864376219S","name":"REMAN SHRT BLOCK"},{"catalog_number":"V864376158T","name":"REMAN LONG BLOCK"},{"catalog_number":"V864376158","name":"REMAN ENGINE"},{"catalog_number":"V864376156","name":"REMAN ENGINE"},{"catalog_number":"V864376152","name":"REMAN ENGINE"},{"catalog_number":"V864376151T","name":"REMAN LONG BLOCK"},{"catalog_number":"V864376150","name":"REMAN ENGINE"},{"catalog_number":"V864376148T","name":"REMAN LONG BLOCK"},{"catalog_number":"V864376148S","name":"REMAN SHRT BLOCK"},{"catalog_number":"V864376148","name":"REMAN ENGINE"},{"catalog_number":"V864376080","name":"REMAN ENGINE"},{"catalog_number":"V864361831T","name":"REMAN LONG BLOCK"},{"catalog_number":"V864361831S","name":"REMAN SHRT BLOCK"},{"catalog_number":"V864361831","name":"REMAN ENGINE"},{"catalog_number":"V864277209","name":"REMAN ENGINE"},{"catalog_number":"V864277206V","name":"LONG BLOCK"},{"catalog_number":"V864277206T","name":"REMAN LONG BLOCK"},{"catalog_number":"V864277206S","name":"REMAN SHRT BLOCK"},{"catalog_number":"V864277206","name":"REMAN ENGINE"},{"catalog_number":"V864277205","name":"REMAN ENGINE"},{"catalog_number":"V864277204","name":"REMAN ENGINE"},{"catalog_number":"V864277171Y","name":"ENGINE"},{"catalog_number":"V864177107","name":"REMAN ENGINE"},{"catalog_number":"V864177106","name":"REMAN ENGINE"},{"catalog_number":"V864177105V","name":"LONG BLOCK"},{"catalog_number":"V864177105T","name":"REMAN LONG BLOCK"},{"catalog_number":"V864177105S","name":"REMAN SHRT BLOCK"},{"catalog_number":"V864177105","name":"REMAN ENGINE"},{"catalog_number":"V864176672T","name":"REMAN LONG BLOCK"},{"catalog_number":"V864176672S","name":"REMAN SHRT BLOCK"},{"catalog_number":"V864176671T","name":"REMAN LONG BLOCK"},{"catalog_number":"V864176671S","name":"REMAN SHRT BLOCK"},{"catalog_number":"V864176606T","name":"REMAN LONG BLOCK"},{"catalog_number":"V864176606","name":"REMAN ENGINE"},{"catalog_number":"V864176605","name":"REMAN ENGINE"},{"catalog_number":"V86318000","name":"PLANET CARRIER"},{"catalog_number":"V86312800","name":"PLANET"},{"catalog_number":"V86312700","name":"SHAFT"},{"catalog_number":"V86312600","name":"GEAR"},{"catalog_number":"V863061104","name":"REMAN ENGINE"},{"catalog_number":"V862961518T","name":"REMAN LONG BLOCK"},{"catalog_number":"V862961517T","name":"REMAN LONG BLOCK"},{"catalog_number":"V862961163T","name":"REMAN LONG BLOCK"},{"catalog_number":"V862961163S","name":"REMAN SHRT BLOCK"},{"catalog_number":"V862961162T","name":"REMAN LONG BLOCK"},{"catalog_number":"V862961162S","name":"REMAN SHRT BLOCK"},{"catalog_number":"V862961147","name":"REMAN ENGINE"},{"catalog_number":"V862960653T","name":"REMAN LONG BLOCK"},{"catalog_number":"V862960591T","name":"REMAN LONG BLOCK"},{"catalog_number":"V862960590T","name":"REMAN LONG BLOCK"},{"catalog_number":"V862960590S","name":"REMAN SHRT BLOCK"},{"catalog_number":"V862960590","name":"REMAN ENGINE"},{"catalog_number":"V862960589T","name":"REMAN LONG BLOCK"},{"catalog_number":"V862960588T","name":"REMAN LONG BLOCK"},{"catalog_number":"V862960588S","name":"REMAN SHRT BLOCK"},{"catalog_number":"V862960588","name":"REMAN ENGINE"},{"catalog_number":"V862960365","name":"REMAN ENGINE"},{"catalog_number":"V862960363","name":"REMAN ENGINE"},{"catalog_number":"V862960354","name":"REMAN ENGINE"},{"catalog_number":"V862960346T","name":"REMAN LONG BLOCK"},{"catalog_number":"V862960346S","name":"REMAN SHRT BLOCK"},{"catalog_number":"V862960346","name":"REMAN ENGINE"},{"catalog_number":"V862960345T","name":"REMAN LONG BLOCK"},{"catalog_number":"V862960345S","name":"REMAN SHRT BLOCK"},{"catalog_number":"V862960345","name":"REMAN ENGINE"},{"catalog_number":"V862960153T","name":"REMAN LONG BLOCK"},{"catalog_number":"V862960153S","name":"REMAN SHRT BLOCK"},{"catalog_number":"V862957960S","name":"REMAN SHRT BLOCK"},{"catalog_number":"V862957839T","name":"REMAN LONG BLOCK"},{"catalog_number":"V862957839S","name":"REMAN SHRT BLOCK"},{"catalog_number":"V862957839","name":"REMAN ENGINE"},{"catalog_number":"V862957782T","name":"REMAN LONG BLOCK"},{"catalog_number":"V862957782S","name":"REMAN SHRT BLOCK"},{"catalog_number":"V862957782","name":"REMAN ENGINE"},{"catalog_number":"V862957781T","name":"REMAN LONG BLOCK"},{"catalog_number":"V862957781S","name":"REMAN SHRT BLOCK"},{"catalog_number":"V862957781","name":"REMAN ENGINE"},{"catalog_number":"V862957780T","name":"REMAN LONG BLOCK"},{"catalog_number":"V862957780S","name":"REMAN SHRT BLOCK"},{"catalog_number":"V862957780","name":"REMAN ENGINE"},{"catalog_number":"V862957779T","name":"REMAN LONG BLOCK"},{"catalog_number":"V862957779S","name":"REMAN SHRT BLOCK"},{"catalog_number":"V862957779","name":"REMAN ENGINE"},{"catalog_number":"V862957528T","name":"REMAN LONG BLOCK"},{"catalog_number":"V862957528S","name":"REMAN SHRT BLOCK"},{"catalog_number":"V862957528","name":"REMAN ENGINE"},{"catalog_number":"V862957513T","name":"REMAN LONG BLOCK"},{"catalog_number":"V862957513S","name":"REMAN SHRT BLOCK"},{"catalog_number":"V862957511T","name":"REMAN LONG BLOCK"},{"catalog_number":"V862957511S","name":"REMAN SHRT BLOCK"},{"catalog_number":"V862957511","name":"REMAN ENGINE"},{"catalog_number":"V862957510T","name":"REMAN LONG BLOCK"},{"catalog_number":"V862957510S","name":"REMAN SHRT BLOCK"},{"catalog_number":"V862861516T","name":"REMAN LONG BLOCK"},{"catalog_number":"V862861515T","name":"REMAN LONG BLOCK"},{"catalog_number":"V862861367T","name":"REMAN LONG BLOCK"},{"catalog_number":"V862861367S","name":"REMAN SHRT BLOCK"},{"catalog_number":"V862861367","name":"REMAN ENGINE"},{"catalog_number":"V862861244","name":"REMAN ENGINE"},{"catalog_number":"V862861161T","name":"REMAN LONG BLOCK"},{"catalog_number":"V862861161S","name":"REMAN SHRT BLOCK"},{"catalog_number":"V862861160T","name":"REMAN LONG BLOCK"},{"catalog_number":"V862861160S","name":"REMAN SHRT BLOCK"},{"catalog_number":"V862860865S","name":"REMAN SHRT BLOCK"},{"catalog_number":"V862860799T","name":"REMAN LONG BLOCK"},{"catalog_number":"V862860762T","name":"REMAN LONG BLOCK"},{"catalog_number":"V862860762S","name":"REMAN SHRT BLOCK"},{"catalog_number":"V862860762","name":"REMAN ENGINE"},{"catalog_number":"V862860572T","name":"REMAN LONG BLOCK"},{"catalog_number":"V862860572S","name":"REMAN SHRT BLOCK"},{"catalog_number":"V862860572","name":"REMAN ENGINE"},{"catalog_number":"V862860571T","name":"REMAN LONG BLOCK"},{"catalog_number":"V862860571S","name":"REMAN SHRT BLOCK"},{"catalog_number":"V862860571","name":"REMAN ENGINE"},{"catalog_number":"V862860486","name":"REMAN ENGINE"},{"catalog_number":"V862860359","name":"REMAN ENGINE"},{"catalog_number":"V862860344T","name":"REMAN LONG BLOCK"},{"catalog_number":"V862860344S","name":"REMAN SHRT BLOCK"},{"catalog_number":"V862860344","name":"REMAN ENGINE"},{"catalog_number":"V862860343T","name":"REMAN LONG BLOCK"},{"catalog_number":"V862860343S","name":"REMAN SHRT BLOCK"},{"catalog_number":"V862860343","name":"REMAN ENGINE"},{"catalog_number":"V862860342T","name":"REMAN LONG BLOCK"},{"catalog_number":"V862860342S","name":"REMAN SHRT BLOCK"},{"catalog_number":"V862860342","name":"REMAN ENGINE"},{"catalog_number":"V862860339S","name":"REMAN SHRT BLOCK"},{"catalog_number":"V862860338S","name":"REMAN SHRT BLOCK"},{"catalog_number":"V862860333T","name":"REMAN LONG BLOCK"},{"catalog_number":"V862860333S","name":"REMAN SHRT BLOCK"},{"catalog_number":"V862860333","name":"REMAN ENGINE"},{"catalog_number":"V862860332","name":"REMAN ENGINE"},{"catalog_number":"V862860077","name":"REMAN ENGINE"},{"catalog_number":"V862860074T","name":"REMAN LONG BLOCK"},{"catalog_number":"V862860074S","name":"REMAN SHRT BLOCK"},{"catalog_number":"V862860074","name":"REMAN ENGINE"},{"catalog_number":"V862860019","name":"REMAN ENGINE"},{"catalog_number":"V862860002","name":"REMAN ENGINE"},{"catalog_number":"V862857957S","name":"REMAN SHRT BLOCK"},{"catalog_number":"V862857957","name":"REMAN ENGINE"},{"catalog_number":"V862857935","name":"REMAN ENGINE"},{"catalog_number":"V862857777S","name":"REMAN SHRT BLOCK"},{"catalog_number":"V862857776S","name":"REMAN SHRT BLOCK"},{"catalog_number":"V862857744S","name":"REMAN SHRT BLOCK"},{"catalog_number":"V862857744","name":"REMAN ENGINE"},{"catalog_number":"V862857665","name":"REMAN ENGINE"},{"catalog_number":"V862857518T","name":"REMAN LONG BLOCK"},{"catalog_number":"V862857518S","name":"REMAN SHRT BLOCK"},{"catalog_number":"V862857518","name":"REMAN ENGINE"},{"catalog_number":"V862857363T","name":"REMAN LONG BLOCK"},{"catalog_number":"V862857363S","name":"REMAN SHRT BLOCK"},{"catalog_number":"V862857363","name":"REMAN ENGINE"},{"catalog_number":"V862857136","name":"REMAN ENGINE"},{"catalog_number":"V862848943T","name":"REMAN LONG BLOCK"},{"catalog_number":"V862848943S","name":"REMAN SHRT BLOCK"},{"catalog_number":"V862848943","name":"REMAN ENGINE"},{"catalog_number":"V862848473T","name":"REMAN LONG BLOCK"},{"catalog_number":"V862848473S","name":"REMAN SHRT BLOCK"},{"catalog_number":"V862848473","name":"REMAN ENGINE"},{"catalog_number":"V862779752V","name":"LONG BLOCK"},{"catalog_number":"V862779752T","name":"REMAN LONG BLOCK"},{"catalog_number":"V862779752S","name":"REMAN SHRT BLOCK"},{"catalog_number":"V862776246","name":"REMAN ENGINE"},{"catalog_number":"V862776033","name":"REMAN ENGINE"},{"catalog_number":"V862761700T","name":"REMAN LONG BLOCK"},{"catalog_number":"V862761698T","name":"REMAN LONG BLOCK"},{"catalog_number":"V862761697T","name":"REMAN LONG BLOCK"},{"catalog_number":"V862761696T","name":"REMAN LONG BLOCK"},{"catalog_number":"V862761695T","name":"REMAN LONG BLOCK"},{"catalog_number":"V862761414T","name":"REMAN LONG BLOCK"},{"catalog_number":"V862761414S","name":"REMAN SHRT BLOCK"},{"catalog_number":"V862761414","name":"REMAN ENGINE"},{"catalog_number":"V862761413T","name":"REMAN LONG BLOCK"},{"catalog_number":"V862761411T","name":"REMAN LONG BLOCK"},{"catalog_number":"V862761410T","name":"REMAN LONG BLOCK"},{"catalog_number":"V862761392","name":"REMAN ENGINE"},{"catalog_number":"V862761383","name":"REMAN ENGINE"},{"catalog_number":"V862761366T","name":"REMAN LONG BLOCK"},{"catalog_number":"V862761365T","name":"REMAN LONG BLOCK"},{"catalog_number":"V862761322T","name":"REMAN LONG BLOCK"},{"catalog_number":"V862761322S","name":"REMAN SHRT BLOCK"},{"catalog_number":"V862761322","name":"REMAN ENGINE"},{"catalog_number":"V862761262","name":"REMAN ENGINE"},{"catalog_number":"V862761251","name":"REMAN ENGINE"},{"catalog_number":"V862761250","name":"REMAN ENGINE"},{"catalog_number":"V862761242","name":"REMAN ENGINE"},{"catalog_number":"V862761241","name":"REMAN ENGINE"},{"catalog_number":"V862761240","name":"REMAN ENGINE"},{"catalog_number":"V862761177","name":"REMAN ENGINE"},{"catalog_number":"V862761173T","name":"REMAN LONG BLOCK"},{"catalog_number":"V862761173S","name":"REMAN SHRT BLOCK"},{"catalog_number":"V862761173","name":"REMAN ENGINE"},{"catalog_number":"V862761172T","name":"REMAN LONG BLOCK"},{"catalog_number":"V862761172S","name":"REMAN SHRT BLOCK"},{"catalog_number":"V862761172","name":"REMAN ENGINE"},{"catalog_number":"V862761171T","name":"REMAN LONG BLOCK"},{"catalog_number":"V862761171S","name":"REMAN SHRT BLOCK"},{"catalog_number":"V862761171","name":"REMAN ENGINE"},{"catalog_number":"V862761145","name":"REMAN ENGINE"},{"catalog_number":"V862761097","name":"REMAN ENGINE"},{"catalog_number":"V862761010","name":"REMAN ENGINE"},{"catalog_number":"V862761009","name":"REMAN ENGINE"},{"catalog_number":"V862761008","name":"REMAN ENGINE"},{"catalog_number":"V862761007","name":"REMAN ENGINE"},{"catalog_number":"V862760938T","name":"REMAN LONG BLOCK"},{"catalog_number":"V862760938S","name":"REMAN SHRT BLOCK"},{"catalog_number":"V862760938","name":"REMAN ENGINE"},{"catalog_number":"V862760937","name":"REMAN ENGINE"},{"catalog_number":"V862760920V","name":"LONG BLOCK"},{"catalog_number":"V862760920T","name":"REMAN LONG BLOCK"},{"catalog_number":"V862760920","name":"REMAN ENGINE"},{"catalog_number":"V862760791T","name":"REMAN LONG BLOCK"},{"catalog_number":"V862760791S","name":"REMAN SHRT BLOCK"},{"catalog_number":"V862760790T","name":"REMAN LONG BLOCK"},{"catalog_number":"V862760790S","name":"REMAN SHRT BLOCK"},{"catalog_number":"V862760789T","name":"REMAN LONG BLOCK"},{"catalog_number":"V862760789S","name":"REMAN SHRT BLOCK"},{"catalog_number":"V862760789","name":"REMAN ENGINE"},{"catalog_number":"V862760761T","name":"REMAN LONG BLOCK"},{"catalog_number":"V862760761S","name":"REMAN SHRT BLOCK"},{"catalog_number":"V862760761","name":"REMAN ENGINE"},{"catalog_number":"V862760701T","name":"REMAN LONG BLOCK"},{"catalog_number":"V862760701","name":"REMAN ENGINE"},{"catalog_number":"V862760666T","name":"REMAN LONG BLOCK"},{"catalog_number":"V862760666S","name":"REMAN SHRT BLOCK"},{"catalog_number":"V862760666","name":"REMAN ENGINE"},{"catalog_number":"V862760665T","name":"REMAN LONG BLOCK"},{"catalog_number":"V862760665S","name":"REMAN SHRT BLOCK"},{"catalog_number":"V862760665","name":"REMAN ENGINE"},{"catalog_number":"V862760664T","name":"REMAN LONG BLOCK"},{"catalog_number":"V862760664S","name":"REMAN SHRT BLOCK"},{"catalog_number":"V862760664","name":"REMAN ENGINE"},{"catalog_number":"V862760585T","name":"REMAN LONG BLOCK"},{"catalog_number":"V862760585S","name":"REMAN SHRT BLOCK"},{"catalog_number":"V862760585","name":"REMAN ENGINE"},{"catalog_number":"V862760570T","name":"REMAN LONG BLOCK"},{"catalog_number":"V862760570S","name":"REMAN SHRT BLOCK"},{"catalog_number":"V862760570","name":"REMAN ENGINE"},{"catalog_number":"V862760569T","name":"REMAN LONG BLOCK"},{"catalog_number":"V862760569S","name":"REMAN SHRT BLOCK"},{"catalog_number":"V862760569","name":"REMAN ENGINE"},{"catalog_number":"V862760547T","name":"REMAN LONG BLOCK"},{"catalog_number":"V862760547S","name":"REMAN SHRT BLOCK"},{"catalog_number":"V862760547","name":"REMAN ENGINE"},{"catalog_number":"V862760482T","name":"REMAN LONG BLOCK"},{"catalog_number":"V862760482S","name":"REMAN SHRT BLOCK"},{"catalog_number":"V862760482","name":"REMAN ENGINE"},{"catalog_number":"V862760481T","name":"REMAN LONG BLOCK"},{"catalog_number":"V862760481S","name":"REMAN SHRT BLOCK"},{"catalog_number":"V862760481","name":"REMAN ENGINE"},{"catalog_number":"V862760478T","name":"REMAN LONG BLOCK"},{"catalog_number":"V862760478S","name":"REMAN SHRT BLOCK"},{"catalog_number":"V862760478","name":"REMAN ENGINE"},{"catalog_number":"V862760477T","name":"REMAN LONG BLOCK"},{"catalog_number":"V862760477S","name":"REMAN SHRT BLOCK"},{"catalog_number":"V862760477","name":"REMAN ENGINE"},{"catalog_number":"V862760476T","name":"REMAN LONG BLOCK"},{"catalog_number":"V862760476S","name":"REMAN SHRT BLOCK"},{"catalog_number":"V862760476","name":"REMAN ENGINE"},{"catalog_number":"V862760475T","name":"REMAN LONG BLOCK"},{"catalog_number":"V862760475S","name":"REMAN SHRT BLOCK"},{"catalog_number":"V862760368T","name":"REMAN LONG BLOCK"},{"catalog_number":"V862760368S","name":"REMAN SHRT BLOCK"},{"catalog_number":"V862760368","name":"REMAN ENGINE"},{"catalog_number":"V862760341T","name":"REMAN LONG BLOCK"},{"catalog_number":"V862760341S","name":"REMAN SHRT BLOCK"},{"catalog_number":"V862760341","name":"REMAN ENGINE"},{"catalog_number":"V862760340T","name":"REMAN LONG BLOCK"},{"catalog_number":"V862760340S","name":"REMAN SHRT BLOCK"},{"catalog_number":"V862760340","name":"REMAN ENGINE"},{"catalog_number":"V862760335T","name":"REMAN LONG BLOCK"},{"catalog_number":"V862760335S","name":"REMAN SHRT BLOCK"},{"catalog_number":"V862760335","name":"REMAN ENGINE"},{"catalog_number":"V862760334T","name":"REMAN LONG BLOCK"},{"catalog_number":"V862760334S","name":"REMAN SHRT BLOCK"},{"catalog_number":"V862760334","name":"REMAN ENGINE"},{"catalog_number":"V862760331S","name":"REMAN SHRT BLOCK"},{"catalog_number":"V862760330S","name":"REMAN SHRT BLOCK"},{"catalog_number":"V862760299T","name":"REMAN LONG BLOCK"},{"catalog_number":"V862760299S","name":"REMAN SHRT BLOCK"},{"catalog_number":"V862760131T","name":"REMAN LONG BLOCK"},{"catalog_number":"V862760131S","name":"REMAN SHRT BLOCK"},{"catalog_number":"V862760131","name":"REMAN ENGINE"},{"catalog_number":"V862760103T","name":"REMAN LONG BLOCK"},{"catalog_number":"V862760103S","name":"REMAN SHRT BLOCK"},{"catalog_number":"V862760103","name":"REMAN ENGINE"},{"catalog_number":"V862760101T","name":"REMAN LONG BLOCK"},{"catalog_number":"V862760101S","name":"REMAN SHRT BLOCK"},{"catalog_number":"V862760101","name":"REMAN ENGINE"},{"catalog_number":"V862760100T","name":"REMAN LONG BLOCK"},{"catalog_number":"V862760100S","name":"REMAN SHRT BLOCK"},{"catalog_number":"V862760100","name":"REMAN ENGINE"},{"catalog_number":"V862760099T","name":"REMAN LONG BLOCK"},{"catalog_number":"V862760099S","name":"REMAN SHRT BLOCK"},{"catalog_number":"V862760099","name":"REMAN ENGINE"},{"catalog_number":"V862760098T","name":"REMAN LONG BLOCK"},{"catalog_number":"V862760098S","name":"REMAN SHRT BLOCK"},{"catalog_number":"V862760098","name":"REMAN ENGINE"},{"catalog_number":"V862760097T","name":"REMAN LONG BLOCK"},{"catalog_number":"V862760097S","name":"REMAN SHRT BLOCK"},{"catalog_number":"V862760097","name":"REMAN ENGINE"},{"catalog_number":"V862760094","name":"REMAN ENGINE"},{"catalog_number":"V862760093T","name":"REMAN LONG BLOCK"},{"catalog_number":"V862760093S","name":"REMAN SHRT BLOCK"},{"catalog_number":"V862760093","name":"REMAN ENGINE"},{"catalog_number":"V862760092T","name":"REMAN LONG BLOCK"},{"catalog_number":"V862760092S","name":"REMAN SHRT BLOCK"},{"catalog_number":"V862760092","name":"REMAN ENGINE"},{"catalog_number":"V862760091T","name":"REMAN LONG BLOCK"},{"catalog_number":"V862760091S","name":"REMAN SHRT BLOCK"},{"catalog_number":"V862760076T","name":"REMAN LONG BLOCK"},{"catalog_number":"V862760076S","name":"REMAN SHRT BLOCK"},{"catalog_number":"V862760076","name":"REMAN ENGINE"},{"catalog_number":"V862760075T","name":"REMAN LONG BLOCK"},{"catalog_number":"V862760075S","name":"REMAN SHRT BLOCK"},{"catalog_number":"V862760075","name":"REMAN ENGINE"},{"catalog_number":"V862760018T","name":"REMAN LONG BLOCK"},{"catalog_number":"V862760018S","name":"REMAN SHRT BLOCK"},{"catalog_number":"V862760018","name":"REMAN ENGINE"},{"catalog_number":"V862760017T","name":"REMAN LONG BLOCK"},{"catalog_number":"V862760017S","name":"REMAN SHRT BLOCK"},{"catalog_number":"V862760017","name":"REMAN ENGINE"},{"catalog_number":"V862760007T","name":"REMAN LONG BLOCK"},{"catalog_number":"V862760007S","name":"REMAN SHRT BLOCK"},{"catalog_number":"V862760007","name":"REMAN ENGINE"},{"catalog_number":"V862757985T","name":"REMAN LONG BLOCK"},{"catalog_number":"V862757985S","name":"REMAN SHRT BLOCK"},{"catalog_number":"V862757985","name":"REMAN ENGINE"},{"catalog_number":"V862757970T","name":"REMAN LONG BLOCK"},{"catalog_number":"V862757970S","name":"REMAN SHRT BLOCK"},{"catalog_number":"V862757970","name":"REMAN ENGINE"},{"catalog_number":"V862757933T","name":"REMAN LONG BLOCK"},{"catalog_number":"V862757933S","name":"REMAN SHRT BLOCK"},{"catalog_number":"V862757933","name":"REMAN ENGINE"},{"catalog_number":"V862757909T","name":"REMAN LONG BLOCK"},{"catalog_number":"V862757909S","name":"REMAN SHRT BLOCK"},{"catalog_number":"V862757909","name":"REMAN ENGINE"},{"catalog_number":"V862757800T","name":"REMAN LONG BLOCK"},{"catalog_number":"V862757800S","name":"REMAN SHRT BLOCK"},{"catalog_number":"V862757800","name":"REMAN ENGINE"},{"catalog_number":"V862757799T","name":"REMAN LONG BLOCK"},{"catalog_number":"V862757799S","name":"REMAN SHRT BLOCK"},{"catalog_number":"V862757799","name":"REMAN ENGINE"},{"catalog_number":"V862757798T","name":"REMAN LONG BLOCK"},{"catalog_number":"V862757798S","name":"REMAN SHRT BLOCK"},{"catalog_number":"V862757798","name":"REMAN ENGINE"},{"catalog_number":"V862757796T","name":"REMAN LONG BLOCK"},{"catalog_number":"V862757796S","name":"REMAN SHRT BLOCK"},{"catalog_number":"V862757796","name":"REMAN ENGINE"},{"catalog_number":"V862757785T","name":"REMAN LONG BLOCK"},{"catalog_number":"V862757785S","name":"REMAN SHRT BLOCK"}]}